territory_id,name,region,mo_type,type,type_name,lat,lon,spend,share_food,share_health,share_market,share_cafe,share_transport,share_other,wage,population,urban_share,market_access,emp_agro,emp_mining,emp_industry,emp_transport,emp_market_services,emp_public,engel_residual
1,Майкоп,Республика Адыгея,городской округ,2,Промышленные и крупные города,44.6062079,40.104053,27129.333333333332,35.538852630915855,5.280808472333629,16.206427435910975,5.492412888478394,7.408595380469668,30.07290319189148,57440.5,161898.0,85.21723554336681,309.6,0.4209191028080494,0.0,17.151011935651272,4.1227008014761,21.43516116012224,56.86732399238886,-8.348154253365564
2,Адыгейск,Республика Адыгея,городской округ,4,Районы бюджетной экономики,44.8833775,39.1909625,20444.125,35.98087972078066,6.085947709127896,18.136327986236463,5.787789674332845,6.302699336083008,27.706355573439122,47407.2,15661.0,84.4390524232169,322.8,0.0,0.0,9.42211055276382,0.0,17.650753768844222,69.09547738693468,-12.463188194241148
3,Гиагинский,Республика Адыгея,муниципальный район,2,Промышленные и крупные города,44.8755853,40.0564982,20878.125,43.45899800891142,4.567796518952425,19.214978077313493,2.028373926623573,3.8513568199979704,26.87849664820112,54547.7,31872.0,0.0,315.2,3.763440860215054,0.0,53.60983102918587,0.0,9.35099846390169,32.20046082949309,-4.597682924117915
4,Кошехабльский,Республика Адыгея,муниципальный район,4,Районы бюджетной экономики,44.8964998,40.4963631,22012.875,39.411676229919664,5.36183404911725,15.484834693676031,2.9236673560029125,8.035184098914026,28.782803572370113,51262.1,30319.0,0.0,315.5,0.0,0.0,0.0,0.0,6.155433287482806,66.91884456671252,-7.8795237232725235
5,Красногвардейский,Республика Адыгея,муниципальный район,4,Районы бюджетной экономики,45.1443556,39.5861478,20778.833333333332,41.23836653746879,4.551763268423085,18.910979540195548,1.7666688209117802,6.792012959065291,26.74020887393551,48849.1,32095.0,0.0,320.2,6.493506493506493,0.0,17.532467532467532,0.0,11.717827626918536,59.946871310507674,-6.93315921376396
6,Майкопский,Республика Адыгея,муниципальный район,4,Районы бюджетной экономики,44.5093616,40.1762144,24515.625,38.54137532237003,4.018989145512699,19.119053723138535,3.6814721822022167,7.345355365922468,27.29375426085405,47965.8,59156.0,0.0,308.1,4.024571065452235,3.389112476170303,6.926498623173057,0.44482101249735223,18.0258419826308,65.09214149544587,-7.003800227548192
7,Тахтамукайский,Республика Адыгея,муниципальный район,0,Столичные агломерации и центры услуг,44.9212862,38.994718,36372.25,34.967595305874816,4.79377196966897,14.0478998140839,6.2670663324858085,8.153333682897216,31.770332894989284,75708.3,131043.0,65.00232748029273,324.7,1.9199548245923626,0.30352227006423377,17.978400508223334,7.108068045457753,43.32603938730853,28.926378202865816,-4.217786946494076
8,Теучежский,Республика Адыгея,муниципальный район,0,Столичные агломерации и центры услуг,44.8876896,39.3828521,28995.25,38.229800591483006,4.2402016014903765,15.588530058573738,4.770122902339954,8.91131406465418,28.26003078145875,74168.0,22260.0,32.52470799640611,317.4,3.9016460069091643,0.0,5.689900426742532,17.069701280227594,45.15342410079252,26.254826254826252,-4.65209589853356
9,Шовгеновский,Республика Адыгея,муниципальный район,4,Районы бюджетной экономики,45.020114,40.2291119,19341.75,40.83696374708415,4.630270810666534,16.436584408878254,2.105666576787657,7.974474110937082,28.016040345646324,42776.6,16287.0,0.0,314.3,4.616306954436451,0.0,8.03357314148681,0.0,14.808153477218225,69.8441247002398,-8.482980428803836
10,Горно-Алтайск,Республика Алтай,городской округ,4,Районы бюджетной экономики,51.957775,85.963653,29986.0,37.587673016592085,4.687398430085286,12.901807939190224,4.96506266580428,8.018753564232028,31.839304384096096,73499.3,64508.0,100.0,213.5,0.6425853141181609,0.0,5.826938673654002,1.347557551937114,23.61968931311997,67.37163890448562,-4.698066792848031
11,Кош-Агачский,Республика Алтай,муниципальный район,4,Районы бюджетной экономики,49.9947055,88.6628218,24771.458333333332,37.088796851048265,3.895316897083608,14.542152286877666,4.219141302822217,12.518551871806539,27.7360407903617,70732.2,18620.0,0.0,191.0,0.0,0.0,0.8156606851549755,0.0,13.050570962479608,80.4241435562806,-8.288853624783659
12,Майминский,Республика Алтай,муниципальный район,1,Ресурсные территории Севера и Востока,52.004684,85.898743,31636.625,38.98448649614561,4.461222030157449,12.958718022247592,3.9238409972968706,8.529669799678913,31.142062654473573,73551.6,30941.0,0.0,214.9,2.4194745435653853,0.0,13.952797981297312,7.852159715006679,32.89297907080303,42.5560338429568,-2.4738817713997663
13,Онгудайский,Республика Алтай,муниципальный район,4,Районы бюджетной экономики,50.7495872,86.1335256,22834.0,41.41412766080714,3.8544976331905465,14.286027692353928,2.510396287148749,9.971775500436642,27.963175226062987,46742.2,14025.0,0.0,202.6,6.130268199233716,0.0,2.681992337164751,0.0,9.025117071094083,72.15836526181354,-5.320481142830088
14,Турочакский,Республика Алтай,муниципальный район,4,Районы бюджетной экономики,52.259956,87.117538,25059.708333333332,44.210905435550416,3.6650065358437898,17.080187791220283,1.9624923387550686,6.546433388820276,26.534974509810162,57696.8,10794.0,0.0,210.9,0.0,0.0,0.0,0.0,11.457800511508951,66.95652173913044,-0.9912752302196419
15,Улаганский,Республика Алтай,муниципальный район,4,Районы бюджетной экономики,50.6317434,87.9561929,27182.5,37.40298644351015,3.506647394397413,20.13985134956279,2.097624982014787,11.116237359819898,25.73665247069496,63315.0,11926.0,0.0,192.9,0.0,0.0,3.8654618473895583,0.0,11.144578313253012,81.72690763052208,-6.4775645265237065
16,Усть-Канский,Республика Алтай,муниципальный район,4,Районы бюджетной экономики,50.932003,84.765213,21524.708333333332,39.7756320872374,3.7204108099271287,14.560707041681423,2.5687947705022114,9.221348743997156,30.153106546654683,45304.0,14207.0,0.0,204.7,0.0,0.0,2.572653644592663,0.0,10.052405907575036,84.84992853739877,-7.846733374069294
17,Усть-Коксинский,Республика Алтай,муниципальный район,4,Районы бюджетной экономики,50.2695927,85.6155842,24861.791666666668,39.48520796777166,3.8921940498425123,16.40370817720486,2.284754752015563,8.569043733608702,29.365091319556708,47699.6,15634.0,0.0,198.8,12.560192616372392,0.0,4.695024077046549,0.0,10.714285714285714,68.53932584269663,-5.850841865937427
18,Чемальский,Республика Алтай,муниципальный район,4,Районы бюджетной экономики,51.4065933,86.0037576,28183.875,44.793797947386885,4.0024313204328665,16.265477969752798,2.057114069954716,7.327486596927114,25.55369209554562,65317.7,10557.0,0.0,207.6,0.0,0.0,0.0,0.0,18.405627198124268,69.05041031652989,1.509224228613046
19,Чойский,Республика Алтай,муниципальный район,4,Районы бюджетной экономики,51.8987536,86.5916701,21195.208333333332,48.979501090778385,3.7447200524943507,16.50862630120784,1.3572587093072548,5.751004329136845,23.65888951707533,55749.4,7439.0,0.0,210.2,0.0,0.0,0.0,0.0,3.6764705882352944,53.67647058823529,1.1319573548884565
20,Шебалинский,Республика Алтай,муниципальный район,4,Районы бюджетной экономики,51.2922638,85.6739928,21886.75,44.62255845155893,3.64695592010628,14.6536595784882,2.255047602687554,7.812395338462517,27.009383108696518,50870.5,12114.0,0.0,207.8,0.0,0.0,3.08030803080308,0.0,11.55115511551155,76.67766776677668,-2.727606962217549
21,Уфа,Республика Башкортостан,городской округ,2,Промышленные и крупные города,54.7261409,55.947499,33670.833333333336,35.007118429399895,5.817934906286604,10.124203390748987,7.4482081913248415,7.452930972940323,34.14960410929935,87313.0,1186715.0,98.0272432723948,374.3,0.1830234136861581,2.036551439562341,28.533017423828984,7.646052684121554,31.060737151756356,30.540285117201538,-5.3603380996220675
22,Агидель,Республика Башкортостан,городской округ,2,Промышленные и крупные города,55.899276,53.9374202,20240.625,44.04227353571726,4.644561657229841,11.932797027511139,3.276271489633329,4.111660151820558,31.99243613808787,63802.6,13728.0,100.0,319.2,0.0,0.0,22.844827586206897,0.0,19.468390804597703,48.922413793103445,-4.451855679210906
23,Кумертау,Республика Башкортостан,городской округ,2,Промышленные и крупные города,52.760975,55.796482,26095.75,39.639021129023135,5.508495207463188,11.264635380980966,4.254441533666964,6.0668800043733455,33.2665267444924,60446.9,61143.0,93.69674369919696,306.7,0.0,0.0,45.09329981630088,2.6394663057140093,14.289857874891233,37.967707628347675,-4.833544681553314
25,Нефтекамск,Республика Башкортостан,городской округ,2,Промышленные и крупные города,56.0884031,54.2478094,29313.583333333332,37.85658273726429,5.468780800560619,10.01971758308982,6.082026054614051,6.912936988099837,33.65995583637139,63974.7,144598.0,92.64305177111717,323.7,0.0,4.936340487449982,40.82211713350309,4.558021098581302,22.761004001455074,26.929792651873406,-4.744333300108691
26,Октябрьский,Республика Башкортостан,городской округ,2,Промышленные и крупные города,54.4809722,53.4660062,29515.833333333332,39.489328164522355,5.0180534892411615,10.674779237789561,5.631073074037408,7.064630966612044,32.12213506779747,68419.2,116427.0,100.0,338.4,0.0,16.817695989590593,37.775918955341794,3.234351038617036,16.260049258794552,25.90269064547609,-2.9882835523833933
27,Салават,Республика Башкортостан,городской округ,2,Промышленные и крупные города,53.361687,55.924641,28996.5,37.214583744824004,4.886495071097963,11.200415550137958,6.5495398179073305,6.880931185474844,33.2680346305579,73747.8,146633.0,100.0,313.8,0.0,0.0,47.77111363267953,7.502026260333928,19.25757821364889,25.46603987680337,-5.562056896896561
28,Сибай,Республика Башкортостан,городской округ,2,Промышленные и крупные города,52.720425,58.665466,27213.541666666668,38.91325444973761,5.2258632364040105,9.583808152713924,5.893470897538909,6.587577773386662,33.79602549021889,56023.4,56470.0,98.95696830175315,288.3,0.0,2.070445650801666,18.24264613053907,3.6485292261078146,18.684509531624798,54.76581239742456,-4.8980925443014645
29,Стерлитамак,Республика Башкортостан,городской округ,2,Промышленные и крупные города,53.632374,55.952259,29410.791666666668,37.56482649721164,5.335053689551866,9.944252545679095,6.059406506296659,7.341237490192872,33.75522327106788,65443.6,280497.0,100.0,343.8,0.048334474563982766,0.0,39.195230998509686,8.412212510573166,20.9368832319652,31.39525516574697,-5.001346596726645
30,Абзелиловский,Республика Башкортостан,муниципальный район,4,Районы бюджетной экономики,53.3391062,58.5060548,17777.416666666668,44.15107499321129,4.114538224273719,8.392502143991097,3.846295627702958,8.09906824356172,31.396520767259222,52673.4,43983.0,0.0,294.7,3.704998252359315,0.0,6.710940230688571,6.728416637539322,20.796924152394265,61.307235232436206,-6.466160659730629
31,Альшеевский,Республика Башкортостан,муниципальный район,3,Транспортные узлы,54.068695,54.941628,19884.916666666668,45.82027941038856,5.276859694258505,11.28226681380723,3.1135059437886707,6.8208241459206995,27.686263991836334,60609.4,35536.0,0.0,324.0,2.5565964090554254,0.0,18.559718969555036,18.481654957064794,9.231069476971117,45.823575331772055,-2.963646037745073
32,Архангельский,Республика Башкортостан,муниципальный район,4,Районы бюджетной экономики,54.405724,56.784122,20499.958333333332,46.85058229394552,4.961975199156923,12.344178247828795,1.7564998451314304,5.5766892890174935,28.510075124919837,46871.6,16616.0,0.0,316.6,4.593023255813954,0.0,3.8372093023255816,4.127906976744186,16.453488372093023,68.72093023255815,-1.4961518511254803
33,Аскинский,Республика Башкортостан,муниципальный район,4,Районы бюджетной экономики,56.0855892,56.5788224,18947.083333333332,46.61691784132061,5.206090204657349,10.974984604192944,2.055230058093268,7.053891165294527,28.092886126441297,47944.1,17418.0,0.0,317.4,1.3134057971014492,0.0,3.170289855072464,3.804347826086957,14.673913043478262,71.78442028985508,-2.973219260620883
34,Аургазинский,Республика Башкортостан,муниципальный район,5,Аграрные районы,54.010342,55.886463,17130.833333333332,44.519549514076786,6.872785634399821,9.64262684919821,2.7403643401083793,5.956900699604907,30.2677729626119,47303.5,29757.0,0.0,322.3,22.59919493962047,5.462909718228867,4.5428407130534785,0.0,13.973548016101208,48.84991374353076,-6.617809575286662
35,Баймакский,Республика Башкортостан,муниципальный район,4,Районы бюджетной экономики,52.597919,58.30756,20451.166666666668,40.80007914465617,4.8787678527915075,9.127887012628594,5.933071032837844,8.037223974621744,31.222970982464133,47395.4,53399.0,32.921964830802075,288.3,0.7626818020574672,0.0,8.691025186236253,8.92160340546293,13.462220645619013,64.42000709471444,-7.575761357277788
36,Бакалинский,Республика Башкортостан,муниципальный район,4,Районы бюджетной экономики,55.1811919,53.7990407,19441.291666666668,48.02035774317548,5.132369546660159,12.220253517757506,2.073723808564872,6.908481444144359,25.644813939697624,43414.8,24813.0,0.0,333.9,0.0,0.0,3.2556418793932664,0.0,15.98224195338513,76.35960044395117,-1.1583784034191185
37,Балтачевский,Республика Башкортостан,муниципальный район,4,Районы бюджетной экономики,56.000443,55.923466,18362.0,46.44381084874738,5.3007342181642905,10.092143025456215,2.3481337554420985,7.234150117758799,28.58102803443121,45217.8,17837.0,0.0,320.2,4.0169133192389,0.0,0.0,3.858350951374207,17.12473572938689,72.04016913319239,-3.6378254801906422
38,Белебеевский,Республика Башкортостан,муниципальный район,2,Промышленные и крупные города,54.106495,54.107811,27456.083333333332,40.361477866133626,5.575719936227456,11.511367651388303,4.278606064854303,6.148196165013562,32.124632316382744,58297.8,94978.0,82.1011181536777,327.7,1.4571001105834904,3.4476029402198662,42.255903206921225,7.916476940089767,11.526702660508684,33.38970923046901,-3.2791343007075584
39,Белокатайский,Республика Башкортостан,муниципальный район,4,Районы бюджетной экономики,55.704636,58.961376,21513.208333333332,38.936143210001426,5.331945526899397,12.011787269449643,1.8315504393024467,6.797456937611898,35.091116616735185,50585.9,17369.0,0.0,307.7,1.6541353383458646,0.0,3.007518796992481,11.428571428571429,16.2406015037594,65.81453634085213,-8.631802533824185
40,Белорецкий,Республика Башкортостан,муниципальный район,2,Промышленные и крупные города,53.9680705,58.4099549,26245.458333333332,43.21945334630807,5.09711330523123,10.26108066035998,3.8898086867932746,7.32627833843398,30.20626566287346,57286.0,96915.0,65.77206830727957,302.2,1.2694941042221377,0.0,43.05344237352606,3.913084823126664,15.680867249904907,35.12267021681247,-1.1903618722219484
41,Бижбулякский,Республика Башкортостан,муниципальный район,4,Районы бюджетной экономики,53.693443,54.268616,19798.375,46.81418057519171,5.893264010133793,10.670889984960647,3.064867187582201,6.743805598474569,26.81299264365708,50782.7,20951.0,0.0,323.0,2.1337710299548625,12.843660237997536,4.80098481739844,6.647517439474764,13.04883052933935,57.365613459171115,-2.052126388407462
42,Бирский,Республика Башкортостан,муниципальный район,2,Промышленные и крупные города,55.4206774,55.5407179,25908.791666666668,41.212044202646176,4.863023203588668,10.920466009610115,5.24432012760854,7.222709944481126,30.53743651206538,50586.9,61478.0,72.92527408178535,327.0,3.0209708168353133,0.0,15.82343452119079,5.1620472210001465,15.280832966710662,58.35166446693063,-3.390256443511761
43,Благоварский,Республика Башкортостан,муниципальный район,5,Аграрные районы,54.691818,55.01387,20011.375,47.947022101400314,5.3578322467690125,10.718174517010453,2.5412485443924906,5.766923533628096,27.66879905679963,57138.2,23850.0,0.0,329.2,19.39189189189189,0.0,10.10135135135135,11.756756756756758,10.10135135135135,46.95945945945946,-0.7930524978199316
44,Благовещенский,Республика Башкортостан,муниципальный район,2,Промышленные и крупные города,55.031143,55.981876,27866.666666666668,42.11981283189141,5.374964673572621,11.565630558545088,4.592018419292365,5.721953560582333,30.62561995611619,75715.0,48718.0,72.33055544152059,328.0,4.0440020953378735,0.0,53.7454164484023,6.107909900471451,10.340492404400209,24.504976427448927,-1.3922663794052015
45,Буздякский,Республика Башкортостан,муниципальный район,5,Аграрные районы,54.5696389,54.5323993,20296.791666666668,46.99688487935189,5.256922937805644,10.398551366280872,2.8183845337362716,7.195886473495318,27.333369809330005,52308.9,25432.0,0.0,331.8,17.215619694397283,0.0,3.2937181663837007,5.263157894736842,12.495755517826824,52.19015280135824,-1.457283158350433
46,Бураевский,Республика Башкортостан,муниципальный район,2,Промышленные и крупные города,55.836903,55.410423,19308.708333333332,46.8458367323837,4.694390752209901,11.08320869612309,2.134297534072387,7.571150022574119,27.6711162626368,71323.4,20840.0,0.0,325.1,1.87192118226601,0.32019704433497537,51.18226600985222,3.497536945812808,8.96551724137931,31.2807881773399,-2.40156003698397
47,Бурзянский,Республика Башкортостан,муниципальный район,4,Районы бюджетной экономики,53.1028707,57.4444763,18663.5,44.91145978790129,4.9597803635843585,10.462162904834999,2.9791463928769675,8.69838826447565,27.98906228632673,37911.8,17061.0,0.0,295.4,0.0,0.0,4.111986001749781,0.0,19.160104986876643,69.20384951881015,-4.907981459921445
48,Гафурийский,Республика Башкортостан,муниципальный район,4,Районы бюджетной экономики,53.8961616,56.4705604,19924.0,45.77998774291128,5.389968404870482,9.598836287654732,1.9959362520498993,7.618265233596571,29.617006078917036,48074.0,29525.0,0.0,312.2,1.809552061702759,0.0,6.348264609908039,2.99614357757342,10.916641946010087,75.34856125778701,-2.9607969332861432
49,Давлекановский,Республика Башкортостан,муниципальный район,2,Промышленные и крупные города,54.2129656,55.0307219,22658.416666666668,43.59159560162109,4.758437192837317,12.520852749919802,3.651056467341756,5.703698504178333,29.774359484101705,49262.3,35565.0,59.55293125263602,325.1,1.2817578393224993,0.0,28.656443121995878,5.699244678416114,13.275349050125888,47.24193179217212,-3.122047674136175
50,Дуванский,Республика Башкортостан,муниципальный район,4,Районы бюджетной экономики,55.534695,58.239239,22656.5,38.42179349566449,4.8248232252318415,11.150003308236855,2.8871112030741166,7.345254402939376,35.37101436485332,51092.4,30750.0,0.0,306.3,6.877060763071126,0.0,17.993405558172398,4.521902967498822,13.400847856806406,55.53462081959491,-8.324570874680361
51,Дюртюлинский,Республика Башкортостан,муниципальный район,3,Транспортные узлы,55.490616,54.863895,24769.916666666668,40.85180330608005,5.325174019419113,10.10619181305109,4.2981898504755724,6.768518842667852,32.650122168306325,56946.4,59179.0,52.496662667500296,331.3,6.200241254523522,10.482509047044632,8.93848009650181,13.968636911942097,14.909529553679132,44.933655006031366,-4.4409449367618405
52,Ермекеевский,Республика Башкортостан,муниципальный район,5,Аграрные районы,54.073929,53.671932,18501.291666666668,46.91115092165146,6.269521553255118,11.250539015009487,2.5738797773411166,5.705233254366447,27.289675478376367,56981.8,14369.0,0.0,330.3,23.29009433962264,7.841981132075472,2.358490566037736,6.132075471698113,11.851415094339622,46.16745283018868,-3.087650228175322
53,Зианчуринский,Республика Башкортостан,муниципальный район,4,Районы бюджетной экономики,52.189625,56.582493,20444.625,41.71402443372625,4.9106178799681075,10.731205715226945,3.0694859210899827,7.988289609330737,31.586376440657972,43741.2,23381.0,0.0,296.6,9.962121212121213,0.0,2.9545454545454546,3.0303030303030303,17.46212121212121,65.11363636363636,-6.636854966994463
54,Зилаирский,Республика Башкортостан,муниципальный район,4,Районы бюджетной экономики,52.233707,57.441547,20289.833333333332,43.09102091279486,5.148323351958126,12.948509674387546,2.9474974638985114,7.95349888359934,27.91114971336161,45957.4,14231.0,0.0,290.4,4.750869061413673,0.0,0.0,0.0,16.859791425260717,68.53997682502897,-5.474545977913613
55,Иглинский,Республика Башкортостан,муниципальный район,4,Районы бюджетной экономики,54.8340521,56.4165846,26401.375,43.355578850782756,4.275217835338647,12.127713916495702,3.677980782310036,6.952504242067392,29.61100437300547,63419.6,71099.0,0.0,328.2,0.8111677042067534,0.0,4.527447651386531,11.507262780607434,24.636860969628373,55.70647047726845,-0.9580087000550278
56,Илишевский,Республика Башкортостан,муниципальный район,5,Аграрные районы,55.4451166,54.3153665,18882.916666666668,45.17251821875881,5.457314269851992,11.054668895158182,2.629695469303528,6.657050435737312,29.028752711190176,62935.4,30405.0,0.0,332.5,7.476430607322955,6.884455163341372,13.922385441789082,11.729883797412848,11.37908353431265,48.58583643937733,-4.469682130720567
57,Ишимбайский,Республика Башкортостан,муниципальный район,2,Промышленные и крупные города,53.4546454,56.0439119,29190.833333333332,38.07089817690352,5.27776510485896,10.555070363655384,4.936230614988269,6.209671113265732,34.95036462632814,62428.7,82948.0,75.55576987992477,315.0,0.34273251285246925,5.982240224334008,33.87599314534974,7.750428415641066,13.740458015267176,38.30035831126344,-4.588273728713218
58,Калтасинский,Республика Башкортостан,муниципальный район,3,Транспортные узлы,55.970051,54.7900496,19276.791666666668,48.69334375643394,4.918133087111945,10.758556458000204,2.1790603853913186,5.059521733380908,28.391384579681684,66702.3,21101.0,0.0,320.4,3.5920461834509303,15.073765234124439,7.184092366901861,17.158434894162923,13.40602950609365,43.521488133418856,-0.6063393160565698
59,Караидельский,Республика Башкортостан,муниципальный район,4,Районы бюджетной экономики,55.83279,56.913136,19867.625,41.996535898788466,4.968431014367352,13.067664937704102,2.898451389374238,7.075201148693005,29.99371561107284,44545.4,23105.0,0.0,315.0,0.9738822487826472,0.0,4.249667994687915,5.533421868083223,15.09517485613103,72.24435590969456,-6.791028229497992
60,Кармаскалинский,Республика Башкортостан,муниципальный район,5,Аграрные районы,54.367451,56.168819,20688.166666666668,44.29298975876273,4.79381612482288,11.737984659107372,2.851512481964652,6.700043115356737,29.623653859985627,55837.1,51575.0,0.0,324.2,10.802405142027784,0.0,7.961849471283433,10.180385652083764,16.213974704540743,50.61165249844495,-3.908062117086063
61,Кигинский,Республика Башкортостан,муниципальный район,4,Районы бюджетной экономики,55.4059473,58.5993731,20486.833333333332,45.276580328523316,5.20652628846264,10.329653211972945,2.5876602399457864,6.6801772009622,29.91940273013311,43959.4,16339.0,0.0,310.7,0.0,0.0,6.1465721040189125,3.368794326241135,15.070921985815602,73.46335697399527,-3.0563094450622557
62,Краснокамский,Республика Башкортостан,муниципальный район,1,Ресурсные территории Севера и Востока,56.1286312,54.1702787,20456.583333333332,43.59313249790461,5.312569867677071,9.267646882453164,3.2190925895717446,6.608245567403549,31.99931259498986,64901.0,25332.0,0.0,325.6,3.6872586872586868,38.8996138996139,0.0,6.94980694980695,9.72972972972973,34.55598455598455,-4.7988253961202325
63,Кугарчинский,Республика Башкортостан,муниципальный район,4,Районы бюджетной экономики,52.7154243,56.6223067,20014.166666666668,41.74431622304181,5.546175908697468,10.757922431829945,1.444937723885436,7.860788911050459,32.64585880149488,47305.4,26359.0,0.0,301.3,7.110536522301228,0.0,5.914673561732385,7.6923076923076925,14.479638009049776,63.96250808015513,-6.942453202084907
65,Кушнаренковский,Республика Башкортостан,муниципальный район,4,Районы бюджетной экономики,55.107124,55.342201,19509.291666666668,47.02475758362987,5.440477943977578,10.38894835107338,2.6501411776714545,5.512613639284803,28.983061304362913,50295.3,26370.0,0.0,332.0,0.0,0.0,13.937966234786023,0.0,21.319199057714957,59.91362387122104,-2.05290886692843
66,Мелеузовский,Республика Башкортостан,муниципальный район,2,Промышленные и крупные города,52.96328,55.928612,27762.916666666668,37.9711038525353,5.216573883540997,10.708963647412496,5.092550462813143,7.222062263161651,33.78874589053642,54630.9,79609.0,69.30623421974902,309.6,3.851003977107382,0.0,32.50557765059657,3.744301096129596,16.46134445630032,42.361043748181196,-5.51494567944962
67,Мечетлинский,Республика Башкортостан,муниципальный район,4,Районы бюджетной экономики,55.95219,58.2687,21568.583333333332,40.85739505116933,5.293107063472776,10.3670542729184,2.144023574942553,6.610131643586473,34.72828839391047,45561.3,21838.0,0.0,308.9,0.0,0.0,3.459637561779242,2.7594728171334433,16.80395387149918,71.82866556836903,-6.6590803413171376
68,Мишкинский,Республика Башкортостан,муниципальный район,4,Районы бюджетной экономики,55.531227,55.970352,18051.791666666668,49.41263513379137,5.114342165772622,10.290670445576138,2.4485615517023764,7.051631773779725,25.68215892937778,45268.6,20716.0,0.0,322.6,0.0,0.0,0.0,0.0,16.28571428571429,77.4857142857143,-1.0008206750885162
69,Миякинский,Республика Башкортостан,муниципальный район,5,Аграрные районы,53.629292,54.800922,18810.791666666668,41.42276222127701,6.614226134725794,9.630482143732255,2.4777245256856073,6.851023401649167,33.003781572930166,47598.1,23086.0,0.0,319.7,13.62717347351395,0.0,8.24909017387788,3.3562474727052165,15.729882733522038,56.207035988677724,-8.291678948977262
70,Нуримановский,Республика Башкортостан,муниципальный район,4,Районы бюджетной экономики,55.1897234,56.6677432,20638.833333333332,46.57211142399153,4.513828214814173,14.199360863684255,2.446881301782721,4.994942717044718,27.272875478682607,45435.8,19945.0,0.0,316.4,0.0,0.0,5.399568034557236,2.4190064794816415,21.079913606911447,61.77105831533477,-1.6443432116730754
71,Салаватский,Республика Башкортостан,муниципальный район,4,Районы бюджетной экономики,55.2034086,58.1536392,20870.875,43.5022040402425,5.06274955573057,11.279866277490118,3.615936068762475,7.195285979986128,29.34395807778821,51691.7,23304.0,0.0,311.5,0.0,0.0,5.776892430278884,8.537279453614115,14.114968696642002,68.63972680705749,-4.55582678447951
72,Стерлибашевский,Республика Башкортостан,муниципальный район,4,Районы бюджетной экономики,53.438549,55.256725,16684.25,42.80032306080655,6.753053167980765,10.919360215554708,1.9326478880436242,7.084669887658144,30.509945779956222,42737.0,16360.0,0.0,316.9,0.0,0.0,4.983922829581994,0.0,14.52304394426581,70.7395498392283,-8.81828857264772
73,Стерлитамакский,Республика Башкортостан,муниципальный район,5,Аграрные районы,53.632374,55.952259,29464.166666666668,36.31199686411762,5.1900827673458805,10.081740337046337,5.732584990018503,7.834346571551166,34.8492484699205,57412.3,47531.0,0.0,485.7,18.847583643122675,0.0,22.360594795539033,13.661710037174721,14.29368029739777,28.104089219330852,-6.215279375248834
74,Татышлинский,Республика Башкортостан,муниципальный район,5,Аграрные районы,56.2921876,55.8557435,19300.916666666668,45.30528569345718,5.569539442366366,10.510933730408645,2.0970755947495747,7.88620559637387,28.630959942644363,72519.4,20679.0,0.0,317.6,4.5331105076248175,5.57760601629413,41.738040526425735,7.1025694589513275,8.564863171088364,31.66910382285356,-4.031450247299872
75,Туймазинский,Республика Башкортостан,муниципальный район,2,Промышленные и крупные города,54.606537,53.6974004,27056.0,41.57854567064334,5.165607105606066,9.778612738650876,4.87257854101778,6.807788803145794,31.796867140936154,61257.3,130733.0,51.86678191428331,336.0,2.1425268458099986,6.556029389097262,26.65056774392437,12.76781585572625,14.622617273801572,37.30154652417407,-2.3112087332409517
76,Уфимский,Республика Башкортостан,муниципальный район,0,Столичные агломерации и центры услуг,54.7261409,55.947499,30969.375,37.59218609267692,5.161185473331126,11.706182337796749,6.078633648508023,7.835947108257961,31.62586533942921,90380.8,117125.0,0.0,889.7,5.9494826536822885,13.948062487319943,15.418949076891863,23.19943193345506,21.662609048488537,19.816392777439642,-4.183084967339418
77,Учалинский,Республика Башкортостан,муниципальный район,1,Ресурсные территории Севера и Востока,54.316597,59.384636,27800.416666666668,39.22781399764882,5.705842892765766,10.375440798075953,4.668967068170248,7.0143755175728035,33.00755972576641,81713.4,68451.0,52.76913412514062,299.6,1.7178412011362099,19.457595022318408,29.4535371297173,5.870417962937914,13.695387528743405,29.80522115514676,-4.233018285641457
78,Федоровский,Республика Башкортостан,муниципальный район,4,Районы бюджетной экономики,53.1771974,55.1864825,17934.25,45.02610184293954,5.733090199838429,11.396940586694264,1.6989866358268702,6.0187576180564095,30.126123116644482,45108.6,15491.0,0.0,313.8,0.8565310492505354,0.0,4.496788008565311,0.0,20.057102069950037,67.23768736616702,-5.378844143410615
79,Хайбуллинский,Республика Башкортостан,муниципальный район,1,Ресурсные территории Севера и Востока,51.865116,58.220215,22762.166666666668,42.62940688290977,4.874998327990674,11.462900668138847,3.1704706447162523,6.99614428659695,30.866079189647504,79129.2,29249.0,0.0,283.6,0.0,53.37650323774283,3.9469626888683313,1.1409189022510022,9.94449583718779,29.093432007400555,-4.051517119287885
80,Чекмагушевский,Республика Башкортостан,муниципальный район,5,Аграрные районы,55.1378996,54.6534999,19278.375,44.5557052325435,5.981455182251253,8.830268880849939,2.17220158983302,6.6159911053938165,31.84437800912847,54175.5,27671.0,0.0,332.7,23.637359627499315,0.0,4.081073678444262,8.98384004382361,14.160503971514654,46.3160777869077,-4.7258614295338095
81,Чишминский,Республика Башкортостан,муниципальный район,2,Промышленные и крупные города,54.58968,55.385605,25168.583333333332,43.495225597518726,5.011354555737587,10.941946698037002,4.364873112646483,6.794833622313841,29.39176641374636,61702.3,50536.0,44.30702865284154,331.1,9.350344132952829,0.0,21.0508645291254,9.803592412288065,17.995635386939735,38.00570757092496,-1.5863893120688544
82,Шаранский,Республика Башкортостан,муниципальный район,4,Районы бюджетной экономики,54.8182509,54.0016574,17436.583333333332,49.182916425795995,5.0829857833014795,9.724223516713506,2.6634572797305736,6.467612500085859,26.878804494372595,54072.2,18637.0,0.0,332.9,0.0,0.0,2.9057700290577,17.144043171440433,15.151515151515152,56.37193856371938,-1.6936431538279715
83,Янаульский,Республика Башкортостан,муниципальный район,1,Ресурсные территории Севера и Востока,56.2714237,54.9294823,22059.916666666668,42.34364807460768,5.4463151333813995,9.940274317130932,3.991793002124487,6.746015985312166,31.53195348744333,62296.6,42391.0,60.033969474652636,321.6,5.68561872909699,17.725752508361204,9.334144116752812,12.572210398297354,19.41319550015202,35.16266342353298,-4.817811448865348
167,Нальчик,Кабардино-Балкарская Республика,городской округ,2,Промышленные и крупные города,43.4769604,43.5966578,25436.041666666668,29.965211589755132,6.985896255177285,15.75398241521272,6.513972357857173,9.816379280852344,30.96455810114535,54194.3,271464.0,90.52986768042908,298.0,0.8819277990229265,0.0,14.978134777596837,2.86352075823834,17.536091339908147,63.73849559950963,-14.949488329325241
168,Баксан,Кабардино-Балкарская Республика,городской округ,4,Районы бюджетной экономики,43.6820626,43.5344319,19548.25,29.929613261252836,7.877553726712367,18.913997840065043,4.049219716928394,8.951005452030172,30.278610003011185,41355.4,61043.0,65.54396081450781,337.9,0.0,0.0,3.1680440771349865,6.129476584022039,4.935720844811754,80.4178145087236,-19.22018243456269
169,Прохладный,Кабардино-Балкарская Республика,городской округ,3,Транспортные узлы,43.7590017,44.0103981,21731.0,33.769128011481314,6.039994351001266,21.257096045560374,3.0291197212403325,6.157793900525237,29.746867970191477,44481.9,60023.0,100.0,346.2,0.0,0.0,18.947368421052634,15.74013157894737,8.68421052631579,55.3125,-13.656025129615337
173,Майский,Кабардино-Балкарская Республика,муниципальный район,4,Районы бюджетной экономики,43.6282481,44.0518741,18981.333333333332,35.68920690114186,6.115259641026761,23.822196129890692,1.5257589892235257,5.880041525427615,26.967536813289556,43597.7,37609.0,69.51261666090564,301.5,8.931580721267274,0.0,22.817660936973375,0.0,4.583754634310751,59.95955510616785,-13.910075390652224
181,Городовиковский,Республика Калмыкия,муниципальный район,4,Районы бюджетной экономики,46.082851,41.934269,18705.041666666668,44.20256442544736,5.403118799673271,18.925135451222054,1.0496650801310696,5.862443477982074,24.557072765544163,36828.2,13573.0,0.0,314.8,0.0,0.0,6.002928257686676,0.0,3.953147877013177,82.43045387994144,-5.622226954716926
184,Лаганский,Республика Калмыкия,муниципальный район,4,Районы бюджетной экономики,45.392059,47.361282,19902.125,45.78970263739699,4.881542037945195,16.10776072748197,1.073122854766178,4.535568857618763,27.612302884790896,39218.1,18650.0,0.0,280.8,0.0,0.0,0.3192338387869114,1.0375099760574622,8.938547486033519,84.8363926576217,-3.0325262594360174
185,Малодербетовский,Республика Калмыкия,муниципальный район,4,Районы бюджетной экономики,47.9509398,44.6783553,18274.5,34.2880477118144,5.64491839120931,21.15409481682795,1.484644524205654,8.677403007639588,28.7508915483031,37385.0,9256.0,0.0,321.1,0.0,0.0,0.0,0.0,5.930232558139535,85.81395348837209,-15.915974786363435
188,Сарпинский,Республика Калмыкия,муниципальный район,4,Районы бюджетной экономики,47.7676505,44.5164159,20338.916666666668,46.11414618197258,5.012203872278229,19.10618412788665,2.007586922803275,6.70322434252435,21.056654552534916,43198.5,11466.0,0.0,319.0,0.0,0.0,9.500959692898272,0.0,5.47024952015355,80.71017274472169,-2.383656755626423
191,Юстинский,Республика Калмыкия,муниципальный район,4,Районы бюджетной экономики,47.565372,46.724106,20714.083333333332,38.66982947012544,4.763478281279727,20.91360483811734,1.5183713892984239,7.980735768512688,26.153980252666383,42368.8,8903.0,0.0,298.7,0.0,0.0,0.0,0.0,12.009803921568627,86.02941176470588,-9.495782535610783
194,Черкесский,Карачаево-Черкесская Республика,городской округ,2,Промышленные и крупные города,44.2285229,42.048257,24340.416666666668,34.035734638382586,6.994815957130522,15.170583842640786,6.396680745571222,6.880442014809883,30.521742801465006,56717.4,112782.0,100.0,306.5,0.5655008464503116,0.0,14.64899326441667,2.514137521161258,18.38057846774484,62.828224615495444,-11.566581603874377
195,Карачаевский,Карачаево-Черкесская Республика,городской округ,4,Районы бюджетной экономики,43.7715594,41.911979,20090.208333333332,34.27267011636726,6.448366063761213,21.451836505254025,4.18397927905155,6.2757520545140455,27.367395981051907,43034.8,41150.0,89.06196840826246,311.0,0.0,0.0,3.641329085116067,0.0,11.106053709604005,78.72098315885299,-14.419979019787363
196,Абазинский,Карачаево-Черкесская Республика,муниципальный район,4,Районы бюджетной экономики,44.0524374,41.78537743530578,22401.041666666668,32.59718736674772,6.3116229608941765,16.154517650992304,6.034376207662992,8.651725106362692,30.250570707340113,40284.5,18121.0,0.0,324.7,0.0,0.0,0.0,0.0,2.839396628216504,29.858030168589174,-14.373070246019036
198,Зеленчукский,Карачаево-Черкесская Республика,муниципальный район,4,Районы бюджетной экономики,43.8549752,41.5853611,21351.541666666668,35.123341472049695,6.604399336013607,21.16155314595722,2.5021315129400765,7.557107987105234,27.051466545934165,49497.5,53555.0,0.0,297.8,2.658486707566462,0.0,2.6770775237032907,6.52537646402677,16.45287228109314,64.11972485592118,-12.603713534478436
201,Ногайский,Карачаево-Черкесская Республика,муниципальный район,4,Районы бюджетной экономики,44.3768288,41.9579221,21785.833333333332,35.52919363855491,6.35752067404411,15.521331688456197,5.188201592191823,9.114534428635913,28.289217978117048,35727.4,16400.0,0.0,304.8,0.0,0.0,0.0,0.0,5.603448275862069,92.5646551724138,-11.861197662192922
203,Урупский,Карачаево-Черкесская Республика,муниципальный район,4,Районы бюджетной экономики,43.9528755,41.1917906,21330.125,36.40907305829253,4.716248885253941,26.86834725677667,2.0531298107155096,4.809965178279036,25.143235810682313,56531.0,24072.0,22.769192422731805,296.8,0.0,0.0,3.6518046709129512,0.0,5.35031847133758,36.43312101910828,-11.317954048920814
204,Усть-Джегутинский,Карачаево-Черкесская Республика,муниципальный район,4,Районы бюджетной экономики,44.0858961,41.9722557,18735.5,35.88296565116825,7.599816660866653,16.758094770364004,4.470332062022214,5.589771149133767,29.699019706445114,53103.8,50870.0,61.96776095930804,303.9,0.0,0.0,29.4624461509646,4.476493725416745,5.188237497658737,56.60235999250796,-13.979040303163332
205,Хабезский,Карачаево-Черкесская Республика,муниципальный район,4,Районы бюджетной экономики,44.0461094,41.7695948,18382.125,36.50950280295653,6.912475233091003,15.43162736228492,5.208593793236959,9.501514185583249,26.436286622847344,38811.6,31020.0,0.0,315.0,0.0,0.0,0.0,0.0,5.708955223880597,63.88059701492538,-13.654592976083348
206,Петрозаводский,Республика Карелия,городской округ,2,Промышленные и крупные города,61.7900426,34.390007,40197.958333333336,37.43383842991896,5.042836763676215,11.758355153533495,5.962901488726239,6.388579782658321,33.41348838148677,80872.6,235694.0,100.0,280.5,1.4281984735169002,0.519065681772809,18.354653930617197,7.9272693766604725,24.265552774237143,47.50679546047883,-0.08797968365705441
207,Костомукшский,Республика Карелия,городской округ,1,Ресурсные территории Севера и Востока,64.5873013,30.5969076,41549.166666666664,41.23395648341528,4.139902964689939,15.215935903593547,5.176229136824586,5.374766218724247,28.859209292752407,112900.5,26470.0,97.76350585568568,238.5,1.5107495642068565,0.0,11.226031377106334,0.778617083091226,11.179546775130737,26.589192330040675,4.302199291148604
208,Беломорский,Республика Карелия,муниципальный округ,3,Транспортные узлы,64.5216684,34.7625835,32828.5,43.88433575181141,3.890425482881029,15.157590480252267,1.7839031319649323,4.302176577792083,30.98156857529827,86078.3,12305.0,59.000406338886634,247.2,8.338720103425985,0.0,11.40917905623788,17.453135100193922,20.55591467356173,40.56237879767291,3.157267217343223
209,Калевальский,Республика Карелия,муниципальный район,4,Районы бюджетной экономики,65.200096,31.180172,34341.291666666664,47.561475019867046,3.66660911907943,16.17343389823881,2.0181208148515486,7.188315182508618,23.392045965454553,70023.1,5888.0,57.8125,234.5,6.3720452209660845,0.0,10.483042137718398,0.0,11.613566289825282,70.70914696813976,7.52840045003267
210,Кемский,Республика Карелия,муниципальный район,3,Транспортные узлы,64.9550895,34.5697446,30657.208333333332,45.83666423794734,3.6118034301302107,16.879523495433236,2.053423641727683,3.7037042266038918,27.91488096815764,99031.2,12493.0,76.68294244777076,244.4,4.901500938086304,0.0,16.79174484052533,37.26547842401501,7.809568480300187,32.3405253283302,4.033575311865558
211,Кондопожский,Республика Карелия,муниципальный район,3,Транспортные узлы,62.20929,34.268185,29150.5,45.57069141325891,4.072201625541813,13.148920934388276,3.941995677075922,4.375863772318963,28.890326577416108,72960.2,31368.0,79.82657485335373,270.4,2.532504239683437,1.2210288298473715,8.208027133973998,17.817976257772752,10.695308083663086,31.644997173544375,2.9624362471991437
212,Лахденпохский,Республика Карелия,муниципальный район,5,Аграрные районы,61.5179265,30.2038927,32096.916666666668,42.495063889656315,3.8599977667385788,20.374590001116665,2.2369107578427934,5.260585189629105,25.772852395016542,69672.6,10502.0,54.51342601409256,284.3,12.310385064177364,0.0,9.27654609101517,0.0,18.436406067677947,48.833138856476076,1.3498952489733975
213,Лоухский,Республика Карелия,муниципальный район,3,Транспортные узлы,66.07512539999999,33.04001857654001,34602.666666666664,46.55906017772002,3.7782008892325645,17.213125019665434,1.7787924692102295,4.709900022840716,25.96092142133104,98732.7,10092.0,70.27348394768134,234.7,5.6190476190476195,0.0,10.761904761904761,25.571428571428573,8.857142857142856,46.38095238095238,6.648885399490756
214,Медвежьегорский,Республика Карелия,муниципальный район,3,Транспортные узлы,62.915024,34.473339,30088.916666666668,45.76797017207823,3.723819229509811,15.822148526347668,2.0611328447305084,4.600999966453722,28.023929260880067,75138.7,23603.0,72.71533279667838,266.4,6.008746910058947,2.186727514736642,3.0043734550294734,27.248526335805284,8.005324206122836,48.41224567408253,3.6129807903217412
215,Муезерский,Республика Карелия,муниципальный район,4,Районы бюджетной экономики,63.9596446,31.9947228,30876.916666666668,47.98417830672435,4.042422403623096,15.529058194766272,1.8487565445104663,4.919925599505406,25.675658950870407,58821.0,7695.0,31.773879142300192,246.8,4.927007299270073,0.0,7.208029197080291,0.0,9.945255474452555,76.0036496350365,6.239058001179433
216,Олонецкий,Республика Карелия,муниципальный район,5,Аграрные районы,60.979276,32.9749376,27696.916666666668,47.7575054684554,3.6915117676287363,14.913549772399415,2.181170848893823,4.538918764168415,26.917343378454213,60626.4,18460.0,40.850487540628386,292.1,17.805989583333336,0.0,12.79296875,0.0,11.686197916666668,55.110677083333336,4.281151628038728
217,Питкярантский,Республика Карелия,муниципальный округ,3,Транспортные узлы,61.57460265,31.47962163893381,31399.5,45.543428939703105,3.7240637361969733,16.029542353659767,2.6255669148281955,4.553583884033594,27.52381417157836,71373.2,14495.0,55.00517419799931,277.7,2.7332144979203803,0.0,10.338680926916222,8.169934640522875,9.38799762329174,37.70053475935829,4.085162287146281
218,Прионежский,Республика Карелия,муниципальный район,1,Ресурсные территории Севера и Востока,61.7900426,34.390007,36375.541666666664,40.34730767481188,4.042588349513513,14.198366591332592,4.66491363967777,6.6404790713277535,30.106344673336487,83749.8,21969.0,0.0,365.8,5.0242649157864685,18.013131601484442,26.976876962603484,0.0,6.908364259206394,33.59977162432201,1.2400993756428225
219,Пряжинский,Республика Карелия,муниципальный район,4,Районы бюджетной экономики,61.6932537,33.6224108,26069.208333333332,50.31397713797319,3.522792556843816,16.106721317154477,2.164530631629628,3.6556407248923817,24.236337631506508,70038.6,12023.0,24.577892372951844,280.3,6.837349397590361,0.0,8.765060240963855,0.0,3.7048192771084336,55.78313253012048,5.890675406027424
220,Пудожский,Республика Карелия,муниципальный район,4,Районы бюджетной экономики,61.808434,36.536045,28097.625,47.346459080747636,3.9456729052442365,13.497003796230695,1.6967903099526973,5.139915994652821,28.37415791317191,66905.8,13907.0,51.08218882577119,282.6,0.0,0.0,10.132382892057027,0.6619144602851323,10.94704684317719,62.627291242362524,4.091510609601872
221,Сегежский,Республика Карелия,муниципальный округ,2,Промышленные и крупные города,63.7435087,34.3106868,32557.541666666668,44.755299109686646,3.4470983194893523,15.223903374789693,2.740422843036382,4.20414159998053,29.629134753017393,79173.2,31219.0,91.84150677472053,256.2,11.509958314034275,0.0,37.86475220009263,6.0676238999536825,10.699397869383974,33.85826771653544,3.884331485183621
222,Сортавальский,Республика Карелия,муниципальный район,3,Транспортные узлы,61.70274,30.691231,36161.833333333336,39.71946691770989,4.158596654288726,15.905101678473917,3.3909408128580223,5.309300791391358,31.516593145278087,69993.1,23603.0,78.55781044782442,279.6,1.723446893787575,0.0,18.196392785571142,8.937875751503006,17.454909819639276,48.677354709418836,0.443975513344064
223,Суоярвский,Республика Карелия,муниципальный округ,3,Транспортные узлы,62.0820094,32.345856,28315.916666666668,48.360507168063975,3.7983499604547033,16.038480073081338,1.607827666850405,3.7265655672268174,26.46826956432276,74690.2,12070.0,55.48467274233637,269.2,10.583236770954036,0.0,8.227114716106605,12.862108922363847,8.536114329857087,40.01544998068752,5.26003153065843
224,Сыктывкар,Республика Коми,городской округ,2,Промышленные и крупные города,61.6685237,50.8352024,36176.291666666664,40.37327760198278,4.7621207365964295,10.90758984391853,5.010297211549722,6.167617672025081,32.77909693392746,81693.1,232811.0,99.70920618012036,276.0,1.6320330030243482,0.0,21.793424481888753,5.619433875486056,21.739069838747895,49.18955833368176,1.1812905283048756
225,Воркута,Республика Коми,городской округ,1,Ресурсные территории Севера и Востока,67.5035662,64.0627028,43030.625,37.435774200684605,3.6582693780785593,12.622091952646358,4.83161914044794,3.1075005403312264,38.344744787811315,121203.1,67547.0,99.55882570654508,208.0,0.0,0.0,13.006041577470148,16.307502021787737,17.78221778221778,32.0536606250892,1.0414531929494464
226,Вуктыл,Республика Коми,муниципальный округ,1,Ресурсные территории Севера и Востока,63.844337,57.300171,30316.5,44.19151300453539,3.421722663866824,14.036986859658104,3.999746677199275,3.435208036509031,30.91482275823138,111490.6,10125.0,88.89876543209877,237.3,0.0,33.29655172413793,4.358620689655172,0.0,11.448275862068966,24.110344827586207,2.1924087318672516
227,Инта,Республика Коми,городской округ,3,Транспортные узлы,66.0401498,60.1313631,37524.916666666664,43.160952426763316,3.8290459882668237,13.448893349640615,2.78844939518072,2.6825247095368265,34.0901341306117,96563.9,20870.0,94.70052707235266,221.3,2.832699619771863,0.0,9.67680608365019,18.49809885931559,15.076045627376425,46.42585551330799,4.5602693810394594
228,Усинск,Республика Коми,муниципальный округ,1,Ресурсные территории Севера и Востока,65.9944237,57.5570861,38808.291666666664,39.86913421740033,4.4730777604720995,12.722059824931478,4.639614688400189,4.136070574493753,34.16004293430215,138116.7,35807.0,89.04404166783031,222.2,0.0,40.42237333588737,19.418638061488362,11.97203333014079,10.779618810458768,16.61239344890336,1.8241172057116481
229,Ухта,Республика Коми,городской округ,1,Ресурсные территории Севера и Востока,63.5623797,53.6842376,36748.375,40.79321378000325,4.610570664728095,11.022629454946033,5.074865860780182,4.908591086329924,33.59012915321251,94997.9,93096.0,98.26630574890436,251.9,0.38589611925434913,8.626645504621418,19.061401051878132,18.6008153611552,18.921358105374537,34.40699592319422,1.8535458521094998
230,Ижемский,Республика Коми,муниципальный район,4,Районы бюджетной экономики,65.0324906,53.97245771017012,27462.666666666668,49.094790678009325,3.266345085357102,12.537140270720561,1.7778163181337667,5.420513301366221,27.903394346413023,71478.0,16187.0,0.0,235.7,0.0,0.0,6.307635558834379,0.0,10.14385835485061,74.32681667281446,5.483092465314657
231,Княжпогостский,Республика Коми,муниципальный район,3,Транспортные узлы,62.5983295,50.8880873,28876.125,49.943476462640724,3.6517572401893994,13.677356337750139,2.5048107553068575,4.3079836677324455,25.91461553638044,83973.8,14981.0,84.30678859889194,268.0,1.4500349406009785,0.0,16.49196366177498,17.802236198462616,9.661076170510134,36.16352201257861,7.13243897220716
232,Койгородский,Республика Коми,муниципальный район,5,Аграрные районы,60.441257,51.007,23897.666666666668,53.75333558954549,3.7696180465333873,11.32574896157667,1.4405555331540192,5.2821052538946764,24.42863661529576,66260.9,7470.0,0.0,278.2,24.32598039215686,0.0,0.0,0.0,7.8431372549019605,48.22303921568628,7.874959496059954
233,Корткеросский,Республика Коми,муниципальный район,4,Районы бюджетной экономики,61.8130799,51.5744647,21476.958333333332,52.16499971915635,3.244636498047254,13.612051100934764,1.4063843780205831,4.144878342394729,25.42704996144633,59748.5,18232.0,0.0,275.1,7.91117279666898,0.0,0.0,0.0,13.844552394170714,62.80360860513532,4.562356230777417
234,Печора,Республика Коми,муниципальный район,1,Ресурсные территории Севера и Востока,65.1142862,57.16074,35600.958333333336,42.666581033584364,4.370746459147346,11.89257234456023,4.463955806237987,3.823065768562967,32.78307858790711,107336.0,42164.0,88.5281282610758,233.5,0.5524454920447849,10.444902769593401,19.121979964643486,22.863877430760166,12.3305833824396,34.752504419563934,3.237376118194436
235,Прилузский,Республика Коми,муниципальный район,5,Аграрные районы,60.334034,49.618275,22670.208333333332,52.18155986914208,3.9904317709940926,12.021630778429287,1.9854047632913006,5.120810644830636,24.700162173312602,66032.3,17018.0,0.0,290.9,23.98228221894115,0.0,0.0,0.0,7.0238346340434505,42.43830415524151,5.473432328341143
236,Сосногорск,Республика Коми,муниципальный район,3,Транспортные узлы,63.5895298,53.9305546,30495.083333333332,45.269751617342834,3.946928546408924,12.754075216512112,3.69982222841606,3.6351365147670434,30.694285876553025,89784.3,33872.0,91.1106518658479,251.7,0.0,3.348188778425323,23.551594103531027,17.975088561307278,15.243972117472287,37.332876242715116,3.338884956094451
237,Сыктывдинский,Республика Коми,муниципальный район,5,Аграрные районы,61.627003,50.768478,29889.291666666668,46.40936195996251,3.877945014366609,11.681704832452821,3.402925974765626,5.64687309801529,28.98118912043714,69555.4,21462.0,0.0,282.2,17.874692874692872,0.0,4.361179361179361,2.293202293202293,14.127764127764127,50.65520065520066,4.155951547949047
238,Сысольский,Республика Коми,муниципальный район,4,Районы бюджетной экономики,61.076214,50.084496,23265.416666666668,57.52163290591498,3.959748572865571,11.131730973369937,1.741149458690325,5.044772406385089,20.6009656827741,61634.9,11592.0,0.0,284.3,6.055480378890392,0.0,4.634641407307171,0.0,9.032476319350474,57.94993234100135,11.251734817440205
239,Троицко-Печорский,Республика Коми,муниципальный район,4,Районы бюджетной экономики,62.714462,56.185379,27934.791666666668,48.89046026140906,4.015987894684992,15.384722750476051,1.2607942072855158,4.016829776157236,26.43120510998714,61461.9,9461.0,61.55797484409682,241.6,4.476190476190476,0.0,10.095238095238095,0.0,12.428571428571429,55.333333333333336,5.56538211125883
240,Удорский,Республика Коми,муниципальный район,4,Районы бюджетной экономики,63.456226,48.894211,27880.666666666668,50.030229315178275,3.783314495025393,13.12380701476457,1.8535813336688196,4.4761786343220376,26.732889207040905,63791.4,12261.0,63.469537558111085,258.1,10.079767947788252,0.0,0.0,1.559100797679478,8.556925308194344,57.360406091370564,6.664836369804552
241,Усть-Вымский,Республика Коми,муниципальный район,3,Транспортные узлы,62.224483,49.992413,27887.791666666668,48.34177356635098,3.4681254859291286,14.184881472386149,2.241981518365546,3.4627516909700304,28.300486265998163,72808.3,23548.0,64.3961270596229,273.9,0.6502302898943376,0.0,30.615009482525064,23.706312652397724,10.268219994581413,33.63587103765917,4.98030599477283
242,Усть-Куломский,Республика Коми,муниципальный район,4,Районы бюджетной экономики,61.684792,53.689861,22489.125,48.033030621072044,3.97130338059895,12.64078414343744,1.62626483810431,5.538682168018178,28.189934848769088,61561.6,21766.0,0.0,261.2,10.518407212622089,0.0,0.0,0.0,10.16779363886802,62.86000500876534,1.178095705835467
243,Усть-Цилемский,Республика Коми,муниципальный район,4,Районы бюджетной экономики,65.43623545,52.2008925353455,26843.166666666668,49.87106184086223,3.986790346992709,10.348182532520493,1.6946035946949736,6.0027994550915205,28.096562229838067,68239.7,10360.0,0.0,228.3,2.5190114068441063,0.0,9.505703422053232,4.70532319391635,9.790874524714829,66.58745247148289,5.890428117448284
269,Йошкар-Ола,Республика Марий Эл,городской округ,2,Промышленные и крупные города,56.6326996,47.8975847,27906.041666666668,37.59678295896845,5.365715711560179,11.721523239615845,6.204579238685534,6.704784247727806,32.406614603442186,72240.8,295711.0,96.39208551592601,347.3,0.4106108944818622,0.0,37.281401394304616,2.859506085312537,21.022391586907716,38.427567056599315,-5.8404411910943175
270,Волжск,Республика Марий Эл,городской округ,2,Промышленные и крупные города,55.8636579,48.3618598,24143.083333333332,42.200529228760395,4.460797572403616,14.825202773519115,3.902539258603218,4.178048701919105,30.43288246479456,72852.5,51634.0,100.0,368.8,0.0,0.0,54.24427087803622,3.776499871255686,9.76740193974766,32.11741481417904,-3.524264953232022
271,Козьмодемьянск,Республика Марий Эл,городской округ,2,Промышленные и крупные города,56.3324346,46.5462855,22639.416666666668,45.549654188215634,4.483496414966517,15.831158870705655,1.9521335714539383,4.666850450013849,27.51670650464441,62177.5,19054.0,100.0,360.8,0.0,0.0,55.617053103964096,1.9895287958115182,9.379207180254301,30.964846671652957,-1.187420954449883
272,Волжский,Республика Марий Эл,муниципальный район,3,Транспортные узлы,55.8636579,48.3618598,20069.0,45.23896594096882,3.891126865294096,13.484055600412825,2.361264592898593,6.237263606820057,28.787323393605607,50458.9,20454.0,17.88892148235064,384.7,5.508112724167378,0.0,17.719897523484203,18.360375747224595,6.404782237403928,49.65841161400512,-3.441700910974977
273,Горномарийский,Республика Марий Эл,муниципальный район,4,Районы бюджетной экономики,56.3324346,46.5462855,17519.208333333332,50.86419891610565,4.4418768518926735,11.96170149866905,2.380123365840817,7.013228198530193,23.338871168961614,34906.1,19578.0,0.0,360.6,0.0,0.0,5.81787521079258,0.0,1.0118043844856661,70.57335581787521,-0.021546437282553517
274,Звениговский,Республика Марий Эл,муниципальный район,2,Промышленные и крупные города,55.9718239,48.016105,22591.958333333332,45.842784068210584,4.967338700447586,14.167252507029612,2.486994050122872,5.604965750058221,26.930664924131126,61841.2,38471.0,50.21704660653479,354.9,8.317508545385492,0.0,41.63818204836055,2.6459045448790985,8.22888973287758,39.16951512849728,-0.931304370828473
275,Килемарский,Республика Марий Эл,муниципальный район,4,Районы бюджетной экономики,56.7767366,46.8594894,19600.166666666668,51.557024769578334,3.7990969192535933,14.686418916823888,1.6518210857823334,5.287662181227139,23.017976127334716,44881.7,11082.0,34.867352463454246,337.7,2.19435736677116,0.0,7.445141065830721,10.736677115987462,11.285266457680251,62.14733542319749,2.5205659503600817
276,Куженерский,Республика Марий Эл,муниципальный район,4,Районы бюджетной экономики,56.8114328,48.9167614,17121.541666666668,49.30637534306168,4.264821202741716,10.958943859958575,1.9026481336744807,4.1622099849688805,29.405001475594666,41317.4,11382.0,41.12633983482692,339.1,0.0,0.0,24.788334901222953,0.0,6.25587958607714,47.412982126058324,-1.9264575500599461
277,Мари-Турекский,Республика Марий Эл,муниципальный район,4,Районы бюджетной экономики,56.7877954,49.6203566,17318.75,49.83096399584055,4.386665287957216,11.392760428924548,1.709349194172519,5.263247587960863,27.417013505144304,39885.6,17046.0,25.219992960225273,336.2,8.0083857442348,0.0,6.289308176100629,4.528301886792453,8.09224318658281,68.34381551362684,-1.2279730095081973
278,Медведевский,Республика Марий Эл,муниципальный район,2,Промышленные и крупные города,56.6332426,47.8030237,28091.5,38.6021560993559,4.998473280139551,12.411306284174922,5.590815990944787,7.472129168242371,30.925119177142463,57759.1,67769.0,37.958358541516034,352.3,12.581232128931635,0.0,26.037605060220088,6.593882679143921,10.622996274153019,44.11229529503509,-4.754656031039657
279,Моркинский,Республика Марий Эл,муниципальный район,4,Районы бюджетной экономики,56.4302572,48.9980508,16973.416666666668,51.79727559900679,3.973505482689342,12.149919148162724,2.0875501175052618,4.723807280233588,25.267942372402302,45105.3,25758.0,33.22462924140073,346.2,2.2816166883963493,0.0,4.726205997392438,13.298565840938723,14.439374185136897,62.94002607561929,0.47198607563465583
280,Новоторъяльский,Республика Марий Эл,муниципальный район,5,Аграрные районы,57.0032906,48.7403315,17919.75,50.258183932376475,3.6407550009593557,13.622852090054502,1.4350817256956883,4.431722338684399,26.61140491222957,42378.1,13402.0,41.6430383524847,337.4,24.55399061032864,0.0,5.070422535211268,0.0,13.380281690140844,50.46948356807511,-0.2576132611632356
281,Оршанский,Республика Марий Эл,муниципальный район,4,Районы бюджетной экономики,56.9154239,47.8944568,18029.791666666668,49.52482602538854,3.838286059289383,12.779530237734383,1.6388940255943432,4.448771081726272,27.76969257026708,47456.7,12182.0,44.697094073222786,343.8,8.575112830431978,0.0,13.023855577047067,4.190844616376531,10.509348807221148,61.57317859445519,-0.8543233196672819
282,Параньгинский,Республика Марий Эл,муниципальный район,4,Районы бюджетной экономики,56.7052785,49.3933921,16439.708333333332,49.35600859119105,4.375345732272542,12.259839755456674,1.4858033814529852,4.9383079785615145,27.584694561065238,41324.6,13008.0,40.51353013530135,335.3,13.983050847457626,0.0,5.750605326876514,0.0,8.535108958837773,62.409200968523,-2.5214387113749885
283,Сернурский,Республика Марий Эл,муниципальный район,5,Аграрные районы,56.9347617,49.1469163,19397.041666666668,47.35727929427784,4.05141735111058,12.211177486508522,3.4203890672627018,5.31421668733974,27.64552011350062,51576.7,21264.0,37.65519187358917,337.2,9.072638530002871,0.0,27.045650301464253,5.799598047660063,8.527131782945736,46.33936261843238,-1.9083688197057604
284,Советский,Республика Марий Эл,муниципальный район,5,Аграрные районы,56.7629821,48.474292,19474.5,46.45777505902904,3.479722299961812,12.43667186099076,3.000371057637148,4.7588983389016795,29.866561383479564,47480.4,26112.0,39.97012867647059,343.1,39.07035175879397,0.0,12.625628140703519,1.7797319932998323,7.747068676716918,37.93969849246231,-2.681167027493449
285,Юринский,Республика Марий Эл,муниципальный район,4,Районы бюджетной экономики,56.29035,46.291918,18021.166666666668,55.7373563730704,4.439183259337154,17.66054366086449,0.9888800313642244,4.926063984801129,16.247972690562605,45485.1,5947.0,41.49991592399529,333.9,0.0,0.0,4.899135446685879,12.968299711815561,18.73198847262248,57.34870317002881,5.309722518191359
287,Ардатовский,Республика Мордовия,муниципальный район,5,Аграрные районы,54.8443349,46.2393200428824,16490.75,49.67785555626946,6.222665594550697,16.617370994597056,1.4567085845766223,5.214989017036439,20.81041025296972,50305.4,23694.0,54.212036802566054,359.1,10.069008782936011,0.0,3.3877038895859477,3.105395232120452,6.493099121706399,52.16436637390214,-2.1800280769716647
288,Атюрьевский,Республика Мордовия,муниципальный район,4,Районы бюджетной экономики,54.3211519,43.3363522,17703.208333333332,50.214489501766224,5.806248317331619,18.050282591169946,1.3421157956070164,7.102391217452977,17.484472576672218,37086.3,9012.0,0.0,362.5,0.0,0.0,5.60625814863103,0.0,17.209908735332462,69.36114732724901,-0.5025029202461295
289,Атяшевский,Республика Мордовия,муниципальный район,5,Аграрные районы,54.5791907,46.07576069523395,18917.583333333332,48.0641283588643,6.0483164195562455,16.022162169700596,1.6100929551701666,5.10647446150106,23.148825635207633,53073.3,17246.0,34.61092427229502,358.4,19.670468948035488,0.0,1.1153358681875791,6.692015209125475,3.67553865652725,25.70342205323194,-1.577396992730468
290,Большеберезниковский,Республика Мордовия,муниципальный район,4,Районы бюджетной экономики,54.171913,45.966282,16795.458333333332,52.77725225059825,6.222738799737537,13.074303573860302,0.7487652070537753,4.822758714784241,22.35418145396589,43037.1,11711.0,0.0,357.0,8.153638814016173,0.0,3.436657681940701,0.0,9.50134770889488,57.21024258760108,1.2571914633260637
292,Дубенский,Республика Мордовия,муниципальный район,4,Районы бюджетной экономики,54.437653,46.2980698,16335.208333333334,45.5888311623984,6.624987402610684,16.003175523388734,0.7937432978322402,6.221520854985909,24.767741758784034,51253.2,11280.0,0.0,356.6,0.0,0.0,2.4539877300613497,3.128834355828221,7.300613496932515,46.50306748466257,-6.432423038144597
293,Ельниковский,Республика Мордовия,муниципальный район,4,Районы бюджетной экономики,54.620689,43.875977,18922.541666666668,46.42128558116881,5.79828651126012,17.161602402021746,1.0012467969034025,4.952356878791255,24.665221829854662,45661.0,9068.0,0.0,360.1,0.0,0.0,4.580896686159844,0.0,12.865497076023392,59.06432748538012,-3.2146092313121266
294,Зубово-Полянский,Республика Мордовия,муниципальный район,2,Промышленные и крупные города,54.079964,42.837425,21344.5,47.50502992139596,5.05617052915383,19.20839995049918,1.7315448779112075,6.788404011117076,19.710450709922746,40550.3,45470.0,50.07037607213547,368.6,1.641256352578522,0.0,38.48204615512788,3.0242439390152462,4.190619011913689,46.196784137299005,-0.22840163104709774
295,Инсарский,Республика Мордовия,муниципальный район,4,Районы бюджетной экономики,53.867741,44.371407,20027.125,49.5226601633848,5.364477496355556,16.98838237189035,1.1584964990265565,5.201083744210061,21.76489972513268,52361.3,11516.0,66.11670718999653,360.1,0.0,0.0,33.400100150225335,0.0,5.658487731597396,42.914371557336004,0.7593262249594888
296,Ичалковский,Республика Мордовия,муниципальный район,5,Аграрные районы,54.694168,45.243855,19651.458333333332,51.300846460273654,5.579357042119069,15.44813614483205,0.8143097641396929,5.385796089739759,21.471554498895774,51547.6,16897.0,0.0,360.8,16.672268907563026,0.0,22.18487394957983,6.991596638655462,3.3277310924369745,45.64705882352941,2.211807343345711
297,Кадошкинский,Республика Мордовия,муниципальный район,4,Районы бюджетной экономики,54.03075525,44.42132744805929,19752.333333333332,46.83158215069179,5.884471369910391,16.25139065960833,0.9123117869983157,5.016520223284587,25.103723809506594,47389.6,6593.0,57.758228424086155,359.1,0.0,0.0,2.0179372197309418,0.0,9.641255605381167,35.313901345291484,-2.1626505694227416
298,Ковылкинский,Республика Мордовия,муниципальный район,3,Транспортные узлы,54.0345571,43.90662617920928,21372.75,48.42131461413563,5.549376221861474,15.237188995264509,2.821270648670053,5.294386348404605,22.67646317166373,49393.3,35879.0,53.91454611332534,363.6,9.768130241736557,0.0,24.481993093241243,24.605328071040947,6.808090774543661,33.917118894918595,0.7366084671157819
300,Краснослободский,Республика Мордовия,муниципальный район,5,Аграрные районы,54.41721065,43.78777038683488,18948.666666666668,48.77542773674948,5.844428536971366,15.850727221480652,2.02592751929549,5.161192367723547,22.342296617779468,46337.1,21456.0,40.10533184190903,362.2,22.885714285714286,0.0,8.742857142857142,8.228571428571428,6.428571428571428,47.65714285714286,-0.8765732687002299
301,Лямбирский,Республика Мордовия,муниципальный район,5,Аграрные районы,54.2828455,45.1226407,24615.375,43.02287400887515,5.24281117745391,12.290678855346282,2.726137378302014,7.214608546989575,29.50289003303307,66626.1,33537.0,0.0,365.5,42.83516483516483,0.0,11.846153846153847,0.0,6.3076923076923075,35.032967032967036,-2.517268518149764
302,Ромодановский,Республика Мордовия,муниципальный район,5,Аграрные районы,54.420921,45.334122,18557.708333333332,50.07547408666141,5.862416766916903,16.37899356408372,1.3153834814761693,4.47909809685815,21.888634004003645,54295.6,18857.0,0.0,362.0,17.602480192903894,0.0,1.9634860489149155,8.749569410954185,7.991732690320358,30.21012745435756,0.1532692752973017
303,Рузаевский,Республика Мордовия,муниципальный район,2,Промышленные и крупные города,54.058735,44.954391,24574.791666666668,43.360473295360016,5.154414104197318,14.031186630631684,2.7956393124135235,4.892966690609101,29.765319966788358,68748.4,58820.0,71.61509690581434,364.1,6.167553007804407,0.0,37.827198010912355,19.041370260377096,9.724428482630016,26.89412252227364,-2.092674295966268
304,Старошайговский,Республика Мордовия,муниципальный район,5,Аграрные районы,54.304256,44.463558,16835.625,51.00008262455202,5.44422320745086,16.105308162547182,0.8102099447119655,4.626513389258234,22.013662671479732,45192.2,11300.0,0.0,359.4,26.21580547112462,0.0,3.723404255319149,0.0,8.206686930091186,47.56838905775076,-0.551338388567432
305,Темниковский,Республика Мордовия,муниципальный район,4,Районы бюджетной экономики,54.6342327,43.21511935549957,19416.458333333332,50.162455745046884,5.596744599607781,17.068742530784228,1.4447267732118165,6.213648882162954,19.513681469186327,43557.8,12696.0,49.354127284183996,361.7,0.0,0.0,5.492424242424242,0.0,9.659090909090908,62.18434343434344,0.9441984053786912
306,Теньгушевский,Республика Мордовия,муниципальный район,4,Районы бюджетной экономики,54.767166,42.714211,18111.083333333332,45.75287091269129,5.716052427435672,20.682226454805942,0.8379225796840037,6.531194942785959,20.47973268259712,43659.5,8971.0,0.0,368.1,0.0,0.0,11.554447215295095,0.0,7.98004987531172,61.928512053200336,-4.6238113548965405
307,Торбеевский,Республика Мордовия,муниципальный район,5,Аграрные районы,54.074532,43.245144,22550.875,47.99691872721581,5.13972001461969,17.857567036566845,1.5142067953677367,5.212889808740191,22.278697617489737,53695.6,18231.0,49.03186879490977,364.8,5.510907003444316,0.0,0.8036739380022963,11.458094144661308,5.39609644087256,30.884041331802525,1.175850152251545
308,Чамзинский,Республика Мордовия,муниципальный район,5,Аграрные районы,54.407948,45.784023,22360.375,47.66061162910337,5.5934240472503305,15.321745957512631,2.7707948834579272,4.936402754207545,23.7170207284682,68736.9,28433.0,71.33964055850596,359.1,30.913091309130913,0.0,42.84928492849285,1.639163916391639,4.356435643564356,18.316831683168317,0.7081327220670136
309,Якутск,Республика Саха (Якутия),городской округ,1,Ресурсные территории Севера и Востока,62.0279259,129.740571750415,44945.333333333336,34.62721240721287,4.089661060657206,4.604841430671566,8.613209766072798,6.990386750693527,41.07468858469203,121249.1,384979.0,95.50313133963151,137.0,1.2206934378975132,1.2813780065119211,10.393399386152248,9.48313085693613,23.884045793509085,53.73618550805821,-1.134038398920851
312,Алданский,Республика Саха (Якутия),муниципальный район,1,Ресурсные территории Севера и Востока,58.61558475,125.3960842109866,42141.375,42.61286131288679,4.198026525617964,10.284127506059653,4.342368252939702,5.476931486005588,33.0856849164903,139656.8,38998.0,91.4200728242474,143.8,0.4295413606761812,20.936677289732575,32.04932797561313,11.200406447739136,14.281095561405941,21.07062029467461,5.809332470681656
314,Амгинский,Республика Саха (Якутия),муниципальный район,4,Районы бюджетной экономики,60.894218,131.97998,30475.625,43.283753224328045,3.2149307141933336,3.4754892235325596,4.299415503818038,7.851786641492396,37.87462469263563,82805.1,16705.0,0.0,136.2,2.7651006711409396,0.0,0.8859060402684563,2.684563758389262,11.758389261744966,67.40939597315436,1.2628711696531236
316,Булунский,Республика Саха (Якутия),муниципальный район,1,Ресурсные территории Севера и Востока,71.636604,128.868546,48608.875,42.76547980055483,3.1104338038007695,4.191328841876576,5.574391104136972,1.9874916394181936,42.37087481021266,146103.6,8126.0,56.60841742554763,116.9,6.303724928366762,0.0,11.210601719197708,6.267908309455588,10.601719197707736,39.147564469914045,8.231711425761782
317,Верхневилюйский,Республика Саха (Якутия),муниципальный район,4,Районы бюджетной экономики,63.4497609,120.3146678,29484.083333333332,44.37240156582874,2.850612447033646,4.761226937379911,4.137995901100027,6.998834352870074,36.8789287957876,85335.1,20721.0,0.0,129.9,2.74434280211844,0.0,12.277323062108811,2.0462205103514686,10.423688011555129,72.17140105922003,1.8261712133663992
318,Верхнеколымский,Республика Саха (Якутия),муниципальный район,3,Транспортные узлы,65.733597,150.893326,51176.875,50.14536298992153,4.17802878064486,3.4554341129376267,1.874673521089152,3.6062072601401236,36.74029333526671,119812.6,3687.0,65.25630593978845,121.8,0.0,0.0,0.0,30.428769017980635,8.367911479944674,38.65836791147995,16.458139492569103
319,Верхоянский,Республика Саха (Якутия),муниципальный район,1,Ресурсные территории Севера и Востока,67.654907,134.635071,39916.75,52.291044145204445,3.780975805924638,3.8470573778924404,2.8379677723687187,4.578291234733645,32.66466366387611,125194.5,9998.0,46.559311862372475,124.4,0.0,2.9195088676671213,13.806275579809006,5.893587994542973,23.43792633015007,49.98635743519782,14.543464772871648
320,Вилюйский,Республика Саха (Якутия),муниципальный район,1,Ресурсные территории Севера и Востока,63.754082,121.626549,30999.041666666668,41.03119931235118,3.5061173362375584,4.769526398966601,4.774464749082851,6.229767637164967,39.68892456619685,95056.9,25157.0,51.659577851095115,130.8,1.5551839464882942,7.274247491638795,11.020066889632108,5.016722408026756,10.468227424749164,62.39130434782608,-0.6788012702328562
321,Горный,Республика Саха (Якутия),муниципальный район,4,Районы бюджетной экономики,62.098289,126.699837,26768.958333333332,44.896753921642436,2.9334676271880955,7.907229914460043,3.376165712177105,7.020192357632739,33.86619046689958,85549.4,11936.0,0.0,136.0,3.1529778123783574,0.0,11.483067341377968,2.53016738030362,12.728688205527442,69.24873491630986,0.8810485867297645
323,Кобяйский,Республика Саха (Якутия),муниципальный район,1,Ресурсные территории Севера и Востока,63.923618,127.466759,33076.541666666664,41.81432988448248,3.656828289508016,3.7403248184336033,4.412367794397789,4.703720544003856,41.67242866917425,99222.2,11053.0,29.286166651587802,,2.9108550636749544,11.643420254699818,17.88963007883566,1.879927228623408,10.824742268041238,52.66828380836871,1.108187412705528
324,Нюрбинский,Республика Саха (Якутия),муниципальный район,1,Ресурсные территории Севера и Востока,63.286648,118.354149,31443.75,41.236272107120655,4.16197731292095,5.688820266251763,4.042170264586994,6.855926942873978,38.01483310624567,118883.9,22761.0,44.101752998550154,,2.318586289008648,0.0,7.620002506579772,7.432009023687179,12.595563353803735,43.25103396415591,-0.27597638052940454
325,Ленский,Республика Саха (Якутия),муниципальный район,1,Ресурсные территории Севера и Востока,60.7145488,114.9172123,41653.875,40.10878159455997,3.5266731244446987,10.241908926653169,4.362353127577165,4.807469971609138,36.95281325515585,150610.1,31833.0,87.86165300160211,151.6,0.7359734922101507,29.754356899353233,38.34071430847166,11.683180934781916,8.452544046898398,11.030044285850831,3.11447754261046
326,Мегино-Кангаласский,Республика Саха (Якутия),муниципальный район,1,Ресурсные территории Севера и Востока,61.957066,129.911346,31392.416666666668,39.63404476986943,3.1445704536411134,5.579201676653342,4.784969230546591,8.726485906232545,38.13072796305697,88872.6,32932.0,16.093768978501156,142.9,1.27587184576127,0.0,10.462149135242417,9.328040827899065,13.510065211227673,64.41735185710236,-1.8819785990391822
327,Мирнинский,Республика Саха (Якутия),муниципальный район,1,Ресурсные территории Севера и Востока,62.541077,113.978584,42228.708333333336,40.476756953273856,3.673214109303812,11.479178072147803,5.865898702656032,3.996731145061306,34.5082210175572,167695.2,71704.0,96.42418832980029,152.1,0.48915951185957046,42.02950243305903,18.65175409543706,8.746273980280757,14.414919365111716,15.665842908460931,3.7607109265716523
329,Намский,Республика Саха (Якутия),муниципальный район,4,Районы бюджетной экономики,62.718227,129.664246,31229.791666666668,39.15140482437221,3.1336007553605083,6.007914086721632,5.419317743612872,8.166101985085193,38.12166060484758,84208.6,25069.0,0.0,138.6,1.082485386447283,0.0,10.52175795626759,0.0,13.552717038319983,73.7822039402468,-2.430491694061852
330,Нерюнгринский,Республика Саха (Якутия),муниципальный район,1,Ресурсные территории Севера и Востока,56.6579435,124.7123042,43899.625,39.4417540331773,3.7803448086900797,9.157561684806126,5.1845535272162975,4.346516954231458,38.08926899187874,161347.5,68431.0,98.19233972907016,147.1,0.5862477257631328,35.94882606058856,25.280850203598348,12.487365350737864,8.031305050971785,17.659629768677622,3.3393015478715626
331,Нижнеколымский,Республика Саха (Якутия),муниципальный район,1,Ресурсные территории Севера и Востока,68.7427218,161.3324435184306,53766.75,40.47136150900961,2.709070117840228,2.7323041047540557,6.080519452623573,3.324373948860984,44.68237086691154,121451.5,4175.0,62.58682634730539,113.6,0.0,0.0,0.0,8.71934604904632,14.532243415077204,54.495912806539515,7.535040073388596
332,Оймяконский,Республика Саха (Якутия),муниципальный район,1,Ресурсные территории Севера и Востока,64.566376,143.237839,48417.458333333336,46.60700072915576,3.581562154949465,5.870535131663152,4.887032410667725,4.309409031171673,34.744460542392225,193572.2,7566.0,59.51625693893735,127.0,1.5007062146892656,58.19209039548022,7.627118644067797,1.5536723163841808,8.333333333333332,19.156073446327685,11.952067675133419
333,Олекминский,Республика Саха (Якутия),муниципальный район,1,Ресурсные территории Севера и Востока,60.3729364,120.403496,40378.666666666664,41.79309160495748,3.900465343661964,12.119356172005142,3.7670163582291685,5.235454307294632,33.184616213851605,136467.8,20525.0,41.6272838002436,145.2,1.4475271411338964,20.973059911540005,32.649778850020105,10.341777241656615,8.725371934057097,25.516686771210296,4.3163347395071625
334,Оленекский,Республика Саха (Якутия),муниципальный район,1,Ресурсные территории Севера и Востока,68.505272,112.450287,43620.75,41.45550557921439,2.351360415667724,3.142161571035936,4.68321870226592,5.224796792564612,43.14295693925143,163066.6,4364.0,0.0,140.7,0.0,41.99546485260771,10.657596371882086,0.0,7.165532879818594,31.79138321995465,5.230162414069315
335,Среднеколымский,Республика Саха (Якутия),муниципальный район,1,Ресурсные территории Севера и Востока,67.455497,153.7071456,38884.375,54.0469464677133,2.725864693059318,2.4026454696193897,3.19879001586338,3.6023655852508494,34.02338776849376,95283.9,6714.0,46.470062555853445,119.0,2.931769722814499,0.0,0.0,6.076759061833688,9.861407249466952,59.3816631130064,15.911296233834033
336,Сунтарский,Республика Саха (Якутия),муниципальный район,4,Районы бюджетной экономики,62.157455,117.646332,31375.708333333332,47.80380822621428,3.3218884154303123,6.94269210538682,2.8944729443186383,6.871429002588024,32.16570930606192,83598.4,22228.0,0.0,149.5,1.8315747561218394,0.0,0.437985267768266,1.3935894883535735,12.203862233724866,75.03483973720884,6.241995388595547
337,Таттинский,Республика Саха (Якутия),муниципальный район,4,Районы бюджетной экономики,62.360935,133.563309,27327.458333333332,40.61049693089653,3.2331709774470996,4.346494542391943,3.37500532375534,8.03769541170816,40.397136813800934,87074.5,16750.0,0.0,135.5,2.766685681688534,0.0,12.835139760410724,4.962920707358814,12.66400456360525,63.49115801483172,-3.104532717852502
338,Томпонский,Республика Саха (Якутия),муниципальный район,1,Ресурсные территории Севера и Востока,62.6477939,135.5750942,38390.833333333336,47.01207809655568,2.6300151180351445,5.431195074782658,3.1724715687692457,5.357037024616288,36.39720311724098,130182.5,10897.0,55.987886574286506,133.4,0.9061488673139159,0.0,11.823085221143474,4.077669902912621,30.507011866235167,35.706580366774546,8.659719130207758
339,Усть-Алданский,Республика Саха (Якутия),муниципальный район,4,Районы бюджетной экономики,62.6722619,131.1795031521465,26507.0,42.24069887111095,3.313476693511012,3.7471627830323326,3.781738176016731,8.524674978774078,38.392248497554895,82703.3,22012.0,0.0,137.4,1.5688949522510234,0.0,0.0,0.0,11.755343337880856,70.50932241928149,-1.982223032916949
340,Усть-Майский,Республика Саха (Якутия),муниципальный район,1,Ресурсные территории Севера и Востока,60.416439,134.536499,38791.375,45.31195730354977,3.2392376519993644,4.928850142603366,2.3361052251088585,5.143573763396962,39.040275913341674,137080.0,7343.0,69.61732262018249,133.6,2.4258760107816713,30.390835579514825,14.791105121293802,6.165768194070081,7.513477088948788,36.253369272237194,7.081404264841902
341,Усть-Янский,Республика Саха (Якутия),муниципальный район,1,Ресурсные территории Севера и Востока,69.3396494,139.9468635,48407.875,41.52929351074565,2.651347894332128,3.530709731497893,2.6111642392014116,2.4141794363371147,47.2633051878858,126513.3,6725.0,51.31598513011152,119.2,5.099394987035436,10.933448573898012,19.05790838375108,10.025929127052722,7.865168539325842,45.203111495246326,6.855334062210515
342,Хангаласский,Республика Саха (Якутия),муниципальный район,1,Ресурсные территории Севера и Востока,61.48327,129.1540617,31512.791666666668,45.26218279341063,3.2314099649562755,7.9125801748721605,4.379693897666096,6.517466531051228,32.69666663804361,87875.4,34331.0,50.20244094258833,138.6,2.7941377893439254,0.0,23.243391316258048,0.6300506779893166,10.75195178742638,61.29297356526503,3.8978077127720128
343,Чурапчинский,Республика Саха (Якутия),муниципальный район,4,Районы бюджетной экономики,61.999668,132.425201,28791.833333333332,41.03294394327992,3.0621878908714413,3.586584335424815,3.652557083583546,8.864693163772008,39.80103358306828,81064.2,21807.0,0.0,136.7,1.2429132141299608,0.0,9.812472743131268,0.0,9.441779328390755,74.96729175752289,-1.8805961674182088
345,Владикавказ,Республика Северная Осетия — Алания,городской округ,2,Промышленные и крупные города,43.024593,44.68211,30203.375,26.864636480875404,6.463918629902035,15.30094290599954,6.6824349172712365,9.697472152743867,34.99059491320792,45649.6,309358.0,99.55876363307237,291.4,0.6897674625142468,0.0,14.12839148003967,5.134771088974082,16.345712636362293,63.46156692668631,-15.288640203758533
346,Алагирский,Республика Северная Осетия — Алания,муниципальный район,4,Районы бюджетной экономики,43.018619,44.2261205,23395.125,23.45620161477202,7.565150993896114,19.714957825513824,6.95765412827251,7.632315171729179,34.67372026581635,33606.5,38229.0,55.61484736718199,291.4,0.0,0.0,0.0,0.0,13.353863381858902,77.88353863381859,-22.79602680521334
347,Ардонский,Республика Северная Осетия — Алания,муниципальный район,4,Районы бюджетной экономики,43.1739502,44.2752375,22469.0,26.49182069968916,7.506297434278646,21.48350577926482,3.4761656940008665,8.371888553077996,32.67032183968851,32252.1,31304.0,60.532200357781754,295.9,0.0,0.0,2.4741506646971936,0.0,7.42245199409158,84.12112259970458,-20.43373242176631
348,Дигорский,Республика Северная Осетия — Алания,муниципальный район,4,Районы бюджетной экономики,43.1591223,44.1581267,22192.25,27.50266459076165,7.699482904066373,23.16244480600347,2.849520021274636,8.504821588401551,30.28106608949232,31979.1,18606.0,54.111576910673975,293.7,0.0,0.0,2.6210826210826212,0.0,7.4074074074074066,84.44444444444444,-19.640996548117418
349,Ирафский,Республика Северная Осетия — Алания,муниципальный район,4,Районы бюджетной экономики,43.198139,43.923298,19335.208333333332,35.51606115280981,7.504363528065213,19.636983461905277,2.038209873620651,8.401867680274167,26.90251430332488,36095.9,15554.0,0.0,293.7,0.0,0.0,0.0,0.0,10.125,81.5,-13.833034150412812
351,Моздокский,Республика Северная Осетия — Алания,муниципальный район,4,Районы бюджетной экономики,43.735584,44.653614,24641.291666666668,36.08111368537556,6.018338459562386,17.833677141510883,3.7575069768168725,7.669724173162658,28.639639563571635,46796.8,81941.0,42.96139905541792,296.8,0.0,0.0,8.055555555555555,10.423280423280424,8.068783068783068,73.14814814814815,-9.373256613239803
352,Правобережный,Республика Северная Осетия — Алания,муниципальный район,4,Районы бюджетной экономики,43.1875572,44.5375689,23327.875,28.015363224164787,6.8361149457316,18.20937598241871,4.747271529415558,8.468775975548294,33.723098342721045,37323.9,55643.0,64.98571248854303,297.3,0.0,0.0,1.768520337983887,10.159166830418549,7.624287679308312,77.67734328944783,-18.305718017062457
354,Казань,Республика Татарстан,городской округ,2,Промышленные и крупные города,55.7823547,49.1242266,35199.125,34.19599397395436,5.839894649007616,11.104163105259273,7.790070486552411,8.191522008162016,32.87835577706433,94672.7,1318604.0,100.0,345.0,0.3631768697865121,0.38408973090155046,25.248892502002924,6.516859889721475,32.65911447287808,34.82816108204911,-5.470303769899442
355,Набережные Челны,Республика Татарстан,городской округ,2,Промышленные и крупные города,55.7419774,52.399207,31224.541666666668,37.07800224250411,5.551625024576781,10.766786331987909,7.3623671927760785,7.744906730296757,31.496312477858364,87755.3,544383.0,100.0,367.4,0.2130512514898689,0.21975566150178785,46.01311084624553,7.265345649582837,23.30676400476758,22.981227651966627,-4.544730260371218
356,Агрызский,Республика Татарстан,муниципальный район,3,Транспортные узлы,56.525516,52.9971643,20140.791666666668,43.426540165077334,4.848014659641725,10.899589744481764,3.077447211509853,4.952849843476173,32.79555837581316,66228.7,34401.0,57.56809395075725,334.6,5.482108231976027,1.3044244667724307,15.829367177860037,28.908866560902517,10.629296668429403,36.329984135378105,-5.221386725321209
357,Азнакаевский,Республика Татарстан,муниципальный район,1,Ресурсные территории Севера и Востока,54.8629555,53.0792275,22647.958333333332,43.448804675100064,4.775383660280236,11.69524570339192,3.9257532617386244,6.439221629107918,29.715591070381237,74115.1,57093.0,72.83379748830855,338.8,6.843832546225887,25.086048186984712,9.589370047226446,12.655086848635236,12.679100296165851,33.14656207476187,-3.2619430834847307
358,Аксубаевский,Республика Татарстан,муниципальный район,4,Районы бюджетной экономики,54.846351,50.8055345,17433.791666666668,48.94997393856113,4.598193286866506,12.584604921226674,1.6546832074608293,6.853904644035137,25.358640001849725,56984.5,26162.0,34.63037994037153,342.1,6.268480189237138,9.846244825547014,3.518628030751035,3.1933767001774096,16.380839739798937,56.091070372560615,-2.0131907025696982
359,Актанышский,Республика Татарстан,муниципальный район,5,Аграрные районы,55.7221799,54.0577272,17586.583333333332,48.0160513025621,4.68790154524169,10.986258758597964,3.3616312184162176,6.402884466164487,26.54527270901755,62934.9,27287.0,0.0,328.5,22.09922909665942,0.0,9.310140343941491,4.783554062067602,16.959873492785135,40.40324174738091,-2.7423768799969106
360,Алексеевский,Республика Татарстан,муниципальный район,2,Промышленные и крупные города,55.3049649,50.1129039,21971.666666666668,46.0810338306189,3.853263605352195,15.61815348033411,1.9528399295498484,5.406100418260929,27.08860873588402,78554.5,24626.0,47.06407861609681,352.3,9.862620463399631,0.0,38.26122616362518,1.8043879434078327,10.621283575968834,38.63030551568587,-1.1345145410696198
361,Алькеевский,Республика Татарстан,муниципальный район,5,Аграрные районы,54.9034845,49.9275488,18527.375,48.64656008429644,4.980712151734034,12.11167679282707,2.0200555243844502,6.997861887172942,25.24313355958507,57182.1,18063.0,0.0,347.1,27.824267782426777,0.0,3.167961745367603,2.6598924088463836,13.986849970113568,43.75373580394501,-1.2835721860725806
362,Альметьевский,Республика Татарстан,муниципальный район,1,Ресурсные территории Севера и Востока,54.9005008,52.2963777,30418.25,38.84633307516203,5.459986371729522,10.843599934848012,6.24873956184161,7.919935274695693,30.681405781723143,97189.0,212359.0,81.61697879534185,340.3,0.7942697970553124,22.955829685634697,16.323119777158773,12.39633903700756,24.082769598089932,23.447672105053723,-3.1541081458560014
363,Апастовский,Республика Татарстан,муниципальный район,5,Аграрные районы,55.2026717,48.5068612,16323.166666666666,49.35211767246261,5.329569547088978,12.142613446509865,2.6899757756695717,6.90527800994757,23.580445548321414,54835.7,18676.0,27.527307774684083,355.8,20.68654019873532,0.0,13.309244203553147,4.0650406504065035,15.567600120445649,43.78199337548931,-2.6443082636663564
364,Арский,Республика Татарстан,муниципальный район,5,Аграрные районы,56.0909916,49.8771828,18721.791666666668,45.380713784783296,5.073491867583188,11.497017082009219,3.1418659266905853,8.023083991537263,26.883827347396444,53071.2,49659.0,40.190096457842486,348.5,11.982393218128465,0.0,11.770459732637757,3.7006847081838936,12.84642973589827,57.3198565373329,-4.451576721057968
365,Атнинский,Республика Татарстан,муниципальный район,5,Аграрные районы,56.2503047,49.4534003,15873.416666666666,48.66892018573295,5.353150576611817,12.354399334637227,2.6314868883845186,5.984593059287612,25.007449955345866,53607.9,12245.0,0.0,349.2,41.59844054580897,0.0,3.54775828460039,1.5204678362573099,11.890838206627679,38.9083820662768,-3.805783085488368
366,Бавлинский,Республика Татарстан,муниципальный район,1,Ресурсные территории Севера и Востока,54.4031069,53.2356367,20856.875,45.081839170667386,4.663218469448568,12.429076073428797,2.5647549312304343,6.1793698084434325,29.081741546781387,72234.0,32239.0,65.0485436893204,339.6,1.1686143572621035,19.04689634238883,12.869934739717712,14.038549096979816,15.632114129609956,37.911670966762784,-2.914833046285621
367,Балтасинский,Республика Татарстан,муниципальный район,5,Аграрные районы,56.344623,50.2114172,18040.291666666668,46.203207388414654,5.641752805349406,11.298092708074048,2.2592611619426575,7.885445484373169,26.712240451846064,57117.0,32840.0,25.319732034104753,343.3,29.84258492129246,0.0,8.185584092792046,0.0,9.610604805302403,37.265948632974315,-4.1625229563313315
368,Бугульминский,Республика Татарстан,муниципальный район,2,Промышленные и крупные города,54.5384152,52.7955953,27762.875,42.393350899817825,4.749149972194208,11.77909479649142,4.930300056545747,6.217109953096064,29.930994321854744,72273.3,99177.0,84.81603597608316,340.5,4.3788961532613655,9.066950484009933,23.425067153210684,11.74801074451371,18.012264963762608,33.36374233439765,-1.070009154678833
369,Буинский,Республика Татарстан,муниципальный район,5,Аграрные районы,54.9723656,48.2926834,19522.875,46.858682941935186,5.114952634548816,11.580063119238336,2.8305723446446436,7.436440353740181,26.179288605892836,54996.2,39135.0,50.07538009454453,356.3,15.54027245073403,0.0,24.90411321253802,3.187409072873958,13.873826213463827,40.43115989948419,-2.287650345374746
370,Верхнеуслонский,Республика Татарстан,муниципальный район,0,Столичные агломерации и центры услуг,55.7685496,48.9829213,25563.541666666668,39.494745006340295,4.196335462781511,16.68224459158226,5.306417609199714,5.721308390154768,28.598948939941454,182259.8,17641.0,25.23099597528485,357.3,1.8118466898954706,0.0,9.709639953542393,1.0452961672473868,60.92915214866434,26.480836236933797,-5.2467368713309
371,Высокогорский,Республика Татарстан,муниципальный район,2,Промышленные и крупные города,55.9101814,49.3072048,26063.333333333332,39.992240638377154,4.369760908091847,14.516547633627066,5.234944732505338,7.613785566750489,28.272720520648107,73992.4,60647.0,0.0,363.4,5.166723568908615,0.0,30.124046887447363,5.075679981791283,21.873221804939114,36.08740184363264,-4.618462881880747
372,Дрожжановский,Республика Татарстан,муниципальный район,5,Аграрные районы,54.7249827,47.5645397,16184.625,48.275468690303406,5.001205552073283,13.155366772946127,1.8108805325249093,8.209728033518317,23.547350418633958,49846.8,20085.0,0.0,355.1,15.53205551883675,0.0,5.849306014540648,2.1480502313284866,13.648380700594846,52.61070720423001,-3.877700494963469
373,Елабужский,Республика Татарстан,муниципальный район,2,Промышленные и крупные города,55.7577131,52.0539938,29316.333333333332,38.62256189909285,5.173501146933079,12.28073325956115,6.424088138255324,7.747136993904373,29.75197856225323,126084.3,85471.0,86.29710662095916,344.3,1.131796932666284,2.7638809152792585,66.40968861915306,6.5228683124196944,7.0559610705596105,15.998250362229694,-4.054028586691782
374,Заинский,Республика Татарстан,муниципальный район,2,Промышленные и крупные города,55.2866509,52.0056047,24293.291666666668,44.3036382147427,4.905295401091692,13.28088237956028,4.198451241812112,6.222599502265651,27.08913326052757,69419.4,52217.0,74.39914204186377,342.9,10.420535226652103,6.805024576734025,26.826870562534133,3.9978154014199894,13.216821409066085,37.18186783178591,-1.354100767392049
375,Зеленодольский,Республика Татарстан,муниципальный район,3,Транспортные узлы,55.8586627,48.55746590061055,29735.958333333332,39.339495042126046,4.955924867197925,12.579429725503694,5.988074187517372,6.910694512584488,30.226381665070477,65225.1,169798.0,72.50792117692788,360.6,2.154530645133038,0.0,21.781779327015713,47.73599117167931,11.441783881308133,16.898176531380827,-3.0647533030118117
376,Кайбицкий,Республика Татарстан,муниципальный район,5,Аграрные районы,55.4061658,48.19358,16658.458333333332,49.66587946920647,4.6079353082868835,11.525105858637783,1.7205349861026886,6.407633867213329,26.072910510552845,59305.7,12423.0,0.0,358.4,17.93168880455408,0.0,18.168880455407972,1.6603415559772294,12.23908918406072,47.296015180265655,-1.9911065959629808
377,Камско-Устьинский,Республика Татарстан,муниципальный район,5,Аграрные районы,55.2015629,49.2680082,20370.291666666668,49.0511426632545,4.621893003749122,15.33585136905287,1.2571475689823899,5.18723070444097,24.546734690520147,56603.2,14157.0,53.055025782298515,347.1,9.199828840393668,0.0,16.944801026957638,4.022250748823278,9.841677364142063,46.255883611467695,0.6501170548883666
378,Кукморский,Республика Татарстан,муниципальный район,5,Аграрные районы,56.1865318,50.8972087,19042.833333333332,45.552400806697065,5.061841209463895,11.681897571595169,3.0468486897572253,7.628287320899946,27.028724401586697,55589.5,51202.0,34.69200421858521,339.1,9.210899801305706,0.0,25.276752767527675,1.4902072097644052,10.942378654555776,48.72267953448765,-3.92370105780077
379,Лаишевский,Республика Татарстан,муниципальный район,3,Транспортные узлы,55.4051397,49.55569253230886,31703.083333333332,36.5411856247233,4.831191688060787,14.00799683688407,6.234391777004332,8.460101056752663,29.92513301657485,103579.8,71646.0,12.638528319794545,353.7,3.5886448848419925,0.0,26.483366065583525,26.090579063262513,26.774980658215796,16.985062191275368,-4.863439387144717
380,Лениногорский,Республика Татарстан,муниципальный район,1,Ресурсные территории Севера и Востока,54.5994324,52.4469099,27224.958333333332,42.04109650170913,5.244357337516252,11.60455767277247,5.015531982891366,6.304390808136014,29.79006569697478,74421.7,77755.0,77.44067905600926,339.6,2.4526649147631563,24.701839498686073,8.772993733575904,10.787682770702784,14.911394110908969,38.33299642881208,-1.7467232498777117
381,Мамадышский,Республика Татарстан,муниципальный район,5,Аграрные районы,55.7090757,51.4089032,19237.25,49.188226456861244,4.9294076628020465,11.83885474573836,2.745195205710539,6.376891532862563,24.92142439602525,65096.3,39698.0,39.73499924429442,341.7,13.683696713309471,0.0,22.55125284738041,1.6270745200130166,12.593556784900747,45.15131793036121,-0.15507804622392996
382,Менделеевский,Республика Татарстан,муниципальный район,2,Промышленные и крупные города,55.8878706,52.308443,22102.958333333332,44.48788088110012,4.906323524463138,13.571530715965702,3.390250022934026,5.046521093387813,28.597493762149202,86032.8,30286.0,74.42712804596184,342.9,0.0,2.786729857819905,37.19431279620853,4.246445497630331,10.80568720379147,43.56398104265403,-2.6018913723133803
383,Мензелинский,Республика Татарстан,муниципальный район,5,Аграрные районы,55.7255585,53.1071815,21056.708333333332,45.87211673262526,4.750595377745714,12.524599726742533,3.5613527412366395,5.919654670753257,27.371680750896594,57040.1,26385.0,59.50350577979913,335.8,12.77390438247012,1.2201195219123506,6.47410358565737,3.162350597609562,17.928286852589643,54.73107569721115,-2.0110217103240755
384,Муслюмовский,Республика Татарстан,муниципальный район,5,Аграрные районы,55.3041209,53.1975331,17367.916666666668,50.95456190189383,4.464446408192153,12.146904327295443,2.5403291995470934,6.8055586676571425,23.088199495414337,58339.2,18692.0,0.0,336.2,16.40518417462483,0.0,5.0477489768076405,7.571623465211459,12.789904502046385,50.0,-0.028823134108487785
385,Нижнекамский,Республика Татарстан,муниципальный район,2,Промышленные и крупные города,55.6412879,51.8160376,28562.208333333332,39.440810819409364,5.496477037151514,10.745428710148312,7.358867120003877,7.0702023916096035,29.88821392167733,98467.6,276414.0,91.96820710962542,339.3,0.9155810107691688,0.19494749862192284,57.18952930262574,5.052501378077146,13.554901249008457,23.089850629882093,-3.579737537333921
386,Новошешминский,Республика Татарстан,муниципальный район,1,Ресурсные территории Севера и Востока,55.0616447,51.224884,19473.083333333332,49.13339008604189,4.2426025370936715,14.447839910093288,2.0720266628921946,7.079822152623387,23.02431865125557,93598.9,12574.0,0.0,344.3,3.5957842529448234,27.21636701797892,11.965282083075016,12.399256044637323,6.6336019838809674,34.128952262864225,-0.02508765744296144
387,Нурлатский,Республика Татарстан,муниципальный район,1,Ресурсные территории Севера и Востока,54.4297351,50.8019579,22195.916666666668,46.51055401565154,5.34064973455792,12.06642911788807,3.5422924838806247,6.409248725330552,26.130825922691287,69712.6,51661.0,64.11993573488705,342.9,4.085930918281382,24.51558550968829,6.676495366470093,12.257792754844145,13.30033698399326,36.7944397641112,-0.5783161868359682
388,Пестречинский,Республика Татарстан,муниципальный район,5,Аграрные районы,55.7502111,49.6570913,27104.458333333332,38.95299531458016,4.545360831917694,14.572033194815589,5.513724292910608,8.145563666906074,28.270322698869876,65735.3,66372.0,0.0,355.1,11.351941369094028,0.0,14.345859971932013,0.982379541556214,28.58256666146889,43.27147980664275,-4.855385937634399
390,Сабинский,Республика Татарстан,муниципальный район,5,Аграрные районы,56.0106232,50.4467802,18541.375,47.810028363063275,4.858192686113162,12.02659795242053,3.2749208764899667,7.650096418939854,24.380163702973213,61804.9,30381.0,29.54478127777229,344.3,26.79781136008338,0.0,9.614382490880667,6.774361646690985,17.30067743616467,36.45127670661803,-2.115609245621336
391,Сармановский,Республика Татарстан,муниципальный район,5,Аграрные районы,55.2607513,52.57767738349195,17965.125,46.30927337284731,5.6549160192845624,12.368950486526792,2.8253169120417527,5.667725010332894,27.173818198966686,65866.4,33666.0,39.416622111328934,340.5,9.935097353969047,15.027458811782326,5.691462805791312,13.280079880179729,16.209019803627893,38.44233649525711,-4.132084924795773
392,Спасский,Республика Татарстан,муниципальный район,4,Районы бюджетной экономики,54.9747437,49.0302075,20641.833333333332,45.77883359884039,4.894178433244268,17.759715010706227,1.95185584986752,4.843434359417498,24.771982747924095,55706.6,18014.0,45.225935383590546,340.7,1.06951871657754,0.0,5.844155844155844,0.0,25.019098548510314,56.837280366692134,-2.5187945262338864
393,Тетюшский,Республика Татарстан,муниципальный район,4,Районы бюджетной экономики,54.9342754,48.8319574,19002.416666666668,44.23870605526854,5.003759486744574,14.096291705312666,1.8779807227800518,5.64987455345491,29.13338747643926,51809.6,19798.0,51.540559652490145,350.2,8.102633355840648,0.0,6.178257933828495,1.8230925050641458,16.070222822417286,60.0270087778528,-5.327114657895642
395,Тюлячинский,Республика Татарстан,муниципальный район,5,Аграрные районы,55.8918846,50.2334985,16156.916666666666,49.06698029202888,4.676745027596093,13.178904109167938,1.8793952278299095,8.24880927706929,22.94916606630789,55637.4,13489.0,0.0,348.8,12.738301559792028,0.0,11.091854419410744,0.0,9.575389948006933,50.17331022530329,-3.08344297013496
396,Черемшанский,Республика Татарстан,муниципальный район,5,Аграрные районы,54.6611013,51.5053223,17625.5,46.97654087615269,4.84527555440861,13.923942659523858,3.834882855770606,7.095994752646346,23.32336330149788,65974.0,17877.0,0.0,342.4,4.470723968849149,23.190077877127198,3.1150850879723104,4.095760023074704,15.056244591866166,46.69743293914046,-3.7610886690974796
397,Чистопольский,Республика Татарстан,муниципальный район,2,Промышленные и крупные города,55.3714831,50.6367311,24724.083333333332,44.44901701438389,4.437865217148816,13.903443302732462,3.7862514633386226,6.727132534770817,26.69629046762539,64210.4,73234.0,79.28830870906955,347.1,3.516644908616188,0.0,34.29340731070496,6.486618798955614,13.446475195822455,40.93505221932115,-0.9218416597120069
398,Ютазинский,Республика Татарстан,муниципальный район,2,Промышленные и крупные города,54.5993324,53.4663259,19495.041666666668,46.51148389860399,4.289138897083542,13.410331764679869,1.9290093334686544,4.7012203395143715,29.158815766649564,59884.9,19452.0,53.22331893892659,337.9,0.0,2.169511136823836,42.86954006363899,2.053803876193231,8.186288689615273,40.09256580850448,-2.572707700359514
401,Бай-Тайгинский,Республика Тыва,муниципальный район,4,Районы бюджетной экономики,51.0110954,90.2043058,18976.625,48.349281595795986,2.7577578221975365,13.059808497572531,3.061781409459448,9.435746599825553,23.335624075148942,46623.0,10431.0,0.0,182.5,0.0,0.0,0.0,0.0,3.5054174633524537,73.10388782664117,-1.2948160755916502
402,Барун-Хемчикский,Республика Тыва,муниципальный район,4,Районы бюджетной экономики,51.1454611,90.5814803,19367.291666666668,39.61018225898972,3.0839681755628345,13.578881049082622,4.154373166991002,10.980904118732141,28.59169123064168,48513.7,11626.0,0.0,184.2,0.8943781942078365,0.0,0.0,0.0,8.049403747870528,90.41737649063032,-9.732885350587935
403,Дзун-Хемчикский,Республика Тыва,муниципальный район,4,Районы бюджетной экономики,51.2840385,91.5666701,19377.708333333332,43.56662840854524,2.763651749715808,15.898640800509572,2.749341342476527,9.208392618164114,25.813345080588736,51531.3,18916.0,0.0,181.6,0.0,0.0,0.0,0.0,7.886855241264559,83.89351081530782,-5.721961054956267
404,Каа-Хемский,Республика Тыва,муниципальный район,4,Районы бюджетной экономики,51.492626,95.554681,21271.416666666668,44.62442648204218,3.4399061473610595,17.158918473296758,3.23048166593017,6.966498876855343,24.57976835451449,59905.0,11974.0,0.0,183.0,0.0,0.0,0.0,0.0,5.3806297329613395,74.73096851335194,-3.2460353168243063
405,Кызылский,Республика Тыва,муниципальный район,4,Районы бюджетной экономики,51.696541,94.563721,27840.416666666668,37.63696007300268,3.898426807779778,9.733551308020056,6.127652748684924,10.998721933490641,31.60468712902192,61583.4,36340.0,0.0,187.5,0.13986013986013987,0.0,0.36363636363636365,0.0,6.041958041958042,81.87412587412587,-5.94587566876774
408,Пий-Хемский,Республика Тыва,муниципальный район,4,Районы бюджетной экономики,52.1458093,93.9186434,21698.791666666668,50.96094438838988,3.8608504775370553,14.834085702257235,2.695146916797901,6.474995397317951,21.173977117699973,62886.8,10364.0,0.0,188.7,2.0761245674740483,0.0,10.841983852364475,0.0,4.2675893886966545,66.72433679354096,3.3634857857868483
410,Тандинский,Республика Тыва,муниципальный район,4,Районы бюджетной экономики,51.1601031,94.4651991,24500.0,42.01859458041184,2.864943212445836,11.508620283981093,5.234596059514441,11.232804335224325,27.14044152842246,55744.8,15098.0,0.0,183.5,2.2684310018903595,0.0,0.0,0.0,8.506616257088846,88.09073724007561,-3.631282930888232
413,Тоджинский,Республика Тыва,муниципальный район,4,Районы бюджетной экономики,52.4679232,96.117896,27586.666666666668,45.10037533061319,2.356892704178211,16.533264488259135,4.164454809301986,7.8470021776660515,23.99801048998143,96701.2,6694.0,0.0,177.8,2.4158415841584158,0.0,0.0,0.0,8.03960396039604,33.62376237623763,1.4078958580775764
414,Улуг-Хемский,Республика Тыва,муниципальный район,4,Районы бюджетной экономики,51.538721,92.9194074,22007.625,36.98746733081626,3.9917120485277353,12.724191313088074,5.814760384894046,9.752713021249585,30.729155901424303,52073.1,19940.0,0.0,182.3,1.6042780748663104,0.0,0.0,0.0,4.478609625668449,86.56417112299465,-10.320320518753851
416,Чеди-Хольский,Республика Тыва,муниципальный район,4,Районы бюджетной экономики,51.131943,93.715744,21799.125,42.88033500580789,3.191993719732728,13.393971810401897,3.882270231226629,9.070666298994468,27.580762933836382,51951.6,7592.0,0.0,182.5,0.0,0.0,0.0,0.0,13.987284287011809,77.47502270663034,-4.746619981994789
418,Ижевск,Удмуртская Республика,городской округ,2,Промышленные и крупные города,56.86051745,53.19773074245531,32087.875,37.2238951602116,5.87442221929379,10.263923676565645,6.560901434365459,7.239650420256829,32.83720708930667,79451.4,618776.0,100.0,324.0,0.4004115831250919,2.133764515654858,38.11377333529325,4.749669263560194,21.791562545935616,32.81081875643099,-3.959462790824032
419,Воткинск,Удмуртская Республика,городской округ,2,Промышленные и крупные города,57.03096265,53.95290987149551,29273.791666666668,40.6832153185325,5.552061967908461,11.334670116371266,5.712984661543031,5.954877783601223,30.762190152043516,76115.4,96037.0,100.0,338.4,0.8363104904189672,0.0,57.01526469632998,3.6497239363429683,10.94105228970445,25.905326404676842,-1.9601743695484914
420,Глазов,Удмуртская Республика,городской округ,2,Промышленные и крупные города,58.1401196,52.6464388,26451.291666666668,41.853823285388785,5.437447567764892,10.699874619834098,6.045673658350411,5.926886396700517,30.036294471961295,64938.7,85870.0,100.0,322.3,1.4960704478742544,0.0,41.96098854275163,5.141558564529873,17.17640374964492,34.22497869519932,-2.4443150470314032
421,Можга,Удмуртская Республика,городской округ,2,Промышленные и крупные города,56.44903635,52.21859474400328,23186.375,43.595317392694625,5.254691675729442,11.084356702190833,4.445399500435906,6.897003201026471,28.72323152792272,54035.1,43557.0,100.0,345.2,0.818581807019339,0.0,35.618540877928986,5.003581295405709,12.268494832702343,43.957843036938506,-2.845470539694293
422,Сарапул,Удмуртская Республика,городской округ,2,Промышленные и крупные города,56.4811552,53.78269270925261,28800.458333333332,40.875275275187825,5.195543223764873,11.5230616367972,5.453297234809284,6.278035088871479,30.67478754056933,73016.4,89442.0,100.0,327.0,0.8754146701068928,0.0,57.2981938813122,2.5663472171028383,11.228345005528935,27.828971618134908,-2.0587303803356454
423,Алнашский,Удмуртская Республика,муниципальный округ,5,Аграрные районы,56.1848812,52.4755309,18708.041666666668,47.67092730190321,5.581270261181708,12.61826060869589,2.940607659164579,6.73501900677376,24.45391516228085,46374.0,19971.0,0.0,337.0,22.10620525059666,0.0,5.101431980906921,3.579952267303103,10.889021479713604,57.279236276849645,-2.2160441162237614
424,Балезинский,Удмуртская Республика,муниципальный округ,5,Аграрные районы,57.9745686,53.0111891,18869.791666666668,51.504505340787176,5.091985685051945,10.231220444347404,2.706728220705733,4.857581595778751,25.60797871332899,49049.5,26866.0,0.0,315.7,9.898565932144106,0.6295907660020986,17.20881427072403,10.93039524309199,13.588667366211963,47.5166142007695,1.850451607605345
425,Вавожский,Удмуртская Республика,муниципальный округ,5,Аграрные районы,56.7676129,51.9313766,20565.666666666668,51.145870925347836,5.179218756764247,11.354850495585444,2.6705905346721197,5.675514799106445,23.97395448852391,57916.2,13809.0,0.0,325.9,38.73904248145651,0.0,8.293998651382333,0.0,12.474713418745784,39.98651382333109,2.8516654333993414
428,Граховский,Удмуртская Республика,муниципальный округ,5,Аграрные районы,56.0468999,51.9629501,19820.25,52.9787109501367,5.388535831046595,13.293474177145237,1.7512650969048975,5.495451139475332,21.092562805291244,47943.0,8624.0,0.0,336.5,18.734987990392312,0.0,7.045636509207366,1.4411529223378703,15.452361889511609,55.88470776621297,4.065176287444898
429,Дебёсский,Удмуртская Республика,муниципальный округ,5,Аграрные районы,57.652351,53.806393,19432.458333333332,53.91595140119899,4.978497906261569,11.148734830887816,2.382498457282209,5.344665627682567,22.229651776686843,51971.3,10744.0,0.0,319.7,17.765869744435285,5.234954657873042,3.8334707337180545,4.616652926628195,16.65292662819456,52.01978565539983,4.698357870899378
430,Завьяловский,Удмуртская Республика,муниципальный округ,3,Транспортные узлы,56.784662,53.3776005,30586.583333333332,38.859134154292384,5.232022466688964,10.226325915020276,5.763169378405126,8.36008646679077,31.55926161880248,60377.9,83460.0,0.0,333.6,13.977859778597788,7.734317343173432,14.265682656826566,16.317343173431734,12.066420664206642,35.61623616236162,-3.1376264248379893
431,Игринский,Удмуртская Республика,муниципальный округ,5,Аграрные районы,57.5391501,53.0808519,21128.541666666668,47.27078273100283,5.531530547702435,10.81464414055851,3.0483167424001336,5.807691227990433,27.527034610345662,58555.5,32538.0,0.0,323.0,3.685196752029981,16.41161773891318,12.726420986883197,9.868831980012493,13.210493441599,43.51967520299812,-0.5775960607972186
432,Камбарский,Удмуртская Республика,муниципальный округ,2,Промышленные и крупные города,56.2652515,54.1945613,21895.291666666668,51.43459576466214,5.2387333514215015,12.601721128738037,3.0316063498017134,4.187846234379604,23.505497170997007,54584.1,15570.0,63.18561335902376,325.6,0.0,3.525925925925926,33.837037037037035,7.348148148148148,15.762962962962963,39.67407407407407,4.144372045294007
433,Каракулинский,Удмуртская Республика,муниципальный округ,1,Ресурсные территории Севера и Востока,56.0105232,53.705165,18750.083333333332,54.51713465180613,4.894612781710972,12.436094586731366,1.4606855600995035,5.218306466515149,21.47316595313688,60435.8,10095.0,0.0,317.6,9.963636363636363,40.98181818181818,2.727272727272727,2.6545454545454548,7.563636363636364,35.63636363636364,4.7667483802750175
434,Кезский,Удмуртская Республика,муниципальный округ,5,Аграрные районы,57.8965573,53.7140134,19069.833333333332,52.887472390571176,5.425601372203762,10.551799942428639,2.3062371298965587,5.92031358237006,22.9085755825298,49008.0,17833.0,0.0,314.3,8.062015503875969,2.201550387596899,27.038759689922482,0.6201550387596899,15.255813953488373,46.69767441860465,3.3757683994278613
435,Кизнерский,Удмуртская Республика,муниципальный округ,4,Районы бюджетной экономики,56.2850255,51.5192626,20746.458333333332,47.232959221742995,5.667203068052489,11.4720057824166,2.24865984460496,5.934109590409434,27.44506249277353,49308.2,17496.0,0.0,334.6,1.2829650748396295,0.0,15.146115466856735,0.4989308624376337,14.148253741981467,67.60513186029937,-0.9476033772988307
436,Киясовский,Удмуртская Республика,муниципальный округ,5,Аграрные районы,56.3438804,53.1247526,17899.958333333332,50.18818506794728,5.82478584151132,12.176013435821979,3.3922210961224795,5.880026969079831,22.538767589517114,48497.2,8518.0,0.0,327.3,11.472982975573649,0.0,6.291635825314581,0.0,15.025906735751295,63.28645447816432,-0.3394249762878163
437,Красногорский,Удмуртская Республика,муниципальный округ,4,Районы бюджетной экономики,57.703725,52.501841,18554.583333333332,55.53156872444074,5.13556213921447,11.338061027191088,1.9600769474041657,4.84877273931067,21.18595842243887,48409.2,7480.0,0.0,320.2,3.7037037037037033,0.0,0.0,1.597676107480029,21.85911401597676,64.85112563543936,5.571504993568302
438,Малопургинский,Удмуртская Республика,муниципальный округ,5,Аграрные районы,56.5495455,53.0055085,18678.791666666668,48.486346042288005,5.423433463826069,10.810464782403555,2.4197689871772563,6.23261436295965,26.627372361345476,51464.0,30993.0,0.0,335.1,8.300907911802852,0.0,8.664072632944228,6.692607003891051,16.264591439688715,55.74578469520104,-1.429932493354436
440,Сарапульский,Удмуртская Республика,муниципальный округ,5,Аграрные районы,56.4216058,53.7753696,22330.666666666668,46.806890814539365,4.640770998304592,11.07269045462065,4.1564302377863935,5.73905884011908,27.584158654629924,60522.9,23267.0,0.0,328.2,20.944402132520946,12.388931200812388,8.860116780908859,5.2805280528052805,13.683676059913683,35.872048743335874,-0.2535624818453097
441,Селтинский,Удмуртская Республика,муниципальный округ,4,Районы бюджетной экономики,57.3094964,52.1381468,19921.416666666668,51.47006860269252,5.120027450123351,11.848508487748154,1.6956566597607816,6.041784184914408,23.82395461476078,48548.8,10292.0,0.0,325.4,12.468030690537084,0.0,4.3478260869565215,0.0,20.26854219948849,62.34015345268542,2.650441510642507
442,Сюмсинский,Удмуртская Республика,муниципальный округ,4,Районы бюджетной экономики,57.1081378,51.6147316,20054.208333333332,52.01665603246725,5.237068831798265,9.237216026992028,1.4848096718588741,6.044928820242176,25.979320616641406,52140.1,9970.0,0.0,328.2,3.5734543391945546,0.0,4.594441293250142,0.0,11.514463981849122,70.90187180941577,3.341272856184719
443,Увинский,Удмуртская Республика,муниципальный округ,5,Аграрные районы,56.9826616,52.1884394,22015.625,47.18829124157031,5.003197343964461,11.66728115758026,2.827765714690577,6.069563718650184,27.243900823544205,63935.5,33739.0,0.0,327.3,14.410867211339697,0.31499163303474753,37.543065262328966,3.7503691308199625,10.168323653902943,33.81238310857368,-0.11664915044601158
444,Шарканский,Удмуртская Республика,муниципальный округ,5,Аграрные районы,57.295315,53.869011,19028.0,51.0891736016632,4.6532750171969735,11.97897977695552,2.346944285163457,5.768113187456382,24.16351413156448,50340.8,18886.0,0.0,320.2,22.412025965152033,3.9631021523744447,2.9723266142808336,0.0,14.724974376494703,42.84250085411684,1.549471047292559
445,Юкаменский,Удмуртская Республика,муниципальный округ,4,Районы бюджетной экономики,57.8865761,52.2473098,17850.375,55.287702085087545,5.4684793012843125,9.837101647742143,2.042257451796459,4.26552342484848,23.09893608924106,42610.6,7231.0,0.0,314.0,1.702127659574468,0.0,7.234042553191489,0.0,20.76595744680851,69.70212765957446,4.698403722032671
446,Якшур-Бодьинский,Удмуртская Республика,муниципальный округ,4,Районы бюджетной экономики,57.1842484,53.1544847,19933.833333333332,47.719574212179516,5.546349471204836,12.128873666456165,1.977013937457401,5.982314070251235,26.645874642450845,62204.2,19293.0,0.0,325.1,3.7948181104422924,21.120125621565037,5.600628107825177,5.888510861031144,7.249411148913897,53.572363255692224,-1.1256182069038896
447,Ярский,Удмуртская Республика,муниципальный округ,4,Районы бюджетной экономики,58.2442424,52.1079326,17593.458333333332,53.93056580243732,5.90470250798925,11.277021886176781,2.4218976931799996,4.521573644711198,21.944238465505446,50798.6,10983.0,0.0,311.7,7.177814029363784,0.0,3.0995106035889073,2.718868950516585,20.174007612833062,57.69439912996194,3.168003979617217
448,Абакан,Республика Хакасия,городской округ,3,Транспортные узлы,53.72068,91.4406019,31194.75,38.754321348699065,4.4526606890284235,11.981363022520995,5.525982678947253,7.355862665716019,31.929809595088248,79022.0,185804.0,100.0,203.1,0.2694322677215867,0.47471399550946225,13.764567518443279,13.40746284614562,22.66652410991126,49.41943761359992,-2.846713473813119
449,Абаза,Республика Хакасия,городской округ,4,Районы бюджетной экономики,52.6510546,90.101159,25493.666666666668,47.87863192229131,3.826511711670987,15.335363590887633,1.5241353127724488,5.335557661230426,26.0997998011472,60495.4,11962.0,100.0,192.7,0.0,0.0,10.032493907392363,0.0,5.686433793663688,51.6246953696182,3.033054897734491
450,Саяногорск,Республика Хакасия,городской округ,2,Промышленные и крупные города,53.0899015,91.4128377,30056.791666666668,42.747123234617504,4.446046612848261,13.47714630208533,2.946931278750568,5.674343626296032,30.708408945402304,91089.2,55712.0,99.6858845491097,197.9,0.0,0.0,52.545103092783506,5.328608247422681,12.989690721649486,28.466494845360824,0.5910800707248448
451,Сорск,Республика Хакасия,городской округ,1,Ресурсные территории Севера и Востока,54.0016092,90.2525861,26336.583333333332,47.6551922697119,3.8761903625372858,18.239204344233826,2.223742145014343,4.4423284328841826,23.56334244561847,74830.8,10843.0,91.74582680070091,198.1,0.0,44.7663190421012,0.0,0.0,2.20162224797219,35.72808033989958,3.2670485910973026
452,Черногорск,Республика Хакасия,городской округ,1,Ресурсные территории Севера и Востока,53.828236,91.31321,28637.958333333332,43.61449966618757,4.5651318301097845,12.717974627437838,3.43444840037022,6.532398260100802,29.135547215793782,71890.6,77948.0,100.0,205.4,0.0,22.55084677092618,15.898225427437,5.664046673689328,8.32995705372336,45.766145369094886,0.6349627617749862
453,Алтайский,Республика Хакасия,муниципальный район,1,Ресурсные территории Севера и Востока,53.596436,91.382362,24373.458333333332,44.91001250637544,3.7959882856729554,12.989089118554173,2.625557735571206,6.858030187466922,28.8213221663593,76908.1,24152.0,0.0,203.5,0.0,33.00927971718957,4.595669465311533,0.0,7.092355280600972,38.378258948298715,-0.6357572085949184
455,Бейский,Республика Хакасия,муниципальный район,1,Ресурсные территории Севера и Востока,53.046246,90.921989,27243.25,44.55241621342748,3.8188673174595236,13.507292680300873,2.0295692489361823,7.528774408325924,28.563080131550016,62690.4,17067.0,0.0,197.4,0.0,20.240782543265613,1.9187358916478554,0.0,6.471030850263356,48.683220466516175,0.7480777490491568
456,Боградский,Республика Хакасия,муниципальный район,4,Районы бюджетной экономики,54.21806,90.856026,20277.791666666668,50.93763011999194,3.9543481696232834,14.606073626227165,0.9695603724338845,5.947098066011331,23.585289645712397,48923.9,11030.0,0.0,205.0,0.0,0.0,6.462395543175488,0.0,8.412256267409472,79.88857938718664,2.408497603426882
457,Орджоникидзевский,Республика Хакасия,муниципальный район,4,Районы бюджетной экономики,55.03561,89.847221,21568.583333333332,52.881905196989166,4.039262105840075,14.010650964983714,1.0634063124872606,5.528656364577567,22.476119055122222,50171.7,9604.0,0.0,209.9,0.0,0.0,6.011235955056179,0.0,10.50561797752809,56.57303370786517,5.3284846672164425
458,Таштыпский,Республика Хакасия,муниципальный район,4,Районы бюджетной экономики,52.7880649,89.595458,23523.666666666668,44.15537057940741,3.297702516504148,15.400638148607298,3.0383612253603633,7.406105590843761,26.70182193927702,61405.4,15165.0,0.0,194.1,0.0,0.0,4.971403431588209,0.21997360316761988,15.61812582490101,67.70787505499341,-2.0452596430061107
459,Усть-Абаканский,Республика Хакасия,муниципальный район,4,Районы бюджетной экономики,53.8326614,91.3938038,27003.833333333332,44.93286086121371,3.7066437538037076,11.611278215675268,3.041470678856276,7.409206580435122,29.29853991001592,60840.7,46354.0,29.030935841567068,206.4,1.5650741350906094,6.857495881383854,17.58649093904448,0.0,10.811367380560132,61.94398682042833,0.9653744836928912
460,Ширинский,Республика Хакасия,муниципальный район,4,Районы бюджетной экономики,54.48764,89.962891,23687.458333333332,42.723099652863624,4.272002396952271,14.56332414165446,1.5136255848782554,6.985395460337908,29.942552763313486,62412.6,24253.0,0.0,207.1,6.489908982983775,14.661654135338345,4.372774040364067,4.926790660862683,8.765334388603087,54.313415116739215,-3.320966981828863
478,Чебоксары,Чувашская Республика,городской округ,2,Промышленные и крупные города,56.1307195,47.2449597,29271.875,37.18813065799966,5.839624384056977,11.480595057279432,6.918023943602399,7.67891869246992,30.89470726459162,72298.7,506480.0,97.99992102353498,356.3,0.21312547231491624,0.0,35.27269022085233,4.06042234505948,23.750329028368615,36.66437408190472,-5.464989846045476
479,Алатырь,Чувашская Республика,городской округ,2,Промышленные и крупные города,54.84582955,46.5627484284573,20024.708333333332,47.66433855460457,6.684144205404495,14.829568259594748,1.8726928131132778,5.831215118401908,23.118041048881004,49270.3,31304.0,100.0,365.1,0.0,0.0,53.19265552206084,2.384214853384489,9.386133187174568,34.99588928473554,-1.076845837591898
480,Канаш,Чувашская Республика,городской округ,2,Промышленные и крупные города,55.5148161,47.49863071889008,21303.041666666668,43.832229588869126,5.174607727584948,12.555083203225301,4.098072917657129,6.877166056363383,27.46284050630011,61592.8,43508.0,100.0,383.0,0.0,0.0,39.992219412565646,12.76988912662906,14.977630811126241,32.172729041042594,-3.9258795944224634
481,Новочебоксарск,Чувашская Республика,городской округ,2,Промышленные и крупные города,56.1140023,47.4870341,27925.541666666668,40.38727724352002,5.339222021425137,11.534148905244598,6.14927681589366,6.640856550572484,29.949218463344103,60377.1,120767.0,99.778085072909,361.7,0.0,0.0,42.51802070348491,3.1488808194677795,16.839195707549727,37.320470435206765,-3.0142497222571927
482,Шумерля,Чувашская Республика,городской округ,2,Промышленные и крупные города,55.4985162,46.4186725,20580.5,47.212664747375825,5.851572892501605,13.468912192319483,2.800977507041405,4.395107528298712,26.270765132462966,60368.5,26008.0,100.0,368.6,0.0,0.0,49.553111034719834,4.090752836026126,9.487796493640428,35.991749742179444,-1.0534581348967842
484,Аликовский,Чувашская Республика,муниципальный округ,4,Районы бюджетной экономики,55.7393757,46.7465335,15015.291666666666,46.96119356868837,5.828264896389764,10.53960331585828,2.2016838816082847,6.586607139850171,27.88264719760513,45151.6,13550.0,0.0,361.5,10.381184103811842,0.0,0.0,0.0,19.708029197080293,59.854014598540154,-6.357276340471819
485,Батыревский,Чувашская Республика,муниципальный округ,4,Районы бюджетной экономики,55.0681559,47.6042007,15877.583333333334,42.30525442446294,5.769510618992524,12.3790658015052,2.918589227971274,8.345870929253724,28.28170899781433,42382.9,30773.0,0.0,358.0,3.18241469816273,0.0,4.4619422572178475,0.0,13.353018372703412,74.67191601049869,-10.156405170052807
486,Вурнарский,Чувашская Республика,муниципальный округ,5,Аграрные районы,55.4917095,46.9529003,19046.25,46.24438749758749,4.990867369762714,13.32917147919046,2.976642490974306,6.209723396296241,26.249207766188785,54604.9,28415.0,0.0,359.4,9.209323583180987,0.0,36.83729433272395,2.0338208409506398,9.186471663619745,42.77879341864717,-3.2860622068699614
487,Ибресинский,Чувашская Республика,муниципальный округ,4,Районы бюджетной экономики,55.3043004,47.0389112,17844.875,47.19442287080872,5.1960118869708385,14.088661051995825,2.7831673914109967,6.612819450749728,24.124917348063892,47073.9,19914.0,0.0,358.7,6.766528925619834,0.0,7.489669421487603,3.0475206611570247,12.293388429752067,64.97933884297521,-3.283298369567599
489,Козловский,Чувашская Республика,муниципальный округ,4,Районы бюджетной экономики,55.8414764,48.2484231,18500.833333333332,49.769870333616595,4.354424589922543,14.066581910364398,1.7323721168715691,4.708933159592627,25.367817889632267,48876.6,14831.0,50.37421616883555,356.8,0.0,0.0,33.118001722652885,3.875968992248062,11.024978466838933,47.71748492678725,-0.20961039554613808
490,Комсомольский,Чувашская Республика,муниципальный округ,4,Районы бюджетной экономики,55.2622657,47.5455999,15574.333333333334,44.14730241877006,5.806649670746547,12.388242790440172,2.6130608438581837,7.375969050462102,27.668775225722943,42179.6,20409.0,0.0,361.3,1.532349602724177,0.0,3.859250851305335,0.0,14.358683314415439,72.36095346197503,-8.606504534541353
491,Красноармейский,Чувашская Республика,муниципальный округ,3,Транспортные узлы,55.7679252,47.1684942,16359.5,41.61566695487067,6.19261516645321,10.663689043522435,2.1122123726953133,5.879407545354139,33.53640891710423,58927.2,12470.0,0.0,361.0,0.0,0.0,4.613466334164588,27.805486284289277,13.27930174563591,44.763092269326684,-10.351999677522372
492,Красночетайский,Чувашская Республика,муниципальный округ,4,Районы бюджетной экономики,55.6988225,46.1593707,16151.458333333334,43.21875800226638,6.183886534708441,12.782831417688312,3.7045599562041955,6.253461991288814,27.85650209784386,42630.2,13525.0,0.0,358.2,0.0,0.0,7.413793103448276,0.0,11.810344827586206,62.758620689655174,-8.911208858808306
493,Мариинско-Посадский,Чувашская Республика,муниципальный округ,4,Районы бюджетной экономики,56.1178077,47.7220654,16466.291666666668,56.27947569034624,4.842695996988955,12.43115800768609,1.929367340323971,3.5911063541418353,20.926196610512914,45128.6,18507.0,40.903441940887234,354.7,0.0,0.0,20.330578512396695,0.0,14.986225895316805,60.05509641873278,4.457241308031555
494,Моргаушский,Чувашская Республика,муниципальный округ,4,Районы бюджетной экономики,55.9642116,46.7687775,16605.833333333332,46.637559531266085,4.6408987367501355,10.932622758963955,3.8205541774382756,5.187704252321324,28.78066054326023,53654.6,30685.0,0.0,358.9,6.483482556344551,0.0,24.637233714109293,0.0,8.212411238036431,55.60358135226922,-5.102137738377936
495,Порецкий,Чувашская Республика,муниципальный округ,4,Районы бюджетной экономики,55.1989448,46.3261836,18281.958333333332,52.337592271772515,5.639737023639684,15.135695110899139,1.530966267684931,4.621684480874274,20.73432484512946,46956.8,10342.0,0.0,360.6,0.0,0.0,9.342230695900858,0.0,10.867492850333651,53.002859866539566,2.163445660323306
496,Урмарский,Чувашская Республика,муниципальный округ,4,Районы бюджетной экономики,55.6802934,47.9446913,15491.583333333334,51.433558502204,5.327564396964308,11.952373922770574,2.2050638947383265,5.656863366317163,23.42457591700563,41482.4,20067.0,0.0,358.0,0.0,0.0,7.134292565947242,3.1774580335731413,15.047961630695445,72.24220623501199,-1.4018552434941474
497,Цивильский,Чувашская Республика,муниципальный округ,2,Промышленные и крупные города,55.8661072,47.473703,19414.458333333332,49.558807281882935,5.058717261613249,12.277401899194427,3.4052973471195673,4.923635160725121,24.7761410494647,51148.0,31134.0,41.31817305839275,362.7,5.771663504111322,0.0,36.005692599620495,8.570524984187223,11.211258697027198,38.409234661606575,0.28785414806216847
498,Чебоксарский,Чувашская Республика,муниципальный округ,5,Аграрные районы,56.0315502,47.2987956,22830.458333333332,44.337685634130544,4.8460979950968035,12.261150107268588,4.689111984989028,6.9955097669697475,26.870444511545283,55148.3,61487.0,0.0,366.7,21.80865358774523,0.0,21.136791185165276,2.0827734479978504,9.231389411448536,45.48508465466273,-2.379277077514716
499,Шемуршинский,Чувашская Республика,муниципальный округ,4,Районы бюджетной экономики,54.8854761,47.51651,15521.375,45.70806401605831,4.943088343436687,12.448596537364763,2.204684236120615,7.407159119201479,27.288407747818155,40106.1,11365.0,0.0,356.8,0.0,0.0,5.797101449275362,0.0,13.22463768115942,68.84057971014492,-7.040860461966981
501,Ядринский,Чувашская Республика,муниципальный округ,4,Районы бюджетной экономики,55.9407976,46.2006586,18307.375,48.782304567940535,5.289079276195532,10.345128473949252,3.1916453254184773,5.323432088181641,27.06841026831456,55961.7,22282.0,34.38650031415492,361.5,2.9996739484838604,0.0,32.14867949135963,3.619171829149005,9.422888816432996,45.45158134985328,-1.3383932957665043
502,Яльчикский,Чувашская Республика,муниципальный округ,5,Аграрные районы,55.1628658,48.003334,13925.333333333334,50.26625806155496,6.972932481411025,9.981979220747068,2.6369170225412195,7.591549905829112,22.550363307916612,41548.4,14957.0,0.0,355.1,11.755725190839694,0.0,6.259541984732825,0.0,12.748091603053435,42.595419847328245,-4.225881090979014
503,Янтиковский,Чувашская Республика,муниципальный округ,4,Районы бюджетной экономики,55.5163733,47.7805881,14926.875,48.827014958580534,4.383823723059019,10.004914037386937,1.8418433121413744,5.422242208276954,29.52016176055518,43802.8,12065.0,0.0,357.7,0.0,0.0,4.397394136807818,0.0,10.912052117263844,58.46905537459284,-4.605002262395961
504,Барнаул,Алтайский край,городской округ,2,Промышленные и крупные города,53.3475493,83.7788448,32887.833333333336,37.444725318508404,5.530446329210888,10.84773523458002,6.039192688072624,7.172248624080903,32.96565180554716,69580.5,687601.0,92.81152877904482,224.8,0.6112184712614014,0.0,22.951851595399813,5.979995341898365,26.424655206058052,44.028502546219066,-3.34232599676363
505,Алейск,Алтайский край,городской округ,2,Промышленные и крупные города,52.4970352,82.7732311,25501.208333333332,46.00490778997246,4.541653980297922,12.495089970225175,3.0473585000592918,5.931443273833088,27.979546485612072,58039.4,24604.0,100.0,230.0,0.0,0.0,29.69924812030075,5.678670360110803,9.457855164226356,51.8401266323704,1.1019194705218405
506,Белокуриха,Алтайский край,городской округ,4,Районы бюджетной экономики,51.9994856,84.9860861,30959.791666666668,39.4781429808341,5.733072332566974,14.4690589149055,3.4202567966711594,6.787020335056913,30.11244863996535,63592.4,14879.0,100.0,216.1,0.0,0.0,5.796579657965797,0.9180918091809182,10.621062106210621,79.60396039603961,-2.2355444592390334
507,Бийск,Алтайский край,городской округ,2,Промышленные и крупные города,52.5394905,85.2148673,30834.041666666668,39.96580966954198,5.070733502052704,12.16725213545885,4.318588070197253,7.9675678103430885,30.510048812406126,63225.9,188780.0,95.79987286788855,230.7,0.49453538400672564,0.0,44.31531576084269,3.3949854112061715,16.084763364818752,35.71040007912566,-1.9016473406284373
508,Заринск,Алтайский край,городской округ,2,Промышленные и крупные города,53.707915,84.9348606,25625.541666666668,45.84674755610224,5.3505929831923185,11.052309929174402,4.714020245669165,4.967150506475246,28.06917877938663,64679.3,40255.0,100.0,231.2,0.27737826176289293,0.0,51.04787343332649,6.348880213683994,9.975344154509964,32.50462297102938,1.0401480250937192
509,Новоалтайск,Алтайский край,городской округ,2,Промышленные и крупные города,53.393341,83.939407,29075.291666666668,42.4460934753863,5.21105457723257,11.002321148285409,4.496641218165006,6.1606545281693315,30.683235052761386,69360.9,73511.0,100.0,263.0,0.0,0.0,36.99719631515707,17.10247754191223,18.172455226869598,26.978314356010756,-0.31562363480516914
510,Рубцовск,Алтайский край,городской округ,2,Промышленные и крупные города,51.5276264,81.2176174,27291.041666666668,41.49540035575838,4.729801127452743,12.372751387567723,4.2563849077658915,6.95331948795314,30.192342733502127,52545.2,123379.0,100.0,226.4,0.20445542445798015,0.0,33.82459428376709,4.8004429867529925,11.598585849980832,49.5719214550411,-2.2946770663657743
511,Славгород,Алтайский край,муниципальный округ,4,Районы бюджетной экономики,52.9968921,78.6485041,25106.458333333332,43.73231578804398,4.287918709889783,14.038277151215613,2.8010097707689265,5.995825748193829,29.144652831887868,46914.9,36769.0,73.86385270200441,228.3,3.2447296058661776,0.0,16.11365719523373,4.1796516956920255,16.13198900091659,58.14848762603116,-1.4360230273272574
512,Яровое,Алтайский край,городской округ,4,Районы бюджетной экономики,52.919704,78.563568,25586.083333333332,44.092143501327705,4.877301402664228,13.812385272619714,1.8051172464263645,4.932374280672587,30.480678296289405,46916.8,16528.0,100.0,227.9,0.0,0.0,5.096110862762628,0.0,11.801519892713456,52.61510952168082,-0.7187182215087864
515,Алтайский,Алтайский край,муниципальный район,4,Районы бюджетной экономики,51.945145,85.336746,23869.375,42.437611071221035,4.158335687822112,13.459912918163141,2.7095890125272275,7.8518168411930755,29.382734469073412,44459.5,26284.0,0.0,214.4,6.683435141933165,0.0,6.827164929931728,2.8745957599712537,19.11606180380884,63.74416097736256,-3.4896650755464824
516,Баевский,Алтайский край,муниципальный район,4,Районы бюджетной экономики,53.2685571,80.77923,19342.625,54.80860804426947,5.0813069645659,16.095944128391363,0.6313415312766586,5.147774762338875,18.23502456915774,44787.8,7821.0,0.0,226.9,0.0,0.0,6.104328523862375,8.32408435072142,9.988901220865705,54.60599334073252,5.528183130644613
517,Бийский,Алтайский край,муниципальный район,5,Аграрные районы,52.5394905,85.2148673,24246.208333333332,45.245986032833244,4.842028459623198,11.798403272732823,2.6171462087534754,8.035008476935575,27.461427549121687,48559.1,31583.0,0.0,287.4,31.683461766449316,0.0,12.596324836988737,1.2744516893894486,7.2910491997628935,44.81327800829876,-0.5515183017036488
518,Благовещенский,Алтайский край,муниципальный район,2,Промышленные и крупные города,52.830602,79.8705683,22659.166666666668,47.849068065483166,4.514278051898782,14.18535717238017,2.25430832584896,5.34120124088896,25.85578714349996,49998.5,25464.0,62.62566760917374,224.3,5.247993414282774,0.0,31.673183782671334,5.783082938876312,9.796254373327844,47.14961926322289,1.1072862562841959
519,Бурлинский,Алтайский край,муниципальный район,4,Районы бюджетной экономики,53.3364288,78.3306842,19381.25,52.00349548622141,4.889117493970469,12.261914325513425,1.3751810779663693,5.833698831230786,23.63659278509754,43452.0,7601.0,0.0,229.5,9.805825242718447,0.0,9.41747572815534,6.699029126213592,12.815533980582524,49.51456310679612,2.765314716036965
520,Быстроистокский,Алтайский край,муниципальный район,4,Районы бюджетной экономики,52.3742191,84.3931658,17266.5,47.53843670384245,6.197254689808407,14.723746867756335,1.1414359412823054,5.962708009870635,24.436417787439865,43273.5,7120.0,0.0,214.2,0.0,0.0,7.848837209302325,6.104651162790697,5.426356589147287,48.934108527131784,-3.609713453696866
521,Волчихинский,Алтайский край,муниципальный район,5,Аграрные районы,52.0173355,80.3650849,19425.083333333332,48.52707149004977,4.97700159405625,14.270572192338543,1.5889270221858802,5.409086128366321,25.227341573003237,43276.0,14744.0,0.0,220.1,12.438916037316748,0.0,18.791648156374944,2.798756108396268,11.372723234118169,54.24255886272768,-0.6889263002452131
522,Егорьевский,Алтайский край,муниципальный район,4,Районы бюджетной экономики,51.75893,80.892517,16742.5,45.4359486008032,4.483342870400113,15.095128813205164,1.7318756882297826,4.420557556842067,28.833146470519672,41455.6,10678.0,0.0,219.1,11.483550589695842,0.0,5.524518932340161,2.1104903786468032,15.828677839851025,63.687150837988824,-6.232873880777209
523,Ельцовский,Алтайский край,муниципальный район,4,Районы бюджетной экономики,53.2819421,86.2044919,18418.791666666668,51.759267365572306,4.644107231876066,15.74311213068183,2.6387809115926353,5.795673884767211,19.41905847550995,39602.1,4672.0,0.0,220.1,0.0,0.0,9.73913043478261,8.0,7.652173913043478,67.65217391304348,1.5819361759798807
524,Завьяловский,Алтайский край,муниципальный район,5,Аграрные районы,52.8386675,80.91978,19915.666666666668,46.291955375097,5.121768930106376,12.586406823420695,1.5909621812754915,6.1020339624014115,28.30687272769903,46074.8,15469.0,0.0,224.1,17.947669664758788,0.0,8.994276369582993,8.66721177432543,9.893704006541292,53.47506132461161,-2.5386384860695204
525,Залесовский,Алтайский край,муниципальный округ,4,Районы бюджетной экономики,53.9933512,84.7466139,17927.375,54.27276013781164,5.069484791275616,11.897822713137206,1.0462032513901764,4.79366163105172,22.920067475333646,43197.6,11281.0,0.0,229.3,0.0,0.0,3.5171862509992007,5.915267785771383,8.15347721822542,77.21822541966426,3.8124519699271864
527,Змеиногорский,Алтайский край,муниципальный район,5,Аграрные районы,51.1544658,82.1979928,22241.083333333332,50.7378711375463,4.7634402559180815,12.688594991164168,3.1733739216218444,4.776290705606572,23.860428988143042,73635.2,15905.0,58.4407419050613,213.9,9.000269469145783,0.0,8.86553489625438,1.8054432767448128,9.727836162759363,37.64483966585826,3.7072868326869837
528,Калманский,Алтайский край,муниципальный район,5,Аграрные районы,52.8982394,83.5438135,17976.916666666668,53.65520528607506,4.552329417196846,13.47479461842025,2.0182784918359244,4.265873060910184,22.03351912556173,53572.0,11641.0,0.0,226.2,19.54397394136808,0.0,2.3452768729641695,7.752442996742672,9.8371335504886,40.52117263843648,3.1626020447692977
529,Каменский,Алтайский край,муниципальный район,3,Транспортные узлы,53.79023085,81.31597534099072,22196.166666666668,48.8565618147432,5.100734607578262,12.447633809773746,2.2309280644221414,7.023915967254449,24.340225736228195,46107.0,39949.0,79.43127487546622,229.8,5.361050328227571,0.0,19.474835886214443,9.76477024070022,12.185448577680527,51.92833698030634,1.7579337233657482
530,Ключевский,Алтайский край,муниципальный район,4,Районы бюджетной экономики,52.2530605,79.1678164,20651.208333333332,47.46875658082424,4.970440611520358,12.922034926352314,2.4642718994477257,5.595104941270853,26.57939104058451,41934.2,12366.0,0.0,223.1,9.52112676056338,0.0,5.070422535211268,7.492957746478873,10.08450704225352,65.35211267605634,-0.7756167056138636
531,Косихинский,Алтайский край,муниципальный район,4,Районы бюджетной экономики,53.3619517,84.5795068,18321.416666666668,49.025064630905476,4.9698998844711655,12.109824615829627,1.9189985560613774,4.363723935787635,27.61248837694472,43084.0,13314.0,0.0,226.9,0.0,0.0,6.594036697247706,5.848623853211009,15.424311926605505,50.34403669724771,-1.145448132951177
532,Красногорский,Алтайский край,муниципальный район,4,Районы бюджетной экономики,52.296341,86.195274,19791.791666666668,56.292747652684795,4.444616757865175,11.275042718726125,1.3959028914179505,5.285547768443827,21.30614221086213,40918.0,12685.0,0.0,214.4,5.192532088681447,0.0,5.250875145857643,3.4422403733955655,8.751458576429405,64.41073512252042,7.350777798594504
533,Краснощёковский,Алтайский край,муниципальный район,4,Районы бюджетной экономики,51.669357,82.730652,19751.708333333332,54.11812215388011,5.545277578769454,13.471873603306006,2.1528125769647426,5.884356653429901,18.827557433649787,55883.9,13623.0,0.0,214.4,9.645972293483839,0.0,6.003078501795793,3.078501795792714,14.26372498717291,50.89789635710621,5.154820808453662
534,Крутихинский,Алтайский край,муниципальный район,4,Районы бюджетной экономики,53.9619568,81.2143794,19206.416666666668,46.681226206510495,4.412535278580734,13.370212303195908,1.0335383837084364,5.839027046424885,28.663460781579538,40265.3,7856.0,0.0,231.9,0.0,0.0,9.549356223175966,4.721030042918455,5.686695278969957,71.03004291845494,-2.6689340794851146
535,Кулундинский,Алтайский край,муниципальный район,3,Транспортные узлы,52.566559,78.935448,23087.458333333332,46.70626038374896,4.502320184342837,12.314520619272596,1.8237384835671069,6.7672352369531135,27.88592509211539,53891.7,20371.0,0.0,225.3,3.528689782141761,0.0,18.748082233814053,19.146977600490946,9.481436023320036,46.578705124271245,0.275743019877824
536,Курьинский,Алтайский край,муниципальный район,5,Аграрные районы,51.6002902,82.2887814,19874.5,51.77336671970024,5.63566469878888,12.723399262603815,1.7907431246697418,5.369628544672091,22.707197649565224,48314.4,8051.0,0.0,215.6,10.706482155863073,16.38747268754552,9.322651128914785,4.005826656955572,10.1238164603059,34.52294246176256,2.937272732983333
537,Кытмановский,Алтайский край,муниципальный район,5,Аграрные районы,53.4636969,85.4502753,18305.708333333332,48.40502830349096,4.285984794215402,12.283694390651599,1.1403891407797917,5.832276539249844,28.052626831612397,47256.4,9548.0,0.0,223.8,21.56983930778739,0.0,3.955500618046971,7.849196538936959,3.2138442521631645,59.33250927070457,-1.7257897824989887
538,Локтевский,Алтайский край,муниципальный район,4,Районы бюджетной экономики,51.0004641,81.4638583,19712.208333333332,50.67268362086503,4.927698218969132,13.969867334687342,1.8686784189757248,4.2333043911380885,24.327768015364683,45626.7,19183.0,49.70546838346452,213.0,9.230769230769232,0.0,4.1923076923076925,9.26923076923077,15.884615384615387,60.26923076923077,1.7071284565002005
539,Мамонтовский,Алтайский край,муниципальный район,4,Районы бюджетной экономики,52.7067003,81.6312908,18815.166666666668,48.709846946450966,5.796896165544392,11.679275237901535,1.665173462938194,6.020167046815037,26.128641140349878,44020.8,17582.0,0.0,223.6,4.305614183199662,0.0,6.458421274799493,6.71169269734065,9.962009286618827,66.99029126213593,-1.0033132125652922
540,Михайловский,Алтайский край,муниципальный район,5,Аграрные районы,51.8212486,79.7193176,20532.791666666668,47.16315904501059,5.076812383039521,13.603841390709334,1.9745557040852937,5.751935916474402,26.429695560680855,44209.9,16349.0,15.750198788916753,220.1,14.798206278026907,0.0,9.013452914798206,3.094170403587444,8.74439461883408,63.946188340807176,-1.190469904395221
541,Новичихинский,Алтайский край,муниципальный район,5,Аграрные районы,52.2103282,81.3940414,19672.166666666668,53.16971912180421,5.19817544344625,13.742701983445919,1.4802335154038526,5.2313932362249735,21.1777766996748,46496.5,7406.0,0.0,219.1,25.354330708661415,0.0,11.73228346456693,4.173228346456693,5.354330708661418,50.31496062992126,4.124501478132864
542,Зональный,Алтайский край,муниципальный район,5,Аграрные районы,52.6639985,84.9347359,17738.833333333332,55.088876356816016,4.954789540096757,12.247359388659893,2.180813388451721,3.5619923047404503,21.96616902123516,52802.0,16341.0,0.0,222.9,35.27904328018223,0.0,25.313211845102508,2.078587699316629,4.242596810933941,26.30979498861048,4.28868729683419
543,Павловский,Алтайский край,муниципальный район,5,Аграрные районы,53.3133356,82.9899119,20934.083333333332,48.864273030465064,5.0627782752592445,12.082508566548828,2.9195051666664185,5.18505064740099,25.885884313659453,59704.3,38447.0,0.0,228.6,25.94154427802821,0.0,23.091464301294167,3.9697542533081283,7.125199941835103,39.52304784062818,0.8223038130328425
544,Панкрушихинский,Алтайский край,муниципальный район,4,Районы бюджетной экономики,53.83286,80.3443,19697.75,50.68009335224842,4.632701709361977,14.10325201505038,1.4001389294229698,5.77281962788343,23.410994366032824,48668.0,9099.0,0.0,230.2,12.067696835908755,0.0,7.505518763796909,9.933774834437086,3.090507726269316,61.81015452538632,1.6803572145544325
545,Первомайский,Алтайский край,муниципальный район,4,Районы бюджетной экономики,53.393341,83.939407,21507.416666666668,46.54415311959345,4.6034879941996945,13.026708874430252,2.433336831221424,5.4733233340278575,27.918989846527325,48236.7,53359.0,0.0,273.7,9.595087315294569,0.0,12.646325081558244,2.8785261945883707,14.891575513337171,58.45327192477452,-1.0708644170786894
546,Петропавловский,Алтайский край,муниципальный район,5,Аграрные районы,52.069763,84.108116,19266.5,40.96774722634569,5.336671352938029,14.541497399494338,0.7704296370481278,5.882684481930385,32.50096990224343,52754.2,10214.0,0.0,214.6,35.84321815368747,0.0,3.6616812790097986,4.693140794223827,8.096957194430118,29.448169159360493,-8.371684016343133
547,Поспелихинский,Алтайский край,муниципальный район,5,Аграрные районы,51.9707861,81.7339244,20813.75,49.06746568370619,5.441114571139825,13.55498221955476,1.7911761949962732,5.777356557783989,24.367904772818964,47652.8,19439.0,0.0,218.4,21.656224461999454,0.0,19.395260147098885,8.553527649141923,9.043857259602287,39.19912830291474,0.9587980103736555
548,Ребрихинский,Алтайский край,муниципальный район,5,Аграрные районы,53.0752803,82.338217,17760.375,50.8292518793114,5.3239425985643525,11.9829315986288,1.71351883425395,4.765376019607806,25.38497906963369,42923.1,18726.0,0.0,224.6,18.962432915921287,0.0,4.007155635062612,6.797853309481217,8.94454382826476,57.24508050089445,0.18928905361482312
549,Родинский,Алтайский край,муниципальный район,4,Районы бюджетной экономики,52.496135,80.2104298,18987.708333333332,54.550298710504286,5.181315621800894,12.019905930402379,0.7109816828116731,5.847424571663793,21.69007348281697,45228.2,14369.0,0.0,224.3,12.597547380156076,0.0,6.633221850613155,4.013377926421405,9.698996655518394,50.055741360089186,4.979203405537822
550,Романовский,Алтайский край,муниципальный район,5,Аграрные районы,52.6187229,81.226359,18993.208333333332,48.74276752146516,5.677628008936445,12.103672445437356,1.5569470587077245,6.446651351558631,25.472333613894676,45475.4,10594.0,0.0,223.6,28.753623188405797,0.0,4.811594202898551,4.115942028985507,5.681159420289855,50.43478260869565,-0.8481052664295302
552,Смоленский,Алтайский край,муниципальный район,5,Аграрные районы,52.305302,85.079384,21797.916666666668,47.14828052083915,5.576334609457445,11.55007239708149,1.5396545756693114,5.24644656667066,28.93921133028195,49164.1,20153.0,0.0,219.6,16.03405462930117,0.0,14.508691025186234,4.043987229514013,9.613338063142958,54.27456544874069,-0.20805893616039858
553,Суетский,Алтайский край,муниципальный округ,5,Аграрные районы,53.3027185,80.0450874,21196.708333333332,53.24430196645523,5.008413033274408,15.845884988159554,0.7970636614545676,4.850428407548658,20.25390794310759,56623.9,3264.0,0.0,227.2,35.40462427745665,0.0,5.202312138728324,4.913294797687861,0.0,33.81502890173411,5.416937020891507
554,Советский,Алтайский край,муниципальный район,5,Аграрные районы,52.282604,85.409721,22023.0,47.46318487497573,4.645560937835508,12.301467820423516,1.941235506490192,6.6387850511442235,27.00976580913083,52884.7,13572.0,0.0,217.7,23.858075040783035,0.0,14.885807504078302,2.4061990212071778,3.8743882544861337,36.419249592169656,0.07678919731389211
555,Солонешенский,Алтайский край,муниципальный район,4,Районы бюджетной экономики,51.655628,84.318352,20447.791666666668,46.12812551592313,5.142826533329059,16.16191391356493,1.2048604637535405,6.663083365527108,24.699190207902237,39451.3,7152.0,0.0,211.1,0.0,0.0,5.750487329434698,3.898635477582846,6.237816764132553,60.526315789473685,-2.2793915988740077
556,Солтонский,Алтайский край,муниципальный район,4,Районы бюджетной экономики,52.8365518,86.4756389,16099.5,52.95608903459965,5.290234010913706,11.334408163429769,0.4254222779763825,5.5793598637823765,24.41448664929811,39208.8,6045.0,0.0,212.8,4.290822407628129,0.0,5.125148986889154,5.125148986889154,7.985697258641239,55.54231227651967,0.664648730982768
557,Шелаболихинский,Алтайский край,муниципальный район,5,Аграрные районы,53.4174823,82.5971994,18934.25,59.10301443566623,4.813750786055832,11.140504537710958,0.9873142358333216,5.213884903954242,18.741531100779415,46182.8,10246.0,0.0,226.9,32.912032355915066,0.0,14.661274014155712,5.51061678463094,3.7917087967644085,39.737108190091,9.504550250235916
558,Табунский,Алтайский край,муниципальный район,4,Районы бюджетной экономики,52.7747185,78.7904097,21133.708333333332,47.79065877329825,4.834829240427953,13.63844313138041,0.9490872943821131,6.4542680714975305,26.33271348901374,42544.1,7060.0,0.0,226.9,10.52195526097763,0.0,21.375310687655343,5.385252692626347,3.396851698425849,47.63877381938691,-0.11339439550302709
559,Тальменский,Алтайский край,муниципальный район,5,Аграрные районы,53.8176306,83.562011,21189.5,47.957496596895496,5.054179508025797,12.999988657486067,2.703931304307333,5.088410545874086,26.195993387411225,51789.1,42346.0,42.27790110045813,234.5,16.940581542351456,0.0,11.48636445728734,6.375293480223948,8.16326530612245,56.83583167780386,0.09772124985262577
560,Тогульский,Алтайский край,муниципальный район,5,Аграрные районы,53.4658177,85.9136273,18816.375,50.366074953075945,5.0970497588689945,14.342579403213676,1.6410104787703443,5.55749450905098,22.995790897020054,47637.9,6187.0,0.0,221.3,33.95522388059701,0.0,5.597014925373134,3.0597014925373136,8.134328358208954,38.28358208955224,0.6397256149014807
561,Топчихинский,Алтайский край,муниципальный район,5,Аграрные районы,52.8175669,83.115343,19796.708333333332,50.386876115493386,5.242474106057132,11.626605880025954,2.979574219570311,4.944665559427791,24.819804119425434,49388.8,18142.0,0.0,222.7,18.316373728029603,0.0,12.334258402713537,3.4535923527597907,8.81899475794018,54.42491520197348,1.441964410564106
562,Третьяковский,Алтайский край,муниципальный район,5,Аграрные районы,51.006229,81.999641,20210.333333333332,49.5598107019167,5.117311663299319,16.40855219529096,1.7882726430253415,5.2203541571315215,21.90569863933616,43012.0,10094.0,0.0,212.5,23.99347116430903,0.0,17.08378672470076,5.386289445048966,5.60391730141458,35.09249183895539,0.9883063045785065
563,Троицкий,Алтайский край,муниципальный район,4,Районы бюджетной экономики,52.981388,84.677628,18873.0,52.53860062752506,5.554934359729352,14.067999115196772,1.2084363133583056,4.662029334958332,21.96800024923218,46816.2,17787.0,0.0,225.7,5.36842105263158,0.0,17.263157894736842,5.7894736842105265,10.105263157894736,62.140350877192986,2.891025941251055
564,Тюменцевский,Алтайский край,муниципальный район,5,Аграрные районы,53.3189514,81.4979587,19530.0,49.58406792352639,5.013469303007453,12.95444805484755,1.4856249446818572,5.97571567365501,24.986674100281746,40369.9,10801.0,0.0,226.4,20.634920634920633,0.0,6.896551724137931,3.0103995621237,7.55336617405583,59.60591133004927,0.44057364715741715
565,Угловский,Алтайский край,муниципальный район,5,Аграрные районы,51.3608091,80.1883865,17773.333333333332,47.49972954729827,5.255677600822162,16.513182202349196,1.9618369840605134,4.91972962099097,23.849844044478886,42524.8,8700.0,0.0,217.2,14.45692883895131,0.0,7.715355805243446,0.0,5.992509363295881,62.022471910112365,-3.140297872290354
566,Усть-Калманский,Алтайский край,муниципальный район,4,Районы бюджетной экономики,52.1171375,83.3047794,18674.041666666668,51.290417786885975,5.5570747798960545,14.139993501721005,0.9853503052581126,5.162056704678377,22.86510692156048,46420.4,10802.0,0.0,218.2,9.085648148148149,0.0,18.287037037037038,4.513888888888888,10.069444444444445,55.90277777777778,1.4468991045226405
567,Усть-Пристанский,Алтайский край,муниципальный район,4,Районы бюджетной экономики,52.3912939,83.668251,17881.583333333332,59.030130500178835,4.789164911579191,12.429058839039248,1.150028459748859,4.459717885218806,18.141899404235055,40322.3,9078.0,0.0,218.7,14.24124513618677,0.0,5.680933852140078,4.124513618677042,9.027237354085603,47.85992217898833,8.489961125325925
568,Хабарский,Алтайский край,муниципальный район,5,Аграрные районы,53.6236801,79.5404777,19569.875,48.735308487768755,4.5143062120710695,12.924352930836372,2.2169962934264302,5.678776158721618,25.930259917175757,44449.2,12199.0,0.0,230.2,27.86596119929453,0.0,13.53615520282187,5.555555555555555,7.4074074074074066,35.00881834215168,-0.3649384247101301
569,Целинный,Алтайский край,муниципальный район,4,Районы бюджетной экономики,53.0806917,85.6647246,19116.291666666668,51.70905868623875,5.172344873880366,13.273677712692185,1.20189108129524,6.208863225641772,22.43416442025169,53093.3,12857.0,0.0,221.7,5.298013245033113,0.0,33.346318659914296,2.2204908453447603,6.700428515777173,51.26606934164394,2.2355874678508814
570,Чарышский,Алтайский край,муниципальный округ,4,Районы бюджетной экономики,51.4008481,83.556989,19970.25,50.196624660094905,4.456204400339205,17.591818780400317,1.5140444493151106,5.188929666031421,21.052378043819033,38052.2,9268.0,0.0,210.9,11.508220157255183,0.0,6.075768406004289,7.576840600428877,5.003573981415296,50.17869907076483,1.4314359576208817
571,Шипуновский,Алтайский край,муниципальный район,4,Районы бюджетной экономики,52.218868,82.261627,20759.833333333332,50.30819935105214,5.184095826555949,12.563527899892854,1.8101308651269374,5.8912379447140255,24.242808112658096,45316.7,24128.0,0.0,218.9,6.392318244170096,0.0,19.945130315500688,4.609053497942387,8.285322359396433,59.31412894375857,2.1513685070224042
572,Немецкий,Алтайский край,муниципальный район,5,Аграрные районы,53.2265802,78.9865883,20578.041666666668,50.77154142268936,4.169290919463227,15.85833019561129,1.390203336025655,4.838378144998509,22.972255981211962,45594.7,14809.0,0.0,227.6,25.810526315789474,0.0,14.778947368421052,2.231578947368421,5.3052631578947365,51.28421052631579,2.4504480813528606
574,Петровск-Забайкальский,Забайкальский край,городской округ,3,Транспортные узлы,51.28062685,108.8386403192038,26063.5,45.392435811323686,5.034475633946931,12.322447537478338,2.4572296156068796,5.517698611686251,29.275712789957915,60368.9,14473.0,100.0,172.4,0.0,0.0,5.764911405041178,13.351634639381082,15.722485650112302,57.39955078612429,0.9027625698781307
578,Балейский,Забайкальский край,муниципальный район,1,Ресурсные территории Севера и Востока,51.578789,116.646042,26777.041666666668,43.22254341103923,5.602904222807318,11.782434224918157,4.490962685343159,6.781006611811604,28.120148844080532,82657.8,15274.0,65.81118240146654,156.3,0.0,28.514056224899598,0.0,0.0,8.90227576974565,55.22088353413655,-0.833621964467523
579,Борзинский,Забайкальский край,муниципальный район,3,Транспортные узлы,50.3851808,116.5330685,29092.166666666668,44.08418810591827,4.557338042214431,9.877443594207845,3.56269015789571,6.193024575360089,31.72531552440366,75712.2,43803.0,89.14914503572815,154.9,0.0,0.0,13.487452095438249,20.694770676226977,10.248485597725306,44.77685746074916,1.338701714594207
580,Газимуро-Заводский,Забайкальский край,муниципальный округ,1,Ресурсные территории Севера и Востока,51.5511167,118.3349104,29559.625,42.49528672451482,5.568496847368698,4.31902406211635,4.5064834883664036,8.362829946774044,34.747878930859684,136668.3,7885.0,0.0,153.2,0.0,38.77855584892664,35.34611410859833,0.6084261278842843,11.720812765468947,11.353461141085983,0.05935980731478404
581,Забайкальский,Забайкальский край,муниципальный район,3,Транспортные узлы,49.644653,117.329025,32573.75,42.97497915053743,4.25801585981628,11.496995559533751,3.754879615143852,6.910814508436696,30.604315306531987,93748.4,19300.0,69.15544041450778,152.8,0.0,0.0,6.019812039624079,37.92227584455169,8.661417322834646,44.907289814579634,2.070670618351076
582,Каларский,Забайкальский край,муниципальный округ,1,Ресурсные территории Севера и Востока,56.797935,118.2732323,35041.208333333336,37.9529397837568,4.464014701244691,8.941181283012826,5.563228196730729,4.557432825930113,38.521203209324845,191191.8,7207.0,55.84848064381851,157.0,0.0,0.7610893090736116,70.76941372339161,11.987156617909383,4.29301938399334,8.264954215721252,-1.784802821531562
583,Калганский,Забайкальский край,муниципальный округ,1,Ресурсные территории Севера и Востока,50.92355,118.899208,24524.958333333332,54.58337543186988,5.009443371942757,5.903007245890496,1.2945336002952696,9.338585984196241,23.871054365805357,100515.1,5488.0,0.0,151.1,0.0,52.820796460176986,0.0,0.0,3.5398230088495577,40.76327433628318,9.006834624624332
584,Карымский,Забайкальский край,муниципальный район,3,Транспортные узлы,51.623402,114.34063,25090.0,47.19264968527743,4.760366122049079,9.739116266114028,3.952482323456131,5.411991683571612,28.94339391953172,79219.7,33483.0,62.79305916435206,161.0,0.0,0.0,14.528328814043102,30.127015841301557,3.2538889681746825,45.04067361210218,2.128723127338854
585,Краснокаменск и Краснокаменский,Забайкальский край,муниципальный район,2,Промышленные и крупные города,50.096992,118.041344,31069.791666666668,45.854566579225065,4.964401570866706,10.728211141729833,3.5969762517196586,4.194748063030069,30.66109639342867,77474.7,55782.0,92.45993331182102,151.8,0.1250086811584138,0.0,46.183762761302866,2.5974025974025974,13.264810056253907,33.94680186124037,4.192890800194142
586,Красночикойский,Забайкальский край,муниципальный район,4,Районы бюджетной экономики,50.364742,108.75798,24790.583333333332,46.83956137342452,5.410597277537878,9.185008030612483,2.8532540743239654,8.144203018082903,27.567376226018244,72216.5,15817.0,0.0,165.1,3.1504424778761058,12.530973451327435,4.707964601769912,0.6725663716814159,12.212389380530974,64.88495575221239,1.529152905644768
587,Кыринский,Забайкальский край,муниципальный район,4,Районы бюджетной экономики,49.578625,111.971039,27934.416666666668,33.676836312184875,4.637873332941769,10.672522930201643,1.4407607225309658,7.299865702173116,42.27214099996763,82082.5,9949.0,0.0,153.0,2.712384851586489,0.0,0.0,0.0,10.133060388945752,68.98669396110543,-9.731260373946819
588,Могочинский,Забайкальский край,муниципальный округ,3,Транспортные узлы,53.7362642,119.7624853,29664.125,45.21708248473882,4.4774306893473375,9.566155140920786,3.0485755106861414,4.913179015026634,32.777577159280284,114246.8,20767.0,86.4978090239322,152.1,0.3062960862166761,23.52807714123653,14.997163925127625,32.41066364152014,10.164492342597844,17.175269427112877,2.8171799715222527
589,Нерчинский,Забайкальский край,муниципальный район,1,Ресурсные территории Севера и Востока,51.97694,116.588341,27248.5,43.65324718353449,4.14291295177504,9.348867306382203,1.8116360862541803,7.625138253830832,33.41819821822327,67910.7,26450.0,62.26086956521739,157.7,3.414434675935391,22.224493968513595,2.1876916785933345,7.1968922510734,10.44776119402985,53.19975465140053,-0.14260095402773218
591,Оловяннинский,Забайкальский край,муниципальный район,3,Транспортные узлы,50.943687,115.586937,26772.708333333332,49.047780252415116,4.367016950949143,11.300445556919293,1.834933189341827,5.935812727681213,27.514011322693406,72903.8,29773.0,60.40372149262755,157.3,0.0,0.0,20.92238470191226,11.068616422947132,7.311586051743532,58.26771653543307,4.998208970153146
592,Ононский,Забайкальский край,муниципальный округ,4,Районы бюджетной экономики,50.510593,115.118385,23561.083333333332,43.01022066329968,4.393945841684258,8.630742790701934,1.3720988669109264,8.159509224128032,34.433482613275174,50639.5,8214.0,0.0,157.5,0.0,0.0,0.0,0.0,15.372790161414295,80.55342044581091,-3.109498841427354
593,Петровск-Забайкальский,Забайкальский край,муниципальный район,3,Транспортные узлы,51.28062685,108.8386403192038,23549.041666666668,44.52327633480148,4.758540860378532,11.525208263606078,2.3134316250651255,7.809090011889573,29.07045290425921,76863.8,14576.0,18.57848518111965,172.4,0.0,0.0,8.748375920311824,15.894326548289303,0.0,38.631442182763095,-1.6306048255158339
594,Приаргунский,Забайкальский край,муниципальный округ,4,Районы бюджетной экономики,50.365902,119.090134,26923.958333333332,49.44381922831827,4.968802027553712,9.036561044996054,1.7380581903784955,6.270872148727646,28.541887360025818,61588.3,15082.0,52.28086460681607,150.9,4.560367454068241,0.0,13.287401574803152,4.888451443569554,7.217847769028872,61.253280839895005,5.452135442097658
595,Сретенский,Забайкальский край,муниципальный район,1,Ресурсные территории Севера и Востока,52.243191,117.695541,25824.75,50.343006409776834,4.671289386162807,10.100805924507956,1.3736613182474628,6.72597663752394,26.785260323780996,94046.2,17869.0,71.34702557501818,155.4,0.0,24.508196721311474,1.2021857923497268,5.136612021857923,7.759562841530054,58.36065573770492,5.731747427691001
598,Улётовский,Забайкальский край,муниципальный район,4,Районы бюджетной экономики,51.35854,112.485115,23100.625,51.122363700668885,4.696003103880627,10.650400746872625,1.7715665629908426,7.517478204075028,24.242187681512004,64435.7,16787.0,17.662476916661703,162.2,3.942953020134228,0.0,2.2651006711409396,0.0,7.550335570469799,64.21979865771812,4.674451556957634
599,Хилокский,Забайкальский край,муниципальный район,3,Транспортные узлы,51.3628436,110.4579749,24299.166666666668,47.70614316705984,4.43967585920485,12.892944616518095,3.3976996663993377,6.178763109340773,25.384773581477106,79406.6,24713.0,50.5766195929268,165.1,1.6586409844836811,0.0,9.363295880149813,37.34617442482611,10.308542892812556,37.23916532905297,2.0991495677281353
600,Чернышевский,Забайкальский край,муниципальный район,3,Транспортные узлы,52.514069,117.01371,27808.75,45.27253535778383,4.092070382101875,9.609741244362331,1.7540620283817852,6.047289716916455,33.22430127045372,97270.4,29154.0,71.24236811415243,156.6,0.0,0.0,19.11271947460126,31.12183353437877,6.567484251440827,29.8083366840906,1.8384042764852917
601,Читинский,Забайкальский край,муниципальный район,4,Районы бюджетной экономики,52.033409,113.500893,25557.5,45.27220254074948,4.427608884104538,9.564019845738155,4.0248613810288525,7.704565126050672,29.006742222328295,64652.2,71661.0,27.56031872287576,279.8,0.9421655312364111,2.3046818379475287,13.741121901724886,7.7547470647919985,9.001304536889403,65.90810262356864,0.4467554806679407
602,Шелопугинский,Забайкальский край,муниципальный район,4,Районы бюджетной экономики,51.649864,117.564728,21812.041666666668,56.56844618673988,5.754854999852032,5.615679509160263,1.0051405962692102,9.01992049987913,22.035958208099494,61345.5,5546.0,0.0,155.4,0.0,0.0,0.0,0.0,7.602956705385427,73.91763463569166,9.18711535757225
603,Шилкинский,Забайкальский край,муниципальный район,3,Транспортные узлы,51.851639,116.025894,27180.625,47.950289258188846,4.340534856848227,11.018101080738802,2.0101374216982664,5.73810796602704,28.942829416498817,74550.7,35034.0,69.87212422218417,158.4,0.0,0.0,10.858352069832033,17.153815632852798,6.890622933474408,49.12048670810739,4.1516900424250025
604,Агинское,Забайкальский край,городской округ,4,Районы бюджетной экономики,51.1057609,114.5408006,24985.625,41.375638340208944,4.366983294209521,8.162058066023478,4.948118914106389,9.51679778065633,31.630403604795337,63486.7,16731.0,99.50989181758413,167.4,0.8109619686800894,0.0,0.0,4.138702460850112,16.918344519015662,70.74944071588367,-3.805508412153749
605,Агинский,Забайкальский край,муниципальный район,4,Районы бюджетной экономики,51.1057609,114.5408006,24719.25,39.897230664030374,4.265871520394307,7.611843812423107,3.376143122867923,9.571117707803738,35.27779317248054,49514.6,15564.0,31.15523001799023,167.9,0.0,0.0,3.801006148686417,0.0,1.8446059250978202,76.57909446618223,-5.465832081379907
606,Дульдургинский,Забайкальский край,муниципальный район,4,Районы бюджетной экономики,50.7391314,113.3924757,23386.458333333332,48.96205050554086,4.3467531839564675,8.26617995950056,1.9482200059597377,10.511124592823776,25.9656717522186,62244.6,13633.0,0.0,158.4,1.4595103578154425,0.0,16.854990583804145,0.0,10.216572504708097,66.29001883239172,2.736702992799276
607,Могойтуйский,Забайкальский край,муниципальный район,4,Районы бюджетной экономики,51.2831177,114.9299468,24079.708333333332,45.180269324165295,4.361920465682679,8.489890252809046,3.4820538591736048,10.024648647270636,28.46121745089874,56189.5,22380.0,47.36818588025022,159.1,0.0,0.0,4.353352399110263,7.626310772163966,8.833809977756593,77.72481728630441,-0.591295628014227
608,Петропавловск-Камчатский,Камчатский край,городской округ,1,Ресурсные территории Севера и Востока,53.0199838,158.6471356,55614.291666666664,36.49582685551949,4.341347442621419,7.003983559488571,6.817590640092446,6.7491708901963765,38.5920806120817,148806.0,163152.0,100.0,157.3,13.200491382736567,0.6937168045669689,13.534703905770135,5.253459551251942,19.41865086533945,47.90259059869206,4.232826188483911
612,Елизовский,Камчатский край,муниципальный район,1,Ресурсные территории Севера и Востока,53.1864972,158.3836712,52796.083333333336,38.6569116775008,3.995963441425232,7.409306666110769,6.303876841629101,7.372628076832778,36.261313296501314,118405.7,59889.0,62.94812068994307,142.1,3.3128764632344585,0.0,20.178429366973518,11.58086146152972,16.143879986362087,45.209682918513465,5.54339347767098
613,Мильковский,Камчатский край,муниципальный округ,1,Ресурсные территории Севера и Востока,54.690411,158.609879,44339.916666666664,46.050086651657224,3.385392998235718,10.346906702329672,2.690209536474872,5.610733500959225,31.916670610343285,101695.1,8727.0,0.0,129.9,1.1748120300751879,0.0,14.614661654135338,6.06203007518797,9.727443609022558,61.983082706766915,10.134606213194939
614,Соболевский,Камчатский край,муниципальный район,1,Ресурсные территории Севера и Востока,54.2976842,155.9424213,47499.5,49.49966993410306,3.0305491063469416,5.25970295490878,3.391201412510276,4.800884656952116,34.01799193517883,159754.1,1979.0,0.0,128.0,37.90780141843972,10.106382978723403,24.148936170212764,0.0,11.73758865248227,11.950354609929079,14.518600525258183
615,Усть-Большерецкий,Камчатский край,муниципальный район,1,Ресурсные территории Севера и Востока,52.8250585,156.2804925,45596.0,52.729399143088685,2.7078674985650792,5.605862238376958,2.4817449515532317,4.131629076721208,32.343497091694836,160217.1,6069.0,0.0,131.8,28.333766571354303,0.0,39.53730179360541,1.1957369378736677,7.0184559396932675,23.186898882245906,17.088822410981827
616,Усть-Камчатский,Камчатский край,муниципальный район,1,Ресурсные территории Севера и Востока,56.2400377,162.5369568,47861.75,48.06808904778552,3.6216959563369753,7.509885293397583,3.638832681558319,4.733594307321586,32.42790271360002,108107.0,8450.0,0.0,123.7,4.599524187153054,0.0,25.099127676447264,2.8548770816812055,12.52973830293418,54.32196669310071,13.330075174861614
618,Карагинский,Камчатский край,муниципальный район,1,Ресурсные территории Севера и Востока,59.247414,163.069931,50077.5,52.89182166402774,2.9598151444301135,5.109739591115425,2.439897933628918,1.929101521515937,34.669624145281865,193214.1,3457.0,0.0,,14.330218068535824,0.0,47.16510903426791,2.4610591900311527,18.06853582554517,16.947040498442366,18.78924768859714
619,Олюторский,Камчатский край,муниципальный район,1,Ресурсные территории Севера и Востока,60.429134,166.057053,52275.125,52.69597693234117,2.782873399026253,4.285433468411747,3.648369526457477,1.9954045502434268,34.59194212351993,127466.1,3523.0,0.0,,3.3839779005524857,0.0,0.0,3.9364640883977895,3.3839779005524857,45.30386740331492,19.29019653165649
621,Тигильский,Камчатский край,муниципальный район,1,Ресурсные территории Севера и Востока,57.650604,158.8234989,49464.458333333336,53.66794753457466,2.069438244574772,5.501619459040532,3.007178565223581,2.107517381064558,33.6462988155219,115673.1,3662.0,0.0,123.5,0.0,0.0,0.0,9.162995594713657,7.577092511013215,57.3568281938326,19.38399903460735
666,Красноярск,Красноярский край,городской округ,0,Столичные агломерации и центры услуг,56.0091173,92.872586,38775.375,35.807820174057944,5.422322386606716,10.322149195917895,6.281020655053061,7.449864177016361,34.716823411348024,98129.1,1206237.0,99.93666252983452,203.8,0.998133999929585,2.1462521564623454,20.631623420061263,8.261803330634088,30.26968982149773,37.69320142238496,-2.30221478853057
667,Ачинск,Красноярский край,городской округ,2,Промышленные и крупные города,56.2694846,90.4953964,32236.916666666668,42.03320425780735,4.089977668653408,13.211537953012382,4.390471328242962,5.992962934438609,30.281845857845287,77971.8,101043.0,100.0,222.9,0.0,0.0,33.089579524680076,10.40219378427788,16.179159049360145,40.27787934186471,0.9506355909778395
668,Боготол,Красноярский край,городской округ,3,Транспортные узлы,56.211464,89.531639,25455.041666666668,46.62668090690774,4.727281686213159,15.138861314112317,1.7012286816841478,4.830453630615296,26.975493780467346,76854.3,17509.0,100.0,220.1,0.0,0.0,6.486310299869621,52.656453715775754,10.707301173402868,29.1883963494133,1.7909015875525809
669,Бородино,Красноярский край,городской округ,3,Транспортные узлы,55.9,94.89365,26218.625,43.2675091705059,4.498477902468585,13.447056734337886,2.2055680254062766,4.6951125317030025,31.886275635578347,76667.8,14967.0,100.0,205.9,0.0,0.0,3.739170086639307,24.829001367989058,12.35750113999088,30.620155038759687,-1.1111053664339179
670,Дивногорск,Красноярский край,городской округ,2,Промышленные и крупные города,55.959644,92.37542,29824.125,42.18157608550588,4.820102223965352,13.629567036784726,4.17408816881843,4.796338228349749,30.39832825657587,80847.9,31561.0,86.86670257596401,216.8,0.0,0.0,32.03757693553612,2.5267249757045676,16.14836410754778,45.6754130223518,-0.2257937800038176
671,Енисейск,Красноярский край,городской округ,3,Транспортные узлы,58.4532212,92.1748169,32862.583333333336,42.5910839383826,4.783329116071721,13.683809725040907,2.3134421181167624,5.39721618174821,31.231118920639794,71515.6,17843.0,100.0,196.5,1.2219959266802443,0.0,7.026476578411406,14.15478615071283,13.971486761710795,63.42158859470468,1.8519548812065423
674,Канск,Красноярский край,городской округ,2,Промышленные и крупные города,56.205997,95.706787,30741.958333333332,41.35159432539555,4.272288200317193,13.080167017837722,3.886089870943433,6.008875749513029,31.40098483599307,63207.1,85587.0,100.0,209.9,0.0,0.0,16.881705826429442,3.3614016026076325,17.24840418307755,62.38625560233601,-0.5305051234819045
675,Лесосибирск,Красноярский край,городской округ,2,Промышленные и крупные города,58.2165271,92.5078354,33436.583333333336,43.709617278280334,4.567969932250407,12.68294250514689,3.1694937715966023,5.198657162466565,30.671319350259203,75147.0,58714.0,99.99829682869503,194.6,4.9883203978599955,0.0,32.68028031045136,8.846356717655038,12.1995328159144,40.65255067440283,3.20842817369943
676,Минусинск,Красноярский край,городской округ,2,Промышленные и крупные города,53.6862056,91.6567752,31480.75,40.37087923497503,5.001989916333403,12.30700603202673,3.977642489023573,7.068732906125648,31.273749421515625,66414.1,71318.0,100.0,213.9,0.343313373253493,0.9660678642714572,15.78443113772455,3.632734530938124,18.347305389221557,60.92614770459082,-1.1527874673063032
677,Назарово,Красноярский край,городской округ,2,Промышленные и крупные города,56.011593,90.418503,27313.333333333332,44.11177489814471,4.460173652565535,13.493908147187717,2.5768577538800543,5.4711255127203975,29.88616003550158,69653.0,44261.0,100.0,223.1,3.02071973827699,0.0,29.91275899672846,2.3446019629225736,13.42420937840785,45.921483097055614,0.27954829374999773
678,Норильск,Красноярский край,городской округ,1,Ресурсные территории Севера и Востока,69.3444054,88.2096151,52325.666666666664,38.09299855617752,3.936290033825033,9.621848301860043,5.435711636959704,4.632779594009912,38.28037187716779,182860.4,177427.0,100.0,,0.0,14.94698887243899,42.006542814843115,10.73833516404795,14.684321123262812,17.765891398825158,4.877939903620683
679,Сосновоборск,Красноярский край,городской округ,2,Промышленные и крупные города,56.121494,93.33873,33442.208333333336,41.60236234497503,5.197546005515346,12.204878943902857,4.3620448677297965,5.848963590156655,30.784204247720325,74461.4,40913.0,100.0,216.8,0.0,0.0,16.112852664576803,0.0,23.09299895506792,58.307210031347964,1.0766689244860346
680,Шарыпово,Красноярский край,городской округ,3,Транспортные узлы,55.5329127,89.1864204,30110.958333333332,42.46297199673694,4.617776160576159,14.274261628411114,3.4305850048151614,5.308203086006345,29.90620212345428,53945.3,40739.0,100.0,220.3,0.0,0.0,2.7565543071161045,20.65917602996255,16.314606741573034,56.31460674157304,0.25431455935632874
683,Абанский,Красноярский край,муниципальный район,4,Районы бюджетной экономики,56.67667,96.067764,20942.833333333332,51.14155065526628,5.164482782713556,15.169518462702527,1.8379035625740996,5.888126112720896,20.79841842402265,57179.1,17763.0,0.0,198.1,2.063106796116505,0.0,7.4029126213592225,4.854368932038835,12.37864077669903,70.75242718446601,3.1579612940562543
685,Балахтинский,Красноярский край,муниципальный район,5,Аграрные районы,55.383221,91.615273,25856.916666666668,45.42299196112524,4.879542463275896,14.712288179970118,3.5372024812198375,6.5444084743527045,24.903566440056206,65358.9,17854.0,38.75322056681976,209.0,11.05979581915411,0.0,4.78852698104035,10.257656781720954,10.938259601361205,50.972289742343214,0.7346498049177475
686,Березовский,Красноярский край,муниципальный район,3,Транспортные узлы,56.038422,93.133194,30478.208333333332,41.851419459563346,4.887730636840754,11.795641743405955,4.233306916172406,6.9555172465584985,30.27638399745904,74424.1,40429.0,46.449330925820576,222.9,4.1318921877137775,0.0,13.886988644137366,26.186892871801888,13.804898070871527,38.77411410589684,-0.20379017960049048
687,Бирилюсский,Красноярский край,муниципальный район,4,Районы бюджетной экономики,56.95171,90.685806,21605.333333333332,47.23639859467224,4.9248058935579815,18.19750232577335,0.7622766773041414,4.3273338440240225,24.551682664668263,59903.0,7924.0,0.0,209.2,0.0,0.0,1.0047281323877069,14.83451536643026,14.066193853427897,61.111111111111114,-0.2693866294545023
689,Богучанский,Красноярский край,муниципальный район,3,Транспортные узлы,58.382816,97.461578,33947.208333333336,41.68818249997503,4.328455390393417,16.131074039634534,2.19728545386758,5.304508784000981,30.35049383212846,86545.7,42225.0,0.0,186.1,7.0867631753240605,0.47308165389346196,29.87037562683319,10.256410256410255,11.032264168795534,41.12971898949759,1.4488076991897985
690,Большемуртинский,Красноярский край,муниципальный район,5,Аграрные районы,56.909847,93.138016,22849.666666666668,49.55101792919411,5.0199698188855315,10.52862230550237,1.1778568474176765,5.474956233441327,28.247576865558983,62263.9,13529.0,51.371128686525246,206.6,24.470938897168406,0.0,12.578241430700446,2.0268256333830106,12.041728763040238,44.08345752608048,2.9379123422147786
691,Большеулуйский,Красноярский край,муниципальный район,1,Ресурсные территории Севера и Востока,56.656811,90.57975,21764.25,48.81956298067689,4.220180470858945,18.17842663703402,1.4873192004348985,4.526311677046759,22.76819903394848,108725.7,6681.0,0.0,212.3,0.0,0.0,4.493742889647327,5.8399696624952595,21.29313613955252,16.059916571861965,1.5024844975512472
692,Дзержинский,Красноярский край,муниципальный район,4,Районы бюджетной экономики,56.838005,95.22139,22062.166666666668,48.61096195733128,5.043627212973863,14.61565916259498,1.2798734904303706,6.944621833448103,23.505256343221408,57387.7,11389.0,0.0,196.7,7.641509433962264,0.0,4.952830188679245,0.0,13.11320754716981,67.35849056603773,1.4482911301892711
693,Емельяновский,Красноярский край,муниципальный район,3,Транспортные узлы,56.167255,92.688454,34202.541666666664,39.58804836585125,4.708170536540618,11.523040187915386,4.303662238344563,8.05644270364063,31.82063596770755,93491.1,55572.0,28.12567480025912,221.7,3.991468616697136,0.7769652650822669,14.541438147471053,32.183120048750766,19.180377818403414,28.663924436319316,-0.55397855321919
694,Енисейский,Красноярский край,муниципальный район,3,Транспортные узлы,58.4532212,92.1748169,28701.25,46.13344960971362,4.273268438370756,14.060906447117071,1.4756097534512622,4.205597796415454,29.851167954931835,79274.1,21238.0,16.475185987381106,195.7,4.618117229129663,0.0,0.0,32.17880402605092,11.338069863824748,38.75074008288929,3.225724961735931
695,Ермаковский,Красноярский край,муниципальный район,4,Районы бюджетной экономики,53.278046,92.396088,24765.041666666668,44.84817461494899,4.483061687497719,16.441700289313182,1.5967226077320877,5.925322850648986,26.705017949859034,57832.4,17423.0,0.0,197.6,3.3295497540673478,0.0,2.1566401816118046,2.724177071509648,14.831630722663638,72.45554294362468,-0.49255804311785334
696,Идринский,Красноярский край,муниципальный район,4,Районы бюджетной экономики,54.370876,92.133156,20540.75,48.97973429807551,5.107231016043159,13.137513821420757,1.0628254225099014,7.399744777083706,24.312950664866964,56047.9,10295.0,0.0,197.2,0.0,0.0,0.0,7.635009310986965,10.195530726256983,72.8584729981378,0.6627518045366818
697,Иланский,Красноярский край,муниципальный район,3,Транспортные узлы,56.23806,96.06694,23550.708333333332,48.85963909378157,3.687737968668419,14.578526090104358,2.063707495730445,4.339912697305371,26.47047665440984,78793.0,22528.0,69.189453125,200.5,0.0,0.0,9.442278352263095,44.85506017969148,11.730801830818782,32.31056111205289,2.7587439428291134
698,Ирбейский,Красноярский край,муниципальный район,4,Районы бюджетной экономики,55.644501,95.456528,23624.916666666668,41.6622213693345,4.653495935071268,15.854241826133253,0.8737106521715436,7.110269920044361,29.846060297245074,75513.9,12610.0,0.0,202.6,1.1511663132384127,0.0,1.0905786125416541,2.9990911844895485,12.784004847016057,49.92426537412905,-4.383843367707574
699,Казачинский,Красноярский край,муниципальный район,4,Районы бюджетной экономики,57.694408,93.281029,22496.208333333332,55.73880465319937,4.783904336095545,15.81228989138145,1.0348646732007525,5.386810874822071,17.243325571300815,57344.0,8558.0,0.0,199.8,0.0,0.0,2.7389603130240356,7.210732252655115,16.26607043040805,71.04527669088877,8.883592076932931
701,Каратузский,Красноярский край,муниципальный район,4,Районы бюджетной экономики,53.600666,92.868996,23729.916666666668,50.70583811116857,4.572486811019489,14.93310478339214,1.057705836206903,6.676988213320563,22.053876244892336,60723.7,13157.0,0.0,197.2,3.9647577092511015,5.52663195835002,2.2827392871445733,2.2426912294753705,10.13215859030837,68.3620344413296,4.679810789196565
702,Кежемский,Красноярский край,муниципальный район,1,Ресурсные территории Севера и Востока,58.6027015,99.1887515,36671.666666666664,39.797354406084224,4.392219614043283,15.595650065994807,2.2049161949195253,4.143548519423006,33.866311199535154,96691.5,16559.0,77.72812367896613,183.0,22.946587058253996,0.0,30.837502017105052,4.163304824915281,7.874778118444409,33.984185896401485,0.788437626941614
703,Козульский,Красноярский край,муниципальный район,3,Транспортные узлы,56.165138,91.391975,22997.166666666668,50.14418879100527,4.637586811906546,14.050360904518616,1.006902559501433,4.5163433546438165,25.644617578424306,66336.4,11808.0,52.47289972899729,214.6,0.0,0.0,4.6875,23.517628205128204,8.733974358974358,58.894230769230774,3.6510179402541887
704,Краснотуранский,Красноярский край,муниципальный район,5,Аграрные районы,54.316296,91.567825,23802.458333333332,46.623984454104566,4.558188005167768,12.418411556795744,1.1581009465702574,5.387643879153931,29.853671158207735,52475.8,12848.0,0.0,196.5,29.149670536554755,0.0,5.7420771885786,1.160966426106056,8.785691873235017,50.831502980859746,0.6711542213820463
705,Курагинский,Красноярский край,муниципальный район,3,Транспортные узлы,53.888092,92.680222,25967.416666666668,44.86994333218128,4.313571854255985,16.6323117952763,1.3516519604744954,5.677564096447199,27.154956961364736,61814.0,39269.0,56.65028393898495,198.6,15.34865601869887,4.129333852746397,11.556940657057526,12.478898844305935,12.777561355668096,43.59174133229451,0.31048565276499107
706,Манский,Красноярский край,муниципальный район,4,Районы бюджетной экономики,55.719715,93.764816,20531.916666666668,50.694754610788394,4.8916118311785475,16.57130936327019,1.2417061264894156,5.448964178916824,21.151653889356634,56676.4,13436.0,0.0,209.7,0.0,0.0,2.6539278131634823,6.316348195329087,13.21656050955414,71.23142250530785,2.367939282226414
708,Мотыгинский,Красноярский край,муниципальный район,1,Ресурсные территории Севера и Востока,58.184208,94.694298,32456.041666666668,45.49796936412903,4.138086530683043,12.087441151234357,1.864755873972749,5.278418218729358,31.133328861251464,100468.3,12009.0,55.98301274044467,178.0,1.7376194613379672,41.48566463944397,22.415291051259775,3.431798436142485,7.746886765131769,22.66145380828265,4.481329002550654
710,Нижнеингашский,Красноярский край,муниципальный район,4,Районы бюджетной экономики,56.203602,96.544518,24331.208333333332,51.48189221190419,3.989970108375517,15.631366512565892,1.0851232706737568,4.967636863967635,22.844011032513013,59387.1,23480.0,56.54173764906303,199.1,1.6832285540458327,0.0,4.48184952342324,9.734333806530115,9.065098357331172,68.5662137497465,5.8727745951533485
711,Новоселовский,Красноярский край,муниципальный район,4,Районы бюджетной экономики,55.005177,90.967201,24443.916666666668,43.32538060978188,4.364448314100945,13.58173349396569,0.9923429144022414,5.935050532751287,31.80104413499795,58707.4,10619.0,0.0,209.2,14.02364451691806,0.0,5.340399510803098,2.2829188748471263,16.10273134936812,58.499796167957605,-2.255863247123377
712,Партизанский,Красноярский край,муниципальный район,4,Районы бюджетной экономики,55.499271,94.393066,21533.458333333332,45.64836493298666,4.493678017071612,14.328102450980493,0.583197399000443,6.056730760600464,28.88992643936033,65385.3,7989.0,0.0,204.7,0.0,0.0,0.6134969325153374,5.644171779141105,12.392638036809817,63.128834355828225,-1.9151948331742723
713,Пировский,Красноярский край,муниципальный округ,4,Районы бюджетной экономики,57.624046,92.272644,22892.75,51.92003146273206,4.484776396411952,15.184489885697486,0.5844053415997498,5.194560646308451,22.631736267250293,58840.6,5747.0,0.0,196.5,0.0,0.0,0.0,4.060913705583756,13.874788494077833,59.729272419627755,5.348400162222685
714,Рыбинский,Красноярский край,муниципальный район,3,Транспортные узлы,55.965401,94.708107,25284.333333333332,44.66343649374963,4.13378923482921,14.226998932323841,1.628049411138164,5.451305069759643,29.896420858199512,71689.9,29400.0,51.547619047619044,206.4,6.299743693511399,0.0,6.758397409955484,19.39835424254688,11.69566976932416,39.43072979900175,-0.2818427192918147
715,Саянский,Красноярский край,муниципальный район,4,Районы бюджетной экономики,55.258972,94.906372,22213.5,47.5950085595497,4.431384150964432,17.139775642312173,1.0545468886832199,5.101559871632284,24.6777248868582,56506.0,9056.0,0.0,201.4,0.0,0.0,5.7827102803738315,4.380841121495327,13.084112149532709,73.71495327102804,0.5547912871167878
716,Северо-Енисейский,Красноярский край,муниципальный район,1,Ресурсные территории Севера и Востока,60.374702,93.032997,38370.583333333336,32.0911503798571,4.494396962522194,12.861451825315815,3.277983117523321,4.462330713417218,42.81268700136436,154150.8,8308.0,71.72604718343764,181.6,0.0,34.257860771660035,32.01290676918852,10.098860359741865,10.208705203899491,9.240697514760402,-6.234803090750384
717,Сухобузимский,Красноярский край,муниципальный район,5,Аграрные районы,56.499875,93.2785676,22855.958333333332,47.78677710215556,4.482932591062397,13.058714370802235,1.0901045508460023,5.207299857146375,28.37417152798743,59181.9,18911.0,0.0,210.6,18.86967263743051,0.0,5.96046942557134,0.6485484867201976,7.782581840642372,60.93267449042619,1.1310781400320968
718,Таймырский Долгано-Ненецкий,Красноярский край,муниципальный район,1,Ресурсные территории Севера и Востока,69.4038179,86.17219,46840.333333333336,42.596634343538724,3.40100547080954,8.859994919455353,3.996749464621633,2.5035715685835678,38.64204423299118,162835.1,29609.0,66.24674929919956,,0.7307864073728229,13.625106573017742,29.657748365880394,23.3567455645325,13.832162721773376,18.724371726685884,7.617524877232035
719,Тасеевский,Красноярский край,муниципальный район,4,Районы бюджетной экономики,57.216042,94.898598,23145.416666666668,50.760590222000815,4.8967432427252655,15.311191172416738,1.212079048270136,6.545657191902195,21.273739122684855,56323.3,9952.0,0.0,193.9,0.0,0.0,0.0,7.580978635423846,12.543073742246728,51.274982770503094,4.374852993333852
720,Туруханский,Красноярский край,муниципальный район,1,Ресурсные территории Севера и Востока,65.7934285,87.9589375,42064.0,38.1377922358142,4.647484929712889,6.536563402259142,4.24655014278368,3.3476040112185883,43.0840052782115,152563.2,12684.0,28.058971933144118,,0.34963237184431073,36.51087459509486,15.080466862049462,17.224535965859427,20.062728160830893,10.735770476631188,1.35374521134181
721,Тюхтетский,Красноярский край,муниципальный округ,4,Районы бюджетной экономики,56.539837,89.311485,22659.666666666668,50.17586449689328,4.691482842810302,17.130927480089586,1.4932203433831446,6.777146443268797,19.731358393554878,58910.8,7536.0,0.0,213.2,0.0,0.0,0.0,0.0,21.549155908639523,53.72393247269116,3.4177810749357307
722,Ужурский,Красноярский край,муниципальный район,5,Аграрные районы,55.3197221,89.8424197,28105.75,44.931392590263535,4.0518627224792985,14.309818623341336,1.7227030812066735,6.123559366354782,28.86066361635437,68907.9,27453.0,51.61184569992351,212.3,32.77529761904761,0.0,9.74702380952381,13.392857142857142,11.879960317460316,30.964781746031743,1.600825131813655
723,Уярский,Красноярский край,муниципальный район,3,Транспортные узлы,55.809986,94.327774,23189.458333333332,46.45094070589567,4.432594225250973,15.384972453270738,1.4141817940940338,4.902505277430527,27.414805544058062,63090.6,17912.0,65.83296114336757,207.6,1.0055304172951232,0.0,10.60834590246355,20.864756158873806,11.91553544494721,53.04172951231775,0.09040494195699059
725,Шушенский,Красноярский край,муниципальный район,5,Аграрные районы,53.32782,91.945374,27565.666666666668,45.30983415217968,4.372192885094884,12.771183469289992,2.192141567150865,6.164427070634667,29.1902208556499,58071.5,30274.0,55.361035872365726,199.1,12.190781277807439,0.0,10.464495461825948,4.751735184196476,19.540843566470905,52.66061576793024,1.718950470609804
726,Эвенкийский,Красноярский край,муниципальный район,1,Ресурсные территории Севера и Востока,64.2741955,100.2169635,38432.791666666664,39.86315179012077,4.623604917206218,5.652619192496386,4.457436526426358,2.7232861287562917,42.67990144499399,133246.0,13258.0,0.0,,0.8839081366900796,28.805934811774918,16.39965275037487,8.341883040012627,23.755031173545895,21.57682897955962,1.60901388805758
727,Пермский,Пермский край,городской округ,2,Промышленные и крупные города,58.014965,56.246723,35609.916666666664,37.0934969887704,5.650053855912627,10.123345592963187,6.736630859357769,7.333251812356337,33.063220890639684,88118.2,1026912.0,99.99961048268985,350.9,0.139585919090533,0.6335329987588365,37.95765653949238,6.165884194053208,26.87676506034932,28.226575288255717,-2.402655773198828
731,Лысьвенский,Пермский край,городской округ,2,Промышленные и крупные города,58.105056,57.8028461,25817.916666666668,44.94399412021408,5.542359181638569,11.022825142979457,4.353663080146167,5.589820672787504,28.547337802234225,59536.1,61124.0,86.2312675871998,299.9,0.0,0.0,53.553796724394644,3.2991144894600732,9.333124363294413,32.56798056578638,0.2739476924534823
734,Александровский,Пермский край,муниципальный округ,2,Промышленные и крупные города,59.1593861,57.5861232,24376.875,48.03238575457176,4.3429864466469095,14.871501191509209,1.5514747401044462,3.6279044069699693,27.573747460197705,58279.0,22642.0,90.61478667962194,286.7,0.0,5.0013815971262785,39.872893064382424,1.21580547112462,8.234318872616745,37.41365017960763,2.4248060970896166
735,Бардымский,Пермский край,муниципальный округ,3,Транспортные узлы,56.930187,55.586967,21788.875,42.95109761386581,5.362916846459717,12.475353679654798,2.4456963509178604,6.747677383888666,30.017258125213147,64471.0,26262.0,0.0,314.5,0.0,8.936970837253057,3.8883662590153656,21.66823455628724,13.389777359673879,50.548761367199745,-4.41479376167801
736,Березовский,Пермский край,муниципальный округ,3,Транспортные узлы,57.6026326,57.333067,19256.208333333332,52.04502111611681,3.4773805570632232,10.193854779786934,1.3361074471468073,4.850576089184589,28.097060010701647,59871.3,13486.0,0.0,305.8,0.0,0.0,3.3707865168539324,31.46067415730337,7.523204689789936,42.7943331704934,2.6683133034077655
737,Большесосновский,Пермский край,муниципальный округ,4,Районы бюджетной экономики,57.671268,54.602867,21744.583333333332,50.87169494495774,4.711972352952154,12.78404984024255,2.18807433895753,5.5796199436624745,23.864588579227554,52881.4,11730.0,0.0,317.8,0.0,0.0,4.385382059800665,8.571428571428571,10.764119601328904,64.18604651162791,3.4703268626839305
738,Верещагинский,Пермский край,городской округ,3,Транспортные узлы,58.072099,54.6674784,23219.958333333332,48.15869082163111,4.71645342807013,10.169531042422769,2.6046292710930405,5.698460822253222,28.652234614529732,51615.6,38931.0,56.49739282320002,311.9,0.0,0.0,5.68685376661743,16.654357459379614,12.83234859675037,44.81166912850812,1.8261852677404382
739,Горнозаводский,Пермский край,городской округ,3,Транспортные узлы,58.374001,58.325058,24880.708333333332,47.12082010904312,4.04094935898153,14.30457931179847,2.340367349747398,4.736121996952234,27.457161873477236,67217.5,21697.0,95.38645895745955,297.8,0.0,13.817119748371153,5.189844978656482,15.88407099528196,10.40215681869243,28.645248258818246,1.8999316191851996
741,Добрянский,Пермский край,городской округ,1,Ресурсные территории Севера и Востока,58.4624764,56.4007589,27183.875,45.048307050105336,4.803043516798524,12.087904731842503,4.085388364172277,4.635891492317008,29.33946484476435,81849.5,47730.0,83.19924575738528,304.4,1.0241704219582137,16.13068414584187,29.782875870544856,6.646866038508809,15.516181892666939,30.94018844735764,1.1975600530521597
742,Еловский,Пермский край,муниципальный округ,4,Районы бюджетной экономики,57.04635035,54.92345971818599,21937.541666666668,42.585741326550604,4.432186673938383,12.268882314456881,1.5031812573100358,5.542632180695368,33.66737624704872,48798.7,8527.0,0.0,312.2,0.0,0.0,5.423728813559322,0.0,5.338983050847458,65.2542372881356,-4.6569791426575975
743,Ильинский,Пермский край,городской округ,4,Районы бюджетной экономики,58.56762465,55.69450970007735,19384.958333333332,47.81384789336593,4.244624056076077,13.378531915836584,1.613694814085913,4.3132374388660635,28.636063881769424,51646.9,17130.0,16.81260945709282,305.1,0.0,0.0,5.826693227091633,6.175298804780876,14.09362549800797,57.8187250996016,-1.4239107547057346
744,Карагайский,Пермский край,муниципальный округ,5,Аграрные районы,58.265579,54.927208,22521.666666666668,47.30710711549288,4.6976894299112235,11.622477771035749,2.156427223813091,5.8637552186430195,28.35254324110404,49766.6,19967.0,0.0,311.0,21.586232697343807,0.0,0.7482229704451926,1.6086793864571642,12.457912457912458,58.21174710063599,0.46006516155654875
745,Кизел,Пермский край,городской округ,4,Районы бюджетной экономики,59.049252,57.6535,24204.708333333332,50.799829120013776,3.9403711160188557,14.048751438962128,2.059772131144559,3.9701735884579,25.181102605402778,50204.2,17213.0,87.50363097658746,288.1,1.7027314650585312,0.0,8.620078041858816,4.114934373891451,12.593118126995389,49.94678964171692,5.117684065198729
746,Кишертский,Пермский край,муниципальный округ,5,Аграрные районы,57.3599717,57.2471775,18279.916666666668,52.50009189621103,4.561027942920526,11.53154146684087,1.3931522570670958,4.98009352786452,25.034092909095957,52600.8,10872.0,0.0,308.9,18.188105117565698,0.0,3.112033195020747,0.0,18.81051175656985,54.910096818810516,2.292771685560242
747,Красновишерский,Пермский край,городской округ,4,Районы бюджетной экономики,60.4017837,57.0767045,23215.958333333332,50.335678452777444,4.510951195099945,12.846685403971197,1.777495214588555,4.686903716476153,25.842286017086707,52325.2,17217.0,81.17558227333448,273.0,0.0,7.736863880844022,10.964004964832437,2.399669011170873,17.459660736450143,55.02689284236657,3.992532037368273
748,Краснокамский,Пермский край,городской округ,2,Промышленные и крупные города,58.0812613,55.7586943,29635.083333333332,42.69541378410721,4.818726684055926,11.292460749846024,4.752518497761171,5.878843137866024,30.562037146363647,73277.6,66475.0,78.08349003384731,318.3,0.0,0.6298168558879589,51.454379713267585,3.919781221513218,13.375321123725865,29.941161846357833,0.20481784131323155
749,Куединский,Пермский край,муниципальный округ,5,Аграрные районы,56.433506,55.590763,21965.166666666668,46.80255511907558,4.90869373394105,12.52774811836061,1.3751560602238,5.838507992138175,28.54733897626079,51245.8,22949.0,0.0,318.5,9.443813847900113,15.664018161180476,26.69693530079455,2.1793416572077184,9.35300794551646,35.66401816118048,-0.4493990462036375
751,Нытвенский,Пермский край,городской округ,2,Промышленные и крупные города,57.943423,55.3316349,24056.75,48.50366875194602,4.71543580044398,12.627254130440239,2.0296827165961666,4.236119175985179,27.887839424588417,59224.5,37780.0,67.90365272631021,315.9,8.93042575285566,0.0,44.11808337041982,2.1361815754339117,11.407802996588043,32.191069574247145,2.728727261761459
752,Октябрьский,Пермский край,городской округ,3,Транспортные узлы,56.5143078,57.2035567,20295.208333333332,48.53918131165988,4.225588249079984,12.601792640070716,1.697570455226242,5.47323733567767,27.46263000828551,60795.1,23944.0,56.373204143000336,313.1,4.577564283695959,7.318451539983046,13.591410002825658,14.439107092398984,10.935292455495903,46.821135914100026,-0.03338494518392854
753,Ординский,Пермский край,муниципальный округ,5,Аграрные районы,57.19532845000001,56.90325538019961,20036.958333333332,50.78508387398178,4.059784980901593,10.832071828644246,1.0373958027563457,5.348242242661214,27.937421271054824,53812.9,13958.0,0.0,311.7,14.201474201474202,11.842751842751843,3.734643734643735,0.0,12.579852579852579,54.496314496314504,2.0848636560411817
754,Осинский,Пермский край,городской округ,3,Транспортные узлы,57.2829207,55.4602059,25798.916666666668,44.78725548579783,4.998771099893786,10.746248707733569,3.1697501024417285,5.498237212963177,30.799737391169913,67450.8,26196.0,73.37761490303863,309.6,0.0,15.440763615946098,7.785888077858881,23.93786262399401,11.52910349990642,39.02302077484559,0.1689290973760013
755,Оханский,Пермский край,городской округ,4,Районы бюджетной экономики,57.721785,55.3859893,22047.75,48.52448616265748,4.0011118192172725,13.740288511021143,1.6666696241927046,4.823010111107573,27.244433771803823,47448.6,14030.0,44.362081254454736,311.0,7.613636363636364,0.0,5.113636363636364,1.9318181818181817,9.886363636363637,70.9659090909091,1.3317047862636966
756,Очерский,Пермский край,городской округ,2,Промышленные и крупные города,57.8836175,54.715823,24275.291666666668,46.826461415139576,5.0607747869431705,11.428632226967538,2.7190864891749937,5.76865399996347,28.19639108181125,59360.1,22301.0,77.58844894847765,316.9,1.8950837681955508,0.0,42.213677561109584,9.25569898379566,11.205712716286735,37.544630595990114,1.2002823300125804
757,Пермский,Пермский край,муниципальный округ,0,Столичные агломерации и центры услуг,58.014965,56.246723,31194.208333333332,41.010430635266815,4.84351761423166,11.45213941247311,5.157908724933965,7.723602016556698,29.812401596537754,72918.6,128718.0,0.0,686.4,7.251401167157797,1.207603859709944,21.060842433697346,15.502397873692725,18.460738429537184,36.54012827179754,-0.6477720758787796
758,Сивинский,Пермский край,муниципальный округ,5,Аграрные районы,58.4277655,54.205753,22088.166666666668,52.77512145369799,4.481857828061985,11.631768144267616,1.6508007765123642,5.83779546588109,23.62265633157895,49361.4,11869.0,0.0,309.1,28.281690140845072,0.0,4.788732394366197,1.4084507042253522,8.394366197183098,49.971830985915496,5.655846267674349
760,Суксунский,Пермский край,городской округ,4,Районы бюджетной экономики,57.1463922,57.3951339,21001.166666666668,49.40562943261869,4.9561005705342405,14.047157927381662,1.3910902175064443,6.054318669807973,24.145703182150992,67480.1,18094.0,45.68365203935006,309.1,0.0,0.0,2.5146962769431744,0.0,10.058785107772698,51.76355323318093,1.408334427404391
761,Уинский,Пермский край,муниципальный округ,4,Районы бюджетной экономики,56.87829735,56.56837437378221,20013.708333333332,56.11039967493247,4.963845083716873,11.525789018695466,1.4770078990276068,5.309580688304335,20.613377635323257,52556.1,9728.0,0.0,310.3,0.0,9.649122807017543,3.216374269005848,0.0,16.17933723196881,65.00974658869396,7.337358061550102
763,Чайковский,Пермский край,городской округ,2,Промышленные и крупные города,56.7787468,54.1500704,28857.083333333332,42.01949992171264,4.97602708556072,10.42154316595827,4.773545043409635,5.967116109208645,31.84226867415009,70557.7,93785.0,79.87737911179826,322.1,3.613041700735895,0.8738757154538022,30.23814390842191,14.891659852820933,15.530457890433361,35.26676206050695,-0.8457848481975956
764,Частинский,Пермский край,муниципальный округ,4,Районы бюджетной экономики,57.29295159999999,54.96425968947727,21369.125,52.841099859672866,3.807229851841808,14.451733831454995,1.905916458742644,5.193836767939489,21.8001832303482,58265.8,11783.0,0.0,311.5,0.0,15.482093663911844,4.132231404958678,6.666666666666667,11.239669421487603,42.53443526170798,5.152099852212863
765,Чердынский,Пермский край,городской округ,4,Районы бюджетной экономики,60.4046807,56.4752752,21233.416666666668,55.16037010585647,4.103538343281916,14.3454344703795,1.1740761903480756,5.879695753402644,19.336885136731393,48749.8,14730.0,51.995926680244395,273.4,4.791154791154791,0.0,5.159705159705159,0.0,13.472563472563474,62.40786240786241,7.38386256606126
766,Чернушинский,Пермский край,городской округ,1,Ресурсные территории Севера и Востока,56.5152817,56.0765041,27083.0,42.62636339605161,4.7895697593391215,11.559751331310915,3.08313709186577,5.840411425164679,32.10076699626791,74102.2,50392.0,65.60962057469439,314.5,0.0,26.997630842127933,17.510230454447555,6.321343958647427,16.03489123411587,31.66056429032953,-1.2443490857444264
767,Чусовской,Пермский край,городской округ,2,Промышленные и крупные города,58.282055,57.821075,28273.583333333332,45.49598517121661,4.191605202324919,11.983405232728002,3.3288985977837444,5.538376431748312,29.461729364198412,62029.9,63686.0,81.44961215965833,301.1,6.306239858386192,2.795397551261248,35.278064611299605,10.340758223926832,11.240595958105915,34.04631951615282,2.2611133299265855
769,Гайнский,Пермский край,муниципальный округ,5,Аграрные районы,60.304131,54.327332,22831.833333333332,48.350535737760424,4.752177316218761,14.320165098749928,1.4064350805394636,4.937378897463,26.23330786926842,61144.0,11679.0,0.0,279.3,19.858657243816253,0.0,2.685512367491166,0.0,11.519434628975265,47.56183745583039,1.7462714869547387
770,Косинский,Пермский край,муниципальный округ,4,Районы бюджетной экономики,59.944386,54.989826,20899.583333333332,51.09696277249084,4.468655415418325,11.129223458766562,1.5145083983695353,5.853279745962556,25.937370208992178,58600.5,5543.0,0.0,281.2,0.0,0.0,0.0,0.0,11.879895561357703,58.61618798955613,3.0676051704276888
771,Кочевский,Пермский край,муниципальный округ,4,Районы бюджетной экономики,59.60936735,54.32639043781445,20912.333333333332,52.15513405395661,4.485988781880894,10.295577638938113,1.7880881893749483,5.391324640286195,25.883886695563234,64669.4,9259.0,0.0,287.8,0.0,0.0,0.0,0.0,7.905138339920949,66.79841897233202,4.166768753650876
773,Юрлинский,Пермский край,муниципальный округ,4,Районы бюджетной экономики,59.3286875,54.3246555,20231.0,55.35660451854471,3.7687641788261472,10.5834140875717,1.7504600899866611,4.963431183887894,23.577325941182885,45241.8,8439.0,0.0,291.4,6.063720452209661,0.0,0.0,0.0,6.783144912641316,57.040082219938334,6.836695315224871
774,Юсьвинский,Пермский край,муниципальный округ,5,Аграрные районы,58.964665,54.9605745,19138.541666666668,53.43189265965903,3.9030792104512817,11.43410302582663,1.6216068739566116,4.330786210973512,25.278532019132932,49483.7,16182.0,0.0,296.1,18.49096705632306,0.0,3.825717321997875,0.0,10.99893730074389,58.34218916046758,4.022302943469809
775,Владивостокский,Приморский край,городской округ,0,Столичные агломерации и центры услуг,43.1150678,131.8855768,46313.75,34.24018360414908,6.037815436445512,6.8560576766242125,6.844092805651251,7.602944424214664,38.418906052915275,115583.5,622782.0,94.99760750952983,140.3,3.013697020956677,0.07870500892773236,15.19124142467813,13.309956770980172,30.86528521755474,37.54287660934123,-1.0193398267257918
776,Арсеньевский,Приморский край,городской округ,2,Промышленные и крупные города,44.1644451,133.2704255,34281.208333333336,41.52912893310187,5.393484237481203,8.628782222767011,3.4565037408451995,6.174946157323365,34.817154708481354,95125.1,47015.0,100.0,137.2,0.0,0.0,55.563659940027556,1.9855741956398412,8.104384471999351,30.431963692357566,1.40601838440098
777,Артемовский,Приморский край,городской округ,3,Транспортные узлы,43.3570377,132.1853629,38744.708333333336,39.23572805431366,5.228282924750064,7.719845955998619,4.784859383507058,7.157821335696044,35.873462345734545,89562.8,117762.0,92.16810176457601,142.1,6.123500749625188,0.0,15.489130434782608,18.03317091454273,24.6486131934033,33.85026236881559,1.0907383332314966
778,Большой Камень,Приморский край,городской округ,2,Промышленные и крупные города,43.1121194,132.3509104,37300.291666666664,40.43343342994532,5.130711583329942,8.971703694209358,4.352295029372693,5.556122051164921,35.55573421197777,122281.3,42502.0,95.75314102865747,138.4,0.0,0.0,71.27363329913527,1.0405979774292833,9.020958522644,17.184522937124434,1.7233223183153341
779,Дальнегорский,Приморский край,городской округ,1,Ресурсные территории Севера и Востока,44.559457,135.5759241,31962.333333333332,45.88657225069996,4.858451045194841,10.129700831001232,1.8528153307804316,5.667142197728371,31.60531834459516,73819.2,38543.0,84.89219832394987,132.5,0.0,0.0,29.810974008926227,3.2029404043055916,5.198214754528747,35.94119191388816,4.702592401258437
780,Дальнереченский,Приморский край,городской округ,3,Транспортные узлы,45.9337195,133.7349056,29469.291666666668,42.3602509866328,4.870131587258125,10.679155559623576,2.49643283265349,5.717652483835962,33.876376549996046,81576.1,24564.0,92.49715030125387,140.7,0.0,0.0,4.754098360655737,17.431693989071036,15.901639344262295,51.80327868852459,-0.17450445927661454
781,Лесозаводский,Приморский край,городской округ,3,Транспортные узлы,45.4653394,133.4047457,28352.333333333332,43.49270859393335,4.050990976179185,9.919870692768702,2.8388992577786913,5.670642145803813,34.026888333536256,84726.6,39685.0,87.10595943051531,138.1,0.11490950876185005,0.0,19.44843435794312,23.21172076989371,10.068945705257109,46.16489514507325,0.34675386478823145
782,Находкинский,Приморский край,городской округ,3,Транспортные узлы,42.8246489,132.8926,39603.916666666664,38.287248410322036,5.462164676617239,7.856679585363109,4.712972163574211,7.060208365184037,36.62072679893937,105573.6,135345.0,99.2389818611696,134.8,5.246981339187705,0.0,20.815430453191155,31.422298886623807,14.536615963619257,27.9849458993257,0.5244435615875643
783,Партизанский,Приморский край,городской округ,3,Транспортные узлы,43.1406647,133.1433137,29080.75,46.20748383829694,5.488967409832158,9.319398317598308,2.1381159530616256,4.9365725139999075,31.909461967211065,87831.8,39132.0,83.8853112542165,136.0,2.511532547411584,0.0,14.38578506748676,20.861096873398257,6.782846403553733,47.44575431402699,3.491109414376967
784,Спасск-Дальний,Приморский край,городской округ,3,Транспортные узлы,44.5980135,132.815701,30393.75,45.12683209036004,5.026431793409845,8.709068887714638,2.804263706328396,5.712078678077166,32.621324844109914,68238.9,34822.0,100.0,148.1,0.0,0.0,21.6162843688288,11.78793862980404,12.06137019595929,52.863436123348016,3.0606418131302564
785,Уссурийский,Приморский край,городской округ,2,Промышленные и крупные города,43.7972447,131.9520752,39262.083333333336,37.30264679773933,5.437255017692019,7.202098060358677,5.422333440258665,7.7837330277312144,36.8519336562201,80481.1,205435.0,87.58780149438995,139.3,1.8234081472663393,0.0,22.47031154728376,10.086815133126215,17.336894979820563,46.33721436659795,-0.6422464093788178
787,Анучинский,Приморский край,муниципальный округ,3,Транспортные узлы,43.9656156,133.0606584,23920.791666666668,50.54492475661703,4.546830924684381,9.716140401834759,1.3255109531953297,5.02017502824079,28.84641793542771,76451.1,12237.0,0.0,137.9,0.0,0.0,0.0,25.080179602309173,8.210391276459267,45.99101988454137,4.655592742843012
788,Дальнереченский,Приморский край,муниципальный район,4,Районы бюджетной экономики,45.9337195,133.7349056,23355.416666666668,41.33748705226078,3.6558742013099756,8.799802708399428,5.390155179068968,6.589569343996566,34.227111514964285,62363.5,7793.0,0.0,145.2,0.0,0.0,0.0,0.0,0.9077155824508321,72.91981845688352,-5.023746193007542
789,Кавалеровский,Приморский край,муниципальный округ,3,Транспортные узлы,44.2673637,135.0554977,29677.625,46.15247206411486,5.067666774718541,9.163184986379665,3.080710326351797,6.807463309373742,29.728502539061385,72875.1,20727.0,75.23037583827858,133.9,0.0,0.0,0.0,8.236208236208236,12.004662004662006,63.13131313131313,3.7678200194328033
790,Кировский,Приморский край,муниципальный район,4,Районы бюджетной экономики,45.0897627,133.5062027,27024.791666666668,46.583643355048764,4.631314706693779,9.703059891854544,2.0349684080934916,7.055641467959652,29.991372170349766,64993.2,17312.0,69.02148798521257,138.6,2.6148673888681357,0.0,0.0,3.5113933507657826,11.094508778483377,69.331341053418,2.695904272084028
791,Красноармейский,Приморский край,муниципальный округ,1,Ресурсные территории Севера и Востока,45.8518226,134.5005526,28272.458333333332,44.97474724162926,4.757574711235191,10.091219176508819,1.2083686735678318,5.610177552005319,33.35791264505358,83864.8,13859.0,22.793852370300886,137.2,11.888638073739653,19.525959367945823,3.7622272385252074,0.0,3.724604966139955,47.065462753950335,1.7274637672651063
792,Лазовский,Приморский край,муниципальный округ,1,Ресурсные территории Севера и Востока,43.384794,133.9054043,28328.25,43.95197449634706,4.727156288093992,10.286070877393284,1.180172692213441,4.410777229813819,35.44384841613841,94966.2,11848.0,50.94530722484808,133.2,0.0,0.0,3.6881810561609383,0.0,5.1411008661637325,22.85554624196703,0.7935112895929739
793,Михайловский,Приморский край,муниципальный район,1,Ресурсные территории Севера и Востока,43.9370245,132.0033145,23083.541666666668,50.189641857633795,5.504715216889943,8.399197292996853,2.183429272420191,4.428449790228927,29.294566569830295,76951.3,28474.0,24.671630259183814,141.9,16.878504672897197,17.75700934579439,15.794392523364486,0.0,4.934579439252337,39.15887850467289,3.799539667200729
794,Надеждинский,Приморский край,муниципальный район,1,Ресурсные территории Севера и Востока,43.3709905,131.9933355,32916.833333333336,42.87075849861986,5.174388053194749,8.42981139712955,3.78998112809156,6.37800103337574,33.357059889588555,86783.2,41960.0,0.0,144.7,0.0,0.0,20.144024912417283,9.750875827170105,12.144803425457376,52.78318411833398,2.0528205796602683
795,Октябрьский,Приморский край,муниципальный округ,4,Районы бюджетной экономики,43.9524657,131.6329635,24295.958333333332,49.51675632602321,4.508630763524043,8.432964898451232,1.8710483894576155,4.15172733826081,31.518872284283084,68005.0,22743.0,22.974101921470343,139.8,9.35309973045822,0.0,2.7223719676549867,3.719676549865229,7.9245283018867925,64.66307277628033,3.9086112315020896
796,Ольгинский,Приморский край,муниципальный округ,3,Транспортные узлы,43.7461009,135.2901676,27780.666666666668,54.30801234264205,4.782102504946118,8.133755806550004,1.5395623486906935,6.753112504978888,24.483454492192248,81391.7,7209.0,42.18338188375642,132.7,0.0,0.0,0.0,10.703363914373089,4.128440366972478,50.3822629969419,10.776627351243047
797,Партизанский,Приморский край,муниципальный округ,4,Районы бюджетной экономики,42.8922366,133.0782462,28307.291666666668,48.263894295419625,4.095432718898861,9.545913677109201,2.1061387699251695,5.2805174159928105,30.708103122654336,69296.5,29888.0,0.0,136.0,0.0,0.0,9.388412017167381,2.3873390557939915,5.337982832618026,75.18776824034335,5.058261242101122
798,Пограничный,Приморский край,муниципальный округ,3,Транспортные узлы,44.4031151,131.382506,26154.5,48.47227475661424,4.9888390322660365,8.84036549039723,3.0956716861219107,4.676281845210461,29.926567189390124,71071.9,18096.0,53.702475685234305,137.0,0.0,0.0,7.522935779816514,7.63302752293578,9.688073394495413,55.96330275229357,4.078174605347291
799,Пожарский,Приморский край,муниципальный округ,1,Ресурсные территории Севера и Востока,46.4443195,134.3006729,31080.791666666668,45.86771677951734,4.747161157466006,9.391542111613381,2.239348900275275,4.095832634651257,33.658398416476736,99163.1,24093.0,70.42294442369152,139.3,0.832579185520362,22.009049773755656,35.74660633484163,1.3755656108597285,7.34841628959276,31.131221719457013,4.179609571098613
800,Спасский,Приморский край,муниципальный район,5,Аграрные районы,44.5980135,132.815701,26734.583333333332,49.39187493600169,4.166217045887637,8.129144942037653,2.087959339587509,6.386666748060718,29.83813698842479,74247.4,19870.0,0.0,155.4,11.255186721991702,0.0,34.68188105117566,0.0,1.970954356846473,45.62586445366528,5.313004441397378
801,Тернейский,Приморский край,муниципальный округ,5,Аграрные районы,45.0504046,136.6137293,31782.833333333332,46.87966827334202,4.9437619709325675,9.879755647627581,1.6721731147426195,5.73459837953496,30.890042613820253,77899.6,9728.0,81.16776315789474,132.0,40.85613654836088,0.0,27.39095096179897,2.221620157138987,5.066377675426714,19.127607694391763,5.546895216861026
802,Ханкайский,Приморский край,муниципальный округ,5,Аграрные районы,44.7421984,132.0467903,26568.708333333332,50.41491199006764,4.9138573926033535,9.526776826442608,1.831439721722887,4.9770526380844,28.33596143107912,73387.7,17049.0,0.0,137.4,16.73469387755102,0.0,0.0,0.0,4.036281179138322,62.44897959183674,6.217806143546876
803,Хасанский,Приморский край,муниципальный округ,3,Транспортные узлы,42.8606833,131.3924115,31012.0,46.783098039088706,4.278957378245593,9.423683751335428,1.9546498491010926,5.2149598246191475,32.34465115761003,81322.3,24400.0,75.81967213114754,135.1,0.8770098141574442,0.0,14.783879724368344,24.05512633117561,13.531008561286281,38.29609521820839,5.054662283095799
804,Хорольский,Приморский край,муниципальный округ,4,Районы бюджетной экономики,44.4252585,132.0816616,25770.375,48.036489670926215,5.20976253389519,9.275371344700465,1.2717507624495437,4.946726139508589,31.259899548519993,68059.6,24478.0,32.98472097393578,139.1,1.3177159590043925,0.0,0.0,2.781844802342606,3.5505124450951686,72.36456808199122,3.375795081348867
805,Черниговский,Приморский край,муниципальный округ,3,Транспортные узлы,44.3591368,132.4941354,28283.416666666668,47.836882384463514,4.361123637936134,9.023097534657024,2.6920477677929666,5.476371644205626,30.61047703094473,75280.0,25893.0,26.211717452593362,139.3,0.0,0.0,16.523717836513217,7.579205321197269,6.283913880623141,52.94941361806407,4.637802598043545
806,Чугуевский,Приморский край,муниципальный округ,4,Районы бюджетной экономики,44.1686667,133.8729678,27957.166666666668,48.49218728500727,4.563983992618596,10.184184575557659,2.5425417121800007,6.047257788165929,28.169844646470548,64568.9,21090.0,0.0,135.8,4.800564772326156,0.0,5.188845746558419,8.189198729262266,9.354041651959054,63.78397458524532,5.108905603977107
807,Шкотовский,Приморский край,муниципальный округ,3,Транспортные узлы,43.2874945,132.4563758,27207.041666666668,47.42969504223466,4.336098165042309,9.247013440349148,2.893981079045035,4.872638670484572,31.220573602844265,115314.5,21051.0,46.64861526768325,140.5,0.0,0.0,21.41176470588235,30.49411764705882,6.03921568627451,20.15686274509804,3.599948275316958
808,Яковлевский,Приморский край,муниципальный округ,4,Районы бюджетной экономики,44.4262999,133.4742211,25534.875,53.12249269981363,4.331583127909811,11.122237932597589,1.4963286062669008,4.875345471789882,25.052012161622184,67064.5,11970.0,0.0,137.4,0.0,0.0,15.080459770114944,0.0,15.954022988505749,58.712643678160916,8.26845120060311
809,Ставрополь,Ставропольский край,городской округ,2,Промышленные и крупные города,45.0433245,41.9690934,34250.958333333336,33.94164321295225,6.027840531120644,12.976603768874837,6.4172465739123465,7.650726798815101,32.98593911432482,73824.2,557402.0,99.97649811087868,310.0,0.4477343100002573,0.16211069844836903,16.325147743745013,3.8168921063240324,29.58048495972964,49.66763018175268,-6.1938204203275244
810,Благодарненский,Ставропольский край,муниципальный округ,5,Аграрные районы,45.1006298,43.4372187,22705.791666666668,40.69819523633287,5.7406927492114725,16.699685646977557,2.149891179654472,6.431457111092638,28.28007807673098,,57014.0,53.77977338899218,304.8,,,,,,,-6.053495759320282
811,Георгиевский,Ставропольский край,муниципальный округ,5,Аграрные районы,44.1478944,43.4741718,25580.458333333332,36.69065778093636,5.842140313443982,16.42941445073969,4.466631216447895,7.865035520794512,28.70612071763756,,157898.0,38.97642782049171,306.3,,,,,,,-8.168948599632202
812,Ессентуки,Ставропольский край,городской округ,2,Промышленные и крупные города,44.0470042,42.8576575,32846.083333333336,32.65012392151903,5.819896530555525,14.799147186930787,5.941819075269195,7.756592396473801,33.03242088925166,64029.5,123138.0,100.0,310.3,0.0,0.0,6.918904617012831,0.8599021034528377,15.901574282312476,75.453102262204,-8.194197016718501
813,Железноводск,Ставропольский край,городской округ,4,Районы бюджетной экономики,44.1424034,43.0090751,30639.5,34.47458793294224,5.638749760547765,17.027503203925267,4.988989439140057,7.046700877716305,30.823468785728362,59471.7,50082.0,100.0,309.6,0.0,0.0,9.85081425805717,0.4896936567589113,15.26022093155677,71.21056827240633,-7.537802851279139
814,Изобильненский,Ставропольский край,муниципальный округ,5,Аграрные районы,45.3740796,41.7121154,25821.625,44.34805109816358,6.193941134302246,16.149792538299852,2.849166694542919,5.9638219362702545,24.495226598421148,,104095.0,56.09587396128537,313.6,,,,,,,-0.38508630564009655
815,Ипатовский,Ставропольский край,муниципальный округ,5,Аграрные районы,45.719723,42.916286,22653.541666666668,41.66770192063656,5.749133255780426,15.64922043242693,2.2701346255656936,5.674596538865568,28.989213226724825,,56684.0,44.802766212687885,309.1,,,,,,,-5.138866096657126
817,Кировский,Ставропольский край,муниципальный округ,5,Аграрные районы,43.961891,43.6311,21877.583333333332,38.516934840641646,4.161429706293868,18.876232492763023,2.4365448893144097,5.073695697684542,30.93516237330251,,66369.0,30.90599526887553,304.8,,,,,,,-8.875928552527986
818,Лермонтов,Ставропольский край,городской округ,2,Промышленные и крупные города,44.1050468,42.9731466,29926.958333333332,38.49894184177333,5.43325442692428,17.69339736068001,4.424728211674991,6.046031326264206,27.903646832683176,63479.7,24717.0,93.96366873002387,309.6,0.0,0.0,19.048672566371682,0.0,28.960176991150444,38.362831858407084,-3.939470047982569
819,Минераловодский,Ставропольский край,муниципальный округ,2,Промышленные и крупные города,44.2107377,43.134969,29382.375,36.07722914784928,5.466336587699302,14.816359726542276,5.148850326747656,7.742019722787603,30.749204488373884,,130865.0,57.38203492148397,309.1,,,,,,,-6.562985271374737
820,Невинномысск,Ставропольский край,городской округ,2,Промышленные и крупные города,44.6245814,41.9475941,29906.833333333332,39.97744844519155,5.546558641513738,14.152858410067202,4.73925500375612,7.3229062589907095,28.260973240480684,74252.0,114556.0,100.0,312.6,1.6482049913252368,0.0,44.39476845055385,23.858935006005606,10.082743894301348,20.0120112104631,-2.394718230848042
821,Нефтекумский,Ставропольский край,муниципальный округ,5,Аграрные районы,44.752205,44.985077,22592.625,39.75009807727539,5.9597281783831395,16.33721501044887,2.27006296530852,6.0039423596039265,29.678953408980156,,59801.0,49.35536195046906,296.3,,,,,,,-7.085187222012089
822,Новоалександровский,Ставропольский край,муниципальный округ,5,Аграрные районы,45.4952532,41.2198866,24749.166666666668,41.74223509418218,5.963637007772754,16.629013570192427,1.5713924251054525,6.2429079957389435,27.85081390700825,,62246.0,41.67818012402403,317.6,,,,,,,-3.656112477292058
823,Петровский,Ставропольский край,муниципальный округ,5,Аграрные районы,45.3406133,42.8459286,22738.958333333332,41.487186042785815,6.234400674835617,15.727029668992328,2.426886888469334,6.934574840032329,27.189921884884583,,68240.0,51.01699882766706,308.9,,,,,,,-5.2595467080038105
824,Пятигорск,Ставропольский край,городской округ,2,Промышленные и крупные города,44.039775,43.0706669,33806.083333333336,31.245271154333835,5.7867394765999,14.229508280211586,6.857746586791892,8.48913792875896,33.39159657330382,64260.2,211692.0,93.26616027058179,308.1,0.6022487910523037,0.0,25.935265671818907,3.4918562909781348,22.94478891624885,46.90123713175305,-9.105789660127313
825,Советский,Ставропольский край,муниципальный округ,5,Аграрные районы,44.403175,43.884163,22729.5,38.21219282506118,5.995152334030773,18.11031126279532,2.1055691511254886,5.87374698830411,29.703027438683133,,57692.0,57.08070443042364,303.2,,,,,,,-8.539159011051998
826,Александровский,Ставропольский край,муниципальный округ,4,Районы бюджетной экономики,44.7124773,43.0005,21276.416666666668,41.33423951630983,6.057432671378391,16.244337232263522,1.774995212222705,5.810134543908588,28.77886082391697,44256.8,46217.0,0.0,308.1,6.4953271028037385,0.0,5.677570093457944,2.663551401869159,13.341121495327101,66.56542056074767,-6.466958868050461
827,Андроповский,Ставропольский край,муниципальный округ,5,Аграрные районы,44.4616429,42.5082311,22299.375,42.55346112906262,6.095162386393995,18.598255158048712,1.6628549979945724,5.878677544669002,25.2115887838311,47160.6,33305.0,0.0,309.1,11.162296243798725,0.0,5.88235294117647,3.933380581148122,14.705882352941178,62.18993621545004,-4.446827571710096
828,Апанасенковский,Ставропольский край,муниципальный округ,5,Аграрные районы,45.910305,43.341801,21146.125,43.188136314214894,5.6547519998225555,17.68623777036741,1.2244492894770582,6.01444838454272,26.231976241575367,42531.2,29279.0,0.0,309.3,39.960199004975124,0.0,4.875621890547264,0.0,8.398009950248756,44.736318407960205,-4.682149355459987
829,Арзгирский,Ставропольский край,муниципальный округ,5,Аграрные районы,45.369194,44.212685,20070.958333333332,43.42282512711031,6.292493793023217,17.39371260233543,1.0991453628531274,5.50465949461576,26.287163620062152,43853.2,22666.0,0.0,303.9,13.001543209876543,0.0,5.864197530864197,0.0,13.078703703703704,63.50308641975309,-5.299207227192062
830,Будённовский,Ставропольский край,муниципальный округ,2,Промышленные и крупные города,44.780533,44.163357,26925.125,38.520751828732806,5.903911690247901,16.28811128901375,3.2971788284000874,7.569564694885682,28.42048166871977,54769.5,106466.0,53.05731407209814,302.0,7.078131930802864,0.3675305747417781,33.5149863760218,2.2115201824979405,11.387111082947849,45.42804638489323,-5.537059164279668
831,Грачёвский,Ставропольский край,муниципальный округ,5,Аграрные районы,45.2028215,42.3990568,20180.666666666668,44.20901847472127,5.388438669167585,18.276354216419158,1.688189031518864,5.32493868036154,25.11306092781159,50188.1,37958.0,0.0,313.3,10.731878958479944,0.0,6.368754398311048,4.679802955665025,12.491203377902885,58.409570724841664,-4.447539810906784
832,Кочубеевский,Ставропольский край,муниципальный округ,5,Аграрные районы,44.6867318,41.825956,23209.416666666668,43.993434023707486,5.773481367914688,16.435785875837265,2.399105443779365,6.113051861556232,25.285141427204966,53915.3,77707.0,0.0,313.6,20.48417132216015,0.0,16.15973515414856,1.5932133250569005,9.83860955927995,48.675770742809846,-2.441121317048196
833,Красногвардейский,Ставропольский край,муниципальный округ,5,Аграрные районы,45.840508,41.514591,21939.791666666668,46.45873489039404,5.56520989418574,15.87209039760663,2.1573123077525653,5.174572007569936,24.772080502491086,58768.1,35678.0,0.0,317.4,41.86998526281317,0.0,5.28901260848207,5.305387260520714,8.645816276404126,38.08744064188636,-0.8586858563737554
834,Курский,Ставропольский край,муниципальный округ,4,Районы бюджетной экономики,44.0431414,44.4625266,19903.166666666668,33.3374001815514,5.6573837448838304,20.099254507918772,1.8378996213287875,8.413762475080224,30.654299469236985,46725.1,52260.0,0.0,298.5,8.317815021725636,0.0,10.36623215394165,0.0,10.53176081109042,66.60459342023589,-15.53251352001888
835,Левокумский,Ставропольский край,муниципальный округ,4,Районы бюджетной экономики,44.822536,44.660427,19418.916666666668,41.099285765161994,6.44453454517661,19.592745541537685,1.734570897912199,6.034008972832111,25.0948542773794,46735.3,34715.0,0.0,299.9,7.802547770700636,0.0,5.7006369426751595,0.7961783439490446,15.636942675159235,66.56050955414013,-8.119344453661903
836,Новоселицкий,Ставропольский край,муниципальный округ,5,Аграрные районы,44.7564658,43.434083,20303.25,41.94377732815979,6.271182483815628,19.512275017556377,1.4699883194190286,5.816788455101634,24.985988395947544,45695.6,24490.0,0.0,305.5,33.19761979329784,0.0,4.008769182586909,0.0,7.735671782023176,49.357970560601316,-6.60482923039261
838,Степновский,Ставропольский край,муниципальный округ,5,Аграрные районы,44.2688631,44.5944095,19884.5,40.133985908124494,5.2189265441248995,20.416088850208975,1.2304707068280962,5.545194834243537,27.45533315647,45790.3,20369.0,0.0,295.6,20.38515735086895,0.0,4.086425551902302,0.0,12.86989196806012,59.69938938468765,-8.81503592544136
839,Труновский,Ставропольский край,муниципальный округ,5,Аграрные районы,45.4548156,41.9756382,21579.291666666668,43.826884101001944,6.286262439386261,17.45246006037344,1.7533145759154318,5.189770902566388,25.491307920756533,52560.6,32211.0,0.0,315.9,32.71913661489866,0.0,4.790734403790471,4.395893656225323,10.239536720189523,43.77467754672282,-3.708266506287499
840,Туркменский,Ставропольский край,муниципальный округ,5,Аграрные районы,45.426357,43.44257,19021.25,40.438452440330884,5.9135528513960836,18.700612152540565,1.383823756275329,7.209211724469547,26.35434707498759,43555.6,22025.0,0.0,304.6,17.55973931933382,0.0,5.1049963794351925,0.0,14.409847936278059,42.14337436640116,-9.125726105107061
841,Шпаковский,Ставропольский край,муниципальный округ,2,Промышленные и крупные города,45.1324913,42.0263304,31668.958333333332,37.14971267817219,5.197614521716442,14.703584193278488,4.753404352686533,7.375790969497829,30.819893284648515,59169.7,165229.0,67.89304540970411,316.6,8.918356734269372,0.0,17.849713988559543,12.948517940717629,25.637025481019244,34.386375455018204,-4.297698688442111
842,Хабаровск,Хабаровский край,городской округ,0,Столичные агломерации и центры услуг,48.4812568,135.0762968,45072.0,36.28755262449848,5.5792925448331125,6.836988743723412,6.558074785263536,6.836100869578583,37.90199043210287,106096.5,615570.0,100.0,173.3,1.6669493656818992,0.2555989027378912,15.955922349404286,13.43619678191038,28.744056009498685,39.941276590766854,0.6073933858481484
843,Комсомольск-на-Амуре,Хабаровский край,городской округ,2,Промышленные и крупные города,50.5497277,137.0099189,40116.916666666664,40.040911552926595,4.458213332684405,8.52258551222776,5.87290137624164,5.893650673671768,35.21173755224784,97973.0,235488.0,100.0,141.7,0.31323166487375814,0.0,42.23090552426754,7.466936657596659,11.989812061001077,37.98487628931216,2.4607079950510884
844,Амурский,Хабаровский край,муниципальный район,1,Ресурсные территории Севера и Востока,50.2265588,136.9100919,31946.916666666668,42.84124341930875,3.731960605060754,10.816771916122182,3.634623641881108,3.616371377935611,35.359029039691585,93168.1,55970.0,84.85259960693229,136.5,0.48613096940234485,0.0,34.31512725193023,9.007720903631684,10.008578781812982,45.39128777046993,1.6137664901399937
846,Бикинский,Хабаровский край,муниципальный район,1,Ресурсные территории Севера и Востока,46.819363,134.254822,33607.25,46.64811541815255,3.357026804598448,10.649997356316481,3.3792209772055757,5.280457018829806,30.685182424897135,71458.5,21147.0,73.65110890433631,139.8,0.0,0.0,1.982189026141913,12.984774490089054,16.202240735420855,56.363114047687446,6.198466628750145
847,Ванинский,Хабаровский край,муниципальный район,3,Транспортные узлы,49.090481,140.260864,39390.833333333336,45.79178543388959,3.7445429280097855,10.655670658139645,3.4056494280638274,4.672351285074278,31.730000266822874,115596.0,33535.0,75.22588340539734,135.5,7.0969598158626646,0.0,19.61254435599885,41.076052555864585,6.320130430612831,25.088711997698283,7.972238570436667
848,Верхнебуреинский,Хабаровский край,муниципальный район,1,Ресурсные территории Севера и Востока,51.134487,133.035553,37655.75,46.26017291190561,3.622894054425146,6.255007714002933,2.7203811501048225,3.2046013830233337,37.93694278653815,131180.9,24441.0,76.49441512213085,138.1,0.0,36.50390823266673,19.033600649680235,16.993198660034516,3.827022637295706,20.566439955334484,7.732291205714928
849,Вяземский,Хабаровский край,муниципальный район,4,Районы бюджетной экономики,47.533455,134.757874,27940.291666666668,50.14243836989093,4.285659678189033,9.535619321333993,1.2424567689861952,4.556556007460174,30.23726985413967,60401.3,19202.0,66.34204770336424,141.7,0.0,0.0,0.0,6.690279417552144,14.325068870523417,70.95631641086186,6.765889846687685
851,Лазо,Хабаровский край,муниципальный район,4,Районы бюджетной экономики,47.968636,135.054947,25203.625,50.111550960455,4.071834445535904,9.143393859084176,1.6306657972577243,4.480118480541512,30.56243645712568,62910.4,37861.0,54.44652808959087,143.8,1.9585253456221197,0.0,4.857910906298003,1.2096774193548387,11.405529953917052,72.94546850998464,5.047719034009671
852,Нанайский,Хабаровский край,муниципальный район,1,Ресурсные территории Севера и Востока,49.4412636,136.5486873372029,24920.958333333332,54.3198437658967,4.383493487268642,8.363125779805024,2.1185272704530025,4.609414918664265,26.20559477791236,98058.1,13922.0,0.0,139.3,2.217850116258272,0.0,49.88374172777678,0.0,4.399928456447863,28.832051511357538,9.086298805090028
853,Николаевский,Хабаровский край,муниципальный район,1,Ресурсные территории Севера и Востока,53.138729,140.72493,38142.916666666664,46.56606327291231,4.205453104734696,7.722055418014471,2.098769829881521,3.6980488514039296,35.70960952305307,111410.9,23555.0,85.04776056039057,127.7,5.9415096520633455,30.458906484799446,7.051207952837822,2.577736677840712,14.59946826956421,39.79886718298463,8.164625536466891
854,Охотский,Хабаровский край,муниципальный округ,1,Ресурсные территории Севера и Востока,59.3619947,143.2146511,41450.875,57.74248825678308,4.72286027374575,4.557377971462854,2.8042166385651393,3.6530133031010124,26.52004355634216,128142.3,6326.0,50.7745810938982,,8.795586883236286,36.74532638676065,10.052099295127185,2.9420778424762486,9.163346613545817,25.74318112166718,20.628441628243607
855,Полины Осипенко,Хабаровский край,муниципальный район,1,Ресурсные территории Севера и Востока,52.422848,136.48938,31743.291666666668,53.825868837161394,3.4448813384076025,4.9974142663821,2.2231911400409645,5.464126472665928,30.044517945342008,158798.8,3532.0,0.0,134.4,5.05716798592788,0.0,0.0,4.0457343887423045,7.783641160949868,16.97449428320141,12.495688656932767
856,Советско-Гаванский,Хабаровский край,муниципальный район,1,Ресурсные территории Севера и Востока,48.9663026,140.284958,36620.833333333336,45.48734549345233,3.8026604799889903,10.289661736163037,2.543673803831363,4.491200481454059,33.385458005110216,94696.8,36352.0,98.11839788732394,133.9,8.612975391498882,0.0,18.06487695749441,0.8575689783743475,15.734526472781507,55.98434004474273,6.4817579100929805
857,Солнечный,Хабаровский край,муниципальный район,1,Ресурсные территории Севера и Востока,50.723808,136.64006,29303.916666666668,49.471195383208055,3.5221623644315447,8.078097489184708,2.172674256055467,2.601492618275553,34.15437788884467,93058.4,26843.0,45.43456394590768,137.7,11.29212585848906,16.498961827184154,5.41447053186392,9.183836447851782,13.27264015333014,41.25539051269765,6.893603804323685
859,Ульчский,Хабаровский край,муниципальный район,4,Районы бюджетной экономики,52.3825564,140.4500273781285,28654.0,55.063630754947525,3.7554560521370637,7.86729323519956,1.3396989433003383,4.6095872921136944,27.36433372230182,83409.1,13977.0,0.0,129.6,2.563202247191011,0.0,9.410112359550562,3.335674157303371,10.74438202247191,62.21910112359551,11.96156048862676
860,Хабаровский,Хабаровский край,муниципальный район,0,Столичные агломерации и центры услуг,48.4812568,135.0762968,37583.791666666664,40.833201899082425,4.675494421932541,7.608716943367488,5.378868480902621,6.882701626516148,34.62101662819877,82059.1,82380.0,5.853362466618111,399.3,2.676038969046738,0.0,18.09100998890122,5.808361080281169,18.436305339745964,50.01849796522383,2.1942483501783796
870,Архаринский,Амурская область,муниципальный округ,3,Транспортные узлы,49.4224283,130.0858308,26641.333333333332,47.209413261414305,4.106577216172831,8.2167201203849,1.7877007448913986,5.543242849041479,33.136345808095086,86158.0,12372.0,60.21661817006143,144.0,5.106224375698845,0.0,20.536712635109954,17.18225866567275,14.051434960864704,42.82519567648155,3.1052942376269352
871,Белогорский,Амурская область,муниципальный округ,5,Аграрные районы,50.921326,128.47287,30377.125,42.848831005604055,4.533064465403371,8.155238074421325,2.676777422544349,6.728301795080722,35.05778723694618,66226.2,17004.0,0.0,175.9,14.01911697769686,0.0,24.2603550295858,1.5930814747382795,5.143377332726446,48.15657715065999,0.8061376731829349
872,Благовещенский,Амурская область,муниципальный округ,5,Аграрные районы,50.2600417,127.5337378,39232.791666666664,38.3817752731806,5.034914785753066,7.425692912991877,5.877807854115375,8.06569392979862,35.21411524416047,77201.6,35810.0,0.0,236.1,20.496323529411764,0.0,8.685661764705882,5.698529411764706,8.363970588235293,53.998161764705884,0.3886032625433434
873,Бурейский,Амурская область,муниципальный округ,1,Ресурсные территории Севера и Востока,49.7939604,129.8734105,27581.708333333332,44.79750696983819,4.3872152363820645,9.782411865856846,2.892537386215825,4.332407548215011,33.80792099349206,95304.5,16566.0,78.08764940239044,144.7,2.413479052823315,0.0,30.623861566484518,6.671220400728598,19.42167577413479,41.62112932604736,1.2748305564484026
874,Завитинский,Амурская область,муниципальный округ,3,Транспортные узлы,50.111154,129.4402341,25116.083333333332,48.29735170926448,4.639711562629198,9.065757388172022,1.9278178532971368,4.367811076462757,31.701550410174402,71923.9,11590.0,78.74029335634167,145.2,2.8153564899451555,0.0,2.9250457038391224,24.387568555758683,10.20109689213894,52.39488117001828,3.2463210573804724
875,Зейский,Амурская область,муниципальный округ,1,Ресурсные территории Севера и Востока,53.7403584,127.2716246,35557.0,40.33698418687231,3.7119694890100163,7.2849675695081215,3.8604540759774575,4.402091346934666,40.403533331697425,126833.2,11287.0,0.0,149.5,0.0,25.613382899628252,14.684014869888475,12.75092936802974,4.4609665427509295,26.394052044609666,0.881697608208208
876,Ивановский,Амурская область,муниципальный округ,5,Аграрные районы,50.358143,128.003128,28400.833333333332,43.95318637886792,4.757328304972482,7.4730642828864715,2.9245324677584423,6.742415165554,34.149473399960684,63576.6,20785.0,0.0,146.4,20.136713187126176,0.0,3.5602392480774707,5.183708345200797,7.832526345770435,61.15066932497864,0.8465210589986912
877,Константиновский,Амурская область,муниципальный район,5,Аграрные районы,49.6180004,127.9852534,25024.25,50.43555812364472,4.325496450409697,8.051393241926846,1.5591108537140443,4.295574453359826,31.33286687694486,68337.8,10666.0,0.0,144.0,30.093355299286106,0.0,3.2399780340472266,0.0,7.688083470620538,55.07962657880285,5.31334428004755
878,Магдагачинский,Амурская область,муниципальный район,1,Ресурсные территории Севера и Востока,53.4509086,125.8035421,28381.25,44.849555175210604,4.527793334821279,9.092709429246032,3.1696556220926353,4.370958670145508,33.98932776848394,119224.4,16478.0,70.99162519723268,148.3,1.2398117322925037,29.721042360234186,24.474801974514982,21.650786362070946,8.024337045115372,14.475949948341176,1.7787537942177796
879,Мазановский,Амурская область,муниципальный район,4,Районы бюджетной экономики,51.6624387,128.920503,26168.541666666668,49.14739159780881,3.131269987965821,5.748432891761788,2.197466770105438,6.525509840120629,33.24992891223751,65854.3,9173.0,0.0,145.7,5.230978260869565,0.0,3.7364130434782608,1.970108695652174,9.782608695652174,70.17663043478261,4.707368489257393
880,Михайловский,Амурская область,муниципальный район,4,Районы бюджетной экономики,49.621155,128.65097,24414.625,52.817488841332626,4.725554335402618,6.29803837306901,1.594755074872219,5.146603182096016,29.41756019322751,70692.2,12248.0,0.0,144.0,10.29585798816568,0.0,0.0,3.076923076923077,9.467455621301776,71.30177514792899,7.260463562875423
881,Октябрьский,Амурская область,муниципальный район,3,Транспортные узлы,50.371284,129.107193,29289.125,48.214167514600575,4.778325634059312,9.682797524376596,3.300083856637761,5.680389008604286,28.34423646172147,74927.2,18390.0,0.0,145.9,4.806529625151149,0.0,9.552599758162032,8.766626360338574,7.8295042321644495,50.030229746070134,5.615464680347665
882,Ромненский,Амурская область,муниципальный округ,4,Районы бюджетной экономики,50.718391,129.290924,23478.041666666668,48.94974902612297,5.609169593457647,7.216796449304594,1.935133948242378,5.741792345083203,30.547358637789202,60963.8,7209.0,0.0,145.7,0.0,0.0,0.0,6.051587301587301,8.333333333333332,71.92460317460318,2.8091170412094453
883,Свободненский,Амурская область,муниципальный район,1,Ресурсные территории Севера и Востока,51.377354,128.13475,27919.416666666668,42.992925621486314,4.3714814840885445,9.315075121554546,5.851255202713649,4.3068996413202045,33.162362928836735,227512.1,11318.0,0.0,165.1,0.0,0.0,49.66954183936373,4.928867480676599,35.16298868600874,9.678503416601322,-0.31736790571887297
884,Селемджинский,Амурская область,муниципальный район,1,Ресурсные территории Севера и Востока,53.068481,132.940369,32006.833333333332,40.52449715398405,4.707326339489676,7.846222253687025,4.1678916233966685,3.5313672984770816,39.22269533096549,129060.5,7107.0,66.24454762909807,138.1,0.9227045832703071,48.99410074118893,17.924671002874,10.013613674179398,5.596732718196944,13.749810921191951,-0.6227760108945533
885,Серышевский,Амурская область,муниципальный округ,3,Транспортные узлы,51.091206,128.38092,27168.541666666668,47.225594570091076,4.09936745588315,10.153923188419368,2.06960830583151,5.043585389761696,31.407921090013204,64016.9,20859.0,44.29742557169567,147.1,4.300091491308326,0.0,6.282403171698689,9.301616346447087,6.831351021652942,69.56389143031411,3.448732146524779
886,Сковородинский,Амурская область,муниципальный округ,3,Транспортные узлы,53.9862567,123.9373454,29100.666666666668,44.67232928756075,4.227109565283393,10.075740804598292,2.2891470909787563,4.348955120646752,34.38671813093206,107406.7,19790.0,67.85750378979283,149.2,0.0,6.281376270356312,38.43516591159544,27.20705277335619,8.301701971348107,19.627770295089995,1.9915043325329371
888,Тындинский,Амурская область,муниципальный округ,1,Ресурсные территории Севера и Востока,55.149694,124.7375884,36593.166666666664,40.59192657032227,3.628130106265458,8.506371875261154,3.3416966281727793,4.249155692383594,39.68271912759474,142195.3,13370.0,0.0,158.4,0.19540791402051783,36.05276013678554,31.88405797101449,13.873961895456766,1.937795147370135,13.352874124735385,1.5707677014848345
889,Шимановский,Амурская область,муниципальный округ,1,Ресурсные территории Севера и Востока,51.9987022,127.6719156,30435.958333333332,45.627409378867014,3.991922224143385,7.650918484794003,2.801662637308212,5.490663437826049,34.43742383706134,123760.6,5003.0,0.0,152.5,1.4345696291112666,0.0,0.0,12.526242127361792,0.0,8.187543736878936,3.6790350145303936
890,Архангельск,Архангельская область,городской округ,0,Столичные агломерации и центры услуг,64.543022,40.537121,39062.083333333336,38.72765259786548,4.70694761193505,11.10517125375553,5.91485544189293,5.9847168641012916,33.56065623044972,91197.6,301376.0,98.43683637715014,261.4,1.6493221309910253,0.0,12.42004009929349,13.885573801794921,23.15137483291961,48.359031888485774,0.7624309493727839
891,Коряжма,Архангельская область,городской округ,2,Промышленные и крупные города,61.3152522,47.1607291,30192.333333333332,43.603740023956234,4.422737549023075,12.911008798489295,4.620851505411416,4.088576120672601,30.353086002447387,73622.2,33663.0,100.0,287.4,4.88186080720787,0.0,33.52027213386044,7.11593270203181,14.691550979130275,28.095982348073917,1.5427827649303623
892,Котлас,Архангельская область,городской округ,3,Транспортные узлы,61.252151,46.647629,33373.375,41.55905662668576,4.387111698712251,12.512495858752489,4.723417028331426,5.439158209675243,31.37876057784283,78418.5,66838.0,99.87432298991592,296.1,0.0,0.0,17.724050172695875,28.958371205235412,13.197600436284313,40.17451372477731,1.062779332107807
895,Новодвинск,Архангельская область,городской округ,2,Промышленные и крупные города,64.419212,40.793793,28371.875,47.23579758982713,3.853594833924751,14.065838339984776,3.0679305929990286,3.0879294362844085,28.688909206979908,80850.2,32639.0,99.99693618064279,260.0,0.0,0.0,54.68715936341836,0.0,6.376716808371484,29.431000654022238,4.174273262547396
896,Северодвинск,Архангельская область,городской округ,2,Промышленные и крупные города,64.563385,39.823769,41947.125,38.469461256976054,4.264455370484454,11.786970521835928,7.020552530586379,5.7804059362747395,32.67815438384245,92164.9,156310.0,99.57584287633549,253.6,0.0,0.0,61.81848753625625,0.8687488615186291,10.496447938122662,24.9246850785377,1.6874167678098357
897,Вельский,Архангельская область,муниципальный район,3,Транспортные узлы,61.0756446,42.0979582,29510.0,46.14007357577426,3.9902299980779232,15.19515880462359,3.464559665812845,5.304969729321398,25.90500822638998,71844.4,44862.0,57.83290981231332,299.2,9.62089837527875,0.0,4.810449187639375,16.41711797812467,15.068493150684931,50.111500477859195,3.660918742364843
898,Верхнетоемский,Архангельская область,муниципальный округ,5,Аграрные районы,62.2353641,45.0007897,22939.958333333332,50.7555803160605,4.48724475901835,12.843929090715658,1.3876432087662975,4.180581595860962,26.345021029578238,65286.4,10925.0,0.0,276.0,23.09344790547798,0.0,0.0,0.0,3.4371643394199785,67.83029001074114,4.259284620204732
899,Вилегодский,Архангельская область,муниципальный округ,4,Районы бюджетной экономики,61.115704,47.97831,25103.75,43.605889399930824,4.969395110037967,15.660116691680258,2.435069069247538,5.721106278985799,27.608423450117613,63714.0,8586.0,0.0,284.8,9.74493132766514,0.0,3.727926749509483,3.662524525833878,11.70699803793329,63.63636363636363,-1.4176255506911726
900,Виноградовский,Архангельская область,муниципальный округ,4,Районы бюджетной экономики,62.855541,42.710133,25426.416666666668,53.87084988773954,3.9403820777198737,14.293644397586647,1.4948651290315311,5.003449566496412,21.396808941426002,64888.9,12371.0,0.0,276.5,7.959278111985192,0.0,8.838500694123091,0.0,10.64322073114299,61.499305876908835,8.993328855406045
901,Каргопольский,Архангельская область,муниципальный округ,4,Районы бюджетной экономики,61.509121,38.940796,26547.75,51.649403642544236,4.112185298400281,14.326100574241933,2.203749643709817,5.091402410322881,22.61715843078086,59758.9,14660.0,59.406548431105044,287.1,1.7263157894736842,0.0,4.757894736842106,4.715789473684211,19.11578947368421,68.33684210526316,7.488465010381777
902,Коношский,Архангельская область,муниципальный район,3,Транспортные узлы,60.973812,40.25671,27634.041666666668,48.20403549927495,3.157027379962879,14.387542938527357,2.2091553024618795,4.836530180344265,27.205708699428673,73751.9,17807.0,56.95513000505419,297.0,0.0,0.0,12.493677288821447,29.16034395548811,7.890743550834597,48.15376833586242,4.694716536583638
903,Котласский,Архангельская область,муниципальный округ,3,Транспортные узлы,61.252151,46.647629,24282.125,45.4771956475986,3.668706860340407,13.940120649217585,2.290230441145482,4.460317625150669,30.163428776547253,94195.2,17119.0,50.24826216484608,314.5,0.0,0.0,3.625730994152047,32.865497076023395,12.748538011695906,41.14035087719298,-0.05640439884160483
904,Красноборский,Архангельская область,муниципальный округ,4,Районы бюджетной экономики,61.556374,45.934135,22372.291666666668,52.69182655096557,4.357926512138223,12.722860897601965,1.7570678056159714,4.99088141883309,23.479436814845187,66348.3,10008.0,0.0,284.5,0.0,0.0,0.0,2.920792079207921,9.603960396039604,71.33663366336633,5.7906606612671085
905,Ленский,Архангельская область,муниципальный район,3,Транспортные узлы,62.172482,49.088966,28943.125,45.811943211729314,4.205996957522539,13.88906761374239,2.2987505932864787,5.191878351554943,28.60236327216434,87595.2,9646.0,40.14099108438731,274.4,0.0,0.0,0.0,29.098196392785567,11.022044088176353,42.565130260521045,3.0337123703367497
907,Мезенский,Архангельская область,муниципальный округ,1,Ресурсные территории Севера и Востока,65.843956,44.244141,24198.291666666668,56.16148090310925,4.978486832603743,8.869329270217545,1.678987134373055,3.580241200514673,24.73147465918174,106476.5,7098.0,39.94082840236686,240.9,2.8040658955485456,0.0,8.622502628811777,5.117420259376095,9.323519102698913,32.84262180161234,10.522897274442244
908,Няндомский,Архангельская область,муниципальный округ,3,Транспортные узлы,61.6612985,40.1970404,29028.666666666668,48.67386414044588,3.52077470794142,13.689879085244458,2.632152682103324,4.384167767968811,27.099161616296108,80817.5,22613.0,79.92747534603988,287.6,7.52783177239795,0.0,3.0040643223184307,31.224597985509806,9.878070330447075,39.86570065382576,5.950481303543883
909,Онежский,Архангельская область,муниципальный район,3,Транспортные узлы,63.911644,38.094822,28597.541666666668,50.01196617527103,3.9888038051710684,12.964147793593389,2.41565008309919,3.9169121134758074,26.70252002938951,73165.6,23456.0,76.49641882673943,250.5,10.553533805784332,0.0,21.854050948094233,14.001149205133116,8.293430377322352,39.95403179467535,7.041486674325446
911,Плесецкий,Архангельская область,муниципальный округ,3,Транспортные узлы,62.709524,40.2843885,29515.416666666668,48.56722950466062,3.602213520092728,13.577893081363893,2.7189192320455176,4.983754860489148,26.549989801348104,70221.1,33077.0,66.84403059527769,270.1,1.663448685578494,6.282489232140205,14.777959304916086,15.579979206891432,9.653943264518047,51.566909252933314,6.110444717304727
912,Приморский,Архангельская область,муниципальный округ,3,Транспортные узлы,64.543022,40.537121,35165.541666666664,39.80339906534346,3.49141562820516,13.339472244756575,4.513176651127963,6.103819148535269,32.748717262031576,86680.3,28908.0,0.0,325.4,2.8891509433962264,0.0,8.66745283018868,16.15566037735849,13.576061320754718,40.300707547169814,0.1342288411726925
913,Устьянский,Архангельская область,муниципальный округ,5,Аграрные районы,61.090485,43.171482,27355.166666666668,48.09539521909391,3.782150170585335,15.714080032978389,2.8397866346700678,5.100870144423233,24.467717798249065,75235.7,23280.0,40.1073883161512,293.7,13.62904668216777,0.0,5.991772491504204,10.230727955642998,9.068145233410839,45.00089429440172,4.416098146162809
914,Холмогорский,Архангельская область,муниципальный округ,4,Районы бюджетной экономики,64.2270008,41.6512435,22607.166666666668,54.60783053367607,3.680921385565422,16.14688722776827,1.5668344594953303,3.894736624359759,20.102789769135143,71012.4,17957.0,0.0,261.9,10.53896326810848,0.0,6.728458633710951,7.003089598352215,10.744936491589426,61.311362856162035,7.8760214946107325
915,Шенкурский,Архангельская область,муниципальный округ,4,Районы бюджетной экономики,62.1059279,42.9076435,24782.583333333332,49.042435344364904,4.477355384925446,14.95029000323553,1.5377381206208345,4.632014378872499,25.360166767980786,60597.0,10436.0,42.535454197010345,283.4,0.0,0.0,0.0,6.189555125725339,10.702772404900065,71.30883301096067,3.803446173537977
916,Нарьян-Мар,Ненецкий автономный округ,городской округ,1,Ресурсные территории Севера и Востока,67.6380175,53.0071044,46743.791666666664,38.11362725863454,3.8124480999989783,9.159623489395322,5.56800020028754,4.638568348944778,38.70773260273885,113701.9,24266.0,100.0,209.7,1.7427994863327827,1.311685929187305,14.694551458447991,14.566134654191892,22.20693450742983,45.48706659328563,3.096170186209359
917,Заполярный,Ненецкий автономный округ,муниципальный район,1,Ресурсные территории Севера и Востока,67.676239,53.129215,42387.0,41.68102935302209,3.3794910773940265,8.82500150488528,3.818242205051358,4.49766578714615,37.79857007250109,158968.4,17958.0,40.73950328544381,210.2,2.359383450513791,52.76500811249324,15.055435370470525,10.32990805840995,6.273661438615467,13.17604110329908,5.063365878148435
918,Астрахань,Астраханская область,городской округ,2,Промышленные и крупные города,46.3498308,48.0326203,30092.25,37.661561557474435,5.514470816895298,12.891236538124664,5.688863156931825,7.358081130369283,30.88578680020449,66194.2,465524.0,100.0,285.7,0.0,3.4043380994066723,8.789028304639626,0.0,16.945822390818012,51.64089096391402,-4.569335153800756
920,Ахтубинский,Астраханская область,муниципальный район,2,Промышленные и крупные города,48.2848132,46.1643706,23896.541666666668,45.15480397443353,4.865649463472792,17.298857418640313,2.607553504210201,5.7170618103226465,24.35607382892052,54862.5,57030.0,77.5048220234964,306.0,0.0,0.0,13.706731605496609,4.035484432075143,23.899808662376067,52.635240911462866,-0.7416628293406893
922,Енотаевский,Астраханская область,муниципальный район,4,Районы бюджетной экономики,47.2443998,47.0354919,20010.666666666668,48.32175276136842,4.928866010696916,18.50209670247838,1.487311296453664,6.282179338048128,20.477793890954484,69842.0,25039.0,0.0,293.7,0.0,0.0,33.00370828182942,3.9245982694684796,9.981458590852906,44.31396786155748,-0.41034581196679437
923,Икрянинский,Астраханская область,муниципальный район,4,Районы бюджетной экономики,46.0979213,47.7362688,18777.416666666668,48.47556410405281,4.6381166514941174,19.938814633074664,1.392035791412948,4.125972159801023,21.42949666016444,40442.6,47744.0,27.121732573726543,288.3,5.001190759704691,0.0,10.288163848535365,0.0,7.620862110026197,70.51678971183615,-1.3242934414016478
924,Камызякский,Астраханская область,муниципальный район,4,Районы бюджетной экономики,46.120527,48.0815617,17809.25,47.71662771909748,4.590568865343679,17.161951973890467,1.4048501135064786,5.471233256582871,23.654768071579024,39760.6,46892.0,44.0288322101851,286.7,4.433985632895714,0.0,12.756997770621748,0.0,10.230369085954917,69.60614317562546,-2.9367454700971654
925,Красноярский,Астраханская область,муниципальный район,2,Промышленные и крупные города,46.5329449,48.3526951,17802.583333333332,48.78213249264573,4.4722989416541825,16.853242598158083,1.7930058921964962,5.272471760616229,22.82684831472928,109649.2,35860.0,0.0,287.8,0.9189006912830888,4.046535154274153,60.5294216826842,7.772719608834936,10.689597032540888,15.95852301466869,-1.821630479105376
926,Лиманский,Астраханская область,муниципальный район,3,Транспортные узлы,45.7835085,47.2255472,19418.625,46.438131201878804,5.10749098614567,17.16496319076516,1.133989699313314,5.972144883973886,24.18328003792316,49802.5,27717.0,31.547425767579462,284.5,3.1695721077654517,0.0,4.183835182250396,19.84152139461173,10.301109350237718,60.443740095087165,-2.819661640196119
927,Наримановский,Астраханская область,муниципальный район,2,Промышленные и крупные города,46.6798783,47.86102647452168,26241.0,39.96261928983451,4.901064768987002,13.878218436413414,4.834684851987479,8.058152587382198,28.365260065395397,78100.7,47528.0,22.84127251304494,290.7,1.4214779476195114,5.140687372213027,38.44805763800993,10.719501509103301,10.670820757472494,31.973517671112845,-4.524903717448922
928,Приволжский,Астраханская область,муниципальный район,4,Районы бюджетной экономики,46.3387984,48.194564,28249.916666666668,38.11830265399722,4.844238790524042,14.240612956562849,4.9397182062828024,8.809184216268802,29.04794317636428,50571.5,66669.0,0.0,291.9,0.0,0.0,6.033549783549783,7.440476190476191,19.805194805194805,61.98593073593074,-5.171990980584135
929,Харабалинский,Астраханская область,муниципальный район,5,Аграрные районы,47.4083742,47.2538899,18649.041666666668,46.79702247625732,5.202429890917756,17.704673366880055,1.8840229580951569,7.0605494568221,21.351301851027618,51867.3,39434.0,46.05416645534311,291.1,23.879918125994998,0.0,5.731180350238799,8.937912212872414,10.188765067091198,49.57925858539914,-3.0865915848915972
930,Черноярский,Астраханская область,муниципальный район,4,Районы бюджетной экономики,48.061531,46.113724,19539.541666666668,46.03385047183472,4.419730722966842,20.55471351027781,0.942904855398369,5.819990850834375,22.228809588687888,51028.8,19298.0,0.0,306.0,3.7433155080213902,0.0,27.972027972027973,0.0,11.559029206088029,52.20074043603455,-3.0593094310915196
986,Владимир,Владимирская область,городской округ,2,Промышленные и крупные города,56.1288899,40.4075203,35397.708333333336,39.51179194414418,5.417444190611518,12.470332228838949,4.906894542971667,7.22777404769014,30.46576304574355,73898.5,346685.0,99.24917432251179,408.0,1.3319827804507471,0.045581159787287925,25.571030640668525,6.9101038237528485,26.90706507976703,39.235249430235505,-0.09209219119471387
987,Гусь-Хрустальный,Владимирская область,городской округ,2,Промышленные и крупные города,55.6149968,40.6708665,28203.5,44.7956705935249,5.154269116834025,14.02201309509253,3.3901295716464914,4.90280991297756,27.735107709924495,62463.2,51182.0,99.83587980149271,424.6,0.0,0.0,44.80274442538594,1.4751286449399656,16.14065180102916,37.16123499142367,1.5399491881373608
988,Ковров,Владимирская область,городской округ,2,Промышленные и крупные города,56.374603,41.311676,33020.666666666664,38.550335990971554,5.091934748977278,12.896753698173383,5.070547568270162,6.199881954359125,32.19054603924849,72958.9,128879.0,100.0,409.7,0.0,0.0,62.362498738520536,1.6323544252699564,15.919870824502977,19.865778585124634,-2.166777647898539
989,Муром,Владимирская область,городской округ,2,Промышленные и крупные города,55.5738,42.0447,30026.875,41.5510727894602,5.313555572240544,13.11575037375969,3.6577957842492315,6.734827650673507,29.62699782961682,66886.9,112091.0,93.50081630104113,394.3,0.0377591651791844,0.0,50.87189345050117,6.522037621859124,15.803926953178635,26.75751750652204,-0.6885032603143527
991,Александровский,Владимирская область,муниципальный район,2,Промышленные и крупные города,56.39211265,38.71124026724134,32805.75,40.891914168308915,4.99125557772006,15.15957698490798,4.077691770893053,6.081605395884592,28.7979561022854,63364.6,102657.0,86.15583934851009,426.7,0.0,2.380620910483085,29.15216483363497,8.276486147849088,22.052067381317,37.908951691493805,0.051909520595408896
992,Вязниковский,Владимирская область,муниципальный район,2,Промышленные и крупные города,56.2469403,42.1585948,25736.083333333332,44.795210935395936,4.8774579568454355,14.332754041289167,2.6640053192327313,5.855324125217947,27.475247622018784,49634.9,66875.0,64.7626168224299,386.8,1.9376579612468408,0.0,46.11625947767481,1.8197135636057287,11.954507160909857,36.20050547598989,0.08298058982160578
993,Гороховецкий,Владимирская область,муниципальный район,2,Промышленные и крупные города,56.20657,42.679035,25798.333333333332,46.72307079546683,4.005868674015891,16.157944883657287,1.222670743372241,4.491476228132885,27.39896867535487,62567.8,19901.0,60.82106426812723,383.7,0.7928642220019821,0.0,26.428807400066074,7.267922035018169,18.698381235546748,37.79319458209448,2.0683781926931317
994,Гусь-Хрустальный,Владимирская область,муниципальный район,2,Промышленные и крупные города,55.6149968,40.6708665,21547.375,53.85532218617617,3.407240068588238,17.51067224835321,1.6904995001400636,2.962879031900434,20.573386964841887,56544.8,38749.0,15.4455598854164,434.9,0.0,0.0,51.19286104534693,4.789655800400656,7.32107084319796,24.84064833363686,6.3415509907391545
995,Камешковский,Владимирская область,муниципальный район,2,Промышленные и крупные города,56.3462575,40.997098,24804.875,47.028828196691116,4.306243868307112,15.450362787085362,2.1174530794186004,3.728616545655906,27.368495522841908,65450.0,30466.0,38.65292457165365,396.5,0.0,0.0,41.17524916943522,4.879568106312292,16.05066445182724,35.527408637873755,1.7547648290966045
996,Киржачский,Владимирская область,муниципальный район,2,Промышленные и крупные города,56.1592229,38.8721255,32468.541666666668,42.80410571958016,4.532947475754696,16.18550786697155,3.266649901191333,5.437741429203427,27.773047607298846,77759.5,37950.0,69.21212121212122,441.6,0.0,0.0,54.88663017982799,0.4467776164414162,20.127331620685805,22.584608511113593,1.7870541349655742
998,Кольчугинский,Владимирская область,муниципальный район,2,Промышленные и крупные города,56.2939784,39.3759931,30402.0,43.59146778135734,4.914544392338285,13.944719085170329,2.957441094340556,4.638723907304013,29.953103739489485,65080.0,47188.0,79.9800796812749,421.3,5.433361074783023,0.0,38.77065747235763,4.553560813220782,14.897158482939007,35.7032457496136,1.524752739009949
999,Меленковский,Владимирская область,муниципальный район,5,Аграрные районы,55.3368374,41.6314063,21532.458333333332,48.64628906570465,4.8035528929136735,14.829248259038117,1.6971736261054562,4.226097876625772,25.79763827961233,50159.1,31240.0,41.29961587708066,381.6,11.036789297658862,0.0,29.661371237458194,1.0660535117056855,18.687290969899664,37.66722408026756,1.0850963278751349
1001,Петушинский,Владимирская область,муниципальный район,2,Промышленные и крупные города,55.92980185,39.4508310119064,32880.083333333336,42.22326724346488,4.803441182498673,16.6020127986071,4.053872156977399,5.496946152731175,26.82046046572078,78611.2,58074.0,79.84640286530977,433.1,0.9990173599737963,0.0,50.794300687848015,1.4248280379954144,17.17982312479528,27.98886341303636,1.4178048948128872
1002,Селивановский,Владимирская область,муниципальный район,4,Районы бюджетной экономики,55.8651703,41.7662028,21728.458333333332,50.68530824692675,4.394570217196465,16.573509854019452,1.2205928970221527,3.329443060710572,23.796575724124605,52714.3,16758.0,46.330110991765125,385.4,0.0,0.0,0.0,2.1153846153846154,20.91346153846154,51.92307692307693,3.2997338537598364
1003,Собинский,Владимирская область,муниципальный район,2,Промышленные и крупные города,55.9903976,40.0150802,25239.208333333332,48.12051142131765,3.9426719508111363,15.78856175675743,2.2193172427600296,3.792970010211095,26.135967618142658,68552.5,48500.0,73.21855670103092,416.3,7.479147358665431,0.0,57.63670064874884,0.917516218721038,14.606116774791476,28.368860055607044,3.0593923124862323
1004,Судогодский,Владимирская область,муниципальный район,2,Промышленные и крупные города,55.95650075,40.87630713906415,23717.041666666668,48.556010279796006,4.509250755945932,15.39755115915311,1.5496433169350678,4.696508203820782,25.2910362843491,53831.4,34005.0,29.466254962505513,401.2,1.6072980017376195,0.0,47.71213437590501,1.3032145960034751,16.521865044888504,30.596582681726037,2.5608007926791254
1005,Суздальский,Владимирская область,муниципальный район,2,Промышленные и крупные города,56.4193908,40.4487893,29169.833333333332,43.53152517485395,4.634336202023173,17.205131547210772,2.9275297484166827,5.722409957542342,25.97906736995308,63652.3,46532.0,19.195392418120864,399.1,6.744468020612307,0.0,23.734464989390723,1.8793573810245527,24.24977265838133,41.87632615944226,0.7600644234703855
1006,Юрьев-Польский,Владимирская область,муниципальный район,2,Промышленные и крупные города,56.4971948,39.67864,25470.791666666668,47.50917882416515,4.5683585398045405,15.100223275388606,1.7468108026336155,3.869795193654947,27.205633364353137,58722.3,30784.0,54.00207900207901,408.7,13.881401617250674,0.0,35.67577974586061,0.3850596842510589,15.036580670003852,24.740084713130535,2.621424287671382
1007,Волгоград,Волгоградская область,городской округ,2,Промышленные и крупные города,48.6484138,44.3849755901299,31720.625,37.38357730241941,5.766675590265294,12.615189047543641,5.813092877603478,7.1662244324364535,31.255240749731723,68989.9,1018898.0,100.0,325.6,0.62066720624978,0.29251856283210753,23.539166695991838,9.70633775556885,28.386617165781047,37.45469261357638,-3.978345614370197
1008,Волжский,Волгоградская область,городской округ,2,Промышленные и крупные города,48.7862021,44.7519454,29633.208333333332,39.20506673911604,5.518817773030863,12.334090070240016,5.222445472257439,6.917170544580588,30.802409400775048,67975.6,315220.0,100.0,332.9,1.6367017978921266,0.7191568505889647,53.141440085023476,3.202550704100611,15.00664245859534,26.291736781507396,-3.249111191341524
1009,Камышин,Волгоградская область,городской округ,2,Промышленные и крупные города,50.0808422,45.4048003,28712.541666666668,41.11775043407213,5.275694403216222,13.896176890245581,3.798086225751063,5.920869067994693,29.991422978720312,50409.5,105187.0,100.0,350.9,0.8412914961346065,0.0,43.91200545702592,2.5068212824010914,14.540700318326513,38.199181446111865,-1.8532344148999176
1010,Михайловка,Волгоградская область,городской округ,2,Промышленные и крупные города,50.0797109,43.2342365,25189.666666666668,41.30467116194034,5.62671985585279,14.971780938398682,3.141649901137632,6.805111224628339,28.150066918042217,51608.4,82402.0,72.3162059173321,336.7,3.51925630810093,0.0,31.465803452855244,6.108897742363878,16.683266932270914,42.21447543160691,-3.7609191758158724
1011,Урюпинск,Волгоградская область,городской округ,2,Промышленные и крупные города,50.7970972,42.0051866,24112.125,42.4206742001219,6.056689073465133,15.419051369406937,2.477108050930356,6.912415111017924,26.714062195057757,47746.3,35085.0,100.0,363.9,1.1146496815286624,0.0,28.19918934568616,5.949623624782861,15.19976838448176,46.80081065431384,-3.37753551166772
1012,Фролово,Волгоградская область,городской округ,3,Транспортные узлы,49.7645711,43.6539516,23414.041666666668,45.68763388502961,5.298357607285989,14.988386639210944,1.8150407734143201,5.629290404699227,26.58129069035991,52506.0,34173.0,100.0,339.8,0.0,7.013034697998899,14.797136038186157,25.29832935560859,11.510923444097669,40.70130346979989,-0.5294673987525034
1013,Алексеевский,Волгоградская область,муниципальный район,5,Аграрные районы,50.2909025,42.1849358,20927.0,43.399378115358,5.195555802326931,19.307556516493808,0.921969021221667,7.289025429876316,23.886515114723284,56323.5,14771.0,0.0,337.0,18.275229357798164,0.0,0.1834862385321101,9.871559633027523,10.935779816513762,44.18348623853211,-4.660087051274126
1014,Быковский,Волгоградская область,муниципальный район,4,Районы бюджетной экономики,49.7665,45.3831,18957.333333333332,48.70118309720519,5.151565644663437,16.50740393187461,1.6001410791875201,6.206652251829839,21.833053995239414,47241.5,24854.0,29.089884927979398,312.2,8.797379503977538,5.896116050538137,4.024333177351427,5.194197473093121,11.230697239120262,63.172671970051475,-0.9174307113113465
1015,Городищенский,Волгоградская область,муниципальный район,2,Промышленные и крупные города,48.810127,44.476082,21745.708333333332,44.4916402773554,4.737500844042279,17.38932585550613,2.5415776801092282,4.918110684139065,25.921844658847903,64417.6,59927.0,58.81489145126571,345.2,6.152921134382202,0.0,33.31997194107626,12.496242108427698,21.094298025854293,26.696061729632227,-3.018767623169845
1016,Даниловский,Волгоградская область,муниципальный район,4,Районы бюджетной экономики,50.3519626,44.1205144,21091.625,45.97633715135544,5.5877971682030925,17.857933802733218,1.228250558757105,5.305600931048582,24.044080387902568,46810.3,12175.0,32.6652977412731,330.6,0.0,0.0,3.2679738562091507,1.3725490196078431,11.96078431372549,59.869281045751634,-1.9161491419618866
1017,Дубовский,Волгоградская область,муниципальный район,4,Районы бюджетной экономики,49.06052,44.830776,20914.375,48.22873078678036,5.329784899602541,18.95098501069962,2.1070391642872566,4.814298598514155,20.569161540116067,59846.7,28637.0,50.59887558054265,331.8,0.0,0.0,19.51124903025601,5.740884406516679,15.244375484871995,57.37005430566331,0.16878558864677717
1018,Еланский,Волгоградская область,муниципальный район,5,Аграрные районы,50.946434,43.743038,22069.125,44.04362715383498,6.036800370386136,16.11007590001677,1.8127208545504356,6.980543726534151,25.01623199467753,53337.8,27976.0,48.881183871890194,337.2,11.570844358912677,0.0,31.0801058455617,3.921096944912196,9.50204474380563,43.34856867933606,-3.138066089692616
1019,Жирновский,Волгоградская область,муниципальный район,3,Транспортные узлы,50.978779,44.778908,23191.791666666668,44.491645464203714,4.82896342250183,18.26884551593577,2.0058245481660744,5.505332172448306,24.899388876744307,51685.6,35986.0,75.19868837881398,333.4,3.102803738317757,7.046728971962617,13.925233644859814,16.822429906542055,14.130841121495328,44.99065420560748,-1.838314424112291
1020,Иловлинский,Волгоградская область,муниципальный район,5,Аграрные районы,49.306286,43.979027,21509.5,43.15601078475195,4.568869930442283,17.14166098530203,2.6433282322479577,5.162664999274813,27.32746506798097,55517.8,30650.0,32.923327895595435,332.5,17.716763005780347,0.0,19.68208092485549,7.369942196531793,10.809248554913294,42.97687861271676,-4.411600071247214
1021,Калачевский,Волгоградская область,муниципальный район,3,Транспортные узлы,48.6818764,43.5379998,24340.791666666668,43.740208945053254,5.219658351619291,16.49439930625148,2.6452698773647754,5.931929409231594,25.968534110479606,50032.6,50507.0,46.68263805017126,325.9,10.111063031876533,0.0,9.750468772537142,16.616183470359154,14.856483484782924,48.66580124044425,-1.9217663468672905
1023,Киквидзенский,Волгоградская область,муниципальный район,4,Районы бюджетной экономики,50.741516,43.056446,21049.875,42.42412640985035,5.947272278602316,17.06140435259275,0.8277052645978408,6.630696938622228,27.10879475573451,44522.5,14536.0,0.0,337.9,0.0,0.0,1.932367149758454,2.691511387163561,14.492753623188406,65.63146997929607,-5.517709564632436
1024,Клетский,Волгоградская область,муниципальный район,5,Аграрные районы,49.311558,43.059322,20852.958333333332,45.42412594936605,4.668145423606147,17.41211244505723,0.7749609264985868,5.692830166210942,26.027825089261043,48814.3,15893.0,0.0,325.1,31.3836752509821,0.0,3.4046268005237885,2.0951549541684855,4.845045831514622,50.28371890004365,-2.6751703429501403
1025,Котельниковский,Волгоградская область,муниципальный район,2,Промышленные и крупные города,47.6332274,43.14109,24665.458333333332,44.62589965531825,5.0727664143424755,19.038138987277478,1.89618847110446,5.528511278053874,23.838495193903455,91629.7,36842.0,59.57874165354758,314.3,0.48083344463737143,0.0,48.831307599839725,6.9720849472418855,14.010952317350073,28.783224255375984,-0.7847425690502544
1026,Котовский,Волгоградская область,муниципальный район,3,Транспортные узлы,50.322208,44.801643,22819.25,46.91077570091377,5.620371654631525,16.001409283409078,2.547780897589794,4.672646640979745,24.247015822476083,57339.3,28608.0,70.31599552572708,328.0,1.6496635554590842,8.118081180811808,18.862600390709787,11.373996092902106,14.260907314955503,45.51769047102236,0.31246757329266317
1027,Кумылженский,Волгоградская область,муниципальный район,4,Районы бюджетной экономики,49.8800246,42.5912737,19449.583333333332,48.961449269064225,6.296122061040619,17.134718850573595,1.2715084299083403,6.421447948780419,19.914753440632804,46230.3,17511.0,0.0,330.1,0.0,0.0,1.5062213490504257,5.566470203012443,15.782580222658806,70.79240340537001,-0.2372181619174687
1028,Ленинский,Волгоградская область,муниципальный район,4,Районы бюджетной экономики,48.7102843,45.20405224111999,19668.708333333332,48.561617832337724,5.619145974949387,16.12117516941564,1.2436148616820055,5.503875207860371,22.950570953754877,42144.1,27111.0,47.43462063369112,325.1,3.0401034928848643,0.0,15.91203104786546,0.8732212160413971,8.926261319534282,70.3751617076326,-0.5056989110512458
1029,Нехаевский,Волгоградская область,муниципальный район,4,Районы бюджетной экономики,50.408291,41.752254,21200.416666666668,41.83884623118111,5.225057281289422,19.32493819365094,0.7428424561238166,7.1552600215805935,25.71305581617412,46399.0,12813.0,0.0,337.4,9.819121447028424,0.0,0.6029285099052542,0.0,11.714039621016365,73.64341085271317,-5.955588427037306
1030,Николаевский,Волгоградская область,муниципальный район,5,Аграрные районы,50.02859125000001,45.46389913481958,20671.208333333332,45.95006106012294,5.155369316333705,18.519655725841623,1.7557093625932658,5.812564800585282,22.80663973452317,48588.8,28193.0,46.75983400134785,310.3,23.492667028788702,2.2270505160239003,9.315589353612168,6.05649103747963,10.483432916892992,46.74090168386746,-2.272300972653065
1031,Новоаннинский,Волгоградская область,муниципальный район,3,Транспортные узлы,50.529675,42.667362,23133.625,42.725352225990854,5.096244510785342,17.301602120384306,1.779883606530976,7.19411909194209,25.902798444366443,48591.7,31431.0,46.95682606344055,342.1,10.623985154256554,0.0,6.796566921827882,15.472048248666203,14.752957550452331,46.92646717698909,-3.690613011575259
1032,Новониколаевский,Волгоградская область,муниципальный район,5,Аграрные районы,50.97493,42.366272,22784.125,44.92240375685821,5.621845528713386,16.220377505444088,1.3463024958596441,5.953045081824542,25.93602563130013,48614.9,19463.0,45.5222730308791,347.8,15.95238095238095,0.0,0.0,8.571428571428571,14.007936507936508,47.61904761904761,-1.7558815844433102
1033,Октябрьский,Волгоградская область,муниципальный район,4,Районы бюджетной экономики,47.968594,43.653126,21129.291666666668,49.838489777919094,4.945211209744221,17.740158115387334,1.332387845833785,6.229397334825712,19.914355716289855,51795.1,20005.0,30.177455636090976,315.5,0.0,0.0,9.544235924932975,5.844504021447721,11.420911528150134,64.50402144772119,1.9801372718831454
1034,Ольховский,Волгоградская область,муниципальный район,4,Районы бюджетной экономики,49.852688,44.562557,21076.208333333332,47.39303314115374,4.922384737137328,19.105264511487807,1.6178625534414064,4.937159929438527,22.024295127341198,57618.6,15780.0,0.0,330.1,0.0,0.9528851244044468,8.470089994706195,16.993118051879303,14.875595553202754,53.83800952885125,-0.533720069773282
1035,Палласовский,Волгоградская область,муниципальный район,5,Аграрные районы,50.04529814999999,46.89316089497515,20575.791666666668,47.233300892231725,5.185892095466961,15.98722891502492,1.718899420005706,5.376537348603464,24.498141328667224,45990.7,37911.0,38.40046424520588,314.0,11.723954169997336,0.0,5.888622435385026,9.858779642952305,13.189448441247004,56.35491606714629,-1.0423255878164228
1036,Руднянский,Волгоградская область,муниципальный район,5,Аграрные районы,50.796791,44.556606,21378.083333333332,42.08611275260819,5.622118441901517,18.899568230938772,1.544585165607877,6.282170030503739,25.565445378439904,45232.0,14070.0,41.23667377398721,332.2,12.763532763532764,0.0,2.678062678062678,16.63817663817664,12.307692307692308,49.85754985754986,-5.64485287681951
1037,Светлоярский,Волгоградская область,муниципальный район,2,Промышленные и крупные города,48.477432,44.785168,21912.291666666668,43.41154468325572,5.245571457114177,18.03811913968435,2.708004408324077,5.728995535190642,24.86776477643103,60865.2,33189.0,32.510771641206425,321.6,6.423982869379015,0.0,28.96145610278373,6.076017130620985,12.981798715203427,45.55674518201285,-3.95330137241195
1038,Серафимовичский,Волгоградская область,муниципальный район,4,Районы бюджетной экономики,49.580608,42.730164,21705.291666666668,45.55894867834078,5.0080825172696795,18.028994840462218,1.3117781185290314,6.345196263706974,23.746999581691316,47142.2,21811.0,38.91614323048003,328.9,0.0,0.0,11.439842209072978,2.4161735700197235,13.510848126232741,68.29388560157791,-1.853529746493757
1039,Среднеахтубинский,Волгоградская область,муниципальный район,2,Промышленные и крупные города,48.7128782,44.86866064696045,25833.708333333332,41.57481165145017,5.353399897207078,15.346624309504634,4.095914631034455,6.152805013263199,27.47644449754047,63569.6,61526.0,49.91710821441342,336.5,10.624191461836999,0.0,36.060802069857694,1.7302716688227686,13.389391979301424,37.435316946959894,-3.1523794015210487
1040,Старополтавский,Волгоградская область,муниципальный район,4,Районы бюджетной экономики,50.475101,46.480801,20029.083333333332,41.754622024091795,4.677509666607257,17.98448271459513,1.6945524627693953,6.702720043312869,27.186113088623546,45600.5,16630.0,0.0,320.7,11.645422943221321,0.0,1.3325608342989572,1.100811123986095,9.907300115874856,71.03128621089225,-6.999943433811655
1041,Суровикинский,Волгоградская область,муниципальный район,4,Районы бюджетной экономики,48.605141,42.844147,21789.291666666668,45.92569825643649,5.094182527072891,17.131460294550926,1.5946525090755443,6.163811969279458,24.09019444358469,41045.0,33010.0,57.02514389578916,325.1,4.5576962916925625,0.0,20.92396933913404,10.503418272218768,11.704992749119537,52.01988812927284,-1.4687193493220805
1044,Чернышковский,Волгоградская область,муниципальный район,5,Аграрные районы,48.422199,42.225616,21145.458333333332,49.0907694604196,5.433954423660128,18.29174268947763,1.0525410481043596,6.470077603602363,19.660914774735918,47213.5,12986.0,26.09733559217619,323.5,15.984896161107615,0.0,2.1397105097545626,6.733794839521712,15.544367526746381,53.241032095657644,1.2483246299692128
1047,Бабаевский,Вологодская область,муниципальный округ,3,Транспортные узлы,59.3887129,35.9499951,25926.25,49.07074628455759,3.26189214805132,13.754020763543243,2.343909778492149,5.330556757718171,26.23887426763752,72929.0,18827.0,62.245710947044145,320.2,7.008622595622374,0.0,6.875967278355074,44.461640504090205,8.644704841919081,31.79305770506301,4.51575024578549
1048,Бабушкинский,Вологодская область,муниципальный округ,4,Районы бюджетной экономики,59.7567364,43.1335636,21773.5,49.16338758644713,3.9151559070632875,11.678178732626082,1.9719226611392828,6.415353043146353,26.856002069577865,54216.2,9515.0,0.0,308.4,0.0,0.0,0.0,0.0,7.552083333333333,60.9375,1.8293560161145934
1049,Белозерский,Вологодская область,муниципальный округ,5,Аграрные районы,60.03199,37.7842189,25301.083333333332,40.692163533564845,3.618624183092641,12.045395610447034,11.084427925840073,4.7239262159817,27.835462531073702,58608.9,13265.0,60.776479457218244,308.9,12.570028011204482,0.0,22.093837535014003,0.0,8.61344537815126,47.128851540616246,-4.273052799034445
1051,Великоустюгский,Вологодская область,муниципальный округ,2,Промышленные и крупные города,60.7612852,46.3014666,27028.375,44.278000587297655,3.8965412979018024,11.73360605502548,3.0761819438411915,6.084578846757036,30.93109126917683,55556.5,49167.0,69.26393719364614,297.3,6.121827411167512,0.0,21.95939086294416,3.6243654822335025,15.52284263959391,51.10659898477158,0.37002025858302956
1052,Верховажский,Вологодская область,муниципальный округ,4,Районы бюджетной экономики,60.7451617,42.047316,23828.625,51.06561380990351,3.662016314038883,13.015677241918297,1.3908160246503563,5.13480939215026,25.731067217338694,50373.1,12428.0,0.0,304.6,8.109619686800896,0.0,9.451901565995525,2.1812080536912752,21.644295302013422,53.187919463087255,5.133623038543197
1053,Вожегодский,Вологодская область,муниципальный округ,5,Аграрные районы,60.4736301,40.2121613,23984.541666666668,53.31875981847974,3.4842599038020956,12.82041804615318,1.705971795047669,4.793739260955135,23.876851175562173,61437.4,13654.0,43.86992822616083,303.4,15.679012345679014,0.0,0.0,12.962962962962962,13.950617283950617,45.98765432098765,7.529266036134061
1054,Вологодский,Вологодская область,муниципальный округ,5,Аграрные районы,59.2189391,39.8933913,30124.875,42.41729249207747,4.4240762239263045,12.835956183728422,4.282219289210335,6.626490347585796,29.413965463471666,62777.5,52112.0,0.0,468.2,35.68743286788399,0.0,8.364661654135338,9.559613319011815,9.693877551020408,36.170784103114926,0.24915302678263826
1055,Вытегорский,Вологодская область,муниципальный район,5,Аграрные районы,61.006498,36.4514921,28971.5,51.4314586667569,3.6493235899848533,12.472816024736924,1.7380883499811952,6.048365602984775,24.659947765555348,70995.3,21919.0,46.51215840138693,295.6,29.52058882037,0.0,7.9172468669186395,14.183409588223592,7.479610105430674,30.793713944698624,8.635780638392564
1056,Грязовецкий,Вологодская область,муниципальный округ,3,Транспортные узлы,58.8841692,40.2515006,24109.583333333332,51.36502499916732,4.153670762144871,12.256535651434492,1.9457702238864332,4.09664145802216,26.182356905344722,70749.0,31660.0,61.86670878079595,344.7,15.031864782488224,0.0,24.411194236630646,22.374619008035467,11.041839844832364,26.62787475755057,5.657496328705136
1057,Кадуйский,Вологодская область,муниципальный округ,2,Промышленные и крупные города,59.199219,37.148609,24948.666666666668,50.902407475950575,2.9672065900911386,13.127280223691152,1.9017794952128204,4.4266688054082595,26.674657409646063,72910.8,16433.0,81.71971033895211,323.0,5.2063247204010805,0.0,30.158118010026996,4.473582722715002,18.70420362514462,40.763594292325486,5.746785029223292
1058,Кирилловский,Вологодская область,муниципальный округ,5,Аграрные районы,59.8590575,38.3758696,22773.208333333332,43.18107364307189,3.78728441010745,13.910562133358411,1.5871874963695192,5.046012855320279,32.487879461772444,55213.1,14038.0,50.370423137199026,315.9,11.044101017715793,0.0,4.560874481718809,9.234828496042216,24.161326799849228,49.6042216358839,-3.437999269124492
1059,Кичменгско-Городецкий,Вологодская область,муниципальный округ,4,Районы бюджетной экономики,59.9923379,45.8055674,22320.416666666668,45.81132399717574,3.829581024781227,12.068455311321632,2.212177494406087,6.746747437710467,29.331714734604848,47517.9,14278.0,0.0,305.5,0.0,0.0,0.0,4.4895448954489545,12.361623616236162,59.286592865928654,-1.1641522379303988
1060,Междуреченский,Вологодская область,муниципальный округ,5,Аграрные районы,59.3746522,41.0282183,21655.875,55.499641735155905,4.544817689291255,13.478241625794382,0.7444992019441988,2.797101230261398,22.935698517552865,51162.5,4834.0,0.0,326.1,21.638141809290953,0.0,7.090464547677261,0.0,5.378973105134474,51.1002444987775,8.085587347562363
1061,Никольский,Вологодская область,муниципальный округ,5,Аграрные районы,59.5304186,45.4585029,23068.25,48.540692334743454,3.999850338565303,12.837265346833995,1.5964447589225192,7.031235986735962,25.994511234198765,48311.4,18641.0,40.566493213883376,311.0,12.008113590263692,0.0,6.653144016227181,0.0,11.683569979716024,53.022312373225155,2.0954051754655367
1062,Нюксенский,Вологодская область,муниципальный округ,3,Транспортные узлы,60.419796,44.254551,23692.125,47.55128459378583,3.5001363254824036,13.632348644077355,1.3534082680643724,6.405937404879664,27.556884763710382,71691.6,8427.0,0.0,301.3,0.0,0.0,3.3642691415313224,39.21113689095127,11.658932714617169,38.167053364269144,1.5934223286598115
1063,Сокольский,Вологодская область,муниципальный округ,2,Промышленные и крупные города,59.462799,40.112858,26512.791666666668,46.149211728420156,4.143367619814355,13.698349685104061,2.7728116909088674,4.715051507136464,28.5212077686161,60325.8,44621.0,84.9801662894153,329.2,1.4427860696517412,0.0,43.77114427860697,6.169154228855722,8.895522388059701,39.54228855721393,1.893406800067883
1064,Сямженский,Вологодская область,муниципальный округ,5,Аграрные районы,60.021656,41.060516,21929.166666666668,54.7961807088726,3.970141156508152,12.386665511461802,0.9685270394407283,5.850449065624558,22.02803651809216,58762.2,8005.0,0.0,314.8,17.64192139737991,0.0,6.11353711790393,0.0,9.519650655021834,51.790393013100434,7.555917041731881
1065,Тарногский,Вологодская область,муниципальный округ,4,Районы бюджетной экономики,60.50661565,43.56205408043196,23600.0,51.04074862596487,4.29757249611061,12.6808001597318,1.4136953465307773,6.570592329560722,23.996591042101215,53705.2,10381.0,0.0,298.2,5.9427732942039615,0.0,8.290535583272193,2.494497432134996,17.168011738811444,66.25091709464417,4.986140241628782
1066,Тотемский,Вологодская область,муниципальный округ,3,Транспортные узлы,59.9736254,42.7587335,25026.166666666668,47.55091810179999,3.696954373929593,14.096205690711038,2.5583781673179313,4.447907383091209,27.64963628315024,62840.2,21923.0,39.39698034028189,311.0,13.19894408447324,0.0,12.38300935925126,17.30261579073674,14.230861531077514,41.06071514278858,2.4218664782660437
1067,Усть-Кубинский,Вологодская область,муниципальный округ,4,Районы бюджетной экономики,59.631699,39.726299,22448.75,52.42972063509933,3.900653174951698,15.196191220568982,1.3445879120903332,5.447511210096507,21.68133584719315,52990.2,7282.0,0.0,321.6,5.112960760998811,0.0,4.875148632580261,2.972651605231867,26.7538644470868,57.19381688466112,5.560500053825989
1068,Устюженский,Вологодская область,муниципальный округ,4,Районы бюджетной экономики,58.8428204,36.4296982,23790.916666666668,50.114284754157254,3.433541663745448,15.702488131589357,2.5970786550158342,5.122689904598621,23.02991689089349,51007.9,15130.0,49.91407799074686,334.4,4.148936170212766,0.0,13.829787234042554,0.0,10.0,66.38297872340425,4.126153687824357
1069,Харовский,Вологодская область,муниципальный округ,4,Районы бюджетной экономики,59.9533237,40.2068249,23988.791666666668,55.60984473784048,3.2298176673549817,11.111465961994044,0.9662297715387125,3.950261702258104,25.132380159013668,56509.7,12814.0,64.81192445762447,314.5,0.0,0.0,11.252955082742316,6.382978723404255,17.163120567375888,46.05200945626478,9.799866924222416
1070,Чагодощенский,Вологодская область,муниципальный округ,2,Промышленные и крупные города,59.16383,35.329369,27982.666666666668,39.86583051874988,3.6760639850049763,16.048800896412754,1.9867505102872909,4.939130347461443,33.483423742083644,65786.9,10919.0,74.72295997801996,321.8,0.0,0.0,42.33250620347395,9.67741935483871,10.76923076923077,35.235732009925556,-3.470778724119567
1071,Череповецкий,Вологодская область,муниципальный район,3,Транспортные узлы,59.128696,37.916389,29100.541666666668,46.64901032428243,4.016869505771393,10.60168646733338,3.9956387005323437,7.629717670958712,27.107077331121744,77639.9,39202.0,0.0,448.4,11.00721346513492,0.0,10.04541811381245,23.430403419716804,11.541544215869623,35.693294149078284,3.9300196566721977
1072,Шекснинский,Вологодская область,муниципальный район,2,Промышленные и крупные города,59.2069457,38.5009851,26989.583333333332,47.65789393471948,3.5662469462185173,13.39130357168046,3.0878942451181834,4.671760898400498,27.624900403862863,64438.2,28758.0,55.421100215592176,325.4,8.495997753124561,0.0,35.7955343350653,10.93947479286617,10.139025417778402,34.15250667041146,3.7233236056941026
1107,Иваново,Ивановская область,городской округ,2,Промышленные и крупные города,56.9984452,40.9737394,33023.083333333336,38.78047307461556,5.150542575536417,12.522671823279493,5.474026164455228,6.418329753737371,31.65395660837593,60499.5,358437.0,100.0,405.9,0.3248632154882155,0.0,24.38315446127946,4.783512205387205,23.628209175084177,46.88289141414141,-1.9470269121730392
1108,Вичуга,Ивановская область,городской округ,4,Районы бюджетной экономики,57.2200735,41.9239228,21269.708333333332,48.23011745978541,4.583778768901273,16.545505519824037,1.7169783319332044,4.15693712819255,24.76668279136352,38989.2,29623.0,100.0,380.9,0.0,0.0,7.757125154894672,0.0,16.03469640644362,56.43122676579926,0.44412218777063656
1109,Кинешма,Ивановская область,городской округ,2,Промышленные и крупные города,57.4426901,42.1687834,25964.041666666668,43.37664328669601,4.463755925342725,14.463306679591085,3.043068356201449,6.277016743319484,28.376209008849244,45411.7,74804.0,100.0,367.7,0.0,0.0,32.21120389700766,2.740083507306889,14.54418928322895,48.625608907446065,-1.2283569465811126
1110,Кохма,Ивановская область,городской округ,2,Промышленные и крупные города,56.9315448,41.0939402,28438.375,42.41023186057137,4.358589902902967,14.464857068884928,3.978800658501311,4.46491982535884,30.322600683780582,48308.4,30181.0,100.0,384.9,0.0,0.0,33.0945558739255,0.0,13.789398280802292,46.597421203438394,-0.7047921797694453
1111,Тейково,Ивановская область,городской округ,2,Промышленные и крупные города,56.8554753,40.5405863,24211.541666666668,45.4507479817027,4.104377509874795,15.629474896443266,3.411340825068881,4.7140819806496586,26.689976806260702,43157.2,30506.0,100.0,394.6,0.0,0.0,32.997299729972994,2.8442844284428443,11.305130513051305,47.524752475247524,-0.22089571279625014
1112,Шуя,Ивановская область,городской округ,2,Промышленные и крупные города,56.8558465,41.3838496,25483.5,43.95440140485474,4.769137619580438,14.37580288526951,3.5065660218707455,4.8457242145134085,28.54836785391115,53084.6,53312.0,100.0,396.5,0.0,0.0,36.02101416171768,2.1014161717679305,12.163088168113294,49.66879853814527,-0.9288840543909521
1113,Вичугский,Ивановская область,муниципальный район,4,Районы бюджетной экономики,57.2200735,41.9239228,21009.833333333332,49.04585130854374,4.170161064125535,18.346919516211155,1.1661519720173263,3.6903458841736465,23.580570254928602,39526.4,15732.0,64.80422069666922,392.4,0.0,0.0,3.653693407466243,0.0,10.40508339952343,41.06433677521843,1.0144356202188767
1115,Гаврилово-Посадский,Ивановская область,муниципальный район,5,Аграрные районы,56.5585501,40.1205669,20513.666666666668,49.063084828818084,4.209742036863981,18.0737767660398,1.102922458835836,4.09974295880896,23.45073095063334,47938.5,11865.0,58.550358196375896,396.7,25.796568627450984,0.0,8.63970588235294,1.715686274509804,15.134803921568626,44.17892156862745,0.6836146845169017
1116,Заволжский,Ивановская область,муниципальный район,4,Районы бюджетной экономики,57.47784385,42.14006934304795,22215.75,47.06425450709912,5.127889015188933,16.994771407859233,1.7486313190459606,5.01139796286399,24.053055787942757,41322.1,12153.0,68.92125401135523,357.7,0.0,0.0,9.738134206219312,0.0,13.420621931260229,69.88543371522094,-0.0729912507950676
1117,Ивановский,Ивановская область,муниципальный район,2,Промышленные и крупные города,56.9984452,40.9737394,33093.958333333336,36.119525568510774,4.479362650576099,14.268616103074553,4.9849352773361,6.846430816562639,33.30112958393984,62846.8,40478.0,0.0,622.7,1.2163892445582587,0.0,39.372599231754165,13.21382842509603,16.043533930857876,27.01664532650448,-4.61148697248527
1118,Ильинский,Ивановская область,муниципальный район,4,Районы бюджетной экономики,56.9713637,39.7714702,19675.25,49.90381754251869,3.5580809866134064,23.071778940362737,0.6667469845385389,3.3000486859865696,19.49952685998006,42474.4,7336.0,44.465648854961835,388.7,0.0,0.0,4.9397590361445785,1.566265060240964,12.771084337349398,47.2289156626506,0.8888138890006204
1119,Кинешемский,Ивановская область,муниципальный район,2,Промышленные и крупные города,57.4426901,42.1687834,22090.708333333332,49.034814792416185,3.6911342901850595,15.626160382664581,1.5676714718965696,4.100741745618932,25.97947731721868,43331.1,17408.0,44.69209558823529,395.3,0.0,0.0,42.13416089758893,0.0,4.105991883504417,44.95106230603963,1.8589130092608412
1120,Комсомольский,Ивановская область,муниципальный район,4,Районы бюджетной экономики,57.027321,40.377602,22439.083333333332,47.74467889970709,4.328301810209158,18.74047159366348,1.5033455852890327,2.9191978974798487,24.76400421365139,55184.8,19537.0,43.05164559553668,380.4,0.0,0.0,23.122529644268774,0.0,16.007905138339922,56.258234519104086,0.8364767417981213
1121,Лежневский,Ивановская область,муниципальный район,4,Районы бюджетной экономики,56.775677,40.887329,20391.0,48.74859115472849,3.8480766985813903,17.05830966166587,1.4055824128409597,3.2131561108279283,25.72628396135536,58888.5,14905.0,47.19221737671922,387.0,0.0,0.0,10.922242314647377,0.0,8.354430379746836,30.596745027124772,0.32222809289061566
1122,Лухский,Ивановская область,муниципальный район,4,Районы бюджетной экономики,57.007736,42.252235,18505.416666666668,55.19292308928431,2.7138365055649567,15.195071582048195,0.7534285234696465,3.752054703833121,22.392685595799765,40833.5,7399.0,33.504527638870115,364.3,0.0,0.0,0.0,0.0,9.876543209876543,69.54732510288066,5.149081450890694
1123,Палехский,Ивановская область,муниципальный район,4,Районы бюджетной экономики,56.8023842,41.8539925,21136.541666666668,50.60905158173997,3.977624425098115,17.04358381204778,1.076550572872284,3.562895911362977,23.730293696878864,48758.0,8518.0,52.2423104015027,373.3,0.0,0.0,0.9189640768588136,6.098579782790309,13.868003341687551,45.614035087719294,2.718178498836423
1124,Пестяковский,Ивановская область,муниципальный район,4,Районы бюджетной экономики,56.7087539,42.6705083,18743.541666666668,56.074197407098104,2.4377814137769276,15.620187098984772,0.7528795537247491,3.9366148454374215,21.17833968097802,42939.3,4744.0,62.22596964586846,366.2,0.0,0.0,0.0,0.0,15.163147792706333,68.71401151631477,6.309966057085988
1125,Приволжский,Ивановская область,муниципальный район,4,Районы бюджетной экономики,57.380333,41.281178,22824.708333333332,46.75595833912958,4.293662071396614,17.20944978988566,1.9335390148825442,4.433878119915274,25.373512664790326,49070.0,21589.0,73.52355366158692,370.2,0.0,0.0,8.338678640153944,0.0,19.724182168056448,54.23348300192431,0.08868416660322287
1126,Пучежский,Ивановская область,муниципальный район,4,Районы бюджетной экономики,56.9820977,43.168062,19401.916666666668,52.12634212663264,4.968195340290857,18.161622446906474,0.6637318274437335,3.6263397227174665,20.453768536008834,42853.9,10538.0,62.46915923325109,358.4,7.202881152460984,0.0,7.202881152460984,5.042016806722689,10.444177671068427,60.26410564225691,2.8876538890164243
1127,Родниковский,Ивановская область,муниципальный район,2,Промышленные и крупные города,57.105225,41.72839,22012.083333333332,50.85576587462458,4.54205603855498,16.364864139514953,2.067399742576962,3.170094725835585,22.999819478892938,44956.0,29807.0,79.18609722548395,371.4,0.0,0.0,51.62393162393163,0.0,15.2326685660019,32.801519468186136,3.630287280881181
1128,Савинский,Ивановская область,муниципальный район,4,Районы бюджетной экономики,56.5907172,41.2151323,20170.0,52.880472071195385,3.448670369283461,16.734666586639094,0.9596148085900902,2.651276420048736,23.325299744243242,44763.1,9719.0,46.373083650581336,377.6,0.0,0.0,3.2653061224489797,0.0,15.612244897959185,54.38775510204081,4.250024709042166
1129,Тейковский,Ивановская область,муниципальный район,4,Районы бюджетной экономики,56.8554753,40.5405863,21691.458333333332,47.744744423812605,3.714336538296576,15.44351954340387,1.5171130599968046,3.675843821073381,27.904442613416762,41697.3,9988.0,18.982779335202242,408.5,0.0,0.0,9.878682842287695,0.0,12.99826689774697,54.93934142114385,0.2794503843251186
1130,Фурмановский,Ивановская область,муниципальный район,2,Промышленные и крупные города,57.248756,41.10923,21823.0,49.052160420387295,4.580487067837472,15.404453486690981,2.997238013974207,3.4682137201423457,24.497447290967703,55508.6,33630.0,86.01248884924175,374.0,0.0,0.0,49.34065934065934,0.0,7.9853479853479845,33.22344322344322,1.7015849077666654
1131,Шуйский,Ивановская область,муниципальный район,4,Районы бюджетной экономики,56.8558465,41.3838496,24728.708333333332,43.91697261399216,4.353787185558049,14.105639276361329,3.1588080229375994,5.550971590053163,28.913821311097703,42714.8,19184.0,11.905754795663052,425.0,0.0,0.0,21.55963302752294,0.0,7.79816513761468,46.42201834862386,-1.4824120155315978
1132,Южский,Ивановская область,муниципальный район,4,Районы бюджетной экономики,56.5840428,42.0109249,21442.75,49.174259612281325,3.8292009238527513,17.633410651404606,1.4106289016485725,4.058894929003768,23.89360498180898,46097.5,19100.0,65.67539267015707,373.1,0.0,0.0,0.819672131147541,0.0,15.676229508196721,77.92008196721312,1.548517931855314
1133,Юрьевецкий,Ивановская область,муниципальный район,4,Районы бюджетной экономики,57.30654364999999,43.10327169573893,20234.541666666668,50.931599361526104,3.8409880085016854,19.630647100661434,1.1516902296531502,4.161227281933124,20.283848017724505,39515.0,11464.0,64.57606420097697,351.4,4.937238493723849,0.0,0.0,0.0,17.656903765690377,67.78242677824268,2.339850423769692
1134,Иркутск,Иркутская область,городской округ,0,Столичные агломерации и центры услуг,52.2891225,104.279829,38147.833333333336,35.41851554161552,5.738059054888778,10.089364076699052,6.786711360114671,7.584970913982188,34.38237905269979,100088.5,606369.0,100.0,232.6,0.44850257176041153,2.996930479508877,17.832254853160777,10.043346606935458,29.62709474033516,39.05187074829932,-2.939894493698306
1135,Ангарский,Иркутская область,городской округ,2,Промышленные и крупные города,52.5443167,103.8882138,32615.791666666668,39.80790275903612,5.137590512825177,10.979386039597982,5.746878339868943,6.501026399653218,31.827215949018562,81000.1,229085.0,94.88399502368117,186.3,1.227248473350329,0.0,39.81146617655777,5.426770221932372,16.97594909191518,35.09416809944467,-1.0806573668506962
1136,Братск,Иркутская область,городской округ,2,Промышленные и крупные города,56.1517085,101.6334907,35939.458333333336,40.92612591096681,4.617723602295489,11.75056134225565,4.763625230908959,6.155552110094042,31.786411803479048,92229.0,220097.0,100.0,201.9,2.257197381651037,0.0,34.15550037961956,8.275706400180576,17.101348162436132,38.15484374038126,1.6140675260836184
1137,Зима,Иркутская область,городской округ,3,Транспортные узлы,53.9211241,102.0491543,26114.5,46.580126060499325,4.356949121793394,13.358245188664949,1.9442382540221053,6.532814910857622,27.227626464162608,78591.9,29877.0,100.0,191.0,0.9355995633868704,0.0,16.014345859971932,24.575081864961795,13.472633712770934,43.832839544674876,2.126136637571259
1138,Саянск,Иркутская область,городской округ,2,Промышленные и крупные города,54.1123301,102.1785158,29569.708333333332,42.250031807935116,4.960613274304442,12.903907353958994,2.788296444696838,5.649847418446032,31.447303700658573,68906.5,35724.0,100.0,185.8,8.635514018691588,0.0,35.76635514018692,2.3084112149532707,10.177570093457945,41.794392523364486,-0.18218954875957896
1139,Тулун,Иркутская область,городской округ,3,Транспортные узлы,54.562096,100.579216,28465.25,44.2844568263502,4.374105283597588,13.332644109118409,2.1036711006901117,6.9131676818428955,28.991954998400804,66572.9,37583.0,100.0,194.3,1.1358473421172195,0.0,15.538391640163562,11.846887778282598,15.8905043162199,55.21353930031804,1.1876999111935782
1140,Усолье-Сибирское,Иркутская область,городской округ,2,Промышленные и крупные города,52.7512013,103.6621625,30779.875,40.553526294819456,5.359286861355318,11.561443555079807,4.472665722896918,6.2562410868501726,31.79683647899833,65751.7,72594.0,100.0,187.5,0.7993035770813549,0.0,23.543842988287434,4.637543526432415,14.64070908515353,55.144032921810705,-1.271130977332023
1141,Усть-Илимск,Иркутская область,городской округ,2,Промышленные и крупные города,57.959473,102.734192,36106.541666666664,42.66612966654221,4.107376735897375,12.443577636352138,4.053485091511575,5.966508282978963,30.76292258671774,87337.6,77762.0,100.0,180.4,2.1252648305084745,0.0,34.79210805084746,4.998675847457627,15.737552966101696,42.33315677966102,3.4682050409011267
1142,Черемхово,Иркутская область,городской округ,1,Ресурсные территории Севера и Востока,53.148434,103.070145,28964.791666666668,42.92419904019919,4.396242899290503,12.404000744762643,2.7822483592425837,6.892663284460528,30.600645672044553,69323.6,53160.0,100.0,192.7,0.6657444233097009,13.91146463773128,11.334947259208024,9.104271139546947,12.718312294656753,51.832958671969564,0.10521238608908814
1143,Свирск,Иркутская область,городской округ,2,Промышленные и крупные города,53.066269,103.342331,25776.375,46.18857965684062,3.662834380781669,13.835165225728598,1.9480478068374427,4.359140787522101,30.006232142289562,62609.4,15270.0,100.0,185.8,0.0,0.0,39.49499761791329,2.8585040495474034,12.76798475464507,34.39733206288709,1.5299101862731777
1144,Балаганский,Иркутская область,муниципальный район,4,Районы бюджетной экономики,54.006798,103.054024,23562.583333333332,47.76160262316802,4.209069326551063,16.141855285672072,0.9187699950798744,5.574883916187818,25.39381885334115,62240.4,8577.0,0.0,183.2,4.714828897338403,0.0,1.520912547528517,0.0,11.178707224334602,75.05703422053232,1.6440502996694033
1146,Братский,Иркутская область,муниципальный район,3,Транспортные узлы,56.1517085,101.6334907,23626.833333333332,48.61824730876873,3.677053203641399,13.898390118541478,2.1385861809175175,4.135987229256661,27.531735958874215,87830.9,47236.0,45.027097976119904,264.0,11.136937847397675,0.0,17.31177362304194,18.302172814552804,11.035876705406771,41.59676604345629,2.5660630368524147
1147,Жигаловский,Иркутская область,муниципальный район,1,Ресурсные территории Севера и Востока,54.812668,105.15229,27451.583333333332,45.32569027809755,4.872085667325324,12.553360084030293,3.6541174384342714,7.230443467109117,26.36430306500344,126671.1,9747.0,55.98645737149892,169.1,0.5195324208212609,16.84983514836647,69.42751523628733,0.9991008092716556,4.5159356579078835,4.770706364272155,1.6062892910643385
1148,Заларинский,Иркутская область,муниципальный район,4,Районы бюджетной экономики,53.566238,102.515991,24359.666666666668,45.7336079090648,4.175998119861139,14.645595680088016,1.4698841620882737,7.900433968010664,26.074480160887102,63924.6,26236.0,51.631346241805154,185.6,2.1226915729144555,0.0,4.3515177244746335,6.325620887285077,11.441307578008916,65.16663128847378,0.14612030807747076
1149,Зиминский,Иркутская область,муниципальный район,4,Районы бюджетной экономики,53.9211241,102.0491543,25215.583333333332,47.693911634554695,3.378709481468018,12.122611740039087,1.7427384785122375,7.086000922694464,27.976027742731496,61874.5,12070.0,0.0,198.8,0.0,0.0,1.9661636945587562,7.590306355738455,4.069501600365798,44.8559670781893,2.656219384778817
1150,Иркутский,Иркутская область,муниципальный район,0,Столичные агломерации и центры услуг,52.2891225,104.279829,37137.125,35.64718559093134,5.038935277818718,11.167087542535304,6.281481480937087,8.800745597124925,33.06456451065261,65699.5,167989.0,26.02551357529362,372.4,1.979719942056977,0.44262031224851117,11.162079510703364,6.228874939642685,16.988572348301947,63.05327539031064,-3.1673757154560644
1151,Казачинско-Ленский,Иркутская область,муниципальный район,1,Ресурсные территории Севера и Востока,56.271587,107.567009,34883.416666666664,40.955805472815804,4.610750751798219,15.381370860745216,2.064872338928265,5.015070328242963,31.972130247469533,121226.2,14910.0,63.990610328638496,172.1,4.6598874518708655,7.068812321058347,48.415440813505775,10.198440122420772,14.19686049955573,15.312469147990917,1.1292306979618612
1152,Катангский,Иркутская область,муниципальный район,1,Ресурсные территории Севера и Востока,61.275021,108.009712,37896.083333333336,44.962406297585254,3.7334719373599334,5.700559399260135,2.605996069537292,3.56966982037812,39.42789647587926,153356.8,3016.0,0.0,158.7,1.3717948717948718,55.820512820512825,11.782051282051283,3.858974358974359,20.410256410256412,6.628205128205128,6.488935905128095
1153,Качугский,Иркутская область,муниципальный район,4,Районы бюджетной экономики,53.960819,105.885147,23925.583333333332,38.40871154417258,4.626194215777654,14.47840531382997,3.2276953077055643,6.792472575283106,32.466521043231126,62604.1,15044.0,42.01675086413188,172.8,5.864774000747105,0.0,4.519985057900635,6.313036981695928,11.131864026895778,71.98356369069853,-7.4492401983844045
1154,Киренский,Иркутская область,муниципальный район,3,Транспортные узлы,57.776356,108.116295,31447.583333333332,45.49559489990882,4.4031116033419355,14.220858640680193,2.482332364631826,4.149359064861176,29.248743426576045,117123.7,15936.0,78.5140562248996,169.3,6.189664963089154,10.292447473026689,29.684838160136284,20.61328790459966,6.54457694491766,26.68938103350369,3.9365699646742867
1155,Куйтунский,Иркутская область,муниципальный район,4,Районы бюджетной экономики,54.344154,101.506195,25221.125,41.99645201876886,3.87279793585985,13.417822939631977,1.225804355587884,7.00640380173004,32.48071894842139,60342.8,26931.0,36.46355501095392,186.8,8.945925741340643,0.0,2.99028158484924,6.802890605532021,9.917767256416646,69.20009967605283,-2.9980151346074684
1157,Нижнеилимский,Иркутская область,муниципальный район,3,Транспортные узлы,56.577915,104.12294,30944.958333333332,44.958418729438016,4.164053311476879,16.4142673267585,2.1603997593849398,4.428743769721977,27.874117103219692,92977.7,41873.0,85.74260263176748,178.5,9.00681978521596,0.0,17.613859057772206,9.970996315748216,10.535392333620758,30.908520812103156,3.2632337932808766
1158,Нижнеудинский,Иркутская область,муниципальный район,3,Транспортные узлы,54.9084881,99.0302862,25807.708333333332,46.202754313034504,4.216728958693242,14.396789650557986,2.3358058788529124,5.494647494699372,27.353273704161985,73923.1,51698.0,74.42841115710472,190.1,1.989705769378505,1.6670507797495582,17.830529307828225,22.931551048628716,9.272489821003303,46.316355535069526,1.5329657281952511
1159,Ольхонский,Иркутская область,муниципальный район,4,Районы бюджетной экономики,52.799557,106.404564,23507.0,46.964100110786475,4.178426082312178,15.256814353351167,2.934912632647686,9.314733662509246,21.35101315839325,61544.3,10483.0,0.0,174.5,8.18253343823761,0.0,3.304484657749803,2.5177025963808024,15.420928402832415,69.86624704956726,0.8725546211080771
1160,Слюдянский,Иркутская область,муниципальный район,3,Транспортные узлы,51.656769,103.719292,26410.458333333332,42.53543211053869,4.5352910242695135,14.69030288929434,3.1994346826127016,5.506284284024967,29.53325500925979,74683.2,38424.0,88.6633354153654,180.9,0.7495870918561809,4.459407953246093,14.318383941049422,21.445813746664975,17.63435395756575,41.430567907508575,-1.7417431862070094
1161,Тайшетский,Иркутская область,муниципальный район,3,Транспортные узлы,55.9385304,98.0196711,28082.166666666668,44.15855559473113,4.119892059231116,13.133263714583327,2.6063259414670177,5.472813935569587,30.50914875441782,86393.9,69773.0,78.15200722342453,194.6,1.5994038064664067,0.0,23.876404494382022,17.55331346021555,16.423985324466866,40.51822976381564,0.8620936772327337
1163,Усольский,Иркутская область,муниципальный район,3,Транспортные узлы,52.8142174,103.52552,24596.125,40.408856932525936,4.312209661471852,15.577747862684491,2.8625754237928684,5.758866787578131,31.079743331946723,83332.4,47850.0,55.64890282131662,187.0,22.73226712245147,0.0,14.955438896349651,14.332804297399585,12.660236845318032,33.133927481382,-5.0701353631658765
1164,Усть-Илимский,Иркутская область,муниципальный район,5,Аграрные районы,57.959473,102.734192,23173.833333333332,44.73458484815795,2.878555531651896,13.452421191200367,1.8483359444040472,4.488612160735952,32.59749032384978,112935.1,12734.0,44.72278938275483,200.0,48.613138686131386,0.0,3.4793187347931873,11.21654501216545,4.476885644768856,18.56447688564477,-1.7183618237339684
1165,Усть-Кутский,Иркутская область,муниципальный район,1,Ресурсные территории Севера и Востока,56.7810026,105.7460255,38463.166666666664,40.564504317904024,3.7861708885404424,13.947567920164541,4.087775018867328,4.7984884445588065,32.815493409964866,134257.8,41633.0,90.2577282444215,175.7,3.331907003280559,27.824846669519328,36.71373555840822,12.517472543146486,8.232777064612751,11.373555840821565,2.3480201356144694
1166,Усть-Удинский,Иркутская область,муниципальный район,4,Районы бюджетной экономики,54.1691395,103.0319541036817,23685.208333333332,42.27631474247725,4.3220630795030015,16.99288680000747,1.204314927347764,6.06906714820287,29.13535330246165,58666.6,13291.0,0.0,171.0,6.6992665036674826,0.0,3.031784841075795,0.0,9.828850855745722,74.86552567237163,-3.7628174098493274
1167,Черемховский,Иркутская область,муниципальный район,4,Районы бюджетной экономики,53.148434,103.070145,23649.625,44.87400146454,4.257921554109965,14.219523180222046,1.6941912543009359,5.655153567767688,29.299208979059365,63332.0,28180.0,26.27750177430802,199.3,0.0,0.0,6.375646180356117,2.8431935669155655,12.062033314187248,49.0235496840896,-1.2308042955481229
1168,Чунский,Иркутская область,муниципальный район,3,Транспортные узлы,56.091248,99.633705,24064.166666666668,47.40760833731393,3.780432593384014,15.374849224673481,2.107949453851153,5.286687898698736,26.042472492078687,63915.8,26448.0,76.3762855414398,190.6,3.6819745094072425,0.0,10.88407849484119,10.762694719805786,12.057454986850091,62.06757030143637,1.6028030260044834
1169,Шелеховский,Иркутская область,муниципальный район,2,Промышленные и крупные города,52.2097478,104.097683,32893.583333333336,41.3267533145645,5.606487182172016,11.24430627615761,4.313934054468067,6.068117417791897,31.440401754845908,88482.8,63683.0,63.85691628849144,191.3,0.9443777511004402,0.0,46.40256102440976,6.418567426970788,11.5406162464986,34.549819927971186,0.58383661299641
1170,Аларский,Иркутская область,муниципальный район,4,Районы бюджетной экономики,53.3494147,102.7949052,24815.083333333332,44.44390531131763,4.086097413714345,13.902498474932859,2.0731624865530796,7.481996003053213,28.01234031042888,61995.6,22320.0,0.0,186.1,1.34185303514377,0.0,2.428115015974441,3.8338658146964857,8.370607028753993,78.75399361022363,-0.8034761584642583
1171,Баяндаевский,Иркутская область,муниципальный район,4,Районы бюджетной экономики,53.067226,105.517876,21540.791666666668,42.59720272355489,4.085937333833949,13.417060213140655,3.418523928662954,10.898386906385946,25.58288889442161,63986.9,11534.0,0.0,178.0,1.3207547169811322,0.0,3.5220125786163523,2.4528301886792456,9.559748427672957,81.19496855345912,-4.926889924443428
1172,Боханский,Иркутская область,муниципальный район,4,Районы бюджетной экономики,53.153561,103.766212,21831.833333333332,43.59998184807126,3.662357438226994,12.092945132218563,2.367050854359267,7.537224651740586,30.740440075383336,60665.0,25159.0,0.0,178.7,3.133074935400517,0.0,2.422480620155039,0.0,10.335917312661499,80.74935400516796,-3.7143517329236384
1173,Нукутский,Иркутская область,муниципальный район,4,Районы бюджетной экономики,53.700245,102.711548,24010.083333333332,48.895939700503476,4.930426940360717,12.447738436611164,1.6197359531714077,7.541688226708276,24.564470742644954,62010.3,14902.0,0.0,185.1,6.978723404255319,0.0,1.9148936170212765,0.0,8.0,68.93617021276596,3.113856850370531
1174,Осинский,Иркутская область,муниципальный район,4,Районы бюджетной экономики,53.388348,103.877457,22242.208333333332,45.664412910282486,4.37234820956593,11.684556308051945,2.719382213874108,6.874646514447259,28.68465384377828,61815.9,20704.0,0.0,177.3,2.5266482431898933,0.0,3.3951835767864194,1.2238452427951048,11.093564942755625,81.5238847216739,-1.352444199305544
1175,Эхирит-Булагатский,Иркутская область,муниципальный район,4,Районы бюджетной экономики,52.8052218,104.7534712,23021.541666666668,43.54422962465365,4.743097938422391,10.565075932094901,3.1194348105939906,7.393584998161748,30.634576696073317,59167.2,29626.0,0.0,182.1,3.5278381541548236,0.0,13.442568132419327,1.437886641029928,15.415482360809229,66.0424678147467,-2.9029164497683566
1176,Калининград,Калининградская область,городской округ,0,Столичные агломерации и центры услуг,54.710128,20.5105838,37660.75,34.81328132688052,6.016979441175078,7.759844501020723,7.918742736816796,7.485488931810208,36.00566306229667,80295.6,489584.0,100.0,327.3,1.5617154630607544,0.36792077150821545,23.196322523676784,8.534896203057638,26.147479959139154,40.19166507955745,-3.7717895183664925
1178,Мамоновский,Калининградская область,городской округ,2,Промышленные и крупные города,54.4636264,19.9414303,21237.666666666668,46.31058930995716,4.180503550379222,13.918819263632889,2.6052787157120156,5.988234657732854,26.996574502585858,56117.9,8458.0,97.4816741546465,312.2,0.0,0.0,26.36986301369863,0.0,13.527397260273974,40.92465753424658,-1.4744051943236405
1179,Пионерский,Калининградская область,городской округ,2,Промышленные и крупные города,54.948227,20.22591,28167.541666666668,44.16052474110799,5.121696167070016,12.981117044433443,4.5737332162821644,4.52467391838062,28.638254912725763,71932.3,12928.0,100.0,332.0,0.0,0.0,23.028846153846153,0.0,11.971153846153847,58.894230769230774,0.8122484286809345
1180,Светловский,Калининградская область,городской округ,2,Промышленные и крупные города,54.673355,20.131153,23065.125,45.91505314565063,4.926996363825326,11.177986552163787,4.236766701076917,3.630581634990373,30.112615602292962,105631.8,27486.0,76.19515389652915,341.9,0.0,0.0,50.766847405112316,16.762199845081334,12.749806351665377,17.955073586367156,-0.4921914797595124
1181,Советский,Калининградская область,городской округ,2,Промышленные и крупные города,55.0809688,21.8882673,25347.666666666668,44.69394053069114,4.977673935276523,10.626616724368727,4.628768227350962,5.401674261947181,29.671326320365466,61178.7,38474.0,100.0,293.7,0.0,0.0,37.03958691910499,4.59552495697074,10.120481927710843,43.44234079173838,-0.24647619423169195
1184,Балтийский,Калининградская область,городской округ,4,Районы бюджетной экономики,54.6437214,19.8941584,29859.75,42.85464245060843,4.3737990361190064,11.0379600674957,5.90795993978106,4.0763991774405675,31.749239328555234,49215.8,29289.0,97.88999283007273,391.0,0.0,0.0,10.449407223600772,4.245933278191343,8.781362007168457,70.63688999172871,0.45238768556596504
1185,Гвардейский,Калининградская область,муниципальный округ,4,Районы бюджетной экономики,54.6478265,21.0719431,22673.0,48.6225257535235,4.1893712936064444,10.774240526884645,3.2125596068577975,4.431150841395661,28.77015197773195,56213.3,28931.0,47.96584978051225,315.0,0.0,0.0,18.862592723419287,0.0,11.93924408336277,54.397739314729776,1.8986170043246455
1186,Гурьевский,Калининградская область,муниципальный округ,0,Столичные агломерации и центры услуг,54.7745571,20.6037041,37020.458333333336,34.524216474203406,5.397805070873903,8.894596529573358,6.7981579419728115,8.4911150670918,35.89410891628472,77261.7,110395.0,25.874360251823,331.3,3.3288948069241013,0.0,26.995117620949845,12.28584110075455,25.03328894806924,30.35064358632934,-4.363765182277838
1187,Гусевский,Калининградская область,городской округ,2,Промышленные и крупные города,54.5921685,22.2014752,24787.791666666668,44.403405264877044,4.390699889852363,10.55918357604404,4.264708531284979,5.21748726667649,31.164515471265087,53619.0,37472.0,76.98281383432963,292.6,4.69155520063885,0.0,25.953284088640448,0.0,13.59552804951088,52.28588540626872,-0.9081616452172224
1188,Зеленоградский,Калининградская область,муниципальный округ,2,Промышленные и крупные города,54.9600365,20.4750188,37777.125,36.09074057814155,5.622007361296819,9.704104144936567,7.0725564514233605,6.5360747179428875,34.974516746258814,74304.6,39588.0,43.35657269879761,325.1,0.8182748039549949,0.0,42.516195022161604,2.6252983293556085,17.354244800545516,34.35049437436072,-2.56786685725313
1189,Краснознаменский,Калининградская область,муниципальный округ,4,Районы бюджетной экономики,54.9415225,22.4912976,23204.416666666668,48.97809709355292,4.157009485098768,12.312060644732853,2.3299099584142873,5.689237247543973,26.5336855706572,62379.2,10823.0,30.54605931811882,286.7,0.0,3.814064362336114,2.7413587604290823,2.1454112038140645,5.363528009535161,56.7342073897497,2.560494795378915
1190,Светлогорский,Калининградская область,городской округ,4,Районы бюджетной экономики,54.9417552,20.1550863,35382.0,37.240832115562775,5.530819976142939,10.605496932975555,6.870398558093852,6.910470125320309,32.84198229190457,66207.1,21165.0,80.90715804394047,332.7,0.0,0.0,9.544950055493896,1.3041065482796892,14.983351831298558,64.4284128745838,-2.447388674869012
1191,Неманский,Калининградская область,муниципальный округ,5,Аграрные районы,55.0359656,22.0293578,23918.75,45.79539307791063,4.2363164051094495,9.987896415878843,3.3853104234513034,5.712990427546119,30.882093250103654,60846.2,15267.0,59.749787122551915,292.6,11.884816753926701,0.0,9.476439790575917,4.502617801047121,15.026178010471202,52.5130890052356,-0.10997034217150245
1192,Нестеровский,Калининградская область,муниципальный округ,5,Аграрные районы,54.6325455,22.5710998,22101.75,48.841117171049596,4.107073821709354,11.827764995940804,2.6047808387121574,6.509649328166836,26.109613844421247,61643.1,11632.0,28.541953232462173,287.6,30.81947743467934,3.2660332541567696,2.7909738717339665,2.7909738717339665,7.422802850356295,49.16864608076009,1.6634881733427105
1193,Озерский,Калининградская область,муниципальный округ,5,Аграрные районы,54.408741,22.014359,22091.916666666668,47.46045353348454,4.200422898229606,12.35303594896237,2.8948124539835622,5.504832250800509,27.58644291453941,56999.8,12553.0,34.406118059428024,291.6,43.42313787638668,0.0,0.0,0.0,3.011093502377179,41.996830427892235,0.3211862328967497
1194,Полесский,Калининградская область,муниципальный округ,5,Аграрные районы,54.8627556,21.1098591,22295.125,46.075720053742735,6.336271687195072,12.25135232811939,3.9061653792199516,5.981132243021505,25.44935830870135,60342.0,17007.0,40.7714470512142,312.9,15.274599542334096,0.0,18.478260869565215,0.0,8.581235697940503,57.32265446224256,-0.8826400862752508
1195,Правдинский,Калининградская область,муниципальный округ,5,Аграрные районы,54.447144,21.01399,19799.75,48.71518831387295,5.509287845742893,14.253950440261901,2.191638776854363,5.24393213357271,24.08600248969518,72264.6,18045.0,21.607093377666946,309.3,23.3493175949834,1.401696790852084,12.283290298782736,16.48838067133899,7.893766137956473,33.75138325341203,-0.17942161499372816
1196,Славский,Калининградская область,муниципальный округ,5,Аграрные районы,55.04549,21.679073,22950.041666666668,49.31560390853733,4.962200631310842,11.397459081187028,2.639803688842084,6.206127897494841,25.47880479262788,46801.7,15573.0,25.56347524561742,294.7,14.03903903903904,0.0,8.033033033033032,0.0,4.129129129129129,65.31531531531532,2.73178668141558
1197,Черняховский,Калининградская область,муниципальный округ,2,Промышленные и крупные города,54.635533,21.8099822,25713.458333333332,43.56504451931026,5.05142074431843,10.043373479123769,4.416817882696031,5.541088551483965,31.38225482306754,62572.9,45312.0,77.86899717514125,299.2,1.1144377910844976,0.0,26.929474384564205,7.368596141051231,14.870259481037923,49.30139720558882,-1.1864225707465987
1198,Калуга,Калужская область,городской округ,2,Промышленные и крупные города,54.5101087,36.2598115,36213.458333333336,38.96972579132959,5.596563900226551,13.708990026293652,5.276589529841791,7.087073794185232,29.361056958123182,79422.4,351103.0,93.89637798594714,399.5,0.4788267376850323,0.005472305573543226,38.265096723001015,5.163120308638034,22.814041936101713,33.275266090858516,-0.24924175142426153
1200,Бабынинский,Калужская область,муниципальный район,2,Промышленные и крупные города,54.3910744,35.7400192,24119.625,45.29187702501872,4.612478078205651,19.036853715711235,2.2896265670567186,4.472021740794122,24.297142873213552,68312.5,20665.0,51.18799903218001,389.8,3.801603801603801,0.0,52.390852390852395,1.7523017523017523,6.771606771606771,32.58093258093258,-0.4367689222568652
1201,Барятинский,Калужская область,муниципальный район,5,Аграрные районы,54.3102823,34.5190756,24782.666666666668,51.90406536802209,3.9938202107836727,18.29222183632399,1.1134422369771197,5.324946740018953,19.371503607874175,59608.3,5446.0,0.0,360.3,42.77929155313351,0.0,0.0,0.0,8.310626702997276,40.59945504087194,6.588603180231793
1203,Дзержинский,Калужская область,муниципальный район,2,Промышленные и крупные города,54.8069199,35.9301213,24887.708333333332,47.46583538623284,4.048837665579585,18.459331310676827,1.8944507225739604,4.80883942558342,23.322705489353364,68888.7,56426.0,68.74667706376492,399.3,11.622501162250117,4.788470478847048,44.01673640167364,5.3928405392840535,7.354718735471874,27.12226871222687,2.242902808899962
1204,Думиничский,Калужская область,муниципальный район,4,Районы бюджетной экономики,53.933388,35.105518000000004,22292.25,46.590574850442586,4.6749822572564526,16.64927329884551,1.0823636322096348,5.222830350750864,25.779975610494947,42288.3,13284.0,40.989159891598916,366.0,0.0,0.0,3.897338403041825,0.0,12.927756653992395,51.80608365019012,-0.4132795896638536
1205,Жиздринский,Калужская область,муниципальный район,4,Районы бюджетной экономики,53.7485337,34.7353545,24583.25,48.79506199222643,4.769047329043722,18.27052355835371,1.3659070584071837,5.288644858999287,21.510815202969667,44104.3,9807.0,54.991332721525445,360.6,0.0,0.0,0.0,0.0,14.823529411764705,56.35294117647058,3.336538254039254
1206,Жуковский,Калужская область,муниципальный район,2,Промышленные и крупные города,55.0338,36.7489,27313.791666666668,43.11487534039838,4.747637361688339,19.633631551161745,2.689747139676235,4.662679459723254,25.15142914735204,83534.0,60240.0,62.24767596281541,435.2,4.70115757146232,0.0,34.05386250885897,4.264115284668084,32.51830852823057,24.45074415308292,-0.6540885345078445
1207,Кировский,Калужская область,муниципальный район,2,Промышленные и крупные города,54.0742905,34.3025979,26607.666666666668,45.5264804164635,4.728045229232776,17.24711962642961,2.7495503227271083,5.68862122038709,24.060183184759918,56599.0,37540.0,73.04741608950452,351.8,0.0,0.0,32.60301799187464,12.579802669762044,6.877539175856065,40.62681369704005,1.3116973385017308
1208,Износковский,Калужская область,муниципальный район,5,Аграрные районы,54.9911,35.3064,23325.375,51.211695544512004,4.144464293762435,19.016117934959766,0.8595342374348719,5.97825059863233,18.78993739069859,68389.6,6363.0,0.0,382.8,11.405835543766578,0.0,0.0,0.0,12.3342175066313,40.9814323607427,4.880729838775567
1209,Козельский,Калужская область,муниципальный район,2,Промышленные и крупные города,54.03832175,35.78290647818667,25651.458333333332,45.74384955724671,4.606043054241673,18.09917604418843,2.3104492159357894,5.210817648301489,24.02966448008591,56722.2,38129.0,73.11232919824805,377.6,3.9666299386116792,0.0,37.9505745317173,4.312923028490477,7.272154887454746,39.72926176609476,0.9582713776856726
1210,Куйбышевский,Калужская область,муниципальный район,4,Районы бюджетной экономики,54.0140623,33.9446908,23922.083333333332,44.5203790836499,5.045466824652494,22.964315865144133,1.850558244769664,5.922021759318577,19.69725822246523,56391.3,7291.0,0.0,345.0,0.0,0.0,0.0,0.0,17.12538226299694,39.55147808358818,-1.3270611906970062
1211,Людиновский,Калужская область,муниципальный район,2,Промышленные и крупные города,53.8454692,34.43152145267353,26277.75,46.516539080025645,5.151794924721187,15.636440965167834,2.9827703631657885,4.787954482353165,24.924500184566387,61454.2,38134.0,91.66885194314784,354.9,0.0,0.0,45.664255006815566,2.348746985425186,6.448568732305756,25.720876585928487,2.1131448939951616
1212,Малоярославецкий,Калужская область,муниципальный район,2,Промышленные и крупные города,55.012181,36.4590246,30669.875,41.83749527181237,5.233766608473149,15.818046020948373,3.5652316576291843,5.7376847074935435,27.807775733643375,77128.2,69194.0,60.802959794201804,430.5,4.4211529299666505,0.0,51.07193901858028,3.8113387327298716,15.769414006669843,24.916626965221532,-0.09069378371647785
1213,Медынский,Калужская область,муниципальный район,2,Промышленные и крупные города,54.969,35.857,24525.458333333332,45.24989495669225,4.285677262733015,19.527618281504054,1.4717730634707356,5.1453898497511386,24.3196465858488,49871.7,12187.0,65.75859522441945,407.3,0.0,0.0,35.65336062777209,3.7871033776867966,9.245991129307404,19.037871033776867,-0.24054150052606588
1214,Мещовский,Калужская область,муниципальный район,4,Районы бюджетной экономики,54.3207145,35.2796334,23066.375,49.1134344226413,3.94971763268557,17.470221321398427,0.8616371953717936,4.3881843943294925,24.216805033573422,48563.5,11280.0,32.99645390070922,376.4,0.0,0.0,0.0,0.0,19.016817593790428,65.58861578266495,2.7049034501823073
1215,Мосальский,Калужская область,муниципальный район,5,Аграрные районы,54.4872876,34.9789866,23142.208333333332,50.90652797308374,4.383406531323992,20.26074224183777,1.4237027632532107,4.378796458127393,18.64682403237389,49701.5,9032.0,47.15456155890168,371.4,19.114219114219114,0.0,0.0,1.048951048951049,11.771561771561771,47.086247086247084,4.5133379932203805
1217,Спас-Деменский,Калужская область,муниципальный район,4,Районы бюджетной экономики,54.412586,34.0309659,23481.958333333332,49.87750882299343,5.109948446527371,18.00787390290075,1.9844197257000182,5.266299906160999,19.753949195717432,48916.0,7334.0,62.68066539405509,349.0,0.0,0.0,0.0,0.0,13.297872340425531,34.680851063829785,3.6878247243868656
1218,Сухиничский,Калужская область,муниципальный район,3,Транспортные узлы,54.096976,35.35334952467876,24249.25,48.21958532481298,4.673620396306554,17.694770939633774,1.6643190031974837,4.990054946505731,22.757649389543477,50460.2,22227.0,72.07450398164394,374.0,11.3345521023766,0.0,11.12562026638809,17.315225907547664,7.364847218594933,47.714808043875685,2.5829587500175157
1219,Тарусский,Калужская область,муниципальный район,0,Столичные агломерации и центры услуг,54.7293536,37.1815538,26731.0,44.29538040062102,4.768098921873587,20.882586081897276,1.8530545013342072,4.132832808386445,24.068047285887463,65384.6,16375.0,59.37099236641221,425.3,0.0,0.0,20.095693779904305,0.0,22.434875066454012,41.04199893673578,0.225217828027207
1220,Ульяновский,Калужская область,муниципальный район,4,Районы бюджетной экономики,53.723654,35.5298461,24061.791666666668,51.08395456925787,4.4791158519097705,21.010328952707333,1.386087053786005,4.670590870773187,17.369922701565834,56053.3,6942.0,0.0,361.5,0.0,0.0,4.012841091492777,3.0497592295345104,15.569823434991974,44.62279293739968,5.229910054774448
1221,Ферзиковский,Калужская область,муниципальный район,5,Аграрные районы,54.51565365,36.76025305349451,27247.291666666668,46.706344685197415,4.333728510042652,16.671408320153954,3.070203049052239,5.546280004982621,23.672035430571118,72028.2,18112.0,0.0,403.5,28.603302097278,0.0,20.39268183846497,0.0,7.095046854082998,35.6091030789826,2.811650113638138
1222,Хвастовичский,Калужская область,муниципальный район,5,Аграрные районы,53.465855,35.089252,20646.208333333332,49.94978300223722,5.212630668683846,20.884979082866995,0.909733978563995,4.507178760274225,18.535694507373723,48986.0,9685.0,0.0,355.4,25.844748858447485,0.0,2.009132420091324,10.319634703196346,12.602739726027398,40.913242009132425,1.7263159564837687
1223,Юхновский,Калужская область,муниципальный район,4,Районы бюджетной экономики,54.7415766,35.2264393,23559.833333333332,47.17698907667936,5.568748776449322,18.279268934338642,1.5191900574397494,5.078761325483671,22.377041829609258,48955.6,12596.0,50.87329310892347,373.6,0.0,0.0,0.0,6.887052341597796,7.09366391184573,43.80165289256198,1.0743946341830193
1224,Кемеровский,Кемеровская область,городской округ,2,Промышленные и крупные города,55.3550907,86.0871213,36401.791666666664,38.917088191516065,5.745240445346504,10.560366316092235,6.033953055796889,7.012877673702388,31.730474317545927,77793.8,544600.0,100.0,246.0,0.07877493926231319,0.7870131782375028,22.331590959287347,6.124567474048443,28.55922844732386,42.118825001840534,-0.2255375836107111
1225,Анжеро-Судженский,Кемеровская область,городской округ,2,Промышленные и крупные города,56.077808,86.019356,28114.208333333332,45.63994224472721,4.9920307152175605,12.265352412259741,3.4561170121895053,6.7287711584280565,26.91778645717792,54175.5,69293.0,97.90887968481665,227.6,0.0,5.226910250833696,26.279541829781067,10.026098303610265,12.005219660722052,46.09250398724083,2.3639816346697624
1226,Беловский,Кемеровская область,городской округ,1,Ресурсные территории Севера и Востока,54.419323,86.303429,30487.875,43.13943151384671,4.892764988232021,12.876954237512065,3.9710289020930234,6.331046973567848,28.788773384748335,71657.3,119175.0,98.6221942521502,231.9,0.0,22.19907648508836,18.05367496441343,14.68249835086623,15.432420234003402,29.614970662778184,1.155495188698265
1227,Березовский,Кемеровская область,городской округ,1,Ресурсные территории Севера и Востока,55.6696946,86.275154,29146.041666666668,46.39848029225224,5.036660845577275,11.861991367503991,2.995777944399175,4.877893687154666,28.829195863112655,64498.2,45757.0,95.39305461459449,231.2,0.0,28.924614968927315,14.117805998378815,6.133477438530127,14.59065117535801,36.23345041880573,3.6971291782050804
1228,Калтанский,Кемеровская область,городской округ,1,Ресурсные территории Севера и Востока,53.519459,87.286179,27347.916666666668,47.973686129298635,4.88978619170831,12.92139572600764,3.1209110131896183,5.712326043619969,25.381894896175826,70769.5,29026.0,72.51085233928202,224.3,0.0,31.027287319422154,20.240770465489565,5.778491171749598,7.5922953451043345,33.99678972712681,4.23250958518282
1229,Киселевский,Кемеровская область,городской округ,1,Ресурсные территории Севера и Востока,54.0049872,86.6354771,30955.625,43.73318234779411,5.196653788960112,11.949704977830901,4.318222159473473,5.873878114575571,28.92835861136583,68025.3,85300.0,95.02344665885111,229.8,0.0,26.247937923871206,17.596382965723713,9.531374106433677,14.755300299382904,31.83234557340991,2.020907231308798
1230,Ленинск-Кузнецкий,Кемеровская область,городской округ,2,Промышленные и крупные города,54.665443,86.166115,31751.208333333332,43.5666771971409,4.9465524647683345,11.350838290043587,3.8219213104402288,6.954567924758974,29.35944281284798,69133.2,90570.0,98.58010378712598,243.2,0.0,0.0,23.131194355787,12.11154039979842,13.463799764824458,32.02166974634638,2.2428731977419942
1231,Междуреченский,Кемеровская область,городской округ,1,Ресурсные территории Севера и Востока,53.6863763,88.0703443,34217.541666666664,42.18480506131712,4.592294008195835,11.121782607484388,4.747891475204042,5.573338770993907,31.779888076804706,76520.8,96216.0,98.81932318949032,217.7,0.0,33.65152663863809,15.390447308567095,11.603142876835069,18.181818181818183,21.121372940933213,2.080256814870054
1232,Мысковский,Кемеровская область,городской округ,1,Ресурсные территории Севера и Востока,53.71386,87.800316,28770.25,45.11302947659513,4.36300087314201,13.069986109156446,3.1950422360459694,5.376255630430554,28.882685674629887,68218.9,41229.0,95.12236532537777,221.7,0.0,21.19248217757615,21.4949233095701,11.201123352775978,12.259667314754806,33.78699503132426,2.2079067095474585
1233,Новокузнецкий,Кемеровская область,городской округ,2,Промышленные и крупные города,53.7575903,87.1358494,34703.375,40.017145564516625,5.143421953241505,10.489188809401865,5.810998884042987,6.7635094737777495,31.775735315019272,71643.2,531186.0,100.0,246.0,0.17222470449652708,4.776798407733864,33.606564035907226,10.498395548153864,19.614931556927576,31.332710508144118,0.12380977022093606
1234,Осинниковский,Кемеровская область,городской округ,2,Промышленные и крупные города,53.606995,87.332893,29274.541666666668,44.50228532901046,5.255752510267687,11.420196568958673,4.144612571705477,5.507159777425189,29.169993242632515,63422.8,43655.0,89.84766922460199,225.3,0.0,0.0,20.049352251696483,6.7735965453423805,12.782233189389267,40.97470697100555,1.8665579178330425
1235,Полысаевский,Кемеровская область,городской округ,1,Ресурсные территории Севера и Востока,54.603142,86.276024,28140.875,44.797529206111264,5.027711109686226,12.52810770542385,3.394683938807929,5.889699878823585,28.362268161147146,72218.1,27901.0,90.95731335794416,235.4,0.0,41.43028365960847,6.252497003595685,0.0,11.626048741510187,30.76308429884139,1.4983574012227385
1236,Прокопьевский,Кемеровская область,городской округ,2,Промышленные и крупные города,53.8879117,86.7492072,31294.0,41.29550631672754,5.055676152196279,11.14638512036254,5.236519930945536,6.07660247114491,31.18931000862319,57334.1,172618.0,100.0,251.2,0.0,9.236500499270297,17.82779015285352,10.864889776480528,15.619479222674554,46.45518088946924,-0.26038139069647936
1237,Тайгинский,Кемеровская область,городской округ,3,Транспортные узлы,56.065071,85.631325,26733.958333333332,48.643805192926195,4.515463606274266,13.414282682015664,3.0340799073667855,5.022980816491923,25.369387794925164,64184.6,23065.0,95.11380880121396,229.8,0.0,0.0,5.649819494584837,54.22382671480145,11.173285198555957,26.91335740072202,4.519388288152162
1238,Юргинский,Кемеровская область,городской округ,2,Промышленные и крупные города,55.7136,84.934799,30720.958333333332,42.35111897197723,5.426983814267986,11.531104612288644,4.519629915603646,5.896087190746809,30.275075495115683,47192.9,78009.0,100.0,248.2,0.21224984839296543,0.0,23.3853850818678,4.67707701637356,14.531534263189814,57.18617343844754,0.4449849397640056
1240,Беловский,Кемеровская область,муниципальный округ,1,Ресурсные территории Севера и Востока,54.412445,86.399742,24703.125,47.92985249292056,3.8840323921544027,14.48199223619446,2.3662216912999554,6.828429784744365,24.50947140268626,84135.1,24823.0,0.0,234.5,0.0,56.67445420124063,6.799323290099089,11.568516877467172,7.999677757190042,13.81616047691936,2.4581924306011222
1241,Гурьевский,Кемеровская область,муниципальный округ,1,Ресурсные территории Севера и Востока,54.284954,85.931091,26176.875,47.37785018696686,5.124337347387816,12.672558153970511,3.0497156981903673,5.493274268910081,26.28226434457436,63985.3,36402.0,78.38855007966595,230.9,0.0,28.086466737707415,4.703912315420916,4.155883696148576,16.21251332014005,43.58349824935302,2.9060649330133628
1242,Ижморский,Кемеровская область,муниципальный округ,4,Районы бюджетной экономики,56.192169,86.637169,22496.0,52.77788847240239,4.800699132239657,14.434963032252549,1.4955272669510022,5.7246946457238055,20.7662274504306,47315.5,9689.0,47.53844566002684,225.5,0.0,0.0,4.5911949685534585,6.10062893081761,16.666666666666664,62.95597484276729,5.873693800251049
1243,Кемеровский,Кемеровская область,муниципальный округ,1,Ресурсные территории Севера и Востока,55.3550907,86.0871213,32845.875,39.44790086190884,5.198403803373431,11.490445342167845,4.889255145654375,7.30885916671408,31.66513568018143,78691.2,45263.0,0.0,448.4,4.813485450583259,53.64055890270478,4.973721317779772,6.185104473785412,9.42827842584284,17.85027560569158,-1.359824338646394
1244,Крапивинский,Кемеровская область,муниципальный округ,4,Районы бюджетной экономики,55.003925,86.805855,24673.875,50.12595728812522,4.653094374657024,13.840160033664448,1.6648483002466992,4.596852341038771,25.11908766226784,47217.0,21713.0,55.34472435867913,228.6,0.0,0.0,8.927999999999999,4.192,16.864,60.8,4.728612860376043
1246,Мариинский,Кемеровская область,муниципальный округ,3,Транспортные узлы,56.206299,87.751259,25204.333333333332,47.61222825095004,4.929942733245823,12.364308742325415,2.354465303441948,7.1785141435395685,25.560540826497203,45788.2,50597.0,79.5817933869597,221.7,0.0,0.0,19.98131617189122,8.075565704795515,19.88789703134731,51.359767490139085,2.5486764581764505
1249,Промышленновский,Кемеровская область,муниципальный округ,5,Аграрные районы,54.918655,85.6380293,24975.916666666668,47.717274505808874,4.532278688215533,12.290470588731845,2.250438624436532,6.6731305258773315,26.536407066929886,51912.5,45477.0,42.39065901444686,234.9,9.45859872611465,0.0,18.694267515923567,5.6687898089171975,16.97452229299363,46.68789808917197,2.474828724774318
1250,Таштагольский,Кемеровская область,муниципальный район,1,Ресурсные территории Севера и Востока,52.7594694,87.8484499,32383.416666666668,42.82240825616048,3.837296340965432,15.229845318183424,3.2740380426549387,6.566717155939631,28.269694886096097,60700.5,48876.0,90.4001964154186,211.8,0.0,32.332389046270066,10.915958451369216,6.100094428706327,12.700661000944288,37.856468366383375,1.786916228488622
1251,Тисульский,Кемеровская область,муниципальный округ,4,Районы бюджетной экономики,55.763851,88.3130216,24995.583333333332,46.98164848602879,4.968729432168565,14.806398276070565,1.5299068072448812,6.391401791005082,25.32191520748212,58358.3,17957.0,64.08085983182046,218.7,0.0,0.0,4.981284192340916,3.4840195796141664,17.247336596602363,50.446300028793544,1.7875360830843807
1252,Топкинский,Кемеровская область,муниципальный округ,3,Транспортные узлы,55.2751962,85.6228741,27079.25,46.485360654464586,4.9591960266572785,11.542488717658305,3.2950666324809004,5.41937909190488,28.298508876834045,56833.6,40525.0,66.32202344231956,234.7,0.0,0.0,31.200787401574804,17.899325084364452,15.044994375703036,35.81271091113611,2.537232358310893
1253,Тяжинский,Кемеровская область,муниципальный округ,4,Районы бюджетной экономики,56.1139351,88.5171814,22978.916666666668,50.04479158959082,5.112604260642078,15.095328032420605,1.187297663074491,5.260977611415998,23.299000842856007,44868.5,18381.0,64.3436156901148,219.4,0.0,0.0,12.121212121212121,6.232132647226987,11.463693539165238,60.148656375071475,3.515748882121559
1254,Чебулинский,Кемеровская область,муниципальный округ,5,Аграрные районы,56.0330343,87.6220223,23961.458333333332,46.96702546745791,4.3510334942061295,13.583235224309634,2.437863439563737,6.9654874501966155,25.695354924265974,43965.5,12997.0,39.57067015465107,223.4,28.741763413868842,0.0,15.061186068402888,0.0,10.166300596171949,44.11672419203012,1.0384727918340597
1256,Яйский,Кемеровская область,муниципальный округ,4,Районы бюджетной экономики,56.2020084,86.4485361,24763.541666666668,46.10549139152597,4.7342344247311585,13.30069952216093,2.117246264251669,5.94441347101878,27.797914926311496,47515.0,15502.0,58.65049671010192,226.4,0.0,0.0,18.35386001802343,4.776209071793331,14.809252027635928,52.297987383598674,0.759036227068072
1257,Яшкинский,Кемеровская область,муниципальный округ,2,Промышленные и крупные города,55.8717888,85.4380316,25906.666666666668,44.75861821345106,4.8254395359055735,14.247796422427742,1.4873279394894863,5.313308503869622,29.367509384856522,55554.9,26089.0,48.84817355973782,232.3,7.420736932305055,0.0,46.68380462724936,3.581833761782348,9.85432733504713,31.962296486718078,0.09891586116374575
1258,Киров,Кировская область,городской округ,2,Промышленные и крупные города,58.6035661,49.6666241,33881.5,38.055069791760374,5.142183361659263,10.90671154625302,6.454156937515138,7.252587038596252,32.18929132421596,71313.0,500457.0,95.00596454840276,315.7,1.0925135834883126,0.04011231448054552,35.53002953724975,6.776793202785983,20.557196513875216,36.00262553331145,-2.232013183986564
1259,Вятские Поляны,Кировская область,городской округ,2,Промышленные и крупные города,56.2229946,51.0749038,23216.541666666668,43.93156345378345,5.692879599219465,11.956718635268548,3.6566946988569278,4.449200923763063,30.312942689108553,51795.0,28922.0,100.0,355.1,0.24219590958019377,0.0,46.97255113024758,4.520990312163617,13.18622174381055,35.61625403659849,-2.4214933428906553
1260,Кирово-Чепецк,Кировская область,городской округ,2,Промышленные и крупные города,58.555069,50.0313048,29277.125,41.980547124830885,5.033691600706573,11.71299723338604,4.681083221882331,5.1779654779539985,31.413715341240174,66540.6,64571.0,100.0,328.0,0.03752948745442848,0.0,51.67810422474801,4.734076774608622,10.872828651082994,32.67746086210594,-0.6247725614185208
1261,Котельнич,Кировская область,городской округ,3,Транспортные узлы,58.3057312,48.32643959050836,21848.0,49.60842553458793,4.754808652634277,11.576646325972222,2.2970453033852127,4.889970637036266,26.873103546384097,47149.4,19454.0,100.0,333.4,0.5481120584652862,0.0,26.958993097848154,11.774259033698742,11.002842062525374,48.13235891189606,2.3048255270434974
1262,Слободской,Кировская область,городской округ,2,Промышленные и крупные города,58.7277816,50.1771234,22756.375,46.79591275702488,4.916434822916644,12.133871915726795,3.462115497425569,5.230488631062569,27.46117637584355,54829.1,28479.0,98.92903542961481,341.0,0.0,0.0,39.48806825756566,5.465937874950007,12.931609118784163,40.24796693774164,0.13062442547932818
1264,Арбажский,Кировская область,муниципальный округ,4,Районы бюджетной экономики,57.6793484,48.3035946,18843.416666666668,50.686712844571716,4.67983728103572,11.249205704597342,1.0140011340484616,12.55282476102296,19.817418274723806,43781.2,4257.0,57.1764153159502,325.6,0.0,0.0,0.0,5.788177339901478,10.344827586206897,65.88669950738915,1.0016901926988686
1265,Афанасьевский,Кировская область,муниципальный округ,4,Районы бюджетной экономики,58.865421,53.26273,19403.666666666668,50.8095788293067,4.304239055921015,11.82631131487149,3.2873741894441677,4.887526228737063,24.88497038171956,41260.4,10517.0,31.682038604164685,306.0,0.0,0.0,5.982436882546652,2.8540065861690453,16.081229418221735,64.32491767288694,1.6387125707165928
1266,Белохолуницкий,Кировская область,муниципальный район,4,Районы бюджетной экономики,58.8432546,50.8528865,19021.0,56.81868079340309,4.486880264121815,13.202983660851444,1.4127545663049126,4.591814419569482,19.486886295749258,44284.2,15062.0,62.19625547736024,311.7,2.183765966213432,0.0,2.966625463535229,14.462299134734241,15.409971157807995,61.310259579728054,7.314322230160163
1267,Богородский,Кировская область,муниципальный округ,4,Районы бюджетной экономики,57.8316459,50.7512195,17167.583333333332,65.13935139561161,5.172224085756095,7.670520406110571,1.2825089167234618,3.7880119058927373,16.94738328990553,52350.7,3151.0,67.37543636940654,314.8,0.0,0.0,4.328358208955224,6.567164179104477,3.2835820895522385,63.28358208955224,13.969205475326865
1268,Верхнекамский,Кировская область,муниципальный округ,4,Районы бюджетной экономики,59.3398971,52.2418232,21846.75,53.61028127384739,4.108493939489087,12.652736521450178,1.6519024313758468,4.960710680628601,23.0158751532089,47299.7,19600.0,83.50510204081633,300.8,2.198257984238905,0.0,32.040647034425554,2.7789299046038987,7.279137287432601,55.03940273745334,6.295322882886545
1269,Верхошижемский,Кировская область,муниципальный район,4,Районы бюджетной экономики,58.0140582,49.1040391,18823.0,59.65990040967871,4.348290362936991,11.836708764938496,0.7735348759645999,4.531365466642633,18.85020011983857,48704.7,6778.0,50.9294777220419,322.6,17.962466487935657,0.0,2.5022341376228776,4.468275245755138,9.740840035746203,62.466487935656836,9.95933378466903
1270,Вятскополянский,Кировская область,муниципальный район,4,Районы бюджетной экономики,56.2229946,51.0749038,20785.916666666668,46.963105498216414,4.803675631648982,13.2002062576611,2.0968524531588697,3.016005264235389,29.92015489507925,42873.6,22503.0,58.543305337066165,360.1,0.0,0.0,6.009310198899704,5.88235294117647,8.2945408379179,53.06813372831147,-1.1136799039745204
1271,Даровской,Кировская область,муниципальный район,4,Районы бюджетной экономики,58.7705606,47.9584366,18873.291666666668,54.97076621451031,5.453770008661193,12.413510104980038,0.9757588505337499,5.071492061496249,21.114702759818456,43238.2,8117.0,73.14278674387089,314.5,5.173587474472431,0.0,15.04424778761062,5.241660993873383,17.358747447243022,54.39074200136147,5.313147661244868
1272,Зуевский,Кировская область,муниципальный район,5,Аграрные районы,58.4060241,51.1388605,20168.083333333332,54.812142230268556,4.528632003170013,12.530911416367626,1.1674176284409052,3.651430227488354,23.309466494264537,52984.0,16435.0,57.21934895041071,312.4,21.426588953649738,0.0,14.876491812378573,12.461837357757425,11.601443241742992,39.800166527893424,6.242315489060279
1273,Кикнурский,Кировская область,муниципальный округ,4,Районы бюджетной экономики,57.3049331,47.2089404,17981.916666666668,54.457769961694524,6.140796973366433,12.543638889155279,1.2736130320204153,5.338161981117525,20.246019162645826,38942.9,6384.0,62.31203007518798,336.0,1.2035010940919038,0.0,7.439824945295405,6.892778993435448,15.973741794310722,62.80087527352297,4.032457057110455
1274,Кильмезский,Кировская область,муниципальный район,4,Районы бюджетной экономики,56.9449015,51.0613993,18768.458333333332,52.20438187022843,4.799411258844269,10.848647812635644,1.1375186598279508,7.329618909310868,23.680421489152824,42344.0,9573.0,54.664159615585504,330.8,1.4947683109118086,0.0,5.15695067264574,4.484304932735426,15.396113602391628,72.79521674140508,2.480690612903452
1275,Кирово-Чепецкий,Кировская область,муниципальный район,5,Аграрные районы,58.555069,50.0313048,24078.0,46.36755195592618,4.140399204106274,12.137623363424442,3.369341437529764,6.61376894684742,27.371315092165922,57342.1,19898.0,0.0,352.3,20.29616724738676,0.0,20.063879210220673,2.061556329849013,5.023228803716608,50.49361207897793,0.5919482681694866
1276,Котельничский,Кировская область,муниципальный район,4,Районы бюджетной экономики,58.3057312,48.32643959050836,19094.875,49.87362348873945,4.1292813216079205,10.314636329409717,1.3967961254622299,4.721150853394499,29.564511881386185,46001.0,9945.0,0.0,341.0,0.0,0.0,12.111292962356792,3.6824877250409163,10.801963993453354,34.697217675941076,0.4584792452084638
1277,Куменский,Кировская область,муниципальный район,5,Аграрные районы,58.1100761,49.9173135,21066.25,53.72909014853063,4.388965761037344,11.760613765530008,1.1751738859196381,3.010949628856275,25.935206810126104,57854.2,14038.0,40.810656788716344,318.3,36.09115679960367,0.0,10.701015605647758,2.3284617290066882,6.3413425811245965,44.116918503839486,5.846976386955186
1278,Лебяжский,Кировская область,муниципальный округ,4,Районы бюджетной экономики,57.4095434,49.5276891,18567.083333333332,50.104420079072234,5.161876593252551,10.93998079724017,1.2789121315479364,4.909742094558952,27.605068304328164,40689.3,5283.0,51.29661177361348,326.6,0.0,0.0,6.8354430379746836,5.69620253164557,9.113924050632912,73.67088607594937,0.21158508045165622
1279,Лузский,Кировская область,муниципальный округ,4,Районы бюджетной экономики,60.6306233,47.2549261,21524.625,55.053498093537144,4.073884499567223,12.968791798742366,1.623673318217297,5.071143497695477,21.209008792240493,45723.0,12427.0,87.62372253963144,294.2,2.840352595494613,0.0,2.3506366307541624,6.513222331047992,12.193927522037217,59.54946131243879,7.53450621860904
1280,Малмыжский,Кировская область,муниципальный район,5,Аграрные районы,56.5206314,50.6775905,19187.916666666668,48.788130250836176,5.220300015653814,12.29753616142244,1.2255278937838252,4.487017384937683,27.98148829336606,44116.7,19801.0,34.01848391495379,338.8,14.08107284364523,0.0,3.383114903992685,12.008533983541604,7.893934775982932,60.19506248095093,-0.5842975117113928
1281,Мурашинский,Кировская область,муниципальный округ,3,Транспортные узлы,59.3951018,48.9644445,19795.875,53.8594808464478,3.9090928623121224,15.26197782008233,1.7187141859560389,4.155116549114624,21.09561773608708,65023.4,8746.0,61.04504916533272,305.8,10.700592540955038,0.0,29.487626350644824,22.62112234227954,7.319623562216799,25.723248518647612,5.000086926663008
1282,Нагорский,Кировская область,муниципальный район,4,Районы бюджетной экономики,59.3159141,50.8017309,17305.166666666668,56.2138629260982,4.754937403839591,8.800119424463105,1.2782584026733288,6.912372485217759,22.040449357708013,44270.2,6225.0,63.66265060240964,301.8,3.5856573705179287,0.0,3.48605577689243,5.47808764940239,11.354581673306772,75.199203187251,5.17607348393693
1284,Нолинский,Кировская область,муниципальный район,4,Районы бюджетной экономики,57.5599476,49.93850528482464,19591.708333333332,51.060272699294764,4.799186710836006,11.934885671866127,2.0557497496336303,4.174526231422523,25.975378936946953,43969.9,15213.0,61.13849996713338,321.8,6.215360253365003,0.0,9.105304829770388,6.532066508313539,11.1243072050673,64.88519398258116,2.0122808118750624
1285,Омутнинский,Кировская область,муниципальный район,2,Промышленные и крупные города,58.668304,52.17625,23076.791666666668,49.47627493388511,3.848552080205441,13.436732031174833,2.477140603482409,4.297636649274048,26.463663701978152,55132.6,33193.0,84.26475461693731,305.3,0.2828706128863279,0.0,48.580408590885284,2.6296490309062337,7.742273441592457,40.63907805133577,3.082541143498199
1286,Опаринский,Кировская область,муниципальный округ,5,Аграрные районы,59.8516589,48.2777768,20833.708333333332,49.93536796807096,3.9695434011310535,14.302235863926475,0.7313024787158835,3.9637213012870744,27.097828986868542,46554.0,6571.0,56.01887079592147,298.9,15.226689478186483,0.0,2.8229255774165956,7.527801539777587,8.041060735671515,63.30196749358426,1.874872857346558
1287,Оричевский,Кировская область,муниципальный район,5,Аграрные районы,58.4013081,49.0564965,20576.416666666668,53.55951419297392,3.9727111768854697,12.868151050323547,1.685506396020308,3.902464746756608,24.011652437040144,50711.2,24539.0,62.75316842577122,318.1,13.65600691443388,0.0,21.52117545375972,5.877268798617114,9.291270527225583,48.16335350043215,5.300744289883258
1288,Орловский,Кировская область,муниципальный район,5,Аграрные районы,58.5363174,48.8850765,19000.708333333332,55.59941630240298,3.7789212413232103,14.12601489539228,1.126995744221962,4.066268597864367,21.302383218795192,49280.8,9136.0,58.02320490367776,321.6,23.351786612984398,0.0,6.7438349270256674,1.660795168595873,12.229491696024157,55.81278309008556,6.0527732091891435
1289,Пижанский,Кировская область,муниципальный округ,5,Аграрные районы,57.460224,48.533832,19271.333333333332,52.54777873549422,5.076803463061457,9.138035736084744,2.130315010106351,5.359921990556094,25.74714506469713,45963.3,7903.0,44.70454257876756,331.8,31.818181818181817,0.0,11.543062200956939,2.8708133971291865,6.937799043062201,43.600478468899524,3.2410910422143773
1290,Подосиновский,Кировская область,муниципальный район,4,Районы бюджетной экономики,60.279064,47.06477,19869.416666666668,49.53882237218168,4.019318980624331,11.90272779827924,1.4288600479372917,4.5802546023498,28.530016198627656,47295.1,11195.0,78.33854399285394,300.4,0.0,0.0,28.89214250854075,6.295754026354319,9.56564177647633,57.24743777452416,0.7315365138967647
1291,Санчурский,Кировская область,муниципальный округ,4,Районы бюджетной экономики,56.9404036,47.2526947,17960.458333333332,54.47926670781804,5.357550601324204,11.945313698490525,1.4489491011514284,5.714757344598464,21.054162546617338,39558.7,6900.0,54.7536231884058,338.4,0.0,0.0,6.661184210526317,4.5230263157894735,14.391447368421053,62.664473684210535,4.08418034154244
1292,Свечинский,Кировская область,муниципальный округ,4,Районы бюджетной экономики,58.277,47.512543,19916.458333333332,50.303570220361905,4.584193575226598,13.881227745634558,1.5597597842663955,4.641868977188588,25.029379697321946,44029.9,5744.0,64.53690807799443,324.4,0.0,0.0,4.310344827586207,10.098522167487685,7.758620689655173,67.73399014778325,1.5484681619953615
1293,Слободской,Кировская область,муниципальный район,5,Аграрные районы,58.7277816,50.1771234,21472.458333333332,49.00538037630042,4.5325533196367,12.691488428505012,2.8082076498439705,4.296453052834584,26.66591717287931,51617.9,32057.0,27.326324983622925,338.4,8.439829605963793,0.0,30.75079872204473,1.0117145899893505,11.581469648562301,45.34078807241747,1.4403344112288872
1294,Советский,Кировская область,муниципальный район,5,Аграрные районы,57.5914193,48.95836130705428,20749.375,51.12747525786131,4.757106299775103,11.627468023894131,3.3185063493085414,4.565056711875226,24.60438735728569,48817.2,21424.0,67.16299477221807,328.7,19.07606531262445,0.0,21.78414974113899,2.5089605734767026,9.000398247710075,44.94225408203903,3.0032386464160954
1295,Сунский,Кировская область,муниципальный район,5,Аграрные районы,57.8335115,50.0589449,17781.166666666668,53.618660314377244,4.457261088923744,12.024547485699062,1.2673642483911882,3.214131546587231,25.418035316021538,50882.6,4826.0,39.03854123497721,318.8,45.39579967689822,0.0,3.5541195476575123,4.119547657512116,5.654281098546042,38.28756058158319,3.0171803287571395
1296,Тужинский,Кировская область,муниципальный район,4,Районы бюджетной экономики,57.6053835,47.9373723,18959.958333333332,50.267078011390645,4.9507293076787064,11.814429124525626,1.2745597265378947,5.907753667020974,25.785450162846164,39954.9,5475.0,70.3744292237443,330.8,0.0,0.0,7.218934911242604,4.378698224852071,14.319526627218934,70.05917159763314,0.6772799326617486
1297,Унинский,Кировская область,муниципальный округ,4,Районы бюджетной экономики,57.7543697,51.4895258,17960.333333333332,61.39938861951261,4.150769941950366,8.490656515032507,0.8249451351386734,4.46238664279445,20.671853145571394,44072.1,5751.0,60.56338028169014,311.9,2.209944751381215,0.0,7.734806629834254,6.721915285451196,12.246777163904236,69.70534069981585,10.93243227234825
1298,Уржумский,Кировская область,муниципальный район,5,Аграрные районы,57.1101118,50.0003067,20177.875,51.97958472958917,5.050425335606751,10.91401074121373,1.2489995465457335,4.594356345599133,26.212623301445486,46534.2,19396.0,42.50876469375129,330.8,15.415216310293387,0.0,11.13873694679264,7.260069617105917,11.089010442565888,54.50024863252113,3.409790446121124
1299,Фаленский,Кировская область,муниципальный округ,4,Районы бюджетной экономики,58.3553667,51.5965834,18135.25,58.13795618438419,4.666754505777361,10.707954493908534,1.1887548982604321,4.310382926166058,20.988196991503415,44839.4,7168.0,56.40345982142857,311.2,10.172143974960877,0.0,9.546165884194053,5.555555555555555,8.37245696400626,59.937402190923315,7.846720750690679
1300,Шабалинский,Кировская область,муниципальный район,4,Районы бюджетной экономики,58.3163535,47.0858159,19636.333333333332,48.776907315139105,4.878772150366712,11.901308492700656,1.6877410251716722,5.436913236862786,27.31835777975907,44357.5,7140.0,54.90196078431373,324.7,0.0,0.0,3.8461538461538463,12.454212454212454,13.003663003663005,67.03296703296702,-0.22721784781195298
1301,Юрьянский,Кировская область,муниципальный район,4,Районы бюджетной экономики,59.0422736,49.2802038,20151.958333333332,53.318691401005935,4.330663932816659,14.085998966976486,1.7681922536747532,3.7918334799724276,22.704619965553732,61840.7,15836.0,68.07906036877999,313.3,4.210827843024921,0.0,15.153251217416214,9.82526496705815,21.483815525637354,49.069034660555715,4.715363471270536
1302,Яранский,Кировская область,муниципальный район,4,Районы бюджетной экономики,57.3042882,47.8855774,20669.083333333332,46.62514769537624,4.868808998936744,10.829471325255964,3.3144183583289966,5.219314533983233,29.142839088118816,44396.5,19268.0,71.22690471247665,337.7,6.53250773993808,0.0,10.86687306501548,8.575851393188854,12.136222910216718,56.84210526315789,-1.5287604679773885
1303,Кострома,Костромская область,городской округ,2,Промышленные и крупные города,57.7679158,40.9269141,31200.583333333332,40.460637376371665,5.395606962209743,12.635978641777637,5.1333484783445735,6.3057047365768355,30.068723804719543,67574.4,265761.0,100.0,383.2,0.7460245767595434,0.0,28.00006229850328,5.134954132726961,23.868114068559503,42.05927702586945,-1.1690502623958043
1304,Буй,Костромская область,городской округ,3,Транспортные узлы,58.4816821,41.532956,24201.333333333332,48.35901643294023,4.119439477404476,14.76225776748156,1.8064475553306698,3.7823607299455615,27.17047803689751,63047.3,19938.0,100.0,351.1,2.1105085739410816,0.0,30.133372416825445,30.426498607650593,8.705847867506963,28.418584200498316,2.7310551872066307
1305,Волгореченск,Костромская область,городской округ,2,Промышленные и крупные города,57.44224775,41.15947358625323,24583.833333333332,42.743196551142596,4.626857221192723,16.063569810395347,2.329425233657141,3.1363164364890483,31.10063474712314,72931.3,14030.0,99.88595866001425,367.9,0.0,0.0,64.92723492723492,2.2037422037422036,5.23908523908524,14.94802494802495,-2.6376274940448905
1306,Галич,Костромская область,городской округ,2,Промышленные и крупные города,58.381382,42.347916,25321.833333333332,49.52531715511368,4.257919040207315,16.626917277265264,1.5724615025837374,4.116535568055196,23.9008494567748,53922.7,12488.0,100.0,347.6,0.12998266897746968,0.0,43.41421143847487,8.448873483535529,10.810225303292894,35.13864818024263,4.605163848293612
1308,Шарья,Костромская область,городской округ,2,Промышленные и крупные города,58.36974795,45.51729631871895,24712.75,47.878972519625066,3.964303077370689,15.966505222759045,1.879232047283863,5.055196147859703,25.25579098510163,55333.6,30008.0,97.58064516129032,337.0,2.1519190621487074,0.0,24.15288260799743,7.082061988116267,13.16845993255179,48.610888068090574,2.5342554710999536
1309,Антроповский,Костромская область,муниципальный район,4,Районы бюджетной экономики,58.3976,43.005,20359.791666666668,56.028209233738046,4.249328968597982,18.442520775208397,0.5801283678286806,4.28270307319558,16.41710958143131,43449.9,4987.0,0.0,341.2,0.0,0.0,7.177615571776156,12.773722627737227,19.099756690997566,56.326034063260344,7.569338052997196
1310,Буйский,Костромская область,муниципальный район,3,Транспортные узлы,58.4816821,41.532956,23841.25,48.86651477128412,3.8715743459051066,14.667816937939712,1.4158131957673346,4.82859560760828,26.34968514149544,40017.6,8634.0,0.0,358.2,0.0,0.0,0.0,17.63005780346821,9.104046242774565,38.872832369942195,2.979452071516307
1311,Вохомский,Костромская область,муниципальный район,4,Районы бюджетной экономики,58.9306116,46.7588656,19223.708333333332,55.204205189351995,5.2156916890981515,14.718166005552014,1.0733213970090167,5.167624573255308,18.62099114573352,42235.8,6543.0,0.0,313.1,0.2869440459110474,0.0,10.975609756097562,17.14490674318508,11.76470588235294,51.36298421807748,5.80115322881857
1312,Галичский,Костромская область,муниципальный район,4,Районы бюджетной экономики,58.381382,42.347916,22001.541666666668,49.54559779145264,3.545166379996372,15.665109710982483,0.9961173234873092,4.678661511481179,25.569347282600013,62147.2,6258.0,0.0,351.8,0.0,0.0,0.0,3.6363636363636362,0.0,26.88995215311005,2.2778005088705338
1313,Кадыйский,Костромская область,муниципальный район,4,Районы бюджетной экономики,57.784485,43.189411,19840.583333333332,56.52459685343977,5.0836519601035,15.744183239029772,0.7204208312028807,4.912439389973428,17.014707726250652,40498.1,5744.0,0.0,345.9,0.0,0.0,0.0,0.0,13.562970936490851,71.15177610333691,7.627045016564836
1314,Кологривский,Костромская область,муниципальный округ,4,Районы бюджетной экономики,58.825497,44.311275,19872.583333333332,58.59069534441941,4.062535206982633,16.01710945368334,0.6280280346310009,5.161847793939214,15.53978416634441,38820.9,3925.0,60.101910828025474,320.7,0.0,0.0,0.0,0.0,18.35686777920411,71.2451861360719,9.696540535038217
1315,Костромской,Костромская область,муниципальный район,4,Районы бюджетной экономики,57.7679158,40.9269141,28727.416666666668,41.76110924667083,4.668325025348036,14.502025271914645,3.8349314761672657,7.009457632581796,28.224151347317434,51506.7,40577.0,0.0,491.9,6.176991150442477,0.0,11.52212389380531,1.2566371681415929,21.256637168141594,53.00884955752212,-1.22588278970088
1316,Красносельский,Костромская область,муниципальный район,2,Промышленные и крупные города,57.509319,41.237621,24077.75,44.997037319441006,4.457918098305268,17.41201103911535,2.3124079304545035,4.942474880726266,25.8781507319576,77237.1,16012.0,0.0,358.7,0.0,0.0,55.4129724685021,0.0,14.022398506766216,27.904806346243582,-0.776314953675701
1317,Макарьевский,Костромская область,муниципальный район,4,Районы бюджетной экономики,57.880402,43.80724,18728.5,55.208887844694374,5.18559184268412,16.701900154377412,0.8111038993022122,4.857174118679863,17.23534214026202,40165.1,9933.0,0.0,343.1,0.0,0.0,0.2210759027266028,0.0,19.38098747236551,68.31245394252026,5.412334297255306
1319,Межевской,Костромская область,муниципальный округ,4,Районы бюджетной экономики,58.7303454,45.0299127,19667.0,57.81614830709144,5.549732442452104,11.99071553797706,0.8062863902582167,6.344304896942959,17.492812425278217,43755.6,2703.0,0.0,326.6,0.0,0.0,6.51685393258427,0.0,9.438202247191011,66.96629213483146,8.771461430336242
1320,Нейский,Костромская область,муниципальный округ,4,Районы бюджетной экономики,58.2940908,43.8609201,21958.583333333332,54.599073476677354,4.460431412488956,15.71638242909463,0.8988668875651822,5.420469284699818,18.904776509474054,47761.7,9904.0,76.17124394184168,337.9,5.335446381405177,0.0,8.02958267300581,7.3956682514527206,13.681986265187533,64.60644479661912,7.335704806057662
1321,Нерехта и Нерехтский,Костромская область,муниципальный район,2,Промышленные и крупные города,57.460655,40.573799,23116.875,46.76054992480949,4.434260833683095,16.04589195184486,2.75533951992164,3.4208898301474506,26.58306793959347,57044.8,27921.0,0.0,371.4,0.07695267410542517,0.0,45.940746440938824,2.981916121585225,12.524047710657946,38.091573682185455,0.3075355228162179
1322,Октябрьский,Костромская область,муниципальный район,4,Районы бюджетной экономики,58.9755482,47.0195907,19715.583333333332,53.896205295788015,5.062080460499382,18.16441294070579,1.095554697660377,5.220807550109501,16.560939055236936,43080.4,3257.0,0.0,311.0,0.0,0.0,9.47136563876652,0.0,9.691629955947137,71.80616740088107,4.862171995510844
1323,Островский,Костромская область,муниципальный округ,4,Районы бюджетной экономики,57.80144,42.19736,19942.041666666668,53.177733466148304,5.462922325436633,15.43783587407392,0.9568355741946527,5.039059955985664,19.925612804160828,43225.9,8787.0,0.0,353.7,0.0,0.0,8.016586040082931,0.0,18.866620594333103,65.37664132688322,4.408692444994076
1324,Павинский,Костромская область,муниципальный округ,4,Районы бюджетной экономики,59.1213617,46.1917504,19484.458333333332,53.692474980013536,5.679500724121665,11.882816675239969,0.9522829472634784,6.316097790802422,21.47682688255893,40332.4,2935.0,0.0,315.9,0.0,0.0,10.625,0.0,12.708333333333332,52.5,4.419487479283951
1325,Парфеньевский,Костромская область,муниципальный округ,4,Районы бюджетной экономики,58.4799889,43.4086182,20765.75,50.65041012289907,4.327639083706219,18.658212457669055,0.5614915963163873,4.562156093575709,21.240090645833565,41821.5,4283.0,0.0,336.2,0.0,0.0,4.084720121028744,0.0,7.413010590015129,73.5249621785174,2.5023457941078386
1326,Поназыревский,Костромская область,муниципальный округ,4,Районы бюджетной экономики,58.358154,46.317429,20491.916666666668,51.470213331362736,4.043441293084511,11.182800882549538,1.5927649360247411,4.760863275414706,26.94991628156377,41439.4,4593.0,62.55170912257783,326.6,0.0,0.0,8.507462686567164,13.880597014925373,5.522388059701493,44.62686567164179,3.073955478165863
1327,Пыщугский,Костромская область,муниципальный округ,4,Районы бюджетной экономики,59.0104505,45.6111145,19488.958333333332,58.80319585272014,5.208882408307445,13.606994232356314,1.702587149176837,5.302255395285208,15.37608496215406,43290.7,3269.0,0.0,321.8,0.0,0.0,8.133086876155268,0.0,9.981515711645102,48.428835489833645,9.577849488304613
1328,Солигаличский,Костромская область,муниципальный округ,4,Районы бюджетной экономики,59.0777693,42.2861828,20485.416666666668,52.545995122861754,4.173974305983507,20.249692106545005,1.4015482376621027,4.665217411858255,16.96357281508938,48518.8,7528.0,71.74548352816153,324.7,0.0,0.0,5.825242718446602,6.588072122052704,15.880721220527047,48.40499306518724,4.227061159839529
1329,Судиславский,Костромская область,муниципальный район,4,Районы бюджетной экономики,57.881283,41.712421,21029.583333333332,51.050785310630374,4.26377441442091,17.323874848489652,1.356073333202225,3.9173978612757225,22.088094231981124,52917.0,10748.0,0.0,356.1,1.8022406234778372,0.0,33.46322454943984,0.0,12.469556746225036,51.92401363857769,3.137553367571013
1330,Сусанинский,Костромская область,муниципальный район,4,Районы бюджетной экономики,58.147578,41.5851443,20257.583333333332,54.83855614600529,4.946521256118515,15.476317274509357,1.1369285377830476,3.868304179684232,19.73337260589956,46712.5,5566.0,0.0,352.1,0.29304029304029305,0.0,6.886446886446887,0.0,11.428571428571429,46.88644688644688,6.320757354006513
1331,Чухломский,Костромская область,муниципальный район,4,Районы бюджетной экономики,58.7560222,42.68065,21177.208333333332,50.024400604209575,4.402959685528778,18.969860027305963,0.813884271534401,5.29466852625444,20.494226885166846,39180.1,7653.0,0.0,334.1,0.0,0.0,8.97212543554007,0.0,16.202090592334496,64.63414634146342,2.1502656918175584
1333,Курган,Курганская область,городской округ,2,Промышленные и крупные города,55.4409357,65.3421169,30218.833333333332,42.65608693891003,5.044880008189433,10.963121891775703,4.012738997087991,6.277905531973076,31.045266632063772,75790.7,302354.0,100.0,278.2,0.4221986476784432,0.0,40.91897857931227,5.601097287855896,18.184545814982695,34.85817768776588,0.4704077724253086
1334,Шадринск,Курганская область,городской округ,2,Промышленные и крупные города,56.087364,63.629482,25188.75,45.77791758978391,5.712477060371566,11.862824214356234,3.839271095252752,4.799279313349281,28.008230726886254,64595.2,67884.0,100.0,300.4,0.3707627118644068,0.0,42.92608286252354,6.520715630885123,11.52306967984934,38.68290960451977,0.6897914737850723
1335,Альменевский,Курганская область,муниципальный округ,4,Районы бюджетной экономики,54.942505,63.578785,17819.291666666668,53.16305901085968,5.371969418066296,10.73400700570835,0.8386232826508336,6.357399772225731,23.534941510489112,45029.1,7380.0,0.0,282.9,0.0,0.0,6.790123456790123,0.0,12.242798353909464,71.50205761316872,2.492437119589095
1336,Белозерский,Курганская область,муниципальный округ,4,Районы бюджетной экономики,55.823845,65.588783,16810.875,55.12403809357046,5.509494281869562,12.009355716638217,0.4428498927416081,5.075811568244309,21.838450446935838,46685.9,12696.0,0.0,277.7,0.0,0.0,15.21606816798539,0.0,18.320146074254414,57.45587340231284,3.613839357615787
1337,Варгашинский,Курганская область,муниципальный округ,3,Транспортные узлы,55.37204,65.8081,18702.5,48.28296663162013,4.765423317779124,11.5737736366409,0.947863861956596,4.297591188109191,30.132381363894062,55881.0,15485.0,53.74878915079109,277.4,1.3122346584330373,0.0,20.33963720571208,15.51524507912003,16.634504052489383,44.345812427634115,-1.5121926521562474
1338,Далматовский,Курганская область,муниципальный округ,4,Районы бюджетной экономики,56.258656,62.939163,21397.041666666668,50.47258919187432,5.38632099187975,11.800174518755584,1.3943216321764624,3.9689608284626745,26.97763283685121,58179.8,22136.0,50.81767256956993,292.3,0.0,0.0,24.177869700103415,7.859358841778697,14.767321613236813,43.92967942088935,2.8363043319663186
1339,Звериноголовский,Курганская область,муниципальный округ,4,Районы бюджетной экономики,54.459023,64.856514,17356.25,50.92588573738516,4.487933545998619,10.957702938235398,1.0918143802030398,5.802673425304993,26.733989972872795,43140.4,6573.0,0.0,270.8,0.0,0.0,4.9440298507462686,0.0,15.578358208955223,67.53731343283582,-0.07174387936854354
1340,Каргапольский,Курганская область,муниципальный округ,4,Районы бюджетной экономики,55.952408,64.434021,19859.791666666668,52.308088465934986,4.9845220234736125,13.904481951288863,1.4764247489111566,4.681094561281493,22.645388249109892,51130.4,25283.0,45.220108373215204,282.9,2.1354484441732766,0.0,14.215985356924953,7.077486272117145,15.83282489322758,61.65344722391703,3.4693719897307442
1341,Катайский,Курганская область,муниципальный округ,4,Районы бюджетной экономики,56.2834992,62.5836525,21091.083333333332,50.405312681766745,5.407969748998353,12.028045883977285,1.82681958489305,4.4304732361091785,25.901378864255392,51186.3,18565.0,61.912200377053594,295.9,2.253349573690621,0.0,28.745432399512787,1.7965895249695492,11.875761266747869,49.05602923264312,2.519261262621149
1343,Куртамышский,Курганская область,муниципальный округ,4,Районы бюджетной экономики,54.9095859,64.4283925,19080.458333333332,49.89136777335947,5.103188180682764,11.85459402772247,0.8755924695168692,5.175033884515798,27.100223664202634,48743.6,24231.0,60.785770294251165,277.4,13.106267029972752,0.0,6.267029972752043,0.0,14.877384196185286,61.71662125340599,0.39769642244722225
1344,Лебяжьевский,Курганская область,муниципальный округ,4,Районы бюджетной экономики,55.273006,66.502243,18235.958333333332,52.46614653128773,5.675035459316159,15.420960031923292,0.696784220168958,4.583937218754143,21.157136538549715,47412.1,10941.0,48.9991774060872,271.3,0.6072874493927125,0.0,10.1889338731444,0.0,15.92442645074224,65.5195681511471,2.243507989952746
1345,Макушинский,Курганская область,муниципальный округ,4,Районы бюджетной экономики,55.208321,67.252739,19444.333333333332,53.34172034424135,5.028098786081432,12.965878434805969,1.1624198181479501,5.3202648631541996,22.181617753569096,54038.3,11993.0,55.87425998499125,267.8,0.0,0.0,11.639722863741339,0.0,11.593533487297922,57.96766743648961,4.140895936801264
1346,Мишкинский,Курганская область,муниципальный округ,4,Районы бюджетной экономики,55.3373017,63.9143594,19482.416666666668,53.241747573575324,5.070991426962604,13.714276038151162,0.9913208216569889,5.372299419600534,21.609364720053385,49546.9,12441.0,52.01350373764166,286.2,9.644234890698671,0.0,7.029575653664809,6.986712387483926,11.35876553793399,55.507929704243466,4.066781871271937
1347,Мокроусовский,Курганская область,муниципальный округ,4,Районы бюджетной экономики,55.808598,66.770607,18209.583333333332,52.28702881734395,5.171728255647329,13.734502648728023,0.690347891033549,3.1787048343345594,24.937687552912582,45432.5,8983.0,0.0,269.7,0.6436041834271923,0.0,8.527755430410297,0.0,17.13596138374899,64.84312148028962,2.0242186853593416
1348,Петуховский,Курганская область,муниципальный округ,4,Районы бюджетной экономики,55.065,67.88736,18688.166666666668,52.183509830863514,5.559293791571872,15.395620285398875,0.9794021808722896,5.812716392780356,20.069457518513094,48003.8,13666.0,61.04200204888043,263.5,0.0,0.0,7.010895310279489,15.395547134059687,11.274277593557555,62.055897678825204,2.3689847012767262
1349,Половинский,Курганская область,муниципальный округ,4,Районы бюджетной экономики,54.789661,65.987595,17034.375,53.29426579822937,4.737611801945899,14.967634602497922,0.8149965359773033,5.7479544482175395,20.43753681313197,45206.2,7740.0,0.0,268.5,0.0,0.0,4.453125,0.0,15.312500000000002,65.9375,1.9616784663189608
1350,Притобольный,Курганская область,муниципальный округ,4,Районы бюджетной экономики,54.907539,65.088203,16986.25,54.01857474568984,6.088666231769077,11.904884193461635,0.7847234950310674,5.057412532259812,22.145738801788575,49686.9,9619.0,0.0,272.5,6.682206682206681,0.0,8.236208236208236,0.0,9.945609945609945,63.48096348096348,2.675943968554943
1351,Сафакулевский,Курганская область,муниципальный округ,5,Аграрные районы,54.988411,62.54039,17448.5,48.218840889711934,5.881850248194205,11.651046918153735,1.6838285834177231,6.711800772105408,25.852632588416995,44629.8,10385.0,0.0,291.4,15.245664739884393,0.0,4.696531791907514,0.0,10.404624277456648,60.76589595375722,-2.7897894675499275
1352,Целинный,Курганская область,муниципальный округ,4,Районы бюджетной экономики,54.50412,63.664242,16859.041666666668,51.593412743069365,4.6108402890763625,11.579689977307863,0.6009745985281961,6.180345712685761,25.43473667933245,43999.1,11754.0,0.0,279.8,7.421383647798742,0.0,8.11320754716981,0.0,11.572327044025158,65.28301886792453,0.0970319633120715
1353,Частоозерский,Курганская область,муниципальный округ,4,Районы бюджетной экономики,55.568256,67.909462,18662.5,46.0500143320962,5.631439914046721,15.986122297353353,1.5055073796542466,6.09177789900616,24.735138177843318,45036.5,4540.0,0.0,264.2,0.0,0.0,9.67238689547582,0.0,11.23244929797192,65.21060842433697,-3.791514884121049
1355,Шатровский,Курганская область,муниципальный округ,4,Районы бюджетной экономики,56.519569,64.634209,18496.541666666668,53.20589569543278,5.295350017384391,12.463943460254248,1.3544686732674287,5.159022524109227,22.52131962955192,43750.6,13663.0,0.0,279.3,3.7667698658410735,0.0,8.101135190918471,0.0,25.335397316821467,48.03921568627451,3.195873356615628
1356,Шумихинский,Курганская область,муниципальный округ,3,Транспортные узлы,55.228207,63.282501,21594.0,49.146590931184406,4.916250475348314,12.213149645709908,1.7657761011530178,5.22232884581186,26.735904000792495,53181.2,23519.0,68.54458097708236,289.5,0.0,0.0,14.145324597974984,17.62954139368672,13.817748659916617,47.8856462179869,1.6288783201314407
1357,Щучанский,Курганская область,муниципальный округ,4,Районы бюджетной экономики,55.208908,62.747772,21871.625,48.13404225282583,4.744780790325052,11.572622417062988,1.264325705018106,5.099108385917869,29.18512044885016,55419.1,15866.0,49.94327492751796,294.0,6.149659863945578,0.0,17.414965986394556,5.687074829931973,10.884353741496598,54.25850340136055,0.7740125143389603
1358,Юргамышский,Курганская область,муниципальный округ,3,Транспортные узлы,55.374958,64.455788,20730.0,51.59752785224809,4.967486997369006,12.154249682487688,1.2430033002693,5.814341488795765,24.22339067883015,60492.6,15694.0,40.99018733273863,283.1,5.486071631608869,0.0,15.122228538942581,20.15349630471859,8.527572484366116,48.5218874360432,3.434772382529385
1392,Бокситогорский,Ленинградская область,муниципальный район,2,Промышленные и крупные города,59.4729021,33.8489952,31142.125,44.13013400483209,4.183110944651091,16.74635463864722,2.97561787845559,4.337638226697989,27.627144306716023,75396.5,50855.0,76.89902664438108,318.3,3.5110118097669964,0.0,43.23864240876689,6.958187041174593,10.213852537503989,32.30130864985637,2.5193750588169235
1393,Волосовский,Ленинградская область,муниципальный район,5,Аграрные районы,59.44439375,29.49251575862619,31196.333333333332,42.561329576543756,3.593956253717154,17.693454270174694,2.8467229177510713,5.338569294205792,27.96596768760753,68765.7,50257.0,22.749069781323993,327.0,12.945736434108527,0.0,15.333333333333332,9.782945736434108,13.519379844961241,42.66666666666667,0.9303299711189981
1394,Волховский,Ленинградская область,муниципальный район,2,Промышленные и крупные города,59.9275868,32.3276803,33995.25,42.12217102309093,4.2770018419652684,16.29097005622283,4.000630579492927,4.999067134957996,28.31015936427005,77006.3,78679.0,72.4068684146977,319.5,3.9748311847759363,0.0,34.26437487210968,18.922651933701655,13.68937998772253,29.14364640883978,1.8800024217583415
1395,Всеволожский,Ленинградская область,муниципальный район,0,Столичные агломерации и центры услуг,60.0425967,30.58180461128939,44258.25,33.05859347790559,5.079195609196016,13.441829360066585,8.071212868015566,7.932565545262188,32.41660313955406,99062.8,571142.0,73.2497347419731,360.1,1.8152383137659822,0.24475123331676166,29.199332033092407,4.0689892538911625,33.67369051716446,31.000548140782946,-2.9177325792165214
1396,Выборгский,Ленинградская область,муниципальный район,2,Промышленные и крупные города,60.7326723,28.74469092882248,38525.25,37.428016094587726,4.59697176915459,14.746118879423179,5.420859286639554,6.892711098098207,30.915322872096745,91584.5,194689.0,64.46383719675997,297.8,3.26494871153365,4.988741556167126,36.38478859144358,11.288466349762322,13.467600700525395,30.605454090567925,-0.7901023532183603
1397,Гатчинский,Ленинградская область,муниципальный район,2,Промышленные и крупные города,59.5706273,30.1305083,38989.041666666664,36.734982216688586,5.547022442693611,14.329876147637686,5.579137555378633,6.860885529691547,30.948096107909933,82586.4,261522.0,58.83711504194675,346.2,2.3312456506610997,0.016237531895151935,30.582231500811872,8.69867780097425,26.27464625376943,32.06680584551148,-1.2880677091569244
1398,Кингисеппский,Ленинградская область,муниципальный район,2,Промышленные и крупные города,59.3743982,28.5981591,38938.375,38.78362882407445,4.359736523895693,14.291116418542012,5.536292323554481,5.5926803926220074,31.43654551731136,123058.2,83361.0,70.00755749091302,323.7,0.9820793465042105,0.0,59.22305591886372,16.518666391317318,10.249879534659598,13.085977834377365,0.7526731249005568
1399,Киришский,Ленинградская область,муниципальный район,2,Промышленные и крупные города,59.450325,32.010578,34903.541666666664,40.78785636833442,5.160328694823266,14.119516093362003,5.508891714180217,4.36531866413136,30.058088465168737,85514.2,58942.0,88.40385463676157,319.7,1.4082963450052057,0.0,51.04389281604471,4.515315907720971,18.099621897090252,23.908159351197327,1.0118371588542763
1400,Кировский,Ленинградская область,муниципальный район,2,Промышленные и крупные города,59.8813954,30.9855331,37912.916666666664,38.91580322178094,4.921776199109912,15.276889621963294,4.8027797782710335,6.520058375927114,29.562692802947705,86859.3,108186.0,89.27957406688482,347.8,15.809506547646018,0.23562463183651275,29.412297793284697,14.142009153110699,15.034664008337487,25.32964792242512,0.4360994997381848
1401,Лодейнопольский,Ленинградская область,муниципальный район,3,Транспортные узлы,60.7339323,33.5457731,33343.041666666664,44.250513033253355,4.189196159210396,15.78003085681203,3.8026467007989417,5.037249566779135,26.940363683146135,59047.6,27168.0,71.21613663133097,300.6,6.93398316349136,0.0,11.586176340274701,8.108108108108109,14.709791758972088,54.34204696499778,3.668915945168801
1402,Ломоносовский,Ленинградская область,муниципальный район,0,Столичные агломерации и центры услуг,59.91032,29.776194,40652.291666666664,35.43080809145905,4.858481838781981,14.669173434361827,6.366630034271995,8.300482092127755,30.374424508997393,115167.4,90576.0,23.13195548489666,349.0,4.380686468011361,0.0,45.39065132624079,3.023155057045203,30.934385981803302,16.30963269628845,-1.934923422165066
1403,Лужский,Ленинградская область,муниципальный район,2,Промышленные и крупные города,58.735699,29.8475013,35411.666666666664,40.6959650303208,4.617868950882917,14.145586880609768,5.059586706076763,6.485861633446555,28.99513079866321,70100.0,74392.0,53.536670609742984,321.6,6.070349800253337,0.0,23.609081165351263,2.104647763811751,20.37415960245542,46.76020656728052,1.0800109543439325
1404,Подпорожский,Ленинградская область,муниципальный район,2,Промышленные и крупные города,60.914291,34.162354,30095.708333333332,45.32571236548146,4.226549248617583,15.121132715118987,2.706781213911882,5.214730660083606,27.40509379678649,61376.2,25067.0,89.56396856424782,295.9,0.0,0.0,18.154387729444306,3.7968317827508176,13.879808901181795,52.92934372642696,3.1305194738247275
1405,Приозерский,Ленинградская область,муниципальный район,0,Столичные агломерации и центры услуг,61.0385285,30.1248482,34721.166666666664,39.913326747591775,4.324573906254284,18.717995851129555,3.4347413841529755,5.6509714094792125,27.9583907013922,70647.0,56730.0,38.956460426582055,297.5,11.033403883316463,0.0,10.803349590503359,1.2238888377657127,20.28158645440324,37.24118892058526,-0.03901346067309251
1406,Сланцевский,Ленинградская область,муниципальный район,2,Промышленные и крупные города,59.11726,28.086979,33329.625,44.4615967765535,3.5081619498649177,15.780860338694294,3.7378963602705353,4.469960642843327,28.041523931773426,77914.9,44406.0,75.4717830923749,308.4,4.55859840108862,0.0,32.029256676305494,0.4932811702670522,11.464534784827352,43.2386460282361,3.9028147067364176
1407,Тихвинский,Ленинградская область,муниципальный район,2,Промышленные и крупные города,59.644323,33.5418624,33472.208333333336,40.69023289322609,4.764631575247149,13.848414565072517,3.9875108290188566,5.1301470548198935,31.579063082615487,82246.9,65782.0,81.98595360432945,318.3,1.6203208556149735,0.0,57.63101604278075,2.6844919786096257,13.310160427807485,25.085561497326204,0.1817494766014477
1408,Тосненский,Ленинградская область,муниципальный район,2,Промышленные и крупные города,59.5412777,30.8773645,38384.875,38.10397117497664,4.928031965987092,14.728945676540315,5.7609975920675325,6.37411289010517,30.103940700323246,81263.9,130546.0,65.60752531674659,343.6,3.422582494063703,0.17194792434291328,31.974125931384588,15.119135347580448,23.167935806108243,26.152460492917385,-0.17510286081632462
1409,Сосновоборский,Ленинградская область,городской округ,2,Промышленные и крупные города,59.8968655,29.0765628,42288.208333333336,37.55398055974518,5.915665072338239,14.875277144980126,5.849315308150074,6.100897830352642,29.70486408443374,120590.6,63462.0,100.0,320.4,0.0,0.0,54.09137895389704,2.90262559437668,28.48459789125491,14.910068224105851,0.8603166679753693
1410,Липецк,Липецкая область,городской округ,2,Промышленные и крупные города,52.6041877,39.5936899,34063.708333333336,38.325001319115515,5.214690294718713,13.139375706087886,5.230950823358655,7.00466004915435,31.085321807564885,80260.6,485260.0,100.0,399.3,0.7252222086935346,0.0,41.26841592597102,3.428253987580665,21.974309022281748,32.60227687812005,-1.964571089265664
1411,Елец,Липецкая область,городской округ,2,Промышленные и крупные города,52.6219865,38.5003298,30331.166666666668,41.72588232944705,4.677048104818886,15.203492848817213,3.993600039012867,7.002104696826668,27.397871981077305,60220.9,94902.0,100.0,392.0,0.0,1.810745174896681,38.485790976098166,8.755485492735717,14.076946018490904,36.35976311192535,-0.4558884503725565
1412,Воловский,Липецкая область,муниципальный район,5,Аграрные районы,52.0283838,37.8790391,21471.958333333332,47.42749797210161,6.074855470016848,18.530693843292088,1.0948531908898698,6.312161501741199,20.559938021958388,42462.7,12286.0,0.0,355.6,17.991373998767717,0.0,0.0,5.29882932840419,10.289587184226741,59.396179913739985,-0.20126729601268323
1413,Грязинский,Липецкая область,муниципальный район,2,Промышленные и крупные города,52.48744725,39.93593469574095,25806.875,43.37048511418042,4.905102704794192,15.214144318369243,3.091981225639796,5.281049527181797,28.137237109834558,77641.9,77383.0,56.564103226806914,372.6,5.422179784476879,0.0,46.071477288228074,10.087300504706043,7.966171054426409,30.466512072022915,-1.2969899782202432
1414,Данковский,Липецкая область,муниципальный район,5,Аграрные районы,53.2533095,39.1591798,25903.708333333332,46.059733115746944,4.939148649415367,15.866120009519086,2.127928569114898,5.247613227897956,25.75945642830575,59157.2,31514.0,58.81195659072158,378.7,25.267665952890795,0.0,18.262465585806055,2.462526766595289,9.987763842153564,34.87304986234322,1.4624579428622435
1415,Добринский,Липецкая область,муниципальный район,5,Аграрные районы,52.1658357,40.4772102,22491.041666666668,47.976715460082346,4.842614295903952,18.818866478693675,1.4929598370224901,5.6841269307175,21.184716997580033,65120.6,32283.0,0.0,362.7,30.83612040133779,0.0,12.709030100334449,3.835005574136009,8.784838350055741,41.89520624303233,1.1085154723229442
1416,Добровский,Липецкая область,муниципальный район,5,Аграрные районы,52.8613369,39.8102066,20696.833333333332,50.304387672271346,5.145951048564165,15.689226253996782,1.6424728374258877,4.921236176541536,22.29672601120029,43185.2,26993.0,0.0,375.7,27.22680138261101,0.0,1.7282637596383938,1.3826110077107152,10.369582557830364,48.86998138792874,2.1060682360379683
1417,Долгоруковский,Липецкая область,муниципальный район,5,Аграрные районы,52.3243879,38.3495961,21125.625,47.45604322027786,5.516883243621134,19.098163364951926,1.4155070089904396,5.347298137851552,21.166105024307083,56006.8,15713.0,0.0,365.5,24.651863003387277,0.0,0.0,3.801279638690252,8.581106511102748,46.02935641701167,-0.41887158725807394
1419,Задонский,Липецкая область,муниципальный район,5,Аграрные районы,52.387798,38.92672,22739.958333333332,46.32292389695192,5.020087089787582,18.50894786590764,1.3909036272495072,5.646287769924925,23.110849750178428,71890.0,33205.0,28.53184761331125,373.6,23.949152542372882,0.0,10.11864406779661,5.4576271186440675,11.440677966101696,41.88135593220339,-0.3613555105571991
1420,Измалковский,Липецкая область,муниципальный район,5,Аграрные районы,52.6931659,37.9693559,21060.875,48.84226681522219,5.433204484198987,16.939558276568356,1.047129661475534,5.2784975197420305,22.459343242792905,44710.7,14799.0,0.0,367.9,24.5362563237774,0.0,0.0,5.059021922428331,12.647554806070826,34.56998313659359,0.9638297335291772
1421,Краснинский,Липецкая область,муниципальный район,5,Аграрные районы,52.863953,38.783821,22923.416666666668,45.898508412404546,4.911756175988663,15.647319970147274,1.3097431132946977,6.0154403261339455,26.217232002030872,67414.5,13181.0,0.0,371.9,19.888475836431226,0.0,0.0,16.57992565055762,7.732342007434944,33.64312267657992,-0.6932821530969112
1422,Лебедянский,Липецкая область,муниципальный район,2,Промышленные и крупные города,53.0126146,39.127593,25029.958333333332,45.736777390323994,4.915873173616008,16.78566368980784,2.6471809418257135,5.475844038192208,24.43866076623424,65478.8,38865.0,48.93863373214975,375.4,13.959028108623153,0.0,51.786565030967125,2.5059552167698906,8.956646021915198,21.75321581705574,0.5967188572307807
1423,Лев-Толстовский,Липецкая область,муниципальный район,5,Аграрные районы,53.212541,39.4477568,25767.125,48.91399783092113,5.052763148544665,17.769600785682456,1.5594761232005971,5.008655039882663,21.69550707176848,62104.5,16181.0,0.0,375.0,29.724770642201836,0.0,2.532110091743119,8.36697247706422,13.577981651376147,28.110091743119263,4.231549597186299
1425,Становлянский,Липецкая область,муниципальный район,5,Аграрные районы,52.7632714,38.3639594,20099.375,47.12573918750392,4.524605093552854,17.279647562700962,2.341827839302259,4.960947950776937,23.767232366163068,49907.3,16521.0,0.0,374.5,16.219281663516067,0.0,0.0,20.945179584120982,12.136105860113421,33.79962192816635,-1.5891884750670822
1426,Тербунский,Липецкая область,муниципальный район,5,Аграрные районы,52.146828,38.278389,23608.833333333332,45.111929394900336,5.396467407058767,20.72236756292907,1.4736902100588802,6.216319729806882,21.079225695246066,62431.8,20466.0,0.0,363.9,17.913928344286624,0.0,30.37947848208607,3.349586601653593,5.935976256094976,25.92749629001484,-0.9748162939845909
1427,Усманский,Липецкая область,муниципальный район,5,Аграрные районы,52.0506929,39.7399996,22831.5,45.66045396039062,5.159844697521711,17.66580637733777,2.6572724405482737,5.270052955559178,23.586569568642446,53900.6,49178.0,38.98287852291675,367.2,26.93104877711759,0.0,11.220118833770899,3.6202846483349456,7.931463313527705,47.36769379577173,-0.9857621077965777
1428,Хлевенский,Липецкая область,муниципальный район,5,Аграрные районы,52.197231,39.086029,21996.333333333332,45.62138947273333,6.2036791139754195,18.47984862812716,1.7070065099687577,6.283048241266852,21.705028033928485,59234.2,18262.0,0.0,372.4,14.694408322496749,0.0,1.2353706111833551,15.312093628088427,18.855656697009103,43.62808842652796,-1.5989281869119951
1429,Чаплыгинский,Липецкая область,муниципальный район,5,Аграрные районы,53.243015,39.966801,23701.458333333332,47.04701683523867,5.105669806810337,17.08342924236222,1.6516992826567514,5.079452274781216,24.032732558150805,59232.0,29850.0,38.61306532663317,378.5,18.756412887338396,0.0,13.585060537656474,8.434229427457417,16.23230043094603,39.44182228606608,1.0198628083731185
1430,Магадан,Магаданская область,городской округ,1,Ресурсные территории Севера и Востока,59.5604768,150.7988617,57814.833333333336,39.625421376115796,4.478667659244471,8.76237155085384,5.50191926082182,5.211586789812563,36.42003336315152,155268.7,94768.0,100.0,119.2,2.572083879423329,0.0,9.06618610747051,9.269331585845347,27.51638269986894,49.636304062909566,7.991107342432407
1431,Ольский,Магаданская область,муниципальный округ,1,Ресурсные территории Севера и Востока,59.5780981,151.2990699,41137.083333333336,49.898694797394974,3.8357823265938373,10.65198611334724,2.5853183932961974,3.231151214088246,29.797067155279507,116776.1,8658.0,65.88126588126588,120.2,0.0,0.0,0.0,0.0,8.616047388260634,65.75121163166398,12.78822026527189
1438,Ягоднинский,Магаданская область,муниципальный округ,1,Ресурсные территории Севера и Востока,62.5216788,149.6253322,48421.541666666664,51.814667080846235,2.99368334505026,11.563848010850663,2.1375171425576753,2.9649748290722058,28.52530959162296,167101.4,5934.0,99.84833164812943,122.8,0.0,48.79796578825705,16.22746185852982,1.8492834026814609,5.224225612575127,22.491909385113267,17.144818954580064
1439,Балашиха,Московская область,городской округ,0,Столичные агломерации и центры услуг,55.7997662,37.9373707,44528.458333333336,34.15607065317201,5.492743634009491,13.384820692341414,6.584490293843999,7.9642173626177355,32.41765736401535,102186.6,554248.0,95.68117521398362,565.5,0.0,0.0,21.579078223575845,7.713584237188053,36.468595580694284,34.09733660689312,-1.725697665850821
1440,Бронницы,Московская область,городской округ,0,Столичные агломерации и центры услуг,55.42009275,38.27196953296119,38675.125,37.72229561634426,4.365761066722683,16.78372330061174,5.054198065972248,7.498067593255636,28.57595435709343,79343.4,20981.0,100.0,489.7,0.0,0.0,32.08711433756805,12.79491833030853,23.448275862068964,26.1524500907441,-0.4348024805204745
1443,Дзержинский,Московская область,городской округ,0,Столичные агломерации и центры услуг,55.6309186,37.8496653,43174.833333333336,34.3662984561909,5.222115657650353,13.561578974106192,6.505994621445181,7.571623393642455,32.77238889696493,108785.2,57434.0,100.0,586.8,0.0,0.0,50.11035723044225,4.5532575819504615,28.300498651189404,15.727948990435706,-2.0334014781401533
1444,Долгопрудный,Московская область,городской округ,0,Столичные агломерации и центры услуг,55.9341491,37.5142417,48186.708333333336,32.00867633778547,5.688570309651547,13.200854514047213,7.131888700435505,7.876974983732696,34.09303515434757,140511.0,119089.0,100.0,569.8,0.0,0.0,25.4234320976848,9.155761740119917,35.585802442120006,27.887434898682656,-2.620052590342714
1445,Домодедово,Московская область,городской округ,0,Столичные агломерации и центры услуг,55.4368213,37.7680693,42885.0,34.33115012092329,5.027270349597015,14.609604471733896,6.062004000693393,8.384919068276876,31.585051988775533,116808.3,226573.0,69.1525468612765,524.2,1.0395347125082823,0.0,13.991018184495324,27.39600971802989,39.66723109769565,17.90031657218582,-2.176690799794136
1446,Дубна,Московская область,городской округ,2,Промышленные и крупные города,56.7362705,37.1623696,44206.25,35.93902888723993,5.027663501485033,15.265302398623135,6.0494491340459335,6.319856804105966,31.398699274500004,119658.1,74032.0,100.0,413.2,0.0,0.0,50.1129007978323,0.7727432384966632,22.685533644437754,26.318430428019468,-0.09344229161380863
1447,Егорьевск,Московская область,городской округ,2,Промышленные и крупные города,55.3829765,39.0356223,34975.083333333336,39.190853522534155,4.26353184039851,14.796044986337694,5.545020919054275,6.963775600915841,29.24077313075953,82618.9,111759.0,66.17006236634187,440.1,1.4273014618727775,0.0,44.5229158435401,2.943500592651126,15.86823389964441,35.24298696167523,-0.5977343250611045
1448,Жуковский,Московская область,городской округ,0,Столичные агломерации и центры услуг,55.5972801,38.1199863,44443.375,33.566600820091665,5.439363715055173,13.865059020879242,6.3568240954295225,7.342816783041506,33.429335565502896,116756.8,110083.0,100.0,523.0,0.0,0.0,12.184396643336143,6.544761625563414,55.326321961229795,25.050386602660414,-2.345083388880834
1449,Зарайск,Московская область,городской округ,5,Аграрные районы,54.7585694,38.8818137,29983.125,43.303231385342464,4.379908763312123,15.546658880089353,2.544797579788954,5.40054979221574,28.82485359925137,65077.5,36618.0,55.66388115134633,417.5,14.950552646887724,0.0,13.438045375218149,0.1939111886755866,22.299786697692454,39.88753151056816,1.0344838861027932
1453,Истра,Московская область,городской округ,0,Столичные агломерации и центры услуг,55.9145993,36.8595482,44862.625,34.13224387509228,5.622645269259457,16.083663817244695,5.4924160586656425,7.720334982729761,30.948695997008162,111672.8,171213.0,41.35900895375935,477.7,0.974817221770918,0.0,29.734633089629025,3.690766314649337,44.04819929596534,20.958570268074737,-1.6726085338208396
1454,Кашира,Московская область,городской округ,2,Промышленные и крупные города,54.837449,38.1505119,36395.333333333336,39.9988316938464,4.621428828635291,15.997459223478778,4.42146974547854,6.734914052001338,28.225896456559646,85341.4,65747.0,67.76126667376458,436.1,10.239968268658691,0.0,34.82514708798837,13.069346202155089,14.034507833674887,24.294308190652476,0.7857437576704422
1456,Королёв,Московская область,городской округ,0,Столичные агломерации и центры услуг,55.9190049,37.8150443,47894.833333333336,33.596271316334054,5.83312350232437,12.93940009677034,6.632102831885728,7.69722552072417,33.301876731961336,117436.2,226007.0,100.0,561.7,0.0,0.0,29.490876181255654,2.5361480015995626,43.099783217224754,24.852145728537455,-1.1103653029355711
1457,Котельники,Московская область,городской округ,0,Столичные агломерации и центры услуг,55.661668,37.8673073,46957.0,30.81548474119232,4.638942937477736,12.92486670631878,7.7745496798049665,8.43056670391748,35.41558923128872,118773.0,72311.0,100.0,601.4,0.0,0.0,14.061279402829616,9.06171339293464,56.89610276885687,18.244944015276452,-4.228436408913507
1459,Красногорск,Московская область,городской округ,0,Столичные агломерации и центры услуг,55.8217545,37.3400897,51764.625,30.92517463669925,5.197989596318227,13.552413111074083,7.423266457497103,8.313417613113177,34.58773858529816,137301.9,335991.0,73.98263643966654,568.1,0.0,0.0,19.943881984651306,7.3330331996691545,39.864730455540084,32.85835436013946,-2.542457088659487
1461,Лобня,Московская область,городской округ,0,Столичные агломерации и центры услуг,56.03377690000001,37.46122371880293,43616.666666666664,35.56287221686264,5.337313042736794,14.271249735505409,6.093744007471303,7.303533137515399,31.43128785990846,161420.5,81143.0,100.0,521.6,0.0,0.0,14.363086741120162,55.03400789319003,16.936770509698547,13.661936350659165,-0.666539043717237
1463,Луховицы,Московская область,городской округ,0,Столичные агломерации и центры услуг,54.9655573,39.0277188,35424.875,40.253407716468,4.529874464951478,15.659596637219705,4.001167804584322,6.545424602592824,29.010528774183676,92259.2,61079.0,58.57332307339674,429.3,12.516459907131471,0.0,24.880449095571418,5.010742255180539,28.484302446461985,23.577517499480212,0.6394059178662097
1464,Лыткарино,Московская область,городской округ,0,Столичные агломерации и центры услуг,55.5822477,37.9080217,42947.333333333336,36.415881793281166,5.663589865216358,14.555343637751527,5.869380442887798,6.455089586853839,31.04071467400931,111222.9,66526.0,100.0,538.1,0.0,0.0,42.66622395617166,2.4072383165933426,34.1578816302814,15.389723582634682,-0.07429253216807846
1465,Люберцы,Московская область,городской округ,0,Столичные агломерации и центры услуг,55.6783142,37.89377,44048.125,33.74115308199504,5.264847687355441,13.650893541368934,6.728621986104298,7.6294908497968565,32.98499285337944,112072.0,364888.0,94.87788033588389,587.7,0.0,0.0,22.515772203710906,6.648850701080798,39.722273903556996,31.08265818716912,-2.3247082564098394
1467,Мытищи,Московская область,городской округ,0,Столичные агломерации и центры услуг,55.9094928,37.7339358,47330.166666666664,31.95536839891154,5.230700477702578,13.366541650344274,7.0064162274326005,8.252947087959354,34.188026157649645,110614.2,309564.0,88.93572896073186,572.6,0.046641791044776115,0.0,27.846444859038144,4.1005907960199,41.746994195688224,26.258032752902157,-2.9511111616508012
1468,Наро-Фоминский,Московская область,городской округ,0,Столичные агломерации и центры услуг,55.3842784,36.723507,43055.0,35.51230958315267,4.989919347130844,15.116985355326001,5.819483558972576,7.888366176293374,30.67293597912453,89700.3,198501.0,79.52504017612002,462.8,1.7429915832725826,0.0,28.613559546689643,8.37033600636225,32.76559082775532,28.50089469149712,-0.9672232264747754
1472,Подольск,Московская область,городской округ,0,Столичные агломерации и центры услуг,55.4308841,37.5453056,42554.083333333336,36.21815996597862,5.164818675106125,14.245912848723174,5.776941603661009,7.744095950424179,30.85007095610689,172415.1,350634.0,89.24148827552376,527.3,0.16560395862875954,0.0,31.46772706087681,7.7873526174350225,43.76902710153407,16.81028926152534,-0.4111230726965759
1473,Протвино,Московская область,городской округ,0,Столичные агломерации и центры услуг,54.8707703,37.2188629,32016.625,39.7619026977954,4.906578162383984,16.484199559336847,4.36357035304929,4.834912916312488,29.648836311121997,91076.8,37221.0,100.0,436.6,0.0,0.0,25.899097725250986,0.0,53.539204473249455,19.494217816749266,-1.4372277457118465
1474,Пущино,Московская область,городской округ,0,Столичные агломерации и центры услуг,54.8347213,37.6139685,31623.208333333332,39.072565184125345,5.1306405308533725,18.725304645853168,3.70282596764283,4.088708016217661,29.279955655307617,86843.1,19342.0,100.0,432.8,0.0,0.0,0.0,0.7438551099611902,61.448900388098316,23.415265200517467,-2.2571566521965662
1475,Реутов,Московская область,городской округ,0,Столичные агломерации и центры услуг,55.7622453,37.856555,48727.583333333336,31.100958471730976,5.596095655825086,12.136804315194944,7.679616782046712,7.404529926299823,36.08199484890246,107100.5,112070.0,100.0,609.0,0.0,0.0,10.838747784997047,1.752313447529041,52.180547351840914,35.228391415633,-3.3109687592560633
1477,Рузский,Московская область,городской округ,0,Столичные агломерации и центры услуг,55.6998907,36.1946992,36005.291666666664,40.16746839021254,4.986533063462792,17.132435953016767,3.891668917549828,6.65263015978778,27.1692635159703,91991.8,79874.0,48.05568770814032,431.9,0.1572533088717075,5.818372428253178,24.308740663084784,10.509762809592452,19.12593369152143,40.1061459834884,0.7896686593455555
1478,Серебряные Пруды,Московская область,городской округ,0,Столичные агломерации и центры услуг,54.4679803,38.7223679,31751.208333333332,43.63280672385769,4.462383857252162,18.834011459553622,3.064268230071942,5.2361985484787645,24.770331180785824,70705.8,23278.0,37.52899733654094,412.3,3.328328328328328,0.0,0.0,0.0,38.213213213213216,32.48248248248248,2.3002681120160804
1480,Ступино,Московская область,городской округ,2,Промышленные и крупные города,54.886598,38.0772589,38607.458333333336,38.027919816879354,5.253865679457764,15.326686644865708,5.214341646936301,6.953721949562344,29.22346426229853,102284.6,118129.0,67.79199011250412,441.1,2.497519586711827,0.0,50.114612200212115,6.681720209381094,14.321393136953025,26.36764856820281,-0.17109356182559388
1481,Фрязино,Московская область,городской округ,2,Промышленные и крупные города,55.954618,38.0567691,42398.25,36.27159289719208,5.683652628878088,14.466986290791295,6.122813762464262,6.4039063840808135,31.051048036593464,123955.5,58677.0,99.97273207560032,522.8,0.0,0.0,71.39737991266377,0.0,14.050513395491562,12.286085211849404,-0.41943140962448544
1483,Черноголовка,Московская область,городской округ,0,Столичные агломерации и центры услуг,56.0061165,38.3835224,38482.416666666664,38.779035360513234,6.084457398896383,18.713629253939253,3.9443523247039645,4.596288156213618,27.88223750573355,142578.8,21254.0,86.91069916251058,483.8,0.0,0.0,14.075758901233486,0.0,79.03945411600036,5.957484034642638,0.5109155250024595
1484,Чехов,Московская область,городской округ,0,Столичные агломерации и центры услуг,55.1426603,37.4545328,41641.458333333336,36.38792711177165,4.738406581844798,15.655358995832833,5.169411803056052,8.135100922760559,29.91379458473411,92079.7,146643.0,62.337786324611464,469.7,0.5123591989987485,0.0,26.490143929912392,6.950093867334167,24.81226533166458,37.39048811013767,-0.6128516147559491
1486,Шаховская,Московская область,городской округ,0,Столичные агломерации и центры услуг,56.031464,35.5102036,33255.708333333336,41.504532907054404,4.367510088165249,19.623844384173115,3.082492528229619,6.139885762050474,25.281734330327144,71927.4,29743.0,42.79662441582893,402.6,0.0,0.0,11.018867924528301,0.0,44.45283018867924,27.245283018867923,0.8766865660263357
1488,Электросталь,Московская область,городской округ,2,Промышленные и крупные города,55.7903785,38.4405711,40951.833333333336,36.83229712352464,5.252717685600905,13.624505624508531,5.526169172899544,7.234585088175429,31.529725305290953,174519.6,150729.0,94.06152764232498,492.6,0.0,0.0,49.59897337183189,3.7500445585142406,21.680390689052864,24.788792642498127,-0.4008285173917478
1489,Волоколамский,Московская область,городской округ,2,Промышленные и крупные города,56.0360129,35.9583358,35313.5,41.76619140838313,4.589026404459178,16.832925163541734,3.689356318821942,6.566605361135841,26.555895343658182,77087.1,64721.0,44.63157244171135,417.7,7.576276996914638,0.0,24.054393783567594,4.388069934864587,21.711804365215404,40.68106502114044,2.1199769378200535
1490,Воскресенск,Московская область,городской округ,2,Промышленные и крупные города,55.322518,38.6816824,37764.125,38.71289319172358,4.364494463842295,15.415258418505587,4.66655559284792,6.9235454752097345,29.917252857870885,89073.4,160755.0,75.86078193524307,451.2,1.0922899688526688,0.0,42.02329649699193,5.32064684046593,23.71463924563724,27.699790928873146,0.1481244371927472
1491,Дмитровский,Московская область,городской округ,2,Промышленные и крупные города,56.3450695,37.5200723,40256.791666666664,37.30753860352325,4.7779354587919345,15.728535150546932,4.799014088253853,7.445871387274021,29.941105311610013,89670.2,163081.0,59.79605226850461,458.3,3.8899055343983386,0.0,39.37385627380187,8.717048320886295,23.898313467530542,23.730154804886496,-0.22650580157606662
1492,Клин,Московская область,городской округ,2,Промышленные и крупные города,56.3355601,36.7351318,38627.291666666664,38.38695140509289,4.778017217528486,14.068600080334978,4.786377483950011,7.442808026003803,30.537245787089834,82878.8,148545.0,71.37231142078159,440.6,0.49356126890115315,0.0,43.09687261632342,6.694485574550186,19.859110692331853,29.860456768519768,0.18053356244510887
1493,Ленинский,Московская область,городской округ,0,Столичные агломерации и центры услуг,55.5571496,37.7087142,48647.083333333336,31.2500711774004,4.819468563206166,14.31454375398841,7.1321398326719425,8.827561953180748,33.65621471955233,118959.9,327211.0,59.60221386200342,565.5,0.0,0.0,27.27167949840948,4.644783550781431,45.52579410815545,21.522751371536582,-3.2164502688219825
1494,Лотошино,Московская область,городской округ,5,Аграрные районы,56.228891,35.6399029,27884.375,44.999050055448315,4.331110840004854,20.23800465259772,2.204220839290787,5.012814078839318,23.214799533819004,61386.3,21886.0,28.145846659965272,399.8,8.283132530120483,0.0,0.0,0.0,18.473895582329316,35.49196787148594,1.6286179661615785
1495,Можайский,Московская область,городской округ,2,Промышленные и крупные города,55.5095679,35.986899,37177.541666666664,40.34134236026124,4.564139356761373,16.301248062867344,3.8466694678564153,6.973288410711316,27.97331234154232,71940.1,92529.0,39.662159971468405,425.5,6.257931472081219,0.0,34.01015228426396,3.696065989847716,17.79029187817259,37.89657360406091,1.492604348452865
1496,Богородский,Московская область,городской округ,2,Промышленные и крупные города,55.8553511,38.4411898,39268.166666666664,38.036203104743564,5.110290488523442,14.275134155049921,5.061991826097253,6.917077134848134,30.599303290737684,106506.2,220062.0,76.62476938317383,494.0,0.9522711171886584,0.0,37.88984628564838,9.252516598843435,32.80228017859203,19.10143829184309,0.09840670041256401
1500,Раменский,Московская область,городской округ,0,Столичные агломерации и центры услуг,55.5709361,38.2282099,41781.75,35.5476800082664,5.036257656642133,14.917322810118156,5.620540602002466,7.499919358297685,31.378279564673168,97837.0,338109.0,52.315969110553105,498.5,3.6086075000425946,0.2623822261598487,27.71369669296168,11.902611895796774,34.67023324757637,21.84246843746273,-1.3757621977961954
1501,Сергиево-Посадский,Московская область,городской округ,2,Промышленные и крупные города,56.3153284,38.1359898,39399.666666666664,36.594735545726046,5.161460517601305,14.96194746713353,5.399051435890562,7.13940644916925,30.74339858447931,90162.6,207827.0,77.24068576267761,460.2,0.24222689909859824,0.0,43.18389389667633,2.8828971925505305,25.97982766151769,27.711154350156853,-1.2802945154827816
1504,Талдомский,Московская область,городской округ,2,Промышленные и крупные города,56.730941,37.528016,31843.166666666668,42.82910787656044,4.499763967145645,17.869241016717737,3.0973424664450193,5.670021560300018,26.03452311283113,86441.7,64165.0,71.7696563547105,418.2,0.7551391413788282,0.0,25.08740036358551,2.9086841001258565,25.143336596280243,30.597119284016223,1.540817426769192
1506,Мурманск,Мурманская область,городской округ,0,Столичные агломерации и центры услуг,68.970665,33.07497,47155.291666666664,36.917092534352065,4.64569608639591,12.2826732371567,6.012621373583446,6.559850612911308,33.58206615560058,125235.4,266681.0,100.0,214.9,5.2889335919726035,1.162679311253203,14.037167421031205,15.16512201547046,22.654884211030485,41.69001604521397,1.987320774339919
1507,Апатиты,Мурманская область,муниципальный округ,1,Ресурсные территории Севера и Востока,67.568626,33.404392,46773.708333333336,38.19357069187417,4.02692069662556,14.096162970713975,6.727705624235384,5.236215760336374,31.719424256214534,100902.6,48277.0,99.96892930380926,221.7,0.0,0.0,23.667462211614957,9.649960222752584,22.307080350039776,41.75019888623707,3.1157439058596785
1508,Кировск,Мурманская область,муниципальный округ,1,Ресурсные территории Севера и Востока,67.6151331,33.6637527,49829.833333333336,37.03102578967424,3.5130463363058446,15.216819500526837,5.779580383527475,4.97775032355424,33.48177766641137,155467.1,25984.0,92.00277093596058,221.3,0.0,0.0,12.198926744040934,4.4240609010358165,17.122176463247225,19.150131037064767,3.0106951428965374
1509,Мончегорск,Мурманская область,муниципальный округ,1,Ресурсные территории Севера и Востока,67.939903,32.931679,42162.25,39.51601666980981,4.010999739302618,14.822694135332245,5.026626555565247,4.583192033567231,32.04047086642285,110712.0,41427.0,94.63152050595023,222.0,0.0,0.0,45.506072874493924,5.944669365721998,19.75033738191633,28.724696356275302,2.847185235914636
1510,Оленегорск,Мурманская область,муниципальный округ,1,Ресурсные территории Севера и Востока,68.140732,33.282597,40230.75,43.07005814063813,3.6065775561887117,16.570848240371614,4.4338631181708825,3.7778073815841133,28.540845563046553,100016.8,27867.0,74.26346574801737,220.8,0.0,0.0,15.033018257153955,0.9840735465492684,15.978246795286804,40.968535543182696,5.627027982386301
1511,Полярные Зори,Мурманская область,муниципальный округ,1,Ресурсные территории Севера и Востока,67.3659225,32.5010277,46623.208333333336,38.79090659989018,3.5998044247725436,16.506034809738672,4.851460062334095,5.4180027778340225,30.833791325430493,142415.5,15634.0,89.6315722144045,226.0,0.0,0.0,51.78086326592213,0.0,12.375490492001209,25.30938726230003,3.7335042561955114
1512,Ковдорский,Мурманская область,муниципальный округ,1,Ресурсные территории Севера и Востока,67.563049,30.474108,45392.333333333336,41.416552021079795,3.7770690366119846,16.17884677768559,5.0331609802988115,3.7222208172077935,29.872150367116028,118867.3,16803.0,92.17996786288163,218.9,0.0,0.0,9.367236592137951,1.2567587315504896,6.999853865263773,20.517316966242877,5.871745012181407
1518,Кандалакшский,Мурманская область,муниципальный район,1,Ресурсные территории Севера и Востока,67.1507901,32.4082716,41613.916666666664,41.29797937923574,3.8707970443295014,16.092158227244326,4.0162499423883915,4.997986545380872,29.72482886142117,93922.5,39330.0,80.11187388761759,226.7,0.0,0.0,27.531837477258946,16.884692021138353,13.445378151260504,41.80022524473707,4.345825013431066
1519,Кольский,Мурманская область,муниципальный район,2,Промышленные и крупные города,68.880638,33.019726,34098.333333333336,41.5956953604627,4.067783228966395,15.016895441767073,4.549196214140458,4.602658411956809,30.167771342706573,138007.3,33201.0,78.13017680190356,220.1,4.7109388167874595,0.0,54.76150345525029,5.081746165514916,13.84206977920108,21.093881678745994,1.5173692786767874
1520,Ловозерский,Мурманская область,муниципальный район,1,Ресурсные территории Севера и Востока,68.0058828,35.0172148,39595.75,44.55226696578916,3.2202313749949787,20.250925280973732,2.0684879330918013,3.6543254581977527,26.253762986952573,86372.9,8770.0,73.46636259977195,216.5,0.0,0.0,5.534229046705055,0.0,8.701215611004478,43.793985924504156,6.849883578131909
1521,Печенгский,Мурманская область,муниципальный округ,1,Ресурсные территории Севера и Востока,69.4062217,30.2114216,47973.708333333336,38.746200748274134,3.6381624878671746,16.760391409195233,4.72472572220751,5.329780047138393,30.800739585317544,106442.9,29632.0,84.29063174946005,207.1,2.071420865249757,0.0,21.40468227424749,6.775272413421081,16.71161937641601,31.74020929981659,4.114120883132596
1522,Терский,Мурманская область,муниципальный район,1,Ресурсные территории Севера и Востока,66.6780339,34.3376019,34553.875,43.77627709772712,3.3926716854432137,19.88377137857222,1.5524961240050317,4.245912338409917,27.148871375842496,85974.2,4698.0,86.48361004682845,220.3,0.0,0.0,4.046242774566474,0.0,22.639691714836225,45.568400770712906,3.840326782133579
1523,Нижний Новгород,Нижегородская область,городской округ,2,Промышленные и крупные города,56.3264816,44.0051395,36294.333333333336,36.86806125055843,5.903803666881267,11.883517788110105,5.115212160206477,6.99202318113837,33.237381953105356,91812.7,1228702.0,98.23114148101004,367.7,0.17791627136859262,0.0,26.29329960123102,8.482646735930603,35.74625848766027,29.297307859425576,-2.309422857644404
1525,Бор,Нижегородская область,городской округ,2,Промышленные и крупные города,56.3598289,44.0542641,32928.875,40.397523908263054,5.540198476691831,13.507751313609297,4.081289456797616,6.498732908838469,29.974503935799728,70599.6,117552.0,65.77514631822513,381.3,4.495258426043762,0.0,38.786485487910014,5.969046348372265,18.358717517139457,32.661439303748104,-0.3778389203491548
1526,Выкса,Нижегородская область,городской округ,2,Промышленные и крупные города,55.318774,42.1800408,32488.625,42.60643277094149,5.15092702949374,14.793403764456222,3.210698241082692,5.9834660217615525,28.255072172264313,91080.7,72393.0,81.78829444835827,374.7,1.1963816749343448,0.0,64.35820121259282,5.622021204163019,12.129170314171773,16.83364134487566,1.621917719753656
1527,Дзержинск,Нижегородская область,городской округ,2,Промышленные и крупные города,56.2382157,43.4617405,35320.208333333336,38.70965090690901,4.995543829229001,12.68384522354404,4.656719725235828,6.641609479405139,32.31263083567698,81689.3,225251.0,96.96605120510009,380.2,0.1822367159025513,0.0,46.7715327066948,4.099366967197391,24.371762900441205,24.57510070976405,-0.9402082395170529
1528,Кулебаки,Нижегородская область,городской округ,2,Промышленные и крупные города,55.429287,42.511879,26534.75,44.52046740329713,5.510681966716538,16.065640745584282,1.9662287593245817,5.088511956084471,26.848469168993,69693.7,45056.0,79.56321022727273,375.0,0.0,0.0,58.720439189189186,1.2352195945945947,9.660050675675675,28.927364864864863,0.2910423398951617
1529,Навашинский,Нижегородская область,городской округ,2,Промышленные и крупные города,55.544071,42.188671,24110.0,47.946227390335864,4.853842184779189,15.411199726206274,1.6524475674511894,4.114952275210636,26.021330856016846,63569.1,20671.0,68.59851966523148,383.2,0.0,0.0,49.247454625940684,3.297919433377601,10.004426737494466,29.526339088092072,2.2512733701481076
1530,Перевозский,Нижегородская область,городской округ,4,Районы бюджетной экономики,55.596546,44.544846,22785.625,46.184145174843216,5.007847802388243,16.063383052276716,1.6858102414649745,4.890009569874703,26.168804159152142,51293.7,16026.0,54.81093223511794,369.5,0.0,0.0,8.122568093385214,3.0155642023346303,23.200389105058367,61.673151750972764,-0.43280924565149637
1532,Семеновский,Нижегородская область,городской округ,2,Промышленные и крупные города,56.788342,44.49155,24669.625,46.42346001877926,5.079760803131675,15.627684754867314,2.0422193697566056,6.219309718614863,24.60756533485028,52030.2,45405.0,64.47087325184451,361.5,3.269527999048864,0.0,32.45749613601237,4.767566282249435,12.281536083699915,47.12875995719891,1.0120516585897714
1533,Шахунья,Нижегородская область,городской округ,3,Транспортные узлы,57.6730182,46.6152378,23253.958333333332,48.02127727800289,4.820862421555088,13.44917701282908,1.8028736002027774,4.999284942394344,26.906524745015826,50743.1,28511.0,81.59657675984707,337.0,0.0,0.0,19.261404779145547,10.04706734250543,15.314989138305576,49.22157856625633,1.688998195833212
1534,Первомайск,Нижегородская область,городской округ,4,Районы бюджетной экономики,54.8666491,43.8054106,22649.958333333332,46.584940893229636,5.2842054962914835,18.23940785583548,1.1084718085954535,4.043274315058939,24.73969963098901,63925.0,17117.0,82.77151369983058,364.6,0.0,0.0,2.218430034129693,4.948805460750854,7.375805839969662,19.719378081152826,-0.1299425876039766
1535,Сокольский,Нижегородская область,городской округ,4,Районы бюджетной экономики,57.143093,43.16357,22652.666666666668,48.629567719645934,4.073518780824178,15.218550590996824,1.700302739786264,4.824971815464057,25.553088353282742,55072.0,10807.0,54.547978162302215,345.2,0.0,0.0,21.85792349726776,0.0,15.250869349230006,50.96870342771982,1.8864949043849777
1536,Чкаловск,Нижегородская область,городской округ,4,Районы бюджетной экономики,56.764915,43.243324,24313.583333333332,48.5417291380563,5.3848283276092115,16.06404738249482,1.6492005916506483,4.135180998757361,24.22501356143166,51333.1,19063.0,59.10402350102293,364.3,0.0,0.0,27.25998598458304,0.0,17.79957953749124,51.716888577435185,2.9336120917135537
1537,Ардатовский,Нижегородская область,муниципальный округ,5,Аграрные районы,55.2410408,43.0968037,20854.5,50.439984963269836,5.197489869841784,14.957295091952163,1.4941392222871135,5.07430852378464,22.83678232886446,51079.9,22161.0,59.45128829926447,373.3,7.7462812236879035,0.0,29.273084479371313,4.490597810833568,15.015436429974741,47.31967443165871,2.3731205240807727
1539,Балахнинский,Нижегородская область,муниципальный округ,2,Промышленные и крупные города,56.4870505,43.6039553,30521.208333333332,42.65913579308838,5.638922227511492,14.621327062293735,3.170002027081765,5.549617882167887,28.360995007856744,64085.0,72219.0,92.24996192137803,378.5,0.0,0.0,53.938500421229996,2.1763549564729012,11.499578770008425,32.32238135355237,0.6635199913331402
1540,Богородский,Нижегородская область,муниципальный округ,2,Промышленные и крупные города,56.103416,43.516819,29924.791666666668,41.75666820477764,5.0132564703736975,15.051409635736176,3.224808585722954,6.152464650466113,28.80139245292342,54887.8,57639.0,58.91323582990683,379.5,0.0,0.0,29.299187663499932,4.4471981274955255,17.238055899765936,48.272063885446784,-0.5671752434806482
1541,Большеболдинский,Нижегородская область,муниципальный округ,4,Районы бюджетной экономики,55.000713,45.310505,22843.0,46.97130479058113,6.369490722069503,17.29902983242303,0.9603662055062486,5.825795413097815,22.57401303632228,52302.9,10172.0,0.0,361.0,7.0588235294117645,0.0,3.9775910364145655,0.0,24.313725490196077,51.31652661064425,0.3315050403881819
1542,Большемурашкинский,Нижегородская область,муниципальный округ,5,Аграрные районы,55.7837504,44.7763185,21472.333333333332,49.96647188511263,5.572662683074795,18.35347501149395,1.0364873400773496,3.409922179496847,21.66098090074442,54463.0,10258.0,53.49970754533048,369.3,20.011634671320536,0.0,7.038976148923792,0.0,16.114019778941245,51.48342059336824,2.350686331447503
1543,Бутурлинский,Нижегородская область,муниципальный округ,4,Районы бюджетной экономики,55.568863,44.891453,22884.416666666668,49.73343276445104,4.914811906040853,15.111625912790391,1.2939770011018874,5.26310196109211,23.68305045452372,50073.9,12910.0,52.625871417505806,367.2,0.0,0.0,4.581779435269047,3.1433137986148108,14.970697922216303,63.185935002663825,3.161693235891774
1544,Вадский,Нижегородская область,муниципальный округ,5,Аграрные районы,55.5313789,44.2092517,22697.041666666668,49.40269696064908,4.434105615840015,14.742409480993718,1.1886336825618862,5.550680914724014,24.681473345231282,60421.0,13290.0,0.0,371.7,18.4990125082291,0.0,5.957867017774852,2.5016458196181697,6.550362080315997,48.452929558920346,2.7459439729275132
1545,Варнавинский,Нижегородская область,муниципальный округ,4,Районы бюджетной экономики,57.396695,45.0849216,23709.833333333332,50.614290353259975,4.855392540798576,16.225170684078595,0.9362259503865062,7.219051817741469,20.149868653734877,42530.2,9653.0,32.860250699264476,340.0,0.0,0.0,23.605313092979127,0.0,6.869070208728653,65.04743833017078,4.579076956004208
1546,Вачский,Нижегородская область,муниципальный округ,4,Районы бюджетной экономики,55.801029,42.772099,21977.958333333332,49.790560467428904,5.308253965098433,15.505097273627792,0.9346508770806863,3.7842071800164803,24.677230236747704,47172.5,16730.0,30.67543335325762,376.4,0.0,0.0,4.67436974789916,0.0,20.22058823529412,64.12815126050421,2.5524954331697502
1547,Ветлужский,Нижегородская область,муниципальный округ,4,Районы бюджетной экономики,57.85287,45.7757157,22913.791666666668,51.24581975877781,4.959027744497173,14.893878794522436,1.196284804295898,5.897094335858167,21.80789456204851,43677.4,12521.0,73.14910949604663,335.3,0.0,0.0,10.53763440860215,2.5806451612903225,16.86021505376344,64.90322580645162,4.6542344543315055
1548,Вознесенский,Нижегородская область,муниципальный округ,4,Районы бюджетной экономики,54.8906328,42.7598373,21156.625,45.88110278316828,5.472518302708142,15.971901125053659,1.1453148417205696,6.2335015062163075,25.29566144113304,46674.6,14309.0,41.386539939897965,370.2,0.0,0.0,14.0893470790378,3.7800687285223367,16.83848797250859,64.49026345933562,-1.9983829661393928
1549,Володарский,Нижегородская область,муниципальный округ,5,Аграрные районы,56.224304,43.182655,24650.458333333332,41.91270692930773,3.851641398599063,18.144467675595145,3.5029316480245396,4.431523876643449,28.15672847183007,65717.5,47925.0,61.955138236828375,381.6,10.624697336561743,0.0,18.71186440677966,2.3922518159806296,13.617433414043584,53.94673123486683,-3.4576375038013896
1550,Воротынский,Нижегородская область,городской округ,4,Районы бюджетной экономики,56.0604696,45.862528,20101.625,48.39445033962917,5.267239814830032,15.600437404639496,2.242061656776131,4.6806841436051005,23.81512664052007,52483.8,13399.0,47.346816926636315,363.4,0.0,0.0,15.048543689320388,8.414239482200648,14.118122977346278,57.60517799352751,-0.22367577930576232
1551,Воскресенский,Нижегородская область,муниципальный округ,4,Районы бюджетной экономики,56.8383333,45.4330556,21840.541666666668,51.02142332844114,5.422886283651121,15.839982085878004,1.2232689802119465,5.904422949329369,20.58801637248842,47142.8,16072.0,33.891239422598304,349.7,0.0,0.0,3.729146221786065,2.747791952894995,26.44749754661433,62.90480863591756,3.6923309377336246
1552,Гагинский,Нижегородская область,муниципальный округ,5,Аграрные районы,55.2314867,45.0280811,20250.791666666668,52.958489690169365,6.344905158079768,16.114361053674962,0.43678064903123526,4.731280396871114,19.414183052173552,47769.7,9681.0,0.0,363.6,23.674540682414698,0.0,5.039370078740157,4.829396325459317,18.26771653543307,47.13910761154856,4.38999018580535
1553,Городецкий,Нижегородская область,муниципальный округ,2,Промышленные и крупные города,56.647141,43.476002,29095.208333333332,42.96817615773158,5.73466490869842,15.427810224221705,3.3197232634948004,5.688792018374481,26.860833427479015,62205.1,80149.0,82.05093014260939,366.9,2.798232695139912,0.0,42.18678584124727,3.493982022243665,15.270935960591133,33.9698339342847,0.17310766542496342
1554,Дальнеконстантиновский,Нижегородская область,муниципальный округ,4,Районы бюджетной экономики,55.80777,44.094025,23743.041666666668,48.31691254780115,4.940646065824104,16.783629181197846,1.8331405315049603,4.616635042583071,23.509036631088858,54917.0,20224.0,23.52650316455696,371.9,11.541632316570487,0.0,8.903544929925804,1.6075845012366035,19.785655399835118,58.45012366034625,2.2752978169013267
1555,Дивеевский,Нижегородская область,муниципальный округ,4,Районы бюджетной экономики,55.041687,43.245518,25141.041666666668,42.94296266252593,4.931795283062317,18.755055939100966,1.3089664737928624,5.281288879705323,26.779930761812604,50658.3,14998.0,0.0,371.0,9.70184571699006,0.0,6.483672503549457,0.0,17.1320397539044,60.48272598201609,-2.1624916301290025
1556,Княгининский,Нижегородская область,муниципальный округ,4,Районы бюджетной экономики,55.821281,45.031601,23997.625,47.17290628007252,5.311659835590543,18.770693388615836,1.9186558540268512,4.367682327885097,22.458402313809152,59292.5,10775.0,59.48027842227378,366.7,0.0,0.0,29.16221033868093,0.0,15.579322638146168,46.16755793226381,1.3874694371200154
1557,Ковернинский,Нижегородская область,муниципальный округ,5,Аграрные районы,57.12611,43.816387,22234.0,47.69873549147679,4.785263511260149,14.82072796185686,2.099223120223703,4.988709952361002,25.607339962821495,50912.6,17091.0,40.34872154935346,350.9,23.367697594501717,0.0,22.46173070915339,1.499531396438613,9.653233364573572,41.611996251171504,0.6129785480894457
1558,Краснобаковский,Нижегородская область,муниципальный округ,4,Районы бюджетной экономики,57.1268348,45.1664096,22624.625,51.13723860815625,4.148375797558125,14.754161885461656,2.1841649757134793,6.37737278525691,21.398685947853565,46131.5,18535.0,63.242514162395466,347.8,0.0,0.0,13.628048780487806,1.4634146341463417,16.432926829268293,67.77439024390245,4.360098505496229
1559,Краснооктябрьский,Нижегородская область,муниципальный округ,4,Районы бюджетной экономики,55.399989,45.6168658,19470.625,47.82879918183158,6.633925105744794,16.836829290702124,1.152507162966214,5.359231648591068,22.18870761016423,41238.2,8617.0,0.0,364.1,0.0,0.0,4.915390813859791,3.30378726833199,12.8928283642224,59.22643029814666,-1.4365168741151715
1560,Кстовский,Нижегородская область,муниципальный округ,2,Промышленные и крупные города,56.149551,44.198032,34975.75,38.314121192482546,5.735313850013718,13.543460133986299,4.822326160198285,6.828646538155356,30.756132125163788,84669.9,121424.0,50.73296877058902,381.1,0.4518015110672387,0.0,36.96040092638293,10.676183606059455,25.316071225179392,26.59933938266449,-1.4745310955322812
1561,Лукояновский,Нижегородская область,муниципальный округ,4,Районы бюджетной экономики,55.034821,44.492725,22047.583333333332,48.26887517921586,5.86653813134086,14.916651293154024,0.9835302970389839,6.1780947869562315,23.78631031229404,44283.8,25751.0,56.1026756242476,366.9,4.33300876338851,0.0,10.881207400194743,9.42064264849075,16.33398247322298,58.398247322297955,1.066109336928507
1562,Лысковский,Нижегородская область,муниципальный округ,2,Промышленные и крупные города,56.027885,45.038315,26601.208333333332,44.185830067106764,5.659939397478836,14.46039382526108,2.295155968131834,5.211947586184999,28.186733155836492,50198.4,34099.0,62.38892636147687,367.7,7.352941176470589,0.0,30.369034406215317,2.3029966703662597,16.745283018867923,43.132630410654826,-0.0010782181107562663
1563,Павловский,Нижегородская область,муниципальный округ,2,Промышленные и крупные города,55.965137,43.071114,29517.333333333332,40.308971761012494,5.13808936773232,16.300791665439576,3.0403169650022326,5.975939140928524,29.235891099884853,80613.9,91822.0,81.37047766330508,378.5,6.19054380235695,0.0,48.27961569406976,4.098632211652232,12.518339722656066,28.78981494628236,-2.2539838710961364
1564,Пильнинский,Нижегородская область,муниципальный округ,5,Аграрные районы,55.5522547,45.9207853,22075.833333333332,46.09945331068504,5.647564684904523,16.82147566856439,1.1692915719999495,5.031333216313923,25.230881547532174,49832.0,18104.0,35.8429076447194,361.3,9.156378600823045,0.0,10.699588477366255,9.910836762688614,13.408779149519889,54.080932784636495,-1.0534466596308758
1565,Починковский,Нижегородская область,муниципальный округ,5,Аграрные районы,54.6974517,44.8612893,24335.0,45.375127973512775,5.581630563799169,12.95845357669677,1.8575319533855783,5.531219895859549,28.696036036746158,51450.7,25420.0,0.0,362.2,8.890864636585908,0.0,10.735719048677483,15.692376083574128,24.09424316514781,39.51989330962436,-0.2190702314202632
1566,Сергачский,Нижегородская область,муниципальный округ,3,Транспортные узлы,55.532822,45.4616976,24151.291666666668,47.19180815138165,5.23280514471062,14.557632645507235,1.7059782115128823,5.870062390057119,25.441713456830488,56148.0,26797.0,73.60525431951338,364.1,5.926303277296655,0.0,25.96366106299881,12.956359313975208,19.646799116997794,35.184241806758365,1.4694850370600616
1567,Сеченовский,Нижегородская область,муниципальный округ,4,Районы бюджетной экономики,55.2257213,45.8937291,21759.833333333332,46.76905631828078,5.686145561993969,17.798760723461257,0.7334679733654321,6.141859524399218,22.870709898499342,52087.9,13501.0,0.0,362.5,3.781693167168027,0.0,5.457670820799312,0.0,12.247529007305543,55.04941985388913,-0.6301732460530058
1568,Сосновский,Нижегородская область,муниципальный округ,2,Промышленные и крупные города,55.8050772,43.1669499,21978.625,45.6188557799668,4.916621729670317,16.03744805344258,2.0836435581532053,5.323978999135798,26.019451879631294,56960.6,16175.0,51.90108191653787,375.7,0.0,0.0,41.128269776237,3.7819098644815634,14.056098329656477,40.97069019855027,-1.607090178220513
1569,Спасский,Нижегородская область,муниципальный округ,4,Районы бюджетной экономики,55.8579699,45.6954529,19581.75,49.31054596234465,6.221463471171647,16.83110802864367,1.3527404327488897,5.025887292942164,21.258254812148984,44624.7,9400.0,0.0,362.2,0.0,0.0,5.034013605442176,1.9727891156462583,13.60544217687075,64.35374149659864,0.2193128722536126
1570,Тонкинский,Нижегородская область,муниципальный округ,4,Районы бюджетной экономики,57.372272,46.458287,23243.333333333332,47.77697990418881,4.667514692894088,15.095504368613696,1.6508251618333167,5.97176232700157,24.83741354546851,43416.7,7029.0,62.86811779769527,338.4,0.0,0.0,9.20608108108108,0.0,15.202702702702704,69.25675675675676,1.4774753101654445
1571,Тоншаевский,Нижегородская область,муниципальный округ,4,Районы бюджетной экономики,57.732841,47.011944,23561.416666666668,51.904435969469866,4.352984727395393,14.820624061466456,1.6713860756248828,6.165898875704883,21.08467029033852,43387.0,14347.0,60.31923050115007,330.8,0.7909215955983494,0.0,22.111416781292984,2.6822558459422283,12.585969738651995,60.14442916093535,5.757367481013067
1572,Уренский,Нижегородская область,муниципальный округ,4,Районы бюджетной экономики,57.4614974,45.7878911,24318.125,47.533738058271375,4.296918730502589,14.511456508164002,2.258618959576799,6.79378230756796,24.605485435917274,49860.5,27897.0,60.88468294081801,341.7,3.793796027672394,0.0,22.517295246596742,4.374023655434055,13.434501227404597,55.880383842892215,1.8960914011004786
1573,Шарангский,Нижегородская область,муниципальный округ,4,Районы бюджетной экономики,57.1773441,46.5445937,22781.333333333332,50.95864505824995,4.712666283840248,15.061907182559361,1.3334179482281514,6.266661779631398,21.66670174749089,44175.6,11304.0,59.39490445859873,337.0,0.0,0.0,0.0,3.648325358851675,14.952153110047847,71.65071770334929,4.27175231300756
1574,Шатковский,Нижегородская область,муниципальный округ,4,Районы бюджетной экономики,55.188023,44.127811,21131.125,49.9674110298761,5.362253126293588,14.002106812824442,1.1311143201768505,3.5058543577567844,26.031260353072238,48417.6,22629.0,42.60462238720226,369.3,0.0,0.0,17.296996662958843,4.338153503893214,13.070077864293658,58.87096774193549,2.1014884547157404
1575,Великий Новгород,Новгородская область,городской округ,2,Промышленные и крупные города,58.5609587,31.2809005856491,35575.166666666664,39.341234580081526,5.598578277245955,12.510388440634193,5.377868121986771,6.310673383304227,30.861257196747328,75444.3,222340.0,100.0,358.7,0.32163131402473344,0.0,31.944422108936525,6.710837367126063,23.874692440055963,37.146808613286595,-0.18285522540426313
1577,Боровичский,Новгородская область,муниципальный район,2,Промышленные и крупные города,58.389009,33.9068275,29171.333333333332,43.32312690548797,5.145173907053516,14.358796678694667,3.355578737612642,5.6672114425367575,28.15011232861445,59524.5,60283.0,77.82957052568717,333.2,0.0,0.0,45.76116681859617,4.459715307481944,10.910875815160228,33.48993759203422,0.6370417914983745
1578,Валдайский,Новгородская область,муниципальный район,3,Транспортные узлы,57.9791414,33.2537994,28445.25,45.30285954553224,4.710715739320755,16.316617725594142,2.6092760837987283,4.72645017334311,26.33408073241102,59422.2,21712.0,63.30140014738394,339.1,3.8454561944494827,0.0,18.320333756575366,19.009613640486123,21.98440050789044,35.35280246689643,2.2147165412360854
1579,Волотовский,Новгородская область,муниципальный округ,4,Районы бюджетной экономики,57.9301007,30.7090808,22291.041666666668,43.74465512615796,3.851550599456581,18.833680115692122,0.7839417228271627,4.324271662823207,28.46190077304297,47694.2,4071.0,0.0,312.2,0.0,0.0,0.0,0.0,13.043478260869565,53.546910755148744,-3.2533649993958322
1580,Демянский,Новгородская область,муниципальный округ,4,Районы бюджетной экономики,57.6423554,32.4646788,22713.416666666668,51.753197532442194,4.680641790256263,16.51912941282178,1.29407472578306,5.215863208661486,20.537093330035212,47131.2,9515.0,45.83289542827115,324.7,6.872586872586872,0.0,5.637065637065637,0.0,20.0,63.861003861003866,5.066576386475163
1581,Крестецкий,Новгородская область,муниципальный округ,5,Аграрные районы,58.247665,32.522858,25376.583333333332,49.9765067413553,4.375221473031603,17.30056756024926,1.7362496668778722,4.93125893656896,21.680195621916997,70229.5,11189.0,70.51568504781481,333.4,24.573094543940023,0.0,3.7900874635568513,16.076634735526866,15.951686797167847,29.112869637650977,5.080594992369611
1582,Любытинский,Новгородская область,муниципальный район,4,Районы бюджетной экономики,58.8142322,33.3976972,25452.541666666668,53.49349303896875,4.060033114750231,16.361167170761235,1.3426070650593915,5.450748142555462,19.291951467904926,56204.7,7088.0,57.533860045146724,326.1,5.3097345132743365,0.0,4.20353982300885,8.112094395280236,10.914454277286136,44.690265486725664,8.640759021891466
1583,Маловишерский,Новгородская область,муниципальный район,3,Транспортные узлы,58.844215,32.218636,25871.666666666668,45.441862920923654,4.642543308492797,16.94037286703921,1.9762733195641031,4.253289319212367,26.745658264767876,59223.2,13111.0,73.80825261231027,322.8,0.0,0.0,4.630495790458372,18.14780168381665,11.36576239476146,50.233863423760525,0.8127964412976134
1584,Марёвский,Новгородская область,муниципальный округ,4,Районы бюджетной экономики,57.315285,32.082283,21312.25,52.46025325799209,3.2211788272822868,20.85681065826005,1.0087334995760608,5.912702011400245,16.540321745489265,43342.5,3202.0,0.0,322.3,0.0,0.0,0.0,0.0,7.114624505928854,61.06719367588933,4.758958813058042
1585,Мошенской,Новгородская область,муниципальный округ,4,Районы бюджетной экономики,58.512428,34.5849085,23258.208333333332,56.44311338379867,4.049188250697989,14.853892734997395,1.4085803459979633,4.759904182129502,18.485321102378474,42513.7,5580.0,0.0,327.7,0.0,0.0,9.12981455064194,0.0,10.984308131241084,60.342368045649074,10.164450404964292
1586,Новгородский,Новгородская область,муниципальный район,2,Промышленные и крупные города,58.5609587,31.2809005856491,33768.833333333336,41.37037129877523,4.810067787552677,12.903334172642007,4.689378386549238,6.6170625662674105,29.60978578821344,66606.7,64120.0,23.025577043044294,442.3,11.641242020988857,0.0,28.35659417937899,3.4620794114465,24.58076382127015,29.503407984420644,0.9979006874922363
1587,Окуловский,Новгородская область,муниципальный район,2,Промышленные и крупные города,58.3740782,33.3009383,26515.416666666668,47.766474226148,4.432410056525446,16.278999859831334,1.4168105764154595,5.206116181395912,24.899189099683845,63637.5,18071.0,74.37883902385036,335.3,1.1121628017037386,0.0,36.79602460955987,2.4136299100804544,16.351159488878373,42.735447231424516,3.572001274542365
1588,Парфинский,Новгородская область,муниципальный район,4,Районы бюджетной экономики,57.9713226,31.649848,22311.416666666668,48.596328113323004,3.8588814013859074,14.639311967111476,1.6331925859948577,4.253259342347366,27.01902658983739,46930.1,11516.0,54.08127822160472,318.5,0.0,0.0,34.57419683834778,1.2238653748087711,10.147883732789394,47.16981132075472,1.5784844584947062
1589,Пестовский,Новгородская область,муниципальный округ,4,Районы бюджетной экономики,58.5981825,35.81432054429986,27449.0,41.80938411177686,4.6141999426818385,20.13886627356074,2.7969324957819617,4.926014855162731,25.714602321035873,52642.3,18158.0,74.98623196387267,336.5,0.0,0.0,4.0016673614005835,0.0,16.965402250937892,50.64610254272613,-1.8361658629072766
1590,Поддорский,Новгородская область,муниципальный район,4,Районы бюджетной экономики,57.470387,31.111748,22432.583333333332,49.09188115173783,3.639870418545644,18.33037592070932,1.1208252534815124,5.6245763902312484,22.192470865294446,43933.7,3220.0,0.0,313.6,0.0,0.0,0.0,0.0,19.631901840490798,60.53169734151329,2.1966498066718665
1591,Солецкий,Новгородская область,муниципальный округ,4,Районы бюджетной экономики,58.119003,30.309679,23370.458333333332,51.71532577156349,4.726408799302259,16.90833776680851,1.5255116201865158,4.632643929318151,20.491772112821067,45516.0,10758.0,75.42294106711284,313.8,0.0,0.0,7.654921020656136,0.0,10.631834750911299,61.90765492102066,5.454448827449687
1592,Старорусский,Новгородская область,муниципальный район,2,Промышленные и крупные города,57.9898923,31.3634905,25544.875,43.68366632399831,5.395885281768758,14.252067333768851,3.3113861279957266,4.8207507098472355,28.536244222621114,53512.4,37508.0,71.79268422736483,316.6,0.43680043680043684,0.0,36.06333606333607,1.5288015288015286,11.575211575211576,45.78214578214578,-1.1439975975597307
1593,Хвойнинский,Новгородская область,муниципальный округ,3,Транспортные узлы,58.8960621,34.5121844,26763.833333333332,52.67550743392403,4.653536567654227,17.27082754138921,1.5530243991701815,4.661581800796932,19.185522257065415,58128.9,13129.0,45.418539111889714,322.1,5.942467827403482,0.0,9.613928841786526,29.48523845571537,13.171839515518545,33.08099924299773,8.649342422630243
1594,Холмский,Новгородская область,муниципальный район,4,Районы бюджетной экономики,57.15407424999999,31.17085196949452,23687.208333333332,49.85897382472653,4.614158089545228,17.045467129518396,1.105342494541786,4.735167218864224,22.640891242803832,54421.9,4643.0,66.40103381434417,316.9,0.0,0.0,9.49796472184532,0.0,19.674355495251017,46.94708276797829,3.8750828250470444
1595,Чудовский,Новгородская область,муниципальный район,2,Промышленные и крупные города,59.1240916,31.68621497690631,27851.25,45.155566284896366,4.604767435902079,18.123589346226055,2.526531931679278,3.8962402921111714,25.693304709185057,69403.2,18345.0,75.63368765331153,330.1,0.0,0.0,40.49799656554093,6.496851745850028,14.109902690326273,29.135661133371492,1.7311486984260973
1596,Шимский,Новгородская область,муниципальный район,4,Районы бюджетной экономики,58.2117,30.724808,22766.125,49.96894432329024,4.576530419944397,15.928073677724733,1.9713694159322515,4.73814975968341,22.81693240342497,55998.5,9113.0,37.024031603204214,318.8,0.0,0.0,7.597684515195368,0.0,4.775687409551375,54.48625180897251,3.3083007828469615
1597,Новосибирск,Новосибирская область,городской округ,2,Промышленные и крупные города,54.96781445,82.95159894278376,37048.208333333336,35.99450438130524,6.084336324254318,10.845162225606977,6.7079905535801245,7.456062997442224,32.91194351781112,78754.6,1633851.0,100.0,308.6,0.1786226098349916,0.22391802808827743,21.870521639438234,8.000911026491423,35.557415141465015,34.16835564836425,-2.8464022536463527
1598,Бердск,Новосибирская область,городской округ,2,Промышленные и крупные города,54.7437662,83.06268907860164,34022.791666666664,37.85919535844632,5.963871560325304,11.851758619795708,5.2467539770733,7.220872493340035,31.85754799101933,59108.5,102760.0,100.0,248.2,0.0,0.0,33.3025526020711,2.3745135545148734,23.890244706813533,39.99076578062133,-2.364338881550899
1599,Искитим,Новосибирская область,городской округ,2,Промышленные и крупные города,54.61506035,83.29727586648599,30383.291666666668,41.92151680753898,5.348974657372394,12.5440737465507,4.097300665228753,6.736601046069136,29.35153307724004,63523.8,56654.0,100.0,268.9,0.0,4.687627603103308,31.547570436913023,7.1294405879951,15.124540628828093,37.75418538178849,-0.160248816557725
1600,Обь,Новосибирская область,городской округ,3,Транспортные узлы,54.9951335,82.6933946,33506.75,40.11214126374918,4.692878493643068,12.565080393091668,5.438111883646025,7.057264710300952,30.134523255569107,85436.2,31050.0,99.75201288244766,256.9,0.0,0.0,1.6419149524951573,63.59191956461581,13.264458998247393,21.48325800202933,-0.43690324227712946
1601,Кольцово,Новосибирская область,городской округ,0,Столичные агломерации и центры услуг,54.9367736,83.187139,41505.666666666664,32.43442799784238,6.932032981352869,13.442416988390912,6.969511179652716,6.161169890754795,34.060440962006325,108127.2,20883.0,100.0,255.0,0.0,0.0,21.99661590524535,1.3844023996308261,23.227195816028303,21.750499923088757,-4.618100098812323
1602,Баганский,Новосибирская область,муниципальный район,5,Аграрные районы,54.0968728,77.6718776,22024.541666666668,51.48721002687237,4.214380984968419,14.230312421673737,1.2876356302361571,6.836716668541437,21.943744267707878,43568.8,13948.0,0.0,233.1,20.482758620689655,0.0,3.9310344827586206,2.8275862068965516,17.82758620689655,53.82758620689655,4.233158696235345
1603,Барабинский,Новосибирская область,муниципальный район,3,Транспортные узлы,55.3567611,78.350348,25093.875,46.11917032055974,4.51653171641058,12.331928391037096,3.047094550825489,6.212831297903887,27.77244372326321,54331.7,38628.0,71.07797452625039,237.5,1.3198316076914325,0.0,14.85948344521561,30.32199340084196,15.155307771077483,38.17271589486859,0.9889418962000169
1604,Болотнинский,Новосибирская область,муниципальный район,3,Транспортные узлы,55.6715707,84.388557,24702.791666666668,43.14206171912193,4.391719927910391,14.14116044927586,2.4070940443563313,5.92095231439854,29.997011544936942,48692.5,25205.0,61.16643523110494,236.6,0.0,0.0,5.566778900112233,15.308641975308642,11.515151515151516,52.368125701459036,-2.3099796476634236
1605,Венгеровский,Новосибирская область,муниципальный район,4,Районы бюджетной экономики,55.681034,76.739029,20848.25,53.14282744214091,4.585104122832198,14.557031923853991,0.9950633647646476,5.0972133774808945,21.622759768927356,44699.4,14721.0,0.0,238.0,16.12565445026178,0.0,0.0,2.0593368237347294,13.717277486910994,64.81675392670158,5.059267932282622
1606,Доволенский,Новосибирская область,муниципальный район,4,Районы бюджетной экономики,54.495785,79.667091,19155.583333333332,51.47374255129146,5.956932321841809,13.466478827864536,2.0816534909080664,5.001284147095488,22.019908660998635,41826.5,12663.0,0.0,232.3,6.440416505977632,0.0,6.5561126108754335,3.9336675665252603,16.583108368684922,65.67682221365214,2.0083382961833154
1607,Здвинский,Новосибирская область,муниципальный район,4,Районы бюджетной экономики,54.703968,78.667595,20107.208333333332,51.923014994546236,4.637702840298033,14.70504641347522,1.2390261157923632,5.999703799987008,21.495505835901138,46176.6,11725.0,0.0,233.1,10.050022737608003,0.0,19.00864029104138,0.0,14.32469304229195,54.79763528876762,3.289660980587549
1608,Искитимский,Новосибирская область,муниципальный район,2,Промышленные и крупные города,54.61506035,83.29727586648599,24974.5,45.58044020273175,5.101964937135196,13.136750270442157,2.874192186003079,4.716177101748395,28.590475301939428,60110.3,58382.0,30.163406529409748,268.2,16.098717005802076,11.783933970744464,34.322137778867365,2.3126583312903493,7.469150935686851,27.90716678924573,0.4030784670243824
1609,Карасукский,Новосибирская область,муниципальный район,3,Транспортные узлы,53.73447,78.032372,23902.541666666668,45.777196587301425,4.493884350479479,13.246717676476413,2.276668590067157,6.971468473116641,27.234064322558886,50870.5,38279.0,64.61245069097939,231.9,4.940580985915493,0.0,18.694982394366196,22.491197183098592,14.315580985915494,39.513644366197184,-0.11308190148057636
1610,Каргатский,Новосибирская область,муниципальный район,5,Аграрные районы,55.1929899,80.2828252,21491.541666666668,50.887734843417356,4.3141218639235674,14.896591792889371,2.0930236013095063,4.7521554041908445,23.056372494269358,44773.7,14001.0,58.681522748375116,236.8,19.517910947438903,0.0,5.456980247740208,4.854368932038835,15.835286240374957,53.0967525945765,3.3037797670656963
1611,Колыванский,Новосибирская область,муниципальный район,5,Аграрные районы,55.3068791,82.7433464,23766.75,47.96332843764874,4.619644592078844,14.607325833095508,2.059813122554416,5.583730140219156,25.16615787440333,48725.9,24293.0,51.138187955378086,244.2,17.117856166256495,0.0,6.234618539786711,4.320481268799563,14.520098441345365,53.814602132895814,1.9153719217453287
1612,Коченевский,Новосибирская область,муниципальный район,5,Аграрные районы,55.021442,82.207718,24483.666666666668,47.43062003087004,3.9538335320507434,15.696222653778822,2.4141574710864946,5.344752384974529,25.160413927239382,53807.9,45219.0,49.39737720869546,237.5,13.925822253324002,0.0,18.491952414275715,3.971308607417775,18.70188943317005,44.22673198040587,1.9084448889856571
1613,Кочковский,Новосибирская область,муниципальный район,5,Аграрные районы,54.334766,80.487846,20538.833333333332,54.50646877416,4.246068628716834,17.360496595412165,1.0246234589321879,6.185079371563443,16.677263171215362,46554.6,11493.0,0.0,232.6,18.99335232668566,0.0,4.938271604938271,8.404558404558404,13.675213675213676,52.89648622981956,6.206892091939636
1614,Краснозерский,Новосибирская область,муниципальный район,5,Аграрные районы,53.984768,79.228577,21512.333333333332,51.5066246621808,4.980414426798151,14.677903659366839,1.4271409337778533,5.692061750830249,21.71585456704611,48759.4,27453.0,32.46639711506939,231.4,19.190225203641592,0.0,2.3957834211787254,4.4321993291806425,14.973646382367034,58.69669381887878,3.9097957149573417
1615,Куйбышевский,Новосибирская область,муниципальный район,2,Промышленные и крупные города,55.4454258,78.3222294,26025.25,44.35655116224244,4.851496667999341,13.52802136465166,3.6675816472402527,7.010920563406995,26.58542859445931,51386.6,53654.0,77.33626570246393,236.4,0.3634098224483439,0.0,27.46339943931056,3.011109957429135,14.193749351053889,54.11691413145052,-0.2137695712991316
1616,Купинский,Новосибирская область,муниципальный район,3,Транспортные узлы,54.364929,77.30854,22606.208333333332,47.20733975837146,4.620387968406153,16.359084061259853,1.8540986288342058,6.438613765770975,23.520475817357354,45843.5,25382.0,58.77787408399653,234.0,5.393586005830904,0.0,12.036651395251978,16.99291961682632,11.661807580174926,53.18617242815493,0.393742020900686
1617,Кыштовский,Новосибирская область,муниципальный район,4,Районы бюджетной экономики,56.55957,76.624588,22941.125,46.903541908260955,4.592443592988063,20.0089962969539,0.669489207569385,6.171319033446983,21.654209960780722,44944.0,8984.0,0.0,231.4,0.0,0.0,0.0,0.0,16.112852664576803,78.93416927899686,0.37270183306716437
1618,Маслянинский,Новосибирская область,муниципальный район,5,Аграрные районы,54.345501,84.21067,23108.666666666668,46.99318764985747,4.708418750920388,16.152781739215815,2.2971808854170677,5.710831954748427,24.13759901984083,54424.0,23528.0,55.87385243114586,233.3,31.465721040189127,0.0,2.2222222222222223,1.7966903073286054,10.212765957446807,45.8628841607565,0.5663886388082862
1619,Мошковский,Новосибирская область,муниципальный район,3,Транспортные узлы,55.304806,83.611855,24390.666666666668,47.91000016348663,4.148831503589151,14.669677083833687,3.6210765267842415,5.676201504840112,23.974213217466176,55579.5,40479.0,33.595197509819904,241.8,0.0,0.0,4.3000385653682995,19.726185885075203,12.244504435017355,62.28306980331663,2.3449718326762006
1620,Новосибирский,Новосибирская область,муниципальный район,0,Столичные агломерации и центры услуг,54.96781445,82.95159894278376,37237.833333333336,35.64003365812362,5.55575858232395,12.634639019314466,5.755703140990782,7.691384629369836,32.722480969877346,69145.8,170131.0,17.591738131204778,1000.0,5.154283203063691,0.0,24.49069278337571,8.11124713563738,36.81137583576608,25.435540069686414,-3.149554104350144
1621,Ордынский,Новосибирская область,муниципальный район,5,Аграрные районы,54.366676,81.904022,24610.708333333332,48.32567796425054,4.901412328904032,12.906249739730292,1.7081601105820101,6.106522154129945,26.05197770240318,50150.9,33623.0,28.093864319067308,237.1,14.497999618975044,0.0,11.011621261192609,7.429986664126501,16.38407315679177,50.12383311106877,2.8732248441262835
1622,Северный,Новосибирская область,муниципальный район,4,Районы бюджетной экономики,56.3500996,78.3649455,22292.0,52.65482455976732,4.905145268050876,16.03610355489253,2.1360839864163,5.763340964835325,18.504501666037655,42768.5,7319.0,0.0,230.5,0.0,0.0,1.4947683109118086,0.0,16.591928251121075,65.91928251121077,5.7240380428981545
1623,Сузунский,Новосибирская область,муниципальный район,5,Аграрные районы,53.783924,82.316231,23779.25,47.719412165129675,3.7219875700776957,13.911770098254644,2.9047699252285124,5.894334190236269,25.8477260510732,43292.4,31042.0,49.619869853746536,226.2,20.138203356367228,0.0,15.12339585389931,7.0681145113524195,12.418558736426457,43.96841066140178,1.7153633488384705
1624,Татарский,Новосибирская область,муниципальный район,3,Транспортные узлы,55.216961,75.962196,24161.458333333332,47.41777249017991,4.443686918021843,12.925897661483287,2.217640323104593,4.979451611615892,28.01555099559448,48832.0,36645.0,63.9759858097967,241.1,9.112252384446075,0.0,15.730007336757154,13.38224504768892,15.862068965517242,44.78356566397652,1.7212580786488452
1625,Тогучинский,Новосибирская область,муниципальный район,3,Транспортные узлы,55.23769,84.402458,22949.166666666668,49.298883951175455,4.485750596422313,12.263600455206891,2.112644533481834,5.883109791676936,25.956010672036577,48823.7,53463.0,54.439518919626664,237.3,6.470394375480611,4.064594089860486,22.43216522025706,7.744699549599034,11.842249807755685,46.775788201691746,2.737946879945567
1626,Убинский,Новосибирская область,муниципальный район,4,Районы бюджетной экономики,55.306721,79.679375,20971.166666666668,51.29695091969957,5.2668682159319795,17.047979890804974,1.6919260421699636,5.434751180637357,19.26152375075615,42038.4,11277.0,0.0,236.6,5.828621139625924,0.0,7.612005219660722,4.219225750326229,12.222705524140931,62.89691170073945,3.329651067123095
1627,Усть-Таркский,Новосибирская область,муниципальный район,5,Аграрные районы,55.563934,75.706017,22789.458333333332,48.59717575700309,4.228347723658935,16.445312048504963,1.4505946302607104,4.76483716685545,24.51373267371685,43499.3,10681.0,0.0,240.4,20.125786163522015,0.0,1.1611030478955007,0.0,12.143202709240446,60.81277213352685,1.956446179059584
1628,Чановский,Новосибирская область,муниципальный район,4,Районы бюджетной экономики,55.308064,76.759605,23755.125,47.44283760480856,4.662699959236124,14.450541560926053,1.8492049396253245,5.748689020162563,25.84602691524138,50346.1,20323.0,38.84761108104119,239.7,4.612546125461255,0.0,3.805350553505535,3.6669741697416978,10.516605166051662,62.1309963099631,1.4216607229377634
1629,Черепановский,Новосибирская область,муниципальный район,3,Транспортные узлы,54.226101,83.370468,23751.708333333332,48.025653027913165,4.753529030104118,14.357723348727818,2.324185100798401,5.532577724384321,25.006331768072176,49608.5,49025.0,58.40693523712391,237.3,7.888937858087264,0.0,20.728661671808432,8.814455707360072,13.339209637138241,47.59806081974438,2.011378996780139
1630,Чистоозерный,Новосибирская область,муниципальный район,4,Районы бюджетной экономики,54.712204,76.582344,21574.583333333332,46.87480895681605,4.617552408344922,14.042450192756654,1.7653093993381874,6.213935288713895,26.485943754030295,41844.1,13809.0,38.50387428488667,236.8,0.0,0.0,5.754527162977867,3.903420523138833,18.229376257545272,70.18108651911469,-0.6776629511790276
1631,Чулымский,Новосибирская область,муниципальный район,3,Транспортные узлы,55.09,80.970459,21990.541666666668,48.180132725528665,4.284022137579508,15.247542898597196,2.4918453611931546,5.44512768185496,24.351329195246514,50802.1,18959.0,57.413365683844084,237.5,0.0,0.0,14.055907172995779,19.462025316455698,12.60548523206751,46.41350210970464,0.9590840551680613
1632,Омск,Омская область,городской округ,2,Промышленные и крупные города,54.991375,73.371529,32679.916666666668,36.70408811345158,5.72237414082317,10.097398316470263,6.45341340141716,6.956779627330696,34.06594640050713,77427.2,1104485.0,100.0,242.0,0.17196686651026732,0.0,30.603585599675615,8.85249225244012,23.885292669505027,36.45263127407536,-4.157621081746592
1633,Азовский немецкий,Омская область,муниципальный район,5,Аграрные районы,54.70385,73.026871,20937.0,44.44287360808435,4.574610966823869,13.117925669366763,2.47662758345031,4.944859264294451,30.44310290798026,50337.3,25339.0,0.0,250.8,28.965981812057933,0.0,5.692152239811384,3.9407207814078813,9.498147524418997,47.22128662849444,-3.546133678386234
1634,Большереченский,Омская область,муниципальный район,4,Районы бюджетной экономики,56.094585,74.639519,19665.125,49.1766675129419,4.825189147845177,13.645995472983527,3.36330546199609,4.690195877560431,24.298646526672876,45128.4,21499.0,45.36955207218941,238.5,6.5549676660787775,0.0,4.644326866549089,3.027630805408583,25.984714873603764,58.994708994709,0.09944010366442259
1635,Большеуковский,Омская область,муниципальный район,4,Районы бюджетной экономики,56.949043,72.625717,19301.0,51.968799458036976,5.011000816524146,12.60033128460992,0.9163223032772475,7.06752328634672,22.43602285120499,44267.3,5838.0,0.0,240.1,0.0,0.0,0.0,6.564364876385337,22.421142369991475,66.49616368286445,2.6848617847365333
1636,Горьковский,Омская область,муниципальный район,4,Районы бюджетной экономики,55.371033,74.362556,18146.416666666668,46.02208706903794,4.738260158731212,11.583302798325995,1.4590568688268686,4.267337940296426,31.92995516478156,43825.7,18069.0,26.38220156068404,244.6,5.170777988614801,0.0,7.732447817836813,5.407969639468691,15.559772296015181,44.63946869070209,-4.3273057941350945
1637,Знаменский,Омская область,муниципальный район,4,Районы бюджетной экономики,57.127403,73.821983,21440.166666666668,48.17974082173872,4.949213759304729,14.270025187995348,1.236788919236307,5.966947195138482,25.397284116586423,42358.2,9777.0,0.0,237.1,0.0,0.0,7.3899371069182385,5.9748427672955975,18.343815513626836,63.41719077568134,0.5689762512382335
1638,Исилькульский,Омская область,муниципальный район,5,Аграрные районы,54.904892,71.259987,21625.208333333332,43.01300536568648,4.578116959882738,13.896312367255895,1.6402611973994976,5.291528994720706,31.580775115054678,46016.7,35262.0,55.97243491577335,249.1,15.400410677618071,0.0,7.96082767335334,7.945032380350655,20.123203285420946,48.52314010424894,-4.465570729579605
1639,Калачинский,Омская область,муниципальный район,3,Транспортные узлы,55.049091,74.582428,21610.75,45.74712487586197,5.15672068773232,13.094502766515244,1.8588256377371544,4.592337745317062,29.550488286836245,52071.7,35486.0,57.79462323169701,246.8,1.3863969988582614,0.0,25.933779155113356,8.579350839993475,18.871309737400097,45.180231609851575,-1.7466705907495292
1640,Колосовский,Омская область,муниципальный район,4,Районы бюджетной экономики,56.467625,73.606575,19814.75,51.75522205209583,5.097955815877651,12.112609599667019,0.7955627553290807,5.735788142089773,24.502861634940647,43047.7,8763.0,0.0,242.0,0.0,0.0,7.8431372549019605,4.227941176470589,17.95343137254902,63.84803921568627,2.859932134509315
1641,Кормиловский,Омская область,муниципальный район,5,Аграрные районы,55.002613,74.092224,20764.291666666668,44.73358692476475,4.7720555516916665,13.601765591934925,1.656364942809992,4.42566014280528,30.81056684599338,53569.9,23179.0,39.25104620561715,251.5,23.98074745186863,0.0,14.637599093997736,5.464326160815402,11.381653454133636,43.233295583238956,-3.4134431206593736
1642,Крутинский,Омская область,муниципальный район,4,Районы бюджетной экономики,56.006351,71.511307,20051.333333333332,45.48201086881477,5.391577194726196,14.591881116237257,1.4095043852660987,6.258457032224515,26.866569402731173,46049.3,12735.0,52.46957204554378,253.1,12.793373216751036,0.0,6.672802577082375,2.945236999539807,17.53336401288541,57.57017947537966,-3.1871330927696775
1643,Любинский,Омская область,муниципальный район,5,Аграрные районы,55.156715,72.699005,20606.75,43.4989761678381,4.324404550960522,13.885863588062005,2.90718805337062,4.118330170486968,31.265237469281782,50588.3,38168.0,42.907671347725845,251.5,11.160888196338139,0.0,22.6334242306194,4.830541488118426,13.128165173354109,47.9353330736268,-4.779799975273772
1644,Марьяновский,Омская область,муниципальный район,5,Аграрные районы,54.960659,72.637947,21014.458333333332,49.323864521912235,4.438901288835512,12.515400517127057,1.457083680169125,4.347770879395283,27.916979112560785,50511.5,25313.0,34.02599454825584,251.7,14.981164879745002,0.0,17.1834250941756,4.114749348015068,13.851057664445088,48.6815415821501,1.374580599521907
1645,Москаленский,Омская область,муниципальный район,5,Аграрные районы,54.939468,71.92588,20857.75,42.77115810791787,5.677823051387073,12.653933656664323,1.8628624432254988,5.064566612488538,31.969656128316704,48378.3,26392.0,34.1618672324947,249.1,20.782003213711835,0.0,11.355115158007498,5.088377075522228,13.65827530798072,48.90198178896625,-5.3188849351397804
1646,Муромцевский,Омская область,муниципальный район,4,Районы бюджетной экономики,56.369392,75.237198,19926.416666666668,51.5182097579875,4.311748033563454,12.781201216212402,1.6648327154659328,5.5229356534119205,24.201072623358797,42808.4,16992.0,53.58992467043314,234.2,5.674481821270812,0.0,7.781175671083929,4.077471967380224,16.615698267074414,63.71049949031601,2.736224820594914
1647,Называевский,Омская область,муниципальный район,4,Районы бюджетной экономики,55.564896,71.349365,19494.583333333332,47.694145660957105,4.210458998749784,13.261295380267699,0.9212278213763602,6.40707090669721,27.505801231951843,46477.2,17786.0,57.57899471494434,251.9,0.802334062727936,0.0,9.008023340627279,10.029175784099198,13.822027716994894,60.17505470459519,-1.4500829118468082
1648,Нижнеомский,Омская область,муниципальный район,4,Районы бюджетной экономики,55.43359,74.938004,18248.0,48.404991491964196,5.145672838604376,14.103136180045786,0.9187003801885316,5.270386850439598,26.157112258757515,43901.7,12230.0,0.0,243.4,2.8192371475953566,0.0,7.2968490878938645,4.422332780541736,18.79491431730238,47.42951907131012,-1.776612135672714
1649,Нововаршавский,Омская область,муниципальный район,3,Транспортные узлы,54.170616,74.696037,19909.291666666668,46.493740395504624,4.768778561468742,11.473405732071678,1.6092514805006686,4.5434241418145085,31.11139968863978,50341.4,20369.0,43.02616721488536,236.4,9.085030714516652,0.0,7.694794697704493,17.685095376656967,16.58583899127061,48.20562560620756,-2.351385374514388
1650,Одесский,Омская область,муниципальный район,4,Районы бюджетной экономики,54.20969,72.965538,19579.666666666668,46.330796577687146,4.055582095832498,14.615982704390214,1.366553471608106,5.2122788302058085,28.41880632027623,47241.1,15856.0,0.0,242.7,9.067468844005157,0.0,5.0709067468844005,3.9965620971207567,23.893425010743446,55.04941985388913,-2.6967060318590517
1651,Оконешниковский,Омская область,муниципальный район,4,Районы бюджетной экономики,54.8373364,75.0727251,19755.291666666668,46.23792800889015,4.625774257906773,13.03150713083616,1.136889597704098,5.805484619256627,29.162416385406186,45186.1,11776.0,39.57201086956522,242.7,2.8852459016393444,0.0,9.508196721311474,5.377049180327869,16.918032786885245,47.278688524590166,-2.7166315016968046
1652,Омский,Омская область,муниципальный район,2,Промышленные и крупные города,55.019558,73.580765,24863.25,40.03429893513138,5.073445076032374,12.373420546780741,5.31280682371968,7.104306368509341,30.101722249826484,55625.4,100576.0,1.4864381164492524,260.0,11.726764543276614,0.0,39.044167332145705,5.749738927452546,10.074328889980958,33.34971435591867,-5.188313803667001
1653,Павлоградский,Омская область,муниципальный район,5,Аграрные районы,54.205006,73.556488,20370.416666666668,48.54551414387389,4.3014433295388255,12.023682071400653,1.3298587214643345,4.3848957757878475,29.41460595793444,48039.5,17473.0,41.57271218451325,242.5,31.893139841688654,0.0,6.596306068601583,4.485488126649076,13.555408970976254,40.73218997361477,0.12216037496009524
1654,Полтавский,Омская область,муниципальный район,5,Аграрные районы,54.3642388,71.7609168,20878.833333333332,48.48830461840406,4.637380863351739,11.994863607273011,1.8017022724800231,5.835681023691321,27.242067614799854,47737.2,18147.0,34.47952829668816,245.8,16.054158607350097,0.0,12.637008381689233,3.0625402965828497,16.602192134107028,48.06576402321083,0.4140847849685649
1655,Русско-Полянский,Омская область,муниципальный район,5,Аграрные районы,53.780357,73.882103,20473.125,50.10256960253857,3.9312753306749286,14.457135319940258,0.9700400943383239,4.8657327301922955,25.673246922315624,44913.0,15619.0,38.65164223061656,236.1,20.27439024390244,0.0,5.86890243902439,4.725609756097561,15.548780487804878,52.705792682926834,1.7153953351434559
1656,Саргатский,Омская область,муниципальный район,4,Районы бюджетной экономики,55.603386,73.490257,20162.541666666668,49.54497032291867,4.8117888245003995,12.938555878008518,2.035783925319881,5.2085377586864485,25.460363290566075,44770.5,15815.0,47.6762567183054,247.5,3.3255269320843093,0.0,9.227166276346605,3.840749414519906,18.220140515222482,61.92037470725995,0.9424355095218129
1657,Седельниковский,Омская область,муниципальный район,4,Районы бюджетной экономики,56.945618,75.306061,19280.5,51.37892153075406,4.6399067034761625,13.639084212416922,1.0651663937028337,6.064305827378503,23.212615332271515,43667.2,8137.0,0.0,235.7,0.7362784471218206,0.0,5.4886211512717535,4.819277108433735,19.879518072289155,68.27309236947792,2.0360370735771105
1658,Таврический,Омская область,муниципальный район,4,Районы бюджетной экономики,54.586674,73.637436,20753.791666666668,43.28652438173404,4.754999695777537,14.197140449692473,2.2609833575844314,4.681495191860444,30.818856923351074,47839.0,33312.0,34.864313160422675,247.9,6.0379918588873815,0.0,8.525554047942109,6.286748077792854,15.807327001356853,57.10085933966531,-4.8684658428521645
1659,Тарский,Омская область,муниципальный район,4,Районы бюджетной экономики,56.8757689,74.4196755,23954.458333333332,45.389728127732276,4.346178306178828,13.236944537796136,2.781129942521131,6.026447829674042,28.21957125609758,49200.2,39838.0,68.1233997690647,237.3,0.5243991260014567,0.0,11.24544792425346,7.327021121631463,18.455935906773487,61.61689730517116,-0.4501328422453067
1660,Тевризский,Омская область,муниципальный район,4,Районы бюджетной экономики,57.513668,72.398911,21333.958333333332,52.00662711834355,4.392261411537143,15.116071082319399,1.103298753351376,5.296458105323171,22.08528352912537,45468.8,11958.0,56.32212744606121,240.9,0.0,0.0,6.4282011404873,7.4650077760497675,18.921721099015034,47.84862623120788,4.278043075680729
1661,Тюкалинский,Омская область,муниципальный район,4,Районы бюджетной экономики,55.870556,72.196617,19407.833333333332,47.47200788487046,4.854696955311638,12.027554414702092,1.5911176000194809,5.7049216365296225,28.34970150856671,46387.1,19114.0,50.591189703881966,252.2,0.0,0.0,6.68210387032749,9.063843863711545,16.705259675818724,60.40357260999008,-1.7459207277763245
1662,Усть-Ишимский,Омская область,муниципальный район,4,Районы бюджетной экономики,57.693462,71.169968,20866.791666666668,47.45991779780317,4.772327350404837,10.554553095897834,2.7522165650282093,7.0900822360968885,27.370902954769054,44483.8,9157.0,0.0,244.2,0.0,0.0,6.050955414012739,6.178343949044586,21.273885350318473,51.0828025477707,-0.7202303298461723
1663,Черлакский,Омская область,муниципальный район,4,Районы бюджетной экономики,54.154067,74.7974987,21137.625,46.03062751136651,5.132276643075874,13.96690137146235,1.3883024621575144,4.840587240881492,28.64130477105625,44547.8,24866.0,39.483632268961635,238.5,6.501650165016502,0.0,5.412541254125412,4.191419141914191,18.448844884488448,62.277227722772274,-1.7881896578974603
1664,Шербакульский,Омская область,муниципальный район,5,Аграрные районы,54.631046,72.392822,20030.666666666668,51.21847054670281,4.5610485021992355,12.801134019088098,1.0620954932298754,4.447606928465132,25.909644510314855,45717.9,18767.0,34.48073746469868,246.0,18.4981684981685,0.0,2.7472527472527473,4.175824175824175,14.725274725274726,55.8974358974359,2.4513117302120193
1665,Оренбург,Оренбургская область,городской округ,2,Промышленные и крупные города,51.7671248,55.0978517,30990.0,37.09691446936845,5.28235246819066,10.865948136834502,5.979096059159183,7.153148471862803,33.622540394584405,77401.4,550344.0,97.5502594740744,345.2,0.5086959964107571,5.25718508352907,19.065873162492412,8.08305402338286,23.718693093346705,43.36583885355361,-4.6406868887955985
1666,Абдулинский,Оренбургская область,городской округ,3,Транспортные узлы,53.6828,53.655701,20356.875,44.89755522508771,5.597287348017739,14.683530850157112,2.3916805298225525,6.483635238374415,25.946310808540478,63306.4,23381.0,72.14404858645909,326.1,0.0,0.0,12.365866121614715,38.656106285130306,10.500766479305058,37.96627491057741,-3.5400254510847393
1667,Бугуруслан,Оренбургская область,городской округ,2,Промышленные и крупные города,53.6527806,52.4340458,27257.875,43.49386058226266,5.5816852780121495,14.310542373104182,4.1598042280494605,6.105199523369183,26.348908015202362,59751.9,42519.0,99.26150662056963,342.9,0.0,1.9969278033794162,20.158336287368545,11.603450313127732,20.51282051282051,44.558667139312305,-0.3154695647999181
1668,Бузулук,Оренбургская область,городской округ,1,Ресурсные территории Севера и Востока,52.7586837,52.28831670221607,29848.5,39.83148201276993,5.163791391826558,12.655420818376248,4.240064207107616,6.38979517138282,31.719446398536828,79778.4,88339.0,100.0,341.7,0.2154011847065159,44.15724286483575,11.854245198348591,6.695386824627536,13.685155268353977,23.388978639382515,-2.5095173571905773
1669,Гайский,Оренбургская область,городской округ,2,Промышленные и крупные города,51.471443,58.440517,23409.166666666668,41.52835831164261,4.728232018486611,14.353004356607018,3.3020411524322175,2.9219370342781366,33.16642712655341,83424.5,39040.0,82.89702868852459,280.8,0.0,0.0,22.451971298510916,0.6712445027389862,9.999228454594553,21.572409536301212,-4.617170359337708
1670,Кувандыкский,Оренбургская область,городской округ,3,Транспортные узлы,51.478756,57.350796,21350.625,41.23611161379003,5.375807516706393,14.861881632907886,2.7985096263669114,4.147992297203397,31.579697313025385,51752.6,40357.0,65.41120499541591,286.4,0.0,0.0,11.751103636745848,22.997687618246797,18.940508723985705,42.84212739121295,-6.472792538709197
1671,Медногорск,Оренбургская область,городской округ,2,Промышленные и крупные города,51.4049435,57.5803138,22087.416666666668,42.249629754949375,4.688285119897913,16.731339810467528,2.903039363183356,4.257250805913146,29.170455145588686,64872.6,24149.0,95.29587146465693,285.7,0.0,0.0,56.53227583168099,0.5948446794448117,14.915179554968056,26.87816699713593,-4.887801178399561
1672,Новотроицк,Оренбургская область,городской округ,2,Промышленные и крупные города,51.196369,58.298527,27216.291666666668,41.773505365358545,4.454641066573376,12.625108916285518,4.965823420903042,4.1746943579792495,32.006226872900264,74255.2,79410.0,93.77786173026067,280.8,0.0,1.2518715687905506,61.93229080019963,3.3313924471801695,10.70121444019298,22.10114789552487,-2.0683347067883187
1673,Орск,Оренбургская область,городской округ,2,Промышленные и крупные города,51.2305015,58.4738015,28696.208333333332,38.353158437013434,4.615890414462382,12.953809935257032,4.710628618778657,4.500564734390874,34.86594786009762,74043.2,190318.0,98.52825271387887,278.6,0.388301182327318,3.8133167392657126,40.20410703173615,11.619166148102053,10.835096453018046,33.14250155569384,-4.662824517444014
1674,Соль-Илецкий,Оренбургская область,городской округ,3,Транспортные узлы,51.161289,54.996372,22263.083333333332,42.34963999081289,4.695260940235207,12.624083773826648,3.84185164817188,5.216155906207157,31.273007740746223,50777.4,45181.0,56.25373497709214,291.6,1.4161220043572984,0.0,5.410312273057371,19.934640522875817,12.212539336722344,54.12732994432341,-4.719937775221509
1675,Сорочинский,Оренбургская область,городской округ,3,Транспортные узлы,52.426971,53.154175,23509.333333333332,45.17357655237586,4.7442366286514766,13.129074089833717,3.070284782294363,6.195975375796073,27.686852571048508,48696.2,39845.0,69.95607980926088,313.8,0.0,2.949411984319582,15.269740526414038,12.376330035467612,21.896583908904237,46.51857382863543,-0.9854654018623987
1676,Ясненский,Оренбургская область,городской округ,4,Районы бюджетной экономики,51.036957,59.873268,23242.625,43.32518047581142,3.7576682667800685,15.036290747173192,3.6538401534748437,2.942381175494528,31.28463918126595,64263.7,17793.0,86.5171696734671,268.7,0.0,0.0,6.563438872197827,0.0,7.3260919805870115,32.12387335336261,-2.9238806879279804
1678,Адамовский,Оренбургская область,муниципальный район,5,Аграрные районы,51.520966,59.940235,18837.875,46.55625744185017,4.803113473302932,16.23320024981038,0.9645637743074783,4.600042253277085,26.842822807451956,43601.6,18976.0,0.0,270.6,14.360541248363159,0.0,6.940200785683108,8.11872544740288,12.570929725010913,55.95809690091663,-3.205950824543157
1679,Акбулакский,Оренбургская область,муниципальный район,4,Районы бюджетной экономики,51.006439,55.62648,18601.583333333332,43.74074053854159,5.125112112702416,14.922281273861204,2.6559109657278035,4.503428669108747,29.052526440058244,41483.2,19016.0,0.0,285.5,0.0,0.0,5.0199203187251,0.0,14.581673306772908,73.26693227091633,-6.146866272128967
1680,Александровский,Оренбургская область,муниципальный район,4,Районы бюджетной экономики,52.680561,54.413418,17899.541666666668,47.21818923441776,4.793699711828789,16.216230877433453,1.2001636017516788,6.54985008953331,24.021866485035016,53187.5,12753.0,0.0,310.5,0.0,17.647058823529413,3.705882352941176,0.0,12.588235294117647,54.23529411764706,-3.405943066799872
1681,Асекеевский,Оренбургская область,муниципальный район,4,Районы бюджетной экономики,53.580097,52.82431,19744.25,46.53450555635612,5.368675929913198,15.789052528535777,1.2655673209594647,6.0004231317066115,25.041775532528828,50076.5,15753.0,0.0,327.3,0.0,8.698412698412698,2.0952380952380953,4.507936507936508,7.0476190476190474,65.07936507936508,-2.412699582886157
1682,Беляевский,Оренбургская область,муниципальный район,4,Районы бюджетной экономики,51.398891,56.409542,17691.041666666668,43.77447501222926,4.704729007673725,11.94490026665258,2.2898032049973622,3.722201292899237,33.56389121554784,50165.4,13156.0,0.0,290.4,10.043668122270741,0.0,2.682470368059888,0.0,14.098565190268248,59.32626325639426,-6.920009957016833
1683,Бугурусланский,Оренбургская область,муниципальный район,3,Транспортные узлы,53.6527806,52.4340458,23878.875,42.83315880870395,5.452922688478198,14.609296650272082,4.01774238474891,6.609226107805134,26.47765335999173,53931.6,16252.0,0.0,358.9,0.0,0.0,0.0,24.22723475355054,9.189640768588136,48.370927318295735,-3.06298695072877
1685,Грачёвский,Оренбургская область,муниципальный район,4,Районы бюджетной экономики,52.919601,52.879501,19804.208333333332,45.79384050257318,6.431786345983324,13.509296510874838,1.4518827348343004,4.04097361465396,28.77222029108039,53369.0,10558.0,0.0,318.8,0.0,0.0,2.2712524334847504,0.0,25.502920181700194,47.82608695652174,-3.1210429491860916
1686,Домбаровский,Оренбургская область,муниципальный район,3,Транспортные узлы,50.760067,59.536777,19701.458333333332,45.19709732371931,4.02905103909623,17.248917001030904,1.5745229622421506,3.8200150963866726,28.130396577524735,54897.1,11105.0,0.0,267.5,0.0,0.0,4.698728579325595,23.548922056384743,16.63902708678828,54.17357656163626,-3.7237193643993796
1687,Илекский,Оренбургская область,муниципальный район,4,Районы бюджетной экономики,51.527264,53.383327,19169.75,47.0809461044519,4.146923726748043,13.62949435868647,1.5908709588216792,5.667915043516332,27.88384980777558,47564.7,25229.0,0.0,299.6,12.369410781445884,0.0,1.420810697868784,4.88926034266611,8.650229837024655,64.68867530296698,-2.3110103780602613
1688,Кваркенский,Оренбургская область,муниципальный район,4,Районы бюджетной экономики,52.084141,59.722305,19642.083333333332,41.422718193299495,4.373307943164054,16.056588236227007,1.1257133114556108,4.734674213993363,32.28699810186047,53385.3,14438.0,0.0,270.6,0.0,0.0,2.10589651022864,12.815884476534295,6.919374247894103,59.205776173285194,-7.636286977056188
1689,Красногвардейский,Оренбургская область,муниципальный район,4,Районы бюджетной экономики,52.8480171,53.4871553,20481.041666666668,47.20224452570207,5.088510517532381,15.42024038800526,1.4890266535326815,6.210812939856636,24.589164975370974,45739.4,16960.0,0.0,313.8,0.0,0.0,0.498220640569395,0.0,14.519572953736654,67.25978647686833,-1.1539918458067249
1690,Курманаевский,Оренбургская область,муниципальный район,4,Районы бюджетной экономики,52.506886,52.067692,19173.666666666668,48.2876565021541,5.624239981260256,15.085409229753791,1.4239902334701642,4.670837967261044,24.90786608610064,51089.2,14152.0,0.0,317.4,0.0,0.0,0.0,20.482758620689655,7.793103448275862,60.48275862068966,-1.1293473401231116
1691,Матвеевский,Оренбургская область,муниципальный район,4,Районы бюджетной экономики,53.511856,53.482029,18311.166666666668,46.59642676412734,6.314900232473029,13.82918804633973,1.6063659051781964,6.503781215869396,25.149337836012315,50219.0,8826.0,0.0,323.5,0.0,0.0,2.3789294817332203,9.17587085811385,22.59983007646559,61.76720475785896,-3.5410050177803707
1692,Новоорский,Оренбургская область,муниципальный район,4,Районы бюджетной экономики,51.3812897,58.9857207,19245.833333333332,43.953533548449315,5.013853718326131,17.00350966066149,1.649629199054709,3.2770605000394264,29.102413373468934,65573.1,23447.0,0.0,276.3,0.6377163680534468,0.0,27.60400850288491,7.379289401761311,14.211964773762526,49.46856969328879,-5.403167135158671
1693,Новосергиевский,Оренбургская область,муниципальный район,3,Транспортные узлы,52.081001,53.653702,20739.416666666668,45.960127797012404,5.575581883637199,12.01232447565141,1.7418809337703627,5.33454235041503,29.375542559513594,55143.1,28827.0,0.0,309.3,7.058592213920566,9.024773889107353,6.3704286276051905,24.537947306331105,8.631537554069995,42.469524184034604,-2.1724540775201584
1694,Октябрьский,Оренбургская область,муниципальный район,5,Аграрные районы,52.345226,55.507576,18798.291666666668,44.86392925853862,5.366022426355968,14.641983403441952,2.6239392492307405,4.491373077744482,28.01275258468824,53243.7,17079.0,0.0,305.5,18.84203480589023,0.0,0.0,18.105756358768406,10.408299866131191,45.31459170013387,-4.86113131860957
1696,Первомайский,Оренбургская область,муниципальный район,4,Районы бюджетной экономики,51.902344,51.639091,19586.291666666668,44.98874711816291,4.804569700285308,15.563460558459688,1.7110990068162943,5.165851315740852,27.76627230053494,53986.9,20575.0,0.0,308.4,8.681925808997633,0.0,0.7892659826361484,2.131018153117601,12.233622730860299,60.063141278610885,-4.091943812631603
1697,Переволоцкий,Оренбургская область,муниципальный район,4,Районы бюджетной экономики,51.8749502,54.2080495,19069.291666666668,48.28462092913035,4.521807374601367,14.192800661278257,2.2479825296158618,5.02070517675501,25.732083328619154,54376.2,20288.0,0.0,305.3,9.248759744861799,5.740609496810772,8.185683912119064,0.0,25.54925584691708,51.09851169383416,-1.2196192925446392
1698,Пономарёвский,Оренбургская область,муниципальный район,4,Районы бюджетной экономики,53.314846,54.121265,19920.291666666668,44.700853837787406,5.218194236061363,16.746130742184008,1.3698777040390957,5.595035483019186,26.36990799690895,43159.2,12885.0,0.0,320.9,0.0,0.0,0.0,0.0,13.058419243986256,73.8831615120275,-4.07584736423317
1699,Сакмарский,Оренбургская область,муниципальный район,5,Аграрные районы,51.9846,55.333401,17602.958333333332,47.287673747163716,4.4232387373511655,14.543436129369406,2.062939843144979,4.0077645177672085,27.674947025203522,54767.9,29252.0,0.0,304.6,28.744819419775013,0.0,2.1314387211367674,0.0,9.828300769686205,50.56246299585554,-3.4976941749015693
1700,Саракташский,Оренбургская область,муниципальный район,4,Районы бюджетной экономики,51.7833,56.3591,19951.875,43.583033241051375,4.968471114973416,13.450817331592535,3.0992945422743996,4.88881955388086,30.009564216227414,51540.8,39786.0,0.0,295.2,11.691410392364793,0.39766702014846234,6.044538706256628,0.0,15.058324496288442,64.13043478260869,-5.15335701579084
1701,Светлинский,Оренбургская область,муниципальный район,4,Районы бюджетной экономики,50.820313,60.850288,22279.666666666668,43.38044112765099,4.735894432977098,18.344342070298513,1.8673149892580196,2.620931088341819,29.05107629147356,45985.6,9689.0,0.0,260.2,0.0,0.0,3.8781163434903045,0.0,8.86426592797784,64.1735918744229,-3.6318869360056167
1702,Северный,Оренбургская область,муниципальный район,5,Аграрные районы,54.091789,52.541626,18665.25,47.83260910973322,5.818788749822067,16.898052826649753,1.6555656555223137,5.143425327978545,22.651558330294097,60306.4,10754.0,0.0,337.2,24.720298348428344,0.0,1.0655301012253597,18.060735215769846,10.175812466702185,39.95737879595099,-1.95868217806566
1703,Ташлинский,Оренбургская область,муниципальный район,5,Аграрные районы,51.7696795,52.7403401,18870.958333333332,47.41752814905944,4.809293594436434,13.979970847490767,2.6365315900060287,5.657722192165679,25.498953626841647,57467.1,19856.0,0.0,304.1,19.989224137931032,13.712284482758621,0.8890086206896552,9.132543103448276,11.772629310344827,36.71875,-2.2421046688392416
1704,Тоцкий,Оренбургская область,муниципальный район,4,Районы бюджетной экономики,52.530071,52.748413,27363.708333333332,38.148704026768534,4.3895686117956245,15.57347286199973,4.3540523164373965,4.8377497717160605,32.69645241128266,46971.3,30816.0,0.0,316.2,1.8474974806852538,0.0,2.2505878401074906,1.2764528048370842,18.844474302989585,76.68794088008062,-5.646900237233357
1705,Тюльганский,Оренбургская область,муниципальный район,4,Районы бюджетной экономики,52.342068,56.161255,18781.625,42.73649608551908,5.054262566566158,16.23764484455927,2.048657251988726,4.626709979241702,29.296229272125057,42087.2,17089.0,0.0,300.8,0.0,0.0,0.0,4.839531329597555,9.831889964340295,72.7457972491085,-6.975316536946058
1706,Шарлыкский,Оренбургская область,муниципальный район,4,Районы бюджетной экономики,52.9276338,54.7455627,18523.416666666668,44.22745583071564,5.806842377117672,14.736250126042155,2.668418693737447,5.559686168241263,27.001346804145815,46125.0,14855.0,0.0,314.5,0.0,0.0,0.0,0.0,6.658739595719382,71.70035671819262,-5.705349398772646
1707,Орёл,Орловская область,городской округ,2,Промышленные и крупные города,52.96801714999999,36.09949941816104,30811.083333333332,40.18961908774012,5.531270919186106,12.54431651790541,5.086315352614658,6.54480348533601,30.103674637217697,61277.0,292406.0,100.0,408.0,1.0320913958942075,0.0,19.974667987609887,7.347537653152079,27.179242798560338,44.39874092374061,-1.6383054229348029
1708,Ливны,Орловская область,городской округ,2,Промышленные и крупные города,52.42861105,37.60360592292363,24698.083333333332,43.008079414154714,5.0210467894216375,17.03527331537016,3.103034968924112,5.087737086698402,26.74482842543097,51959.9,42694.0,100.0,379.0,4.600096169257894,0.0,48.08462894694663,4.183362718384356,10.426350376662926,32.481166853662444,-2.351404818255399
1709,Мценск,Орловская область,городской округ,2,Промышленные и крупные города,53.28197315,36.56915665105407,27333.083333333332,43.513015548230534,4.841121017493283,14.958904866675585,3.234921134680644,4.672009895907489,28.780027537012465,53229.6,35554.0,100.0,381.1,1.052734184618384,0.0,47.79218247392533,2.427137147870163,12.56457744419534,35.84169997075738,-0.21306812412903048
1710,Болховский,Орловская область,муниципальный район,4,Районы бюджетной экономики,53.448994,36.002232,21141.208333333332,44.21270612787735,4.839021293943888,18.332730709707043,1.9928495129616572,4.897147699185974,25.72554465632409,45166.3,14977.0,61.52767576951326,364.3,5.459875412238915,0.0,3.1146940271161596,0.0,7.731769879076585,56.79736167094174,-3.604790003648116
1711,Верховский,Орловская область,муниципальный район,5,Аграрные районы,52.810467,37.239925,22220.791666666668,47.06914151570701,5.440576297353633,17.98930359042014,1.4843906876646118,3.879248217896885,24.137339690957717,52594.0,14493.0,48.16808114262058,361.7,11.025968497232865,0.0,6.257982120051085,13.62281822051937,10.557684120902513,47.67986377181779,0.050154443481016664
1712,Глазуновский,Орловская область,муниципальный район,5,Аграрные районы,52.499466,36.322838,19458.541666666668,48.53925779724872,4.59664782929732,17.681982019696907,1.4261856475304309,4.351365877891892,23.40456082833473,49502.0,10168.0,45.29897718332022,354.0,20.595690747782,0.0,3.7389100126742716,0.0,6.14702154626109,53.10519645120405,-0.5993298622451071
1714,Должанский,Орловская область,муниципальный район,5,Аграрные районы,52.0552637,37.5295749,19860.083333333332,45.29907365806807,5.101961611772146,19.29984539881764,1.3506086080330626,6.030864039033831,22.917646684275255,50892.8,8587.0,40.503086060323746,348.5,19.96653653095371,0.0,5.577244841048522,20.524261015058563,7.585052983825991,45.11991076408254,-3.5557758128842707
1715,Залегощенский,Орловская область,муниципальный район,5,Аграрные районы,52.90242,36.893154,19702.833333333332,49.099094719684985,4.8846362774316425,15.587931296310185,1.2570966967385766,4.031974135923594,25.139266873911026,48806.0,11724.0,37.461617195496416,361.0,26.812652068126518,0.0,4.622871046228711,0.0,6.423357664233577,46.81265206812652,0.13364194003676888
1717,Колпнянский,Орловская область,муниципальный район,5,Аграрные районы,52.222736,37.028606,20376.958333333332,45.55961926677713,4.287279940111905,19.548282193421795,1.5150155717814309,4.963659772119897,24.126143255787834,69003.6,12286.0,42.67458896304737,350.9,20.31425364758698,0.0,6.453423120089787,0.0,5.16273849607183,43.04152637485971,-2.941151128930288
1718,Краснозоренский,Орловская область,муниципальный район,4,Районы бюджетной экономики,52.780712,37.690243,20896.0,48.8994032260145,4.4017712293332405,20.581536018829368,0.8329273465730856,4.649430266939495,20.634931912310307,50320.2,5084.0,0.0,362.0,0.0,0.0,3.321976149914821,0.0,4.34412265758092,31.005110732538334,0.8353347805357221
1719,Кромской,Орловская область,муниципальный район,5,Аграрные районы,52.688126,35.768337,25805.625,45.079336660134906,5.259137438314184,16.865535900094034,2.6122031392836256,5.733910831277175,24.449876030896075,54417.4,20537.0,34.03126065150703,354.9,15.735294117647058,0.0,37.5,6.3655462184873945,5.777310924369748,34.03361344537815,0.4726857591655395
1722,Малоархангельский,Орловская область,муниципальный район,5,Аграрные районы,52.399578,36.504021,21277.625,48.32203691195289,5.006800600860622,17.08961742210903,1.0333983580911363,5.1885923747758556,23.359554332210465,46776.8,9312.0,37.56443298969072,352.5,21.092757306226176,0.0,3.8119440914866582,0.0,9.847522236340534,36.34053367217281,0.5899096823986438
1724,Новодеревеньковский,Орловская область,муниципальный район,5,Аграрные районы,52.854115,37.446629,21347.833333333332,54.21740544351379,5.046066283575799,15.45306519822235,0.9813179558488739,5.432053857410981,18.87009126142821,51968.3,9028.0,42.556490917146654,361.7,36.82634730538922,0.0,4.910179640718563,0.0,7.48502994011976,42.69461077844311,6.569918774689605
1725,Новосильский,Орловская область,муниципальный район,5,Аграрные районы,52.972939,37.041908,20431.916666666668,49.50701209858392,5.250211809553454,18.012384718661657,1.1812904113617608,4.940718273113517,21.10838268872569,50855.7,6534.0,43.878175696357516,362.7,19.872379216043758,0.0,10.027347310847768,0.0,11.030082041932543,43.11759343664539,1.1037794687559117
1726,Орловский,Орловская область,муниципальный округ,2,Промышленные и крупные города,52.96801714999999,36.09949941816104,31785.708333333332,38.299088320707206,4.89207492057617,13.880865379879292,5.07095492434557,7.324090068185904,30.532926386305864,65790.7,69588.0,13.791170891533023,566.7,10.754044827074367,0.0,35.646430161793084,8.14160605610806,16.66914056701796,28.54386225322844,-3.048610397552502
1727,Покровский,Орловская область,муниципальный район,5,Аграрные районы,52.607849,36.866261,20518.375,52.555303270178676,5.315883194617827,16.371002356317717,1.818759489555916,5.539236456858221,18.39981523247164,53224.9,11873.0,31.71060389118167,356.6,42.309427153811455,0.0,5.683355886332882,0.0,5.367613892647722,43.031123139377534,4.24688245995215
1728,Свердловский,Орловская область,муниципальный район,5,Аграрные районы,52.672192,36.380112,19386.25,49.811791716349745,5.188915782916137,17.67401091752561,1.7270229005830227,3.644302103190659,21.953956579434827,49255.1,13337.0,36.95733673239859,357.7,18.979833926453143,0.0,2.965599051008304,0.0,27.283511269276396,39.73902728351127,0.6032028190868964
1730,Троснянский,Орловская область,муниципальный район,5,Аграрные районы,52.448105,35.780979,20181.666666666668,47.206140805597904,5.02304941962839,13.044294791086017,1.2255511797663945,4.518563686707628,28.982400117213665,54617.8,7678.0,0.0,351.6,39.34300993124523,0.0,5.194805194805195,0.0,5.729564553093964,47.66997708174179,-1.3914507661453661
1731,Урицкий,Орловская область,муниципальный район,4,Районы бюджетной экономики,52.97002115,35.71989336815815,19481.541666666668,45.89037508272363,4.377843689874033,17.649722591673154,2.298722613815263,4.222731360690258,25.560604661223664,43893.7,17284.0,54.096274010645686,356.3,5.199724517906336,0.0,29.545454545454547,3.8223140495867765,9.951790633608816,51.34297520661158,-3.2422134743756157
1732,Хотынецкий,Орловская область,муниципальный район,5,Аграрные районы,53.12459645,35.40448606686389,19890.291666666668,49.3593515877691,5.651919820245937,16.998992985643525,1.0936673081266224,5.397834049190813,21.498234249024005,53718.3,7819.0,44.468602123033634,351.8,27.468706536856747,0.0,4.659248956884562,0.0,17.10709318497914,46.73157162726008,0.5341010891879571
1733,Шаблыкинский,Орловская область,муниципальный район,5,Аграрные районы,52.853958,35.195244,19719.583333333332,47.289296274785706,4.8982188823366055,16.872476110656287,0.6768701784074532,3.451910095448966,26.811228458364987,60459.7,5835.0,47.369323050556986,345.5,55.54016620498615,0.0,3.5318559556786706,0.0,4.570637119113574,23.407202216066484,-1.632796892714635
1737,Башмаковский,Пензенская область,муниципальный район,5,Аграрные районы,53.2122204,43.0360244,20911.166666666668,49.22893938614823,5.1296848733749085,19.45994828188205,1.1131292497444387,4.852725139580757,20.215573069269617,60294.0,19102.0,49.036750078525806,358.0,28.757696486780155,0.0,0.7243752263672582,22.27453821079319,10.57587830496197,25.860195581311118,1.2039720638646416
1738,Бековский,Пензенская область,муниципальный район,5,Аграрные районы,52.4581207,43.7039446,21093.583333333332,45.02617410465277,5.979246792654867,20.81664361790624,2.297766373306992,5.387920464806186,20.49224864667295,48089.9,13474.0,44.055217455840875,354.0,27.73972602739726,0.0,33.02891933028919,1.2937595129375952,6.164383561643835,29.071537290715373,-2.936547872765596
1739,Белинский,Пензенская область,муниципальный район,5,Аграрные районы,52.9669338,43.4130625,19139.0,45.15578240511466,6.379721819429802,19.53394555407637,0.7704098526614993,5.66569459817737,22.4944457705403,46192.3,23699.0,35.786320097894425,359.4,9.823062843197071,0.0,31.940207443563146,1.342281879194631,13.45332519829164,42.34289200732154,-4.301803277004213
1740,Бессоновский,Пензенская область,муниципальный район,5,Аграрные районы,53.309643,45.041382,23029.25,42.22344959454165,5.167340700299002,15.213424908666237,3.0935503751304845,6.778056737776778,27.52417768358586,62408.5,44901.0,0.0,365.5,28.84907379289402,0.0,20.589128454296993,5.754631035529912,8.351047676890373,36.076525964166414,-4.314106103173304
1741,Вадинский,Пензенская область,муниципальный район,4,Районы бюджетной экономики,53.689247,43.044308,19371.708333333332,50.30882520096917,5.308250462405901,18.89767446382153,0.5412683401954,5.434789789536157,19.509191743071852,47719.8,7153.0,0.0,362.7,0.0,0.0,0.0,1.5625,14.772727272727273,42.04545454545455,0.9699043832447984
1742,Городищенский,Пензенская область,муниципальный район,4,Районы бюджетной экономики,53.273724,45.702282,18085.666666666668,39.6817968547026,5.448115432278015,20.41612451268534,4.240620049079561,5.157954247685428,25.05538890356906,47836.2,45419.0,44.87769435698716,358.0,0.0,0.0,25.903083700440526,0.0,15.301027900146844,57.268722466960355,-10.696065839236745
1743,Земетчинский,Пензенская область,муниципальный район,5,Аграрные районы,53.4947753,42.618641,19565.541666666668,46.86986495186112,5.630020449602434,18.67674180085975,0.6931866420865032,6.452436109197844,21.67775004639235,51322.9,18592.0,50.94126506024096,358.9,23.025210084033613,0.0,24.41176470588235,2.3529411764705883,8.319327731092436,28.823529411764703,-2.2805752133165433
1744,Иссинский,Пензенская область,муниципальный район,5,Аграрные районы,53.865589,44.839645,18960.041666666668,42.815191551070534,7.2716660492479255,18.16316854807325,1.3189545800785683,5.3721291239425115,25.05889014758721,48212.4,8268.0,58.28495403967102,362.2,12.112403100775193,0.0,0.0,0.0,12.693798449612403,29.166666666666668,-6.826850031007711
1745,Каменский,Пензенская область,муниципальный район,5,Аграрные районы,53.1850012,44.0529066,21747.375,45.95670041350289,5.597832349352091,15.223078438133243,1.4624188464712427,5.178616654731305,26.58135329780923,55626.9,48394.0,67.82039095755673,361.0,13.510941960038059,0.0,24.865207738661592,8.531557247066287,12.543609261021249,39.13732952743419,-1.4539783035767988
1746,Камешкирский,Пензенская область,муниципальный район,4,Районы бюджетной экономики,52.862823,46.091095,18153.916666666668,48.61467562828739,5.747221343661836,15.35438028742894,0.6339928693449853,5.727402594836501,23.92232727644036,42526.4,9895.0,0.0,351.6,0.0,0.0,3.06553911205074,0.0,9.513742071881607,71.98731501057082,-1.6477383831870498
1747,Колышлейский,Пензенская область,муниципальный район,5,Аграрные районы,52.702633,44.535477,19318.833333333332,46.83796236427426,5.623450619789766,17.71975763133655,1.3629898294777196,5.378931178076374,23.076908377045335,48162.6,20513.0,38.02954224150539,356.6,31.861575178997615,0.0,3.5401750198886237,2.3468575974542563,12.688941925218774,48.289578361177405,-2.4674258442425865
1749,Лопатинский,Пензенская область,муниципальный район,4,Районы бюджетной экономики,52.614059,45.810112,16719.875,47.76627379236106,7.036729139459432,17.089667485728558,0.8990023306674677,5.4773529942923,21.73097425749118,47132.3,11327.0,0.0,350.4,0.0,0.0,0.0,0.0,12.109375,39.16015625,-3.888832259974385
1750,Лунинский,Пензенская область,муниципальный район,5,Аграрные районы,53.588295,45.222881,18402.291666666668,48.16256079030905,5.529539949972095,17.94780334478153,0.8223440399258236,4.765499996285697,22.772251878725804,45966.3,15623.0,45.17698265377968,358.2,12.468513853904282,0.0,1.322418136020151,8.312342569269521,21.41057934508816,40.17632241813602,-1.9454864507730236
1751,Малосердобинский,Пензенская область,муниципальный район,4,Районы бюджетной экономики,52.46751,44.957035,18365.041666666668,47.08214503392145,5.369443334785254,18.29188893991003,0.6026550163274362,5.330408191955915,23.323459483099917,40943.8,7959.0,0.0,352.1,0.0,0.0,0.0,0.0,11.48036253776435,52.26586102719033,-3.0607739933963223
1752,Мокшанский,Пензенская область,муниципальный район,5,Аграрные районы,53.439527,44.6059867,19305.125,44.860097789640626,5.561955610401573,16.965559736450338,2.8473467629974736,5.139663556673551,24.62537654383644,50058.6,23532.0,44.69658337582866,365.1,11.474856564292946,0.0,22.34222072224097,0.0,13.432332095848802,51.60310496118798,-4.458003482621767
1753,Наровчатский,Пензенская область,муниципальный район,5,Аграрные районы,53.879417,43.699471,19324.041666666668,48.99140575265813,6.170044932847147,17.98076069867405,0.9712178671016524,5.104232995259036,20.78233775345998,48008.3,9756.0,0.0,364.3,38.122605363984675,0.0,0.0,0.0,10.82375478927203,40.804597701149426,-0.29127489901312387
1754,Неверкинский,Пензенская область,муниципальный район,4,Районы бюджетной экономики,52.79063,46.738441,16408.083333333332,45.41743331968921,5.061165224910682,15.240599790914851,1.2568098361983164,6.861426933037347,26.162564895249602,39738.6,13081.0,0.0,347.6,0.0,0.0,0.0,0.0,9.560975609756097,60.78048780487805,-6.524893209150361
1755,Нижнеломовский,Пензенская область,муниципальный район,5,Аграрные районы,53.529991,43.673626,21686.416666666668,46.758715263298186,5.428254368722989,18.95119943834913,1.2653481582551755,4.778723191619371,22.817759579755155,65412.3,35595.0,56.552886641382216,363.9,32.30697092841513,0.0,34.206001875586125,2.2507033447952485,12.613316661456706,18.505783057205377,-0.6715544515139814
1756,Никольский,Пензенская область,муниципальный район,5,Аграрные районы,53.714596,46.085175,18887.208333333332,45.2865025638812,5.948694455040332,17.537202253670163,1.7104425387666724,5.462371951822142,24.05478623681949,51354.5,27530.0,75.90628405375953,352.1,6.88821752265861,0.0,27.70392749244713,9.395770392749245,12.83987915407855,38.368580060422964,-4.345033087052053
1757,Пачелмский,Пензенская область,муниципальный район,5,Аграрные районы,53.3320723,43.3199188,18726.208333333332,45.20313225799429,5.685462128255012,23.93442425401181,0.9372519381289848,4.297821287140336,19.941908134469568,47733.8,12972.0,53.01418439716312,359.6,23.033175355450236,0.0,3.5071090047393367,0.0,12.322274881516588,46.161137440758296,-4.583098577746791
1758,Пензенский,Пензенская область,муниципальный район,5,Аграрные районы,52.824474,45.049759,29845.625,38.50145305917466,5.386896266508848,13.349504757271626,5.230355049357891,7.3970990623414,30.134691805345575,58702.9,66409.0,4.240389103886521,356.8,11.40738813735692,0.0,16.75338189386056,9.157127991675338,19.862122788761706,42.65088449531738,-3.8465829634453654
1759,Сердобский,Пензенская область,муниципальный район,5,Аграрные районы,52.4559067,44.2029162,21674.541666666668,44.74097201318219,5.912202648498627,14.97967429596697,1.6887937868054297,4.61793081121983,28.060426444326964,47333.5,44283.0,66.55375652056094,352.8,11.752167116669035,0.0,22.481170953531336,9.18004831604377,11.780588318885888,44.47918146937616,-2.7095759376945487
1760,Сосновоборский,Пензенская область,муниципальный район,4,Районы бюджетной экономики,53.294201,46.245583,21052.458333333332,43.46040224925417,5.960941242757803,15.707211487377363,2.749546659319217,6.999920172966477,25.121978188324963,38565.0,13512.0,41.5926583777383,350.4,0.0,0.0,0.0,0.0,21.551724137931032,49.616858237547895,-4.461756975229747
1761,Спасский,Пензенская область,муниципальный район,4,Районы бюджетной экономики,53.92689525,43.19261628955434,20741.416666666668,47.28273167640026,5.715134098166614,18.97401885556956,1.1466690091192284,5.75677561133472,21.124670749409617,50927.0,10833.0,63.361949598449186,365.8,0.0,0.0,0.0,0.0,17.115551694178972,46.568201563857514,-0.9225047824178949
1762,Тамалинский,Пензенская область,муниципальный район,5,Аграрные районы,52.539822,43.255024,19487.0,44.45415483327091,5.778235463949202,20.990595232523024,1.1433359209499583,5.438424289520594,22.195254259786303,48864.2,12659.0,48.44774468757406,356.6,19.460227272727273,0.0,6.036931818181818,2.840909090909091,15.838068181818182,33.877840909090914,-4.73294906486952
1764,Псков,Псковская область,городской округ,2,Промышленные и крупные города,57.8173923,28.3343465,34398.833333333336,39.43327876540579,4.923206521318247,12.240971974943655,5.562652648647612,6.568591190259234,31.271298899425464,63953.7,187129.0,100.0,324.2,0.6067270121149051,0.0,23.399242082114316,8.258556028981523,24.689273302047948,43.022639360678596,-0.6439930625063484
1765,Великие Луки,Псковская область,городской округ,2,Промышленные и крупные города,56.342361,30.527922,29175.916666666668,42.255702366130315,5.361439725986371,13.819289828021683,3.6230663832185006,5.956197329702464,28.984304366940677,62918.6,85442.0,100.0,328.2,0.0,0.0,49.33031770152313,4.915715446867159,11.644343923384104,25.9250097183447,-0.46180299567004757
1766,Бежаницкий,Псковская область,муниципальный район,5,Аграрные районы,56.9738846,29.8845309,22975.291666666668,50.80288613919005,4.298304205523482,14.339431586302206,2.1287693126047063,4.943327222967887,23.48728153341167,47785.3,9802.0,42.83819628647215,309.1,15.308770108977685,0.0,21.328489880643488,5.345096004151531,17.747794499221587,37.83082511676181,4.3063338687834465
1768,Гдовский,Псковская область,муниципальный район,4,Районы бюджетной экономики,58.743066,27.8156854,21898.583333333332,48.63066726958934,3.923877600129179,17.307949890784442,3.2233843297264024,4.919809009544145,21.994311900226492,43483.6,8544.0,38.10861423220974,299.6,0.0,0.0,14.833333333333334,6.666666666666667,11.083333333333334,63.83333333333333,1.318157549579752
1769,Дедовичский,Псковская область,муниципальный район,4,Районы бюджетной экономики,57.551205,29.945297,23578.791666666668,48.71560388818808,4.425799587194538,15.92743791841543,1.879941985500557,5.278529105051547,23.772687515649846,50884.3,11451.0,57.436031787616805,303.9,0.0,0.0,18.17752596789424,7.3182247403210585,12.181303116147308,39.94334277620396,2.667853980583454
1770,Дновский,Псковская область,муниципальный район,3,Транспортные узлы,57.8288277,29.9611357,24939.708333333332,48.37032360166862,3.9207186456042424,15.725113724025272,2.191099379918139,4.363102838295028,25.42964181048869,62309.5,10547.0,72.30492083056794,305.8,0.0,0.0,39.92197659297789,31.306892067620286,4.06371911573472,22.041612483745123,3.2022916536881003
1771,Красногородский,Псковская область,муниципальный округ,4,Районы бюджетной экономики,56.830654,28.284595,21369.75,53.25827942087452,4.3340165788999885,17.98724665956307,1.913217011173238,5.718162762759339,16.78907756672985,38848.7,6202.0,54.256691389874234,299.4,0.0,0.0,6.188925081433225,3.257328990228013,7.27470141150923,71.00977198697068,5.551099692606925
1773,Локнянский,Псковская область,муниципальный округ,4,Районы бюджетной экономики,56.824783,30.144482,21276.666666666668,49.461783018782775,4.8904508861033165,17.37664886542741,1.204003257980038,4.9408370994651865,22.126276872241277,41230.4,7535.0,45.494359654943594,311.7,0.0,0.0,8.067940552016985,8.70488322717622,9.766454352441615,66.2420382165605,1.7253140474167286
1774,Невельский,Псковская область,муниципальный округ,4,Районы бюджетной экономики,56.017616,29.917128,21601.333333333332,41.80926615783054,4.544906705084392,19.011708045188733,1.3942875415739762,5.25035264000408,27.989478910318272,48842.2,20417.0,64.9458784346378,311.5,0.0,0.0,5.564924114671164,6.689151208544127,9.640247329960653,39.85385047779651,-5.672418215990189
1775,Новоржевский,Псковская область,муниципальный округ,4,Районы бюджетной экономики,57.031181,29.332918,21832.833333333332,53.03847555321588,4.503274058305514,15.689728949263204,2.1106273430227835,5.205431615633211,19.452462480559408,38828.1,7682.0,40.978911741733924,303.4,0.0,0.0,8.76803551609323,6.992230854605993,9.32297447280799,53.496115427302996,5.678744744087663
1776,Новосокольнический,Псковская область,муниципальный район,3,Транспортные узлы,56.34245945,30.15707084017992,22100.208333333332,47.21746504601154,4.481941937852926,16.149452180264753,1.1805351595492868,3.4413077766207367,27.529297899700754,52751.2,11427.0,58.27426271112278,316.2,14.278242677824268,0.0,12.447698744769875,18.305439330543933,11.401673640167365,39.853556485355654,0.1016961170799124
1777,Опочецкий,Псковская область,муниципальный округ,4,Районы бюджетной экономики,56.71167,28.656818,23161.458333333332,50.39174070236919,4.547599083457458,15.227670031376709,1.7879674927464018,5.687872080817835,22.357150609232413,42888.8,14690.0,63.526208304969366,303.2,0.0,0.0,12.3109243697479,6.596638655462185,11.38655462184874,63.949579831932766,4.020596176607478
1778,Островский,Псковская область,муниципальный район,2,Промышленные и крупные города,57.3414472,28.33858206894103,24845.208333333332,46.11932004691502,4.6110005797361575,14.937479049347848,3.2753184949403886,5.1839693530541,25.872912476006487,46005.5,26618.0,78.04117514463897,299.4,3.651616086849247,0.0,21.53960029607698,5.057981741919566,15.247964470762398,51.41870219590427,0.8138056214550916
1780,Печорский,Псковская область,муниципальный округ,4,Районы бюджетной экономики,57.813305,27.608185,23378.666666666668,46.76272566503794,4.978512667995189,15.76410120429166,1.9753764024026732,4.530355286668207,25.988928773604332,53153.1,18184.0,52.50219973603167,291.9,0.0,0.0,5.933609958506223,6.348547717842323,16.058091286307054,58.04979253112034,0.5622295914130322
1781,Плюсский,Псковская область,муниципальный район,4,Районы бюджетной экономики,58.420612,29.3706,22389.458333333332,56.95654009465041,3.1377293077527644,16.275643810336586,0.9350734426285059,4.449930635690657,18.245082708941084,55319.8,6131.0,48.638068830533356,307.4,0.0,0.0,9.43900267141585,2.4933214603739984,15.138023152270705,40.338379341050754,10.064907990833245
1782,Порховский,Псковская область,муниципальный район,4,Районы бюджетной экономики,57.7680489,29.55114188079801,23495.5,49.323146948713784,4.2132159608559325,14.194647121408297,1.8701834422582724,4.8324419163431855,25.56636461042053,45317.9,14635.0,47.037922787837374,305.1,6.930379746835443,0.0,22.468354430379748,7.2784810126582276,8.227848101265822,52.278481012658226,3.2056519706897166
1783,Псковский,Псковская область,муниципальный район,5,Аграрные районы,57.8173923,28.3343465,38410.291666666664,36.98690792002171,4.699401642881886,12.903552085420694,5.920984480596726,7.184751185620668,32.30440268545832,53166.2,44749.0,0.0,414.2,23.985374771480807,0.0,16.672760511883,1.4625228519195612,12.79707495429616,42.6691042047532,-1.3434041908641303
1784,Пустошкинский,Псковская область,муниципальный район,4,Районы бюджетной экономики,56.33481725,29.37414069021668,22511.666666666668,47.98792979153221,4.87498122440494,16.58913231598391,0.8981131206029989,5.636885455522555,24.012958091953386,43254.7,7174.0,53.70783384443825,309.3,0.0,0.0,7.096774193548387,14.946236559139786,17.956989247311828,53.2258064516129,1.1913818709522344
1785,Пушкиногорский,Псковская область,муниципальный район,4,Районы бюджетной экономики,57.018421,28.917532,24388.875,46.53302118828388,4.405754459840202,17.646256279953477,2.1116237112842327,5.15211961226407,24.151224748374137,48343.6,7103.0,59.49598761086865,300.6,0.0,0.0,4.673423423423424,3.3783783783783785,26.914414414414416,40.822072072072075,1.0015279586867485
1786,Пыталовский,Псковская область,муниципальный округ,4,Районы бюджетной экономики,57.062908,27.921061,23471.333333333332,46.818128349010166,3.625439011095757,17.013724584695133,3.4620374189946124,4.499942891514416,24.580727744689916,50507.8,9542.0,55.76399077761476,296.1,0.0,0.0,8.275862068965518,7.241379310344828,9.793103448275863,69.44827586206897,0.6645970066349395
1787,Себежский,Псковская область,муниципальный район,4,Районы бюджетной экономики,56.2774187,28.4848862,25255.5,46.00780366331157,3.5442799151195046,20.5144346417457,1.521743659053598,6.7904886355752465,21.62124948519438,51684.5,18348.0,63.89252234575976,301.3,1.117507619370132,0.0,6.535726379952591,11.0734845919404,13.477819166948866,64.27362004740942,1.020362006130268
1788,Струго-Красненский,Псковская область,муниципальный округ,4,Районы бюджетной экономики,58.2693219,29.1115963,24350.083333333332,49.65640306517612,4.311495679685443,15.823949317482317,3.1988141990925913,4.790063879749814,22.219273858813715,42718.1,9467.0,48.27294813562903,306.3,0.0,0.0,9.57683741648107,5.270972531551596,10.393466963622867,62.43504083147736,4.0392624803116295
1845,Рязань,Рязанская область,городской округ,2,Промышленные и крупные города,54.6275359,39.7401716,34543.833333333336,38.150051526047974,6.172477079161495,13.33368302154292,5.354413570016378,6.730008250161999,30.25936655306924,63591.8,520509.0,100.0,432.8,0.4520558096919149,0.14417279176463454,36.67580659287355,4.721995782608988,22.909326093254194,35.09529552053788,-1.8364894967629612
1846,Касимов,Рязанская область,городской округ,2,Промышленные и крупные города,54.939178,41.4065368680201,25720.625,45.07417646832031,5.138857051717697,16.544804673079284,2.698823850600757,5.648742038371818,24.894595917910138,44889.1,27537.0,100.0,403.5,0.0,0.0,35.158371040723985,2.6093514328808447,12.337858220211162,48.55203619909502,0.31787334069165263
1848,Скопин,Рязанская область,городской округ,4,Районы бюджетной экономики,53.823524,39.549274,23362.708333333332,47.53130685478187,5.6618074807246295,18.543615063060493,1.2697453167068042,5.059337834809244,21.934187449916966,41017.1,25424.0,95.94870988042794,407.3,0.0,0.0,11.727349703640982,6.371718882303133,10.626587637595259,64.58509737510583,1.2386869162689234
1849,Ермишинский,Рязанская область,муниципальный район,4,Районы бюджетной экономики,54.7677911,42.2760267,19290.583333333332,49.79122502782173,6.188713713225235,16.619602779175572,2.115592339902718,4.739513488340111,20.54535265153463,42973.6,6511.0,51.32852096452157,370.0,0.0,0.0,0.0,13.198573127229487,20.92746730083234,47.91914387633769,0.44020669988635946
1850,Захаровский,Рязанская область,муниципальный район,5,Аграрные районы,54.370804,39.281532,19994.458333333332,53.38998428782129,4.615666635320481,17.36324555343087,1.0248843594338675,3.4722830018391972,20.1339361621543,42297.1,7831.0,0.0,400.5,32.48106060606061,0.0,0.0,0.0,11.553030303030303,43.65530303030303,4.625005640887586
1851,Кадомский,Рязанская область,муниципальный район,4,Районы бюджетной экономики,54.5591315,42.4683026,20500.333333333332,50.21017596904858,5.378687026535367,21.29685901127334,0.6773798530384487,4.580910689125491,17.855987450978773,33649.6,7386.0,68.11535337124289,366.2,0.0,0.0,0.0,0.0,18.1294964028777,65.03597122302158,1.8066049148103085
1852,Касимовский,Рязанская область,муниципальный район,5,Аграрные районы,54.939178,41.4065368680201,22108.375,48.65353819413096,4.9034311721041615,18.863746346901603,1.5241669738556034,4.724139862093149,21.330977450914528,51666.2,27244.0,24.17045955072677,404.0,11.993677138905355,0.0,20.470262793914245,19.126654811302114,4.050582888757162,35.1906737798854,1.5228389381676914
1853,Клепиковский,Рязанская область,муниципальный район,4,Районы бюджетной экономики,55.130867,40.176037,22280.541666666668,49.20168703680892,5.151450695744151,18.848895914544674,1.5894986408063896,4.686206198744929,20.522261513350934,43462.4,20955.0,47.43975184920067,404.3,2.0221787345075013,0.0,1.0110893672537506,7.175472928897586,10.795825179386823,59.78473581213307,2.1718506033337994
1854,Кораблинский,Рязанская область,муниципальный район,5,Аграрные районы,53.9268971,40.034462,21048.791666666668,48.53204973597618,4.2968290070411665,20.42143281205547,0.8111002270879408,5.096579389787653,20.842008828051586,43636.5,21903.0,46.03935533945121,387.0,22.24032586558045,0.0,0.0,2.4439918533604885,12.830957230142568,40.610997963340125,0.5456630490622495
1855,Милославский,Рязанская область,муниципальный район,4,Районы бюджетной экономики,53.579839,39.445062,21787.125,49.66824847757491,4.8700142069767285,21.277862482473594,0.6660304484629841,4.579365894974094,18.93847848953769,38962.2,10730.0,49.40354147250699,383.2,0.0,0.0,0.0,3.8577912254160367,12.934947049924356,51.8910741301059,2.3245434123158404
1856,Михайловский,Рязанская область,муниципальный район,2,Промышленные и крупные города,54.2443989,39.0473579,22961.166666666668,47.651187318877646,5.395554667248566,18.42331917619876,1.3804151341936453,5.430152229809826,21.719371473671558,50677.0,31518.0,50.62186686972524,403.3,0.0,0.0,36.48048609488198,5.211498013554569,10.493105865856508,44.84692685206824,1.1445663043327832
1857,Александро-Невский,Рязанская область,муниципальный район,5,Аграрные районы,53.47530065,40.20570951195819,22388.25,47.670902701583145,3.8802731762600824,21.178101626976005,1.0912453603315184,5.349854072776751,20.829623062072493,43784.0,10529.0,34.23876911387596,382.5,40.909090909090914,0.0,1.185770750988142,2.1739130434782608,13.883399209486166,34.88142292490119,0.6971901355643975
1858,Пителинский,Рязанская область,муниципальный район,4,Районы бюджетной экономики,54.575684,41.814919,20926.625,51.63068439401973,5.763101496519699,19.14035334023967,0.811346101968383,3.0020515664414047,19.652463100811115,45638.6,4629.0,41.196802765176066,376.6,0.0,0.0,0.0,0.0,10.76923076923077,32.17948717948718,3.542167421264877
1859,Пронский,Рязанская область,муниципальный район,2,Промышленные и крупные города,54.121353,39.605293,22580.0,47.332742612936826,5.412807129567661,19.34726619955808,2.50893863277106,3.8209113081982125,21.57733411696817,46419.3,30144.0,71.35416666666666,392.2,4.992348890589136,0.0,38.867635807192045,5.068859984697782,11.7061973986228,30.47054322876817,0.5355128190174229
1860,Путятинский,Рязанская область,муниципальный округ,4,Районы бюджетной экономики,54.160557,41.121109,21034.0,48.49584506662879,4.455873953106923,20.58242847601027,1.304635469173476,5.4273476435766375,19.7338693915039,,,,383.5,,,,,,,0.501617825150642
1861,Рыбновский,Рязанская область,муниципальный район,3,Транспортные узлы,54.7268415,39.5088612,25580.125,45.74053360359731,4.702839872747097,17.75388800542761,3.6668270384833286,4.13327402514024,24.00263745460443,66319.4,38973.0,54.396633566828314,416.1,11.473317865429236,0.0,4.327146171693736,24.350348027842227,30.266821345707655,28.074245939675173,0.8617893822803294
1862,Ряжский,Рязанская область,муниципальный округ,4,Районы бюджетной экономики,53.708878,40.062984,24986.708333333332,47.999098163420534,4.807319308770786,18.97454767261068,1.4672911929875356,4.8630625242133885,21.888681137997075,,,,386.8,,,,,,,2.80409579961478
1863,Рязанский,Рязанская область,муниципальный район,5,Аграрные районы,54.6275359,39.7401716,30874.875,41.72796567995232,5.26724258620662,15.172053434511703,3.83097296871133,7.081976558205777,26.919788772412247,57592.0,62396.0,0.0,648.6,20.26125364157504,0.0,25.599097829151397,6.080255615073772,15.01738558406165,26.942956489051777,-0.07027897464809812
1864,Сапожковский,Рязанская область,муниципальный район,4,Районы бюджетной экономики,53.943381,40.6826073,22708.666666666668,49.46879999066247,5.549958706333327,21.177029086351247,0.5412629799735184,5.308988671694056,17.953960564985376,43440.8,9059.0,32.93961805938845,379.2,0.0,0.0,0.0,0.0,4.9603174603174605,21.494708994708994,2.7494488595627304
1865,Сараевский,Рязанская область,муниципальный район,5,Аграрные районы,53.7212373,40.9967135,20807.791666666668,52.34920554835168,4.858149756739982,20.500776651124053,0.6661057873819192,5.336738806525912,16.289023449876463,44262.9,14601.0,33.57304294226423,373.3,23.51495288816059,0.0,0.0,7.455960671855796,9.66816878328554,38.14010651372388,4.196790606324696
1868,Спасский,Рязанская область,муниципальный район,4,Районы бюджетной экономики,54.4078801,40.380539,21650.458333333332,50.78885404959208,5.051417456382716,17.60883267598767,1.2491934426887759,4.274632988874336,21.02706938647442,41006.0,24474.0,23.31045190814742,389.1,4.8230504227998745,0.0,19.19824616348262,0.0,13.247729408080176,57.90792358283746,3.304973296256166
1869,Старожиловский,Рязанская область,муниципальный район,5,Аграрные районы,54.228333,39.911388,21908.5,48.91463301955588,4.209122882466235,20.583576429591975,1.010799015644127,3.9015987432326225,21.380269909509167,47671.4,15692.0,31.449146061687483,394.6,33.310249307479225,0.0,0.0,0.0,9.522160664819946,34.14127423822715,1.638484341814222
1870,Ухоловский,Рязанская область,муниципальный район,4,Районы бюджетной экономики,53.791138,40.488274,20313.75,46.92847379750988,5.97938968848638,21.220397443508187,0.9279044374823661,6.141545982532955,18.802288650480232,37109.8,8264.0,46.69651500484027,382.5,0.0,0.0,0.0,0.0,9.49074074074074,53.24074074074075,-1.6087579847593725
1871,Чучковский,Рязанская область,муниципальный район,4,Районы бюджетной экономики,54.2685218,41.4479928,20932.25,49.491242728723996,5.956502022035239,22.092338328220517,0.7818997447157561,2.849129081837986,18.82888809446651,40250.2,6742.0,38.04509047760308,371.2,0.0,0.0,0.0,14.218009478672986,9.123222748815166,33.175355450236964,1.4453383557807065
1872,Шацкий,Рязанская область,муниципальный район,5,Аграрные районы,54.028687,41.712601,21371.833333333332,47.358372527086324,5.5837775225705375,20.375528367434157,1.870307499081877,6.295714401661937,18.51629968216517,42046.3,20503.0,28.244647124811,379.7,20.041816009557945,0.0,0.0,1.8518518518518516,12.783751493428912,61.67861409796893,-0.33324256961795745
1873,Шиловский,Рязанская область,муниципальный район,4,Районы бюджетной экономики,54.3226555,40.8874676,22556.083333333332,48.53174709684219,4.760919245650372,19.649237353357027,1.3327039355966859,4.314611447082693,21.41078092147103,43213.8,34695.0,61.124081279723306,385.4,1.5651841954571484,0.0,21.96984157281924,10.288222943309792,11.815231914487498,52.10918114143921,1.7037627097974493
1874,Самара,Самарская область,городской округ,2,Промышленные и крупные города,53.2194648,50.2039316,35105.0,36.04028415160986,5.874272815731265,12.019125202731633,6.756598774712602,6.839092626346181,32.47062642886846,81323.7,1159044.0,99.99206242385966,384.7,0.30269683585329454,1.859897191612524,26.05604715317244,8.806849872620107,32.32193195351011,30.652576993231527,-3.68089441127147
1875,Жигулевск,Самарская область,городской округ,2,Промышленные и крупные города,53.4005122,49.4955657,29836.5,41.91201910803164,4.803238096474946,14.159574492526458,4.28732185306942,5.5080075044328405,29.329838945464694,64428.7,52171.0,93.0861973126833,351.4,0.0,0.0,48.70629694890105,0.89029027172401,14.003524065658906,30.17713066864509,-0.47349090980558994
1876,Кинель,Самарская область,городской округ,3,Транспортные узлы,53.219738,50.633228,29627.583333333332,41.08024742051791,4.876244446744923,15.174748307954356,3.9864064521603355,5.674599993213958,29.207753379408512,61842.5,57721.0,100.0,362.7,0.7323943661971831,0.0,17.28638497652582,28.591549295774648,20.131455399061032,33.286384976525824,-1.4176280802941414
1877,Новокуйбышевск,Самарская область,городской округ,2,Промышленные и крупные города,53.099243,49.948364,32058.875,37.96567504293925,5.112576273499206,13.806004686221819,5.543642430685138,6.3298073294991,31.242294237155484,70807.1,98550.0,97.90867579908675,348.1,0.0,0.0,49.13194444444444,6.6274154589371985,18.39145531400966,23.275211352657006,-3.216576909959824
1878,Октябрьск,Самарская область,городской округ,3,Транспортные узлы,53.18055005,48.74651999302929,21957.291666666668,45.04073207608392,4.79720675057237,16.07245883543561,1.8396386931867372,3.0110776239089563,29.23888602081241,63239.0,19887.0,100.0,350.6,0.0,0.0,2.3657870791628755,48.58962693357598,7.688808007279345,29.54959053685168,-2.180662791926167
1879,Отрадный,Самарская область,городской округ,1,Ресурсные территории Севера и Востока,53.376175,51.348053,30039.625,42.325702997800676,5.3127503527455495,14.587076443621715,3.1469303882663224,5.241623144664279,29.385916672901462,76578.3,46480.0,100.0,338.8,0.0,34.96691798738267,24.65763963686721,3.0773965225419295,15.325434682258809,21.795660870903216,0.09327296761893084
1880,Похвистнево,Самарская область,городской округ,3,Транспортные узлы,53.646797,52.123344,25138.458333333332,45.99246425249103,5.646834322226041,14.958139364372203,2.5061225208183187,5.591951579638672,25.304487960453738,55675.2,27685.0,96.29040996929746,345.0,1.8832742867797876,8.204363229535709,9.584187954503076,18.08689166511281,12.977810926720117,47.93958605258251,0.902233066164296
1881,Сызрань,Самарская область,городской округ,2,Промышленные и крупные города,53.15538,48.474121,29673.833333333332,39.74969420184553,4.739210978058006,13.789545870290484,4.882360979897587,6.547261963484184,30.29192600642421,66408.0,162372.0,99.53009139506811,362.7,0.0,0.0,40.37182243581637,6.960920703174403,13.049196914126723,34.437839888706215,-2.688194564360287
1883,Чапаевск,Самарская область,городской округ,2,Промышленные и крупные города,52.981285,49.711193,28093.0,44.114002523380265,4.989072713034023,16.368658401251132,3.9740844724420445,5.6787940522093,24.87538783768324,64958.3,68824.0,99.98692316633733,340.5,0.0,0.0,45.298094652735095,14.443761524277813,11.172573926108038,29.044594686881105,0.7527488036300265
1884,Алексеевский,Самарская область,муниципальный район,4,Районы бюджетной экономики,52.58308,51.273315,22171.625,50.08602659877136,5.197565861189085,17.28218111325007,1.038914024468668,4.642335118312759,21.752977284008054,50570.8,10499.0,0.0,323.7,0.0,0.0,7.994486560992418,6.064782908339077,20.261888352860097,58.51137146795313,2.94709346611902
1885,Безенчукский,Самарская область,муниципальный район,2,Промышленные и крупные города,52.985322,49.4322968,25067.916666666668,44.46774447013058,5.047692624354645,16.81960264071275,3.534946008744538,4.3778294884678965,25.752184767589593,59250.9,35844.0,62.66599709853811,330.1,12.078346028291621,5.549510337323178,23.83025027203482,13.11207834602829,12.377584330794342,32.87540805223069,-0.6564572629115586
1886,Богатовский,Самарская область,муниципальный район,4,Районы бюджетной экономики,53.057625,51.333107,21992.958333333332,46.98890441489893,5.156537893896304,17.84698952858342,1.6105304051594584,3.9523370650795884,24.44470069238229,54352.2,13052.0,0.0,332.7,0.0,0.0,2.4003623188405796,4.211956521739131,9.239130434782608,48.007246376811594,-0.2462812652861246
1887,Большеглушицкий,Самарская область,муниципальный район,5,Аграрные районы,52.3921744,50.4723158,22156.791666666668,45.94475019279231,5.557452137343272,16.217240538339034,1.290892720928498,6.416350593973622,24.573313816623266,52391.1,17856.0,0.0,325.9,15.909929863418235,7.604282022886674,6.349206349206349,5.167958656330749,16.315983757844226,48.6157253599114,-1.1540417948393369
1888,Большечерниговский,Самарская область,муниципальный район,5,Аграрные районы,52.0951085,50.867893,22531.25,43.08312773443637,4.869378891133396,18.560644949265424,1.6607254912662666,5.267293895474643,26.55882903842391,51925.4,17085.0,0.0,318.8,12.285806660200453,5.33462657613967,12.738441642418364,11.315874555447786,16.876818622696412,38.73262204978985,-3.754638625908365
1889,Борский,Самарская область,муниципальный район,4,Районы бюджетной экономики,53.025925,51.698658,22376.166666666668,47.03699119596692,5.09131269859737,18.25581754608395,1.4078682138298069,4.322560600647973,23.88544974487398,48139.3,22166.0,0.0,328.9,0.0,0.0,7.925801011804384,6.534569983136594,14.966273187183813,66.94772344013491,0.06432876709243524
1890,Волжский,Самарская область,муниципальный район,0,Столичные агломерации и центры услуг,53.2194648,50.2039316,33466.583333333336,37.951738445922274,4.94131004594212,14.176967701343097,6.276301298530247,6.931054405820401,29.722628102441867,77330.8,130495.0,35.88873136901797,773.6,0.3997618440078251,0.0,29.06778940205835,17.661818491111678,23.683762864676364,26.907374330186272,-2.5706978158013993
1891,Елховский,Самарская область,муниципальный район,4,Районы бюджетной экономики,53.8669944,50.2889016,20880.25,47.40285284438493,4.991550191551514,16.694366935569874,1.0463264651471313,6.108179213326309,23.756724350020242,47937.6,9128.0,0.0,349.5,0.0,7.735849056603773,4.339622641509433,5.471698113207547,5.283018867924529,75.09433962264151,-0.6020575929265776
1892,Исаклинский,Самарская область,муниципальный район,4,Районы бюджетной экономики,54.1327138,51.5340222,20430.291666666668,51.61905064984457,5.003066028235873,14.510877036933568,0.9806508920095233,5.7579159111335905,22.128439481842875,45915.4,12310.0,0.0,340.5,0.0,0.0,5.516804058338617,4.502219403931516,11.350665821179454,64.87000634115408,3.251660846762605
1893,Камышлинский,Самарская область,муниципальный район,4,Районы бюджетной экономики,54.112331,52.144077,19977.166666666668,44.20905980483508,5.142931018583421,16.659542027395783,2.6698898502485218,6.353803631775184,24.96477366716201,47809.8,10431.0,0.0,337.9,0.0,0.0,7.125506072874494,4.615384615384616,12.874493927125505,66.15384615384615,-4.575376821903285
1894,Кинельский,Самарская область,муниципальный район,3,Транспортные узлы,53.219738,50.633228,21748.166666666668,45.51458194335725,4.378000078907652,19.99433624354861,1.759162030993507,4.290726331112637,24.063193372080345,78024.4,30309.0,0.0,377.8,9.960977613472991,6.613267611419182,30.88929965085233,21.893612651468473,5.113986444855207,25.077017868145408,-1.8847275323682604
1895,Кинель-Черкасский,Самарская область,муниципальный район,5,Аграрные районы,53.4644344,51.4755083,23254.625,47.10398132304912,5.1387617207929805,15.960232538750265,1.9930934741757789,4.4696787086441505,25.3342522345877,55781.2,40596.0,0.0,336.7,14.376012965964344,1.312803889789303,12.80388978930308,12.20421393841167,12.090761750405186,47.3419773095624,0.8328361325443395
1896,Клявлинский,Самарская область,муниципальный район,5,Аграрные районы,54.2648503,52.0262235,21650.958333333332,49.31352229566084,5.076405718096746,16.67356704473452,1.148125172223608,5.809631677500613,21.97874809178367,53888.6,13967.0,0.0,336.7,15.623592976136875,0.0,5.943268797838811,10.40072039621792,6.888788833858622,51.4633048176497,1.869874030815139
1897,Кошкинский,Самарская область,муниципальный район,5,Аграрные районы,54.2043367,50.4704827,21694.666666666668,50.5848484658586,5.003708571391647,14.286043138334861,1.673777080340608,5.27622586796173,23.17539687611256,54399.4,20672.0,0.0,345.2,8.735936465916613,12.541363335539376,17.670416942422236,3.57379219060225,10.42356055592323,46.128391793514226,3.168994616681917
1898,Красноармейский,Самарская область,муниципальный район,5,Аграрные районы,52.711071,50.033352,22137.083333333332,48.84241292303837,5.43308379127378,18.236597064663997,1.69220968562326,3.992115865967067,21.80358066943353,54573.0,15788.0,0.0,334.8,11.478260869565217,0.0,5.086956521739131,10.695652173913043,13.695652173913043,53.95652173913044,1.7347006847492261
1899,Красноярский,Самарская область,муниципальный район,2,Промышленные и крупные города,53.4935913,50.393488,25495.375,42.512552414228445,5.136166160226705,16.44003437114096,2.8471424924141218,4.750240213787497,28.313864348202273,68328.3,56124.0,44.565604732378304,354.0,2.7802006105538597,2.4204099433057134,27.07152202354993,5.418665503706934,23.80069777583951,38.60662887047536,-2.3620083579349913
1900,Нефтегорский,Самарская область,муниципальный район,2,Промышленные и крупные города,52.80381,51.163864,25854.333333333332,45.21870350948858,5.247357247755113,16.989561439108357,2.0338456463612427,3.8907346224740005,26.61979753481271,56101.5,31958.0,55.86707553664184,330.1,1.9227811105983694,13.428703276419013,27.580372250423014,4.768497154283956,17.412705737578836,31.472081218274113,0.5612866389549896
1901,Пестравский,Самарская область,муниципальный район,4,Районы бюджетной экономики,52.4105973,49.9491334,22644.791666666668,46.723623369492856,4.814866399026735,16.074832559899146,1.193941487654962,4.76502548731261,26.427710696613687,57468.2,14513.0,0.0,328.5,0.0,5.559673832468495,4.002965159377316,5.151964418087472,17.679762787249814,47.85025945144552,-0.06211482471040151
1902,Похвистневский,Самарская область,муниципальный район,4,Районы бюджетной экономики,53.646797,52.123344,20082.875,48.35505726248575,5.0187100456035,16.29624886551673,1.216874074126164,4.845753046245076,24.26735670602278,49082.1,25635.0,0.0,345.9,0.0,3.294475418144957,5.068423720223011,0.0,4.81500253421186,55.5499239736442,-0.39591536977077985
1903,Приволжский,Самарская область,муниципальный район,5,Аграрные районы,52.859441,48.6015765,23046.875,47.77119684836041,4.6745465717338295,17.956788893703703,1.145428460971657,4.504470326945776,23.94756889828462,49714.2,21590.0,0.0,319.0,17.200784826684107,0.0,9.254414650098102,2.7795945062132112,11.18378024852845,58.96010464355788,1.2929115453192268
1904,Сергиевский,Самарская область,муниципальный район,1,Ресурсные территории Севера и Востока,53.94128,51.165012,23191.25,46.5383001525458,4.986794487178578,14.343269928990763,2.6613191423826343,5.216768369392319,26.253547919509906,71418.9,43600.0,30.006880733944953,343.1,3.551665157460509,33.48425394908944,7.304557802595834,8.511922728644732,9.367139551262703,37.418251333132105,0.19572450629664778
1905,Ставропольский,Самарская область,муниципальный район,0,Столичные агломерации и центры услуг,53.5149884,49.4073316,30445.916666666668,39.154134557340136,4.083768679514463,14.255571594875871,4.416713778362631,6.826420168241105,31.263391221665792,67602.8,88162.0,0.0,639.7,7.770478341203038,0.0,22.3260110860193,8.838020940258675,27.561075754465204,32.42660644631493,-2.949699701374406
1906,Сызранский,Самарская область,муниципальный район,5,Аграрные районы,53.15538,48.474121,25127.916666666668,42.5793494710843,4.379413504839603,14.829606182605284,3.7658199783521384,6.48101435918174,27.964796503936935,56574.0,23295.0,21.54539600772698,444.9,13.019833653230966,0.0,0.9596928982725527,14.33141394753679,12.92386436340371,45.16954574536148,-2.5844974909096963
1907,Хворостянский,Самарская область,муниципальный район,4,Районы бюджетной экономики,52.617241,48.953163,22271.708333333332,48.841123658433496,4.819846719372655,18.17355026059583,1.3447699702746718,5.566056129763411,21.254653261559934,52156.5,15789.0,0.0,324.2,9.887005649717514,0.0,5.367231638418079,10.687382297551789,11.11111111111111,56.96798493408662,1.80465757148924
1908,Челно-Вершинский,Самарская область,муниципальный район,4,Районы бюджетной экономики,54.4197817,51.0817001,19973.208333333332,51.57968554238111,5.688991134129723,15.771040581019394,1.1904936385038485,4.4630229322813095,21.306766171684625,48023.3,14451.0,0.0,340.5,0.0,4.577464788732395,6.891348088531187,9.406438631790746,6.99195171026157,55.08048289738431,2.7882014854256694
1909,Шенталинский,Самарская область,муниципальный район,4,Районы бюджетной экономики,54.4374232,51.4637213,20597.875,50.55655027306104,5.5858252399757236,15.100409324485456,1.9086023665964167,5.786928812856722,21.061683983024633,49451.8,12565.0,0.0,340.7,3.7279596977329974,0.0,6.750629722921915,8.41309823677582,8.01007556675063,58.387909319899244,2.295122718013253
1910,Шигонский,Самарская область,муниципальный район,4,Районы бюджетной экономики,53.387,48.6782,21513.875,47.979704643503624,4.749001943001673,18.568670948629983,1.5311052770417914,4.881596506922528,22.289920680900398,56364.0,19272.0,0.0,349.0,3.871608206485771,0.0,22.27001985440106,3.441429516876241,9.695565850430178,58.90138980807412,0.35450380156020966
1912,Шиханы,Саратовская область,городской округ,4,Районы бюджетной экономики,52.114838,47.198475,25892.833333333332,45.403957892273034,4.939985470821073,17.273724513246236,2.5776831526938646,5.036588281513961,24.768060689451833,50635.5,4872.0,100.0,341.4,0.0,0.0,2.658788774002954,0.0,6.056129985228951,70.7533234859675,0.7288806142143532
1915,Александрово-Гайский,Саратовская область,муниципальный район,4,Районы бюджетной экономики,50.14246,48.568436,19155.5,45.8827828385721,5.167276356675597,17.8368645571683,1.2871059078251799,5.466286541035116,24.359683798723704,50824.1,14280.0,0.0,300.4,0.0,0.0,0.0,0.0,13.020277481323372,57.41728922091782,-3.563848166762589
1916,Аркадакский,Саратовская область,муниципальный район,5,Аграрные районы,51.942913,43.489098,20417.0,45.7024433738695,5.722141995386378,18.165760644731446,1.716706270125744,5.712394819732544,22.980552896154386,44492.7,19018.0,55.86286675780839,347.3,16.7002688172043,0.0,1.3776881720430108,14.85215053763441,10.349462365591398,53.86424731182796,-2.722614313691796
1917,Аткарский,Саратовская область,муниципальный район,3,Транспортные узлы,51.8750207,44.997499,20854.0,47.602446215469584,5.920712250304852,16.701896892658798,2.166885178381563,4.8010637667619225,22.806995696423275,47933.4,33425.0,64.84667165295438,345.0,3.3499234303215926,0.0,14.509954058192957,14.050535987748852,14.988514548238898,52.220520673813176,-0.4674946722063371
1918,Базарно-Карабулакский,Саратовская область,муниципальный район,4,Районы бюджетной экономики,52.277653,46.410679,18390.166666666668,50.80922783344525,5.77089351220579,15.065606435555424,1.12671799606723,5.211175745014994,22.016378477711314,41671.5,24991.0,42.063142731383294,344.7,2.6622296173044924,0.0,11.70271769273433,4.409317803660566,8.957293399889075,70.49362174154187,0.7123836318933342
1919,Балаковский,Саратовская область,муниципальный район,2,Промышленные и крупные города,52.01812,47.819141,28543.0,42.03821006852908,4.9739313064022355,12.840099923796078,4.815480768366479,6.065807157408776,29.26647077549735,72660.5,200241.0,90.75264306510654,337.2,1.027795580241639,0.0,46.60447672624558,5.464169574402431,15.761114671603885,29.416791283913696,-1.0157551563538065
1920,Балашовский,Саратовская область,муниципальный район,2,Промышленные и крупные города,51.5546717,43.1430732,24215.75,42.74941250557258,6.170580447522625,15.594906758721985,3.640187516734957,6.555286052599156,25.289626718848705,47550.6,99921.0,75.89896017854105,347.8,1.4058106841611997,0.0,8.448252778149685,8.936939349310483,14.767706520283841,54.63917525773196,-2.9714112118381393
1921,Балтайский,Саратовская область,муниципальный район,5,Аграрные районы,52.468105,46.628967,19798.666666666668,48.14161385328246,5.601997080676449,17.258707325268976,0.8768455580911086,5.070448053865759,23.05038812881525,39974.2,9850.0,0.0,343.6,16.947791164658636,0.0,0.0,0.0,11.566265060240964,65.46184738955823,-0.7832183823035583
1922,Вольский,Саратовская область,муниципальный район,2,Промышленные и крупные города,52.042755,47.386032,24704.416666666668,44.71938505824451,4.886242722916561,14.996469634938153,3.383336305139248,5.798492066366518,26.216074212395007,49672.8,80407.0,75.92125063738231,340.0,0.7549799639932633,0.0,26.784366107207152,6.318601544805157,8.647424356815145,56.47830884488065,-0.6887694425372897
1923,Воскресенский,Саратовская область,муниципальный район,4,Районы бюджетной экономики,51.823921,46.931858,18274.75,50.0367877646946,5.063219472230429,18.87450372976955,0.9987838359648405,3.103614633117048,21.923090564223532,47934.7,10854.0,0.0,336.5,1.4200298953662183,0.0,0.0,0.0,13.75186846038864,41.25560538116592,-0.182559288662001
1924,Дергачевский,Саратовская область,муниципальный район,5,Аграрные районы,51.235374,48.768578,18318.916666666668,46.295182938258385,5.790555190847955,17.407338813160482,1.902730823041839,7.23050457083962,21.37368766385172,38847.0,15660.0,46.14942528735632,318.1,17.905646890636167,0.0,6.433166547533952,0.0,8.64903502501787,59.471050750536094,-3.853157437848367
1925,Духовницкий,Саратовская область,муниципальный район,4,Районы бюджетной экономики,52.4793156,48.2021353,19451.583333333332,51.40610065058559,5.637162461856874,14.590532077987442,1.355523638483696,4.291039314639137,22.719641856447257,49765.8,9856.0,44.76461038961039,324.4,0.0,25.244618395303327,0.0,0.0,13.307240704500977,55.05544683626875,2.229111011443795
1926,Екатериновский,Саратовская область,муниципальный район,3,Транспортные узлы,52.0536048,44.3498585,20535.083333333332,43.983685906872964,5.697544784330888,16.80295870318867,0.9521011561532724,6.259159035623889,26.304550413830324,47785.6,16296.0,35.008591065292094,346.2,10.029498525073747,0.0,0.0,18.33824975417896,11.553588987217307,40.06882989183874,-4.368999554344385
1927,Ершовский,Саратовская область,муниципальный район,5,Аграрные районы,51.349793,48.2657332,19756.5,45.484420819754526,5.988629599795098,17.002181492441803,2.317262047113423,6.521114490779254,22.6863915501159,53668.0,30920.0,55.653298835705044,325.9,12.483293237102378,2.0850040096230953,21.892542101042505,15.24993317294841,13.218390804597702,35.89949211440791,-3.455721090812917
1928,Ивантеевский,Саратовская область,муниципальный район,5,Аграрные районы,52.269524,49.107063,20706.75,48.15806440918248,5.303799249264447,17.840202009692785,1.09842293363576,5.273540294610363,22.325971103614165,43334.6,12313.0,0.0,331.1,12.014292094685128,16.43590888789638,0.0,4.466279589102277,8.575256811076374,37.8293881196963,-0.03161880496422298
1929,Калининский,Саратовская область,муниципальный район,5,Аграрные районы,51.499947,44.484581,20242.041666666668,48.96651080605308,5.701648323913188,15.588937423236743,1.5531081818619445,5.904131757222415,22.285663507712634,47516.0,26679.0,54.844634356610065,342.6,23.934270064301025,0.0,8.978328173374612,4.048582995951417,11.169326030007145,50.27387473207907,0.4108174297965214
1930,Красноармейский,Саратовская область,муниципальный район,4,Районы бюджетной экономики,51.025776,45.69252,21682.083333333332,46.7078192867884,4.995171122223034,15.49316180517736,2.0334476830666284,5.388491128121787,25.381908974622785,43374.0,40536.0,57.921353858298794,338.8,0.7149084568439408,0.0,17.750653879686137,4.184829991281604,13.914559721011333,60.88927637314734,-0.7701842993482975
1931,Краснокутский,Саратовская область,муниципальный район,4,Районы бюджетной экономики,50.9459056,46.972462,21021.958333333332,44.85973290019504,5.776788440619998,17.629029509309333,2.3096682308371075,4.443895925507902,24.980884993530626,47620.4,30318.0,44.99307342172967,325.4,3.2795285677683834,0.0,2.946451447604407,3.6382270048680505,17.524980784012296,58.77530105047399,-3.1284170603542334
1932,Краснопартизанский,Саратовская область,муниципальный район,4,Районы бюджетной экономики,51.756121,48.5385335,19232.208333333332,48.316217672755116,5.595045599861816,16.626457028774844,2.5211893929425435,5.457392559179416,21.48369774648626,41997.3,8776.0,46.456244302643576,328.2,12.490761271249076,0.0,3.6954915003695494,0.0,14.708056171470806,64.15373244641536,-1.0725180977423332
1933,Лысогорский,Саратовская область,муниципальный район,4,Районы бюджетной экономики,51.544968,44.836826,19664.875,47.775920812080344,5.716957221715329,18.77223806705574,0.8071307970001154,5.593081973221579,21.334671128926896,48388.2,17228.0,38.79150220571163,342.6,7.98494983277592,0.0,1.3795986622073577,3.0100334448160537,7.1070234113712365,57.73411371237458,-1.2690329570002532
1934,Марксовский,Саратовская область,муниципальный район,5,Аграрные районы,51.7069911,46.7483653,22644.583333333332,44.507656135004694,5.704429207120962,15.484198053267953,3.0383860350660536,5.173103316936125,26.09222725260421,48052.8,57354.0,49.56759772640095,342.9,16.40277935983597,0.0,19.626381136803737,0.0,12.279302881877207,48.76409613851236,-2.301824129514584
1935,Новобурасский,Саратовская область,муниципальный район,5,Аграрные районы,52.129726,46.076084,18771.666666666668,48.03179308188305,6.797743364350339,15.643117424916786,1.195043611017028,5.10896698045232,23.223335537380482,43299.4,14824.0,38.55909336211549,346.9,20.07147111375819,0.0,0.0,0.0,12.68612269207862,47.23049434187016,-1.7621904351002589
1936,Новоузенский,Саратовская область,муниципальный район,4,Районы бюджетной экономики,50.462326,48.135532,19684.25,39.50374836669678,5.4333058384762385,17.975430708952114,4.145557159501056,6.346287574984884,26.59567035138893,39927.4,26367.0,56.65035840254864,308.1,1.6587677725118484,0.0,8.598510494245092,0.0,16.316858496953284,69.49898442789438,-9.505508866984192
1937,Озинский,Саратовская область,муниципальный район,4,Районы бюджетной экономики,51.198559,49.72654,20576.0,41.17111303944914,4.710991370108403,20.323619033570136,1.657865833827212,5.306239371783579,26.830171351261527,39996.7,14262.0,51.6827934371056,313.3,0.0,0.0,3.1118143459915615,0.0,12.60548523206751,76.95147679324894,-7.104563562069142
1938,Перелюбский,Саратовская область,муниципальный район,5,Аграрные районы,51.85857,50.344826,19098.166666666668,45.490994707398634,5.592951328412258,15.934205104549887,0.8919639020022501,4.644424012592435,27.445460945044537,45244.7,10960.0,0.0,320.0,25.393700787401574,1.1811023622047243,0.0,0.0,7.332677165354331,43.89763779527559,-3.9855101539997406
1939,Петровский,Саратовская область,муниципальный район,3,Транспортные узлы,52.3094494,45.3889831,19839.958333333332,46.37551149835564,5.239729436545489,15.635999054103406,2.9617826136411978,5.008825544241133,24.77815185311313,47805.9,36094.0,70.82617609574999,349.2,0.6841505131128849,0.0,2.9874572405929305,12.58836944127708,13.705815279361461,53.27251995438996,-2.5106591205364412
1940,Питерский,Саратовская область,муниципальный район,4,Районы бюджетной экономики,50.678619,47.443729,19386.916666666668,43.66461406503273,6.105971779275888,20.335235055056458,1.2619171276685126,4.856453551064451,23.775808421901957,37833.4,14503.0,0.0,315.9,0.0,0.0,0.0,0.0,11.269517990495586,77.18940936863544,-5.619108974849292
1941,Пугачевский,Саратовская область,муниципальный район,5,Аграрные районы,52.0121253,48.8109795,22186.5,46.82499477281476,5.503023532425176,15.272371085313369,1.6467364258656543,5.550490272414191,25.202383911166855,45150.5,54377.0,72.47917317983706,331.5,10.262689225289403,1.2911843276936776,19.53472840605521,8.949243098842388,12.388691006233303,47.65138023152271,-0.2889813718177823
1942,Ровенский,Саратовская область,муниципальный район,4,Районы бюджетной экономики,50.775948,46.057549,18600.083333333332,45.59220189699127,4.841125967292329,17.924251280935565,1.550821043034488,5.715587518339241,24.376012293407108,40355.1,16346.0,27.26660956809005,328.2,0.0,0.0,2.677279305354559,0.0,14.182344428364688,74.8191027496382,-4.284099292765065
1943,Романовский,Саратовская область,муниципальный район,4,Районы бюджетной экономики,51.7410278,42.7557244,18610.416666666668,45.25493944957099,5.761221274510295,20.298057940259646,0.9513458087689849,4.474928077173514,23.259507449716565,39097.0,12117.0,47.00008252867872,348.1,1.94585448392555,0.0,5.1607445008460235,2.8764805414551606,13.705583756345177,46.1082910321489,-4.641762497013869
1944,Ртищевский,Саратовская область,муниципальный район,3,Транспортные узлы,52.2599057,43.7877429,20982.75,46.45274527746267,5.612983320028447,14.945352639577683,1.9622844066955178,5.354389706350348,25.672244649885336,49550.0,50179.0,73.97516889535463,352.5,4.087223317992549,0.0,11.615165461319307,26.736795967565197,15.483234714003945,38.362919132149905,-1.5354799418972518
1945,Самойловский,Саратовская область,муниципальный район,4,Районы бюджетной экономики,51.1860003,43.7067631,19196.5,44.8937708924164,6.334178665282388,19.96935331810321,1.0172851080669878,5.8598155447988995,21.925596471332124,38548.4,15904.0,40.0716800804829,340.5,0.0,0.0,0.0,4.267650158061117,22.49736564805058,70.65331928345627,-4.552172291368179
1947,Советский,Саратовская область,муниципальный район,3,Транспортные узлы,51.378075,46.844463,20795.041666666668,47.95422381240391,5.170600460695613,15.716655177610898,1.9886296528760141,3.737908160957067,25.431982735456494,50621.3,24242.0,70.74498803729065,334.1,0.0,0.0,14.354066985645932,20.610967979389034,13.691571586308429,50.791313949208686,-0.1369439789503095
1948,Татищевский,Саратовская область,муниципальный район,3,Транспортные узлы,51.672623,45.5947,20814.25,47.30313249876781,4.8265756505022095,14.629071170848674,2.1582792294828455,5.148735871307465,25.934205579091003,54763.5,27609.0,25.520663551740373,350.6,15.915915915915916,0.0,4.89060489060489,22.093522093522093,17.31016731016731,37.38738738738739,-0.8217774165060235
1949,Турковский,Саратовская область,муниципальный район,4,Районы бюджетной экономики,51.9927589,43.2745396,20618.666666666668,45.87987880259685,6.553320831733851,18.098974966995396,1.0571913228845375,5.563686587100966,22.846947488688407,40761.0,9477.0,54.48981745278042,345.5,3.0017152658662094,0.0,0.0,0.0,14.57975986277873,72.12692967409949,-2.432336498545476
1950,Федоровский,Саратовская область,муниципальный район,3,Транспортные узлы,51.237442,47.51474,19401.541666666668,46.39003010414143,5.15028775480428,14.992894335015853,2.2751686685227606,4.394465252028587,26.79715388548709,47657.8,16427.0,33.98672916539843,329.4,0.0,0.0,1.9347705914870093,19.51354339414041,4.91984521835268,40.13266998341625,-2.8793391806005726
1951,Хвалынский,Саратовская область,муниципальный район,4,Районы бюджетной экономики,52.495499,48.105888,21021.583333333332,46.58751836911546,5.16070837798617,18.923551667784608,1.8551710677120723,4.255552995183034,23.217497522218654,41161.3,20628.0,57.455885204576305,341.0,0.8837044892188053,0.0,4.241781548250265,0.0,17.674089784376104,71.19123365146694,-1.3698966105385417
1952,Энгельсский,Саратовская область,муниципальный район,2,Промышленные и крупные города,51.5013775,46.1233093,29329.916666666668,38.12562208530626,5.511908547090159,12.452846957574993,5.466059058984252,6.992092025596959,31.451471325447372,59289.0,304713.0,83.7381404797301,358.0,1.1490813334131307,0.8139326111676343,35.739222375167074,8.245057553813314,16.81528916551958,37.23342709517824,-4.493461003373131
1954,Александровск-Сахалинский,Сахалинская область,городской округ,1,Ресурсные территории Севера и Востока,50.8974983,142.1591667,34684.25,53.279817587087294,3.9577319213719564,7.836522189256151,1.0777541975851412,4.694345098455111,29.15382900624434,96625.0,9868.0,87.9509525739765,126.3,0.0,0.0,8.293153326904532,1.9286403085824495,15.043394406943106,71.45612343297975,13.467594284644996
1955,Анивский,Сахалинская область,городской округ,1,Ресурсные территории Севера и Востока,46.7147768,142.527515,41757.041666666664,44.601486215280836,3.5524053920134713,6.463679359226545,4.421932074705254,7.341572611133353,33.61892434764055,108286.4,20975.0,46.17878426698451,134.6,15.632036024445158,0.0,3.9240913477002253,0.0,12.286908973946607,57.12447732389836,7.740539857711154
1956,Долинский,Сахалинская область,городской округ,1,Ресурсные территории Севера и Востока,47.3241456,142.7979361,32714.125,47.32554412524319,3.6400581706511836,8.277431569563962,3.1038354076871872,5.1340929319864,32.519037794868076,106257.6,22145.0,53.46579363287424,133.4,4.985163204747774,0.0,5.519287833827893,1.0089020771513353,9.050445103857568,71.03857566765579,6.578315269299958
1957,Корсаковский,Сахалинская область,городской округ,1,Ресурсные территории Севера и Востока,46.632815,142.7810147,40875.291666666664,43.300013355706696,3.9391577745861523,6.769353610005618,4.688400961240417,5.877043132665049,35.42603116579606,128090.6,39675.0,83.48582230623819,133.9,2.878684030157642,0.0,13.39273474982865,13.803975325565457,11.706648389307745,52.10418094585333,6.104471524120986
1958,Курильский,Сахалинская область,городской округ,1,Ресурсные территории Севера и Востока,45.2290413,147.8751845,53174.875,42.69113614475706,4.2265289200737595,5.306966897907912,3.4968195509427478,5.275011118153119,39.003537368165404,149723.6,6956.0,36.52961472110408,134.4,14.860797592174569,0.0,14.33408577878104,11.662904439428141,10.15801354401806,27.99097065462754,9.654607930617125
1959,Макаровский,Сахалинская область,городской округ,1,Ресурсные территории Севера и Востока,48.6242527,142.7814002,32467.958333333332,49.96048904427504,3.7269397167583938,5.73103948772572,2.503622169764093,5.679992486044763,32.397917095431986,95628.8,6778.0,82.08911183239894,130.6,10.54054054054054,0.0,3.2432432432432434,0.0,8.58108108108108,58.04054054054054,9.089910558552889
1960,Невельский,Сахалинская область,городской округ,1,Ресурсные территории Севера и Востока,46.6877802,141.8601144,34491.208333333336,48.54689632643339,4.033774656373527,8.318548570836533,1.9692555655580395,5.34144370887759,31.79008117192091,108694.7,15099.0,69.99139015828862,134.1,8.650707290533187,0.0,0.0,9.194776931447226,7.1817192600652895,49.61915125136017,8.641524070803248
1961,Ногликский,Сахалинская область,городской округ,1,Ресурсные территории Севера и Востока,51.7953617,143.1365077,45708.458333333336,42.47064119297164,3.8904538560282775,8.790841874444148,5.498354034796951,5.7150387922719394,33.634670249487044,192734.4,11222.0,91.54339689894849,125.4,0.0,26.23894426505686,24.147129018671908,9.855398006457953,20.342552295381157,17.548785624034817,7.062543508022322
1962,Охинский,Сахалинская область,городской округ,1,Ресурсные территории Севера и Востока,53.5891992,142.9496845,43865.25,46.60590243720039,3.8109210937553426,8.118966984239938,3.4752512762536223,4.89478777771994,33.094170430830765,126841.9,21086.0,92.79142559043916,122.8,2.5818639798488663,19.552896725440803,12.07493702770781,9.870906801007557,16.54596977329975,38.712216624685134,10.559603607677497
1963,Поронайский,Сахалинская область,городской округ,1,Ресурсные территории Севера и Востока,49.2216366,143.1015759,35197.25,49.07053241146931,3.4975156901836066,7.594317958153482,3.3486519032843964,5.238454381463644,31.250527655445566,93411.3,20376.0,85.5565371024735,129.4,1.8438697318007662,0.0,10.272988505747128,9.794061302681992,17.1455938697318,54.78927203065134,9.48121792517383
1965,Смирныховский,Сахалинская область,городской округ,1,Ресурсные территории Севера и Востока,49.7423531,142.8320066,31046.458333333332,54.03262448143838,3.2951285435838162,7.36309897365157,1.6849155745334483,5.385738030149159,28.238494396643617,94562.8,11238.0,73.96333867236163,128.5,4.213091922005571,0.0,6.197771587743732,0.0,11.803621169916434,53.16852367688022,12.382389584830207
1966,Томаринский,Сахалинская область,городской округ,1,Ресурсные территории Севера и Востока,47.7612087,142.063478,30765.458333333332,56.43970175766905,3.5811187082712665,4.991522430395568,2.312579510036015,5.480030846022664,27.195046747605446,102967.7,8177.0,51.52256328726917,132.7,5.025996533795494,0.0,22.790294627383016,0.0,12.91161178509532,46.447140381282495,14.651344713128909
1967,Тымовский,Сахалинская область,городской округ,1,Ресурсные территории Севера и Востока,50.845556,142.655,37166.833333333336,48.82763912896296,3.397706487729404,7.18577287053687,1.7605003702557191,6.285584629070365,32.542796513444685,101926.2,14336.0,60.7421875,126.8,2.9331514324693044,0.0,8.083219645293315,3.2060027285129604,9.481582537517053,74.35197817189632,10.119149923428944
1968,Углегорский,Сахалинская область,городской округ,1,Ресурсные территории Севера и Востока,49.079296,142.0633622,39340.875,49.11422411632756,3.8018675765394216,7.813303988888542,3.7371631135922083,4.881121259063705,30.652319945588562,147821.8,16020.0,86.85393258426967,129.9,0.0,26.545454545454543,7.2727272727272725,21.66060606060606,16.581818181818182,25.272727272727273,11.290937029621839
1969,Холмский,Сахалинская область,городской округ,1,Ресурсные территории Севера и Востока,47.0545875,142.0487125,33771.5,46.75661615710131,3.8299967247429225,7.10612318491755,3.378443031213132,5.225122374522555,33.70369852750254,108750.4,32754.0,75.97240031751848,135.5,0.9299097848716169,0.4857737682165163,9.770992366412214,19.47258848022207,10.728660652324775,56.69673837612768,6.537452026117537
1970,Южно-Курильский,Сахалинская область,городской округ,1,Ресурсные территории Севера и Востока,44.0270756,145.8613722,52075.958333333336,43.77830283530529,4.068017212220808,7.227039259919615,5.209486772864041,3.127505200236073,36.58964871945417,153313.4,11480.0,60.82752613240419,134.6,24.62900909526089,0.0,31.498324557204405,5.552896122546673,14.097654380086166,18.334131163236,10.39645861667548
1971,Екатеринбург,Свердловская область,городской округ,0,Столичные агломерации и центры услуг,56.839104,60.60825,39007.333333333336,35.18634519470948,6.12146477882414,9.924042051300603,7.0679772051990275,7.2750206957072034,34.42515007425955,101589.0,1580109.0,97.22006519803381,298.5,0.5691292684695135,0.4527019246761998,24.037128807877824,9.860287187448023,38.01779248638483,27.063173562037008,-2.8347767327275513
1972,Алапаевск,Свердловская область,городской округ,3,Транспортные узлы,57.850811,61.695,27985.5,45.681818429928796,5.040031025165434,11.66058983048193,2.9385148521078484,4.933183310161978,29.745862552154005,56865.1,41048.0,87.54141492886377,295.2,0.0,0.0,10.980876002467612,6.6162862430598395,16.10117211597779,59.93214065391733,2.288467135283165
1973,Артемовский,Свердловская область,городской округ,2,Промышленные и крупные города,57.3431854,61.8775035,26124.666666666668,44.55699452988278,4.770187045444224,12.487962730167128,2.6843078005811023,4.272285501228866,31.2282623926959,59481.7,52119.0,54.97994973042461,293.3,0.0,0.0,35.28165623495426,11.949927780452576,11.343283582089553,41.011073663938376,0.09486634043978878
1974,Асбестовский,Свердловская область,городской округ,2,Промышленные и крупные города,57.0052746,61.4580765,31664.5,43.45715477951646,4.921604607260765,11.232349201382046,4.6415251038353205,5.273076874692054,30.474289433313366,62189.6,58293.0,96.30487365549895,299.6,0.0,0.0,23.13525527881284,3.1247957115774336,11.930443877884553,34.55579525397137,2.082951072465975
1975,Малышевский,Свердловская область,городской округ,4,Районы бюджетной экономики,57.116123,61.397663,27178.875,44.750437827423625,4.399983187250933,14.903888024969888,2.1355838954023376,4.04897346628315,29.76113359867006,68613.5,9499.0,88.2724497315507,297.0,0.0,0.0,0.0,0.0,7.157894736842104,29.543859649122805,1.0351003081058907
1976,Рефтинский,Свердловская область,городской округ,2,Промышленные и крупные города,57.09153,61.678349,28762.708333333332,45.778116279585305,4.5358803167463435,14.525200569305374,2.542590614406419,3.4925042962554547,29.1257079237011,90919.5,15137.0,100.0,296.6,0.0,0.0,41.48099606815203,0.08737439930100481,6.771515945827872,21.887287024901703,2.9001020123979075
1977,Березовский,Свердловская область,городской округ,2,Промышленные и крупные города,56.9097871,60.8120254,35605.5,38.063323831282105,5.80374924079484,11.43538350111237,5.724872995068556,7.249616349074555,31.723054082667574,74891.5,76770.0,78.74299856714863,324.0,0.8457677233033074,7.096197483325311,29.677508079488412,1.2170803823145155,29.17554837378808,31.905384033555663,-1.4416762582833171
1978,Богданович,Свердловская область,городской округ,2,Промышленные и крупные города,56.7683407,62.0520774,29251.541666666668,44.65892511513002,4.821658098895851,12.534230526255566,3.5733780873975887,5.193548718799666,29.218259453521306,64660.1,43489.0,68.4540918393157,299.6,10.371295965726526,0.0,37.022491967154586,4.462691895751517,8.729025348089968,33.050696179935734,2.002214331037541
1979,Верхняя Пышма,Свердловская область,городской округ,2,Промышленные и крупные города,56.9724682,60.5738926,37721.166666666664,36.68313554739181,5.798917845178001,11.47829473402706,6.3036086178516175,7.121958792628121,32.6140844629234,121612.1,90810.0,83.92027309767647,324.2,0.0,0.0,49.32260051024897,2.960323744171725,21.294096947303597,25.912729831969738,-1.885885075224095
1980,Среднеуральск,Свердловская область,городской округ,2,Промышленные и крупные города,56.991631,60.46888,29927.541666666668,42.75648839646906,5.163025303894137,13.923243660060816,4.164958870927079,5.397900722553356,28.59438304609555,85577.2,25139.0,95.0356020525876,321.1,0.0,0.0,29.607250755287005,1.4501510574018126,34.803625377643506,25.075528700906347,0.490721733418617
1981,Верхнесалдинский,Свердловская область,городской округ,2,Промышленные и крупные города,58.043598,60.554832,32075.208333333332,43.76228651216551,4.637285609117389,12.78657788845817,4.044899478243757,4.7056530225352775,30.063297489479897,80504.6,41952.0,95.66170861937452,292.6,0.0,0.0,75.27060782681099,2.6280183180682766,6.255203996669442,15.580766028309743,2.6646195774520764
1982,Заречный,Свердловская область,городской округ,2,Промышленные и крупные города,56.8149706,61.3205936,31657.125,42.078701052289894,5.831315306217282,14.610283846589455,4.2758397528475935,4.707245223013854,28.496614819041916,92315.7,31897.0,89.74511709565162,307.4,0.0,0.0,47.514824797843666,0.0,16.991913746630726,27.49326145552561,0.7318893990523666
1983,Ивдельский,Свердловская область,городской округ,1,Ресурсные территории Севера и Востока,60.6973287,60.4172583,29649.25,46.88511813289869,4.406685883832024,16.21899218895311,3.52785801484739,5.326470379949431,23.634875399519352,76838.7,17176.0,80.72892408011178,257.4,0.0,16.862244897959183,3.1632653061224487,18.571428571428573,12.602040816326532,44.005102040816325,4.449150602628623
1984,Пелым,Свердловская область,городской округ,3,Транспортные узлы,61.017914,61.990154,25967.666666666668,48.12696288795294,3.667581425937044,20.747229735469197,1.7925777379170913,3.999157627990636,21.666490584733094,102305.9,3418.0,82.67992978349912,249.6,0.0,0.0,5.443371378402107,60.66725197541704,5.179982440737489,11.76470588235294,3.5822177083299165
1985,Ирбит,Свердловская область,городской округ,2,Промышленные и крупные города,57.674042,63.063778,28995.208333333332,44.534099974457945,4.582846898417953,12.929488830399436,3.5323156406608747,5.836039964366583,28.58520869169721,57882.8,36505.0,100.0,297.8,0.0,0.0,21.544811320754718,9.351415094339623,18.39622641509434,48.490566037735846,1.7256718040936245
1986,Каменск-Уральский,Свердловская область,городской округ,2,Промышленные и крупные города,56.415451,61.917797,31980.416666666668,40.60581607429094,4.985029616015183,12.388014020663883,5.017204144156939,5.968120542096037,31.035815602777024,78639.4,163501.0,98.52233319673886,316.2,0.0,0.0,53.8681241909302,4.312984157642756,15.96769885137773,25.814206752008552,-0.6157738960140967
1987,Камышловский,Свердловская область,городской округ,3,Транспортные узлы,56.8484356,62.71879520931047,27080.75,44.39612176090831,4.2772678909480035,12.660010323268898,2.8169471609929686,5.829361681543924,30.020291182337893,60568.7,26765.0,100.0,306.3,0.0,0.0,20.670542111666894,22.103555495471134,11.707448965796944,44.24766797350277,0.5195502788830481
1988,Карпинск,Свердловская область,городской округ,3,Транспортные узлы,59.7667893,60.0009267,27925.0,45.64724495001142,4.312006324419902,14.36557634908382,2.453686240441193,4.386289795510692,28.83519634053298,64332.3,26968.0,93.49599525363394,270.6,0.0,2.7375520730013885,12.259472326919262,8.549890894663758,13.171989684586391,45.40765721087086,2.3234715259740937
1989,Волчанский,Свердловская область,городской округ,4,Районы бюджетной экономики,59.9347177,60.0779677,26862.416666666668,48.028090475046156,4.044468172821962,15.667387459793908,1.7218606009698207,3.4988295960233944,27.039363695344758,59169.4,8570.0,97.7362893815636,268.5,0.0,0.0,0.0,0.0,5.213533000554631,38.99057127010538,3.993459160404117
1990,Качканарский,Свердловская область,городской округ,1,Ресурсные территории Севера и Востока,58.6981697,59.4810114,31227.083333333332,41.86885533192762,4.637711018313489,13.035550006712047,4.138178444377036,4.762777933182093,31.55692726548771,84160.7,38418.0,95.17153417668801,292.1,0.0,47.58847875665174,13.599121547427991,4.645662640425711,10.25424444632148,22.299180674043413,0.2936653605710514
1991,Кировградский,Свердловская область,городской округ,2,Промышленные и крупные города,57.4264892,60.0664537,27649.0,40.527070573313175,4.608455629014992,14.04163630362886,3.4455121707440766,4.1840374860819125,33.193287837216985,68445.2,23721.0,77.31124320222588,303.0,0.0,0.0,51.88235294117647,0.0,10.676470588235293,36.705882352941174,-2.997619228036629
1992,Верхний Тагил,Свердловская область,городской округ,2,Промышленные и крупные города,57.3745174,59.9320798,26305.875,43.73653438794411,4.63153744119595,13.782944079849567,3.131078201777985,3.614397146840078,31.103508742392314,63572.3,10991.0,89.88263124374488,302.7,4.775481111903065,0.0,24.697077690662866,4.312188168210977,15.11047754811119,19.38702779757662,-0.6069117757680341
1993,Краснотурьинск,Свердловская область,городской округ,1,Ресурсные территории Севера и Востока,59.764631,60.1936117,33940.625,41.10238141972235,4.749311816175982,12.801164429059744,4.316618704895711,5.683098684857118,31.3474249452891,75733.3,58850.0,94.28547153780798,271.1,0.0,14.708378804413726,28.349702922274766,9.761125257669455,13.883836546623016,34.17606402328119,0.8708574290195981
1994,Красноуральск,Свердловская область,городской округ,2,Промышленные и крупные города,58.357063,60.037445,26036.041666666668,43.81165832406268,4.856051798821228,15.87251459843659,2.928293404973848,3.0889746177475463,29.442507255958112,77467.3,21994.0,97.11739565336,293.3,0.0,0.0,42.53069577080491,0.0,15.075034106412005,32.75920873124147,-0.6707732147585598
1995,Красноуфимск,Свердловская область,городской округ,3,Транспортные узлы,56.6180735,57.7713452,27462.25,43.07943738805849,4.752253682394975,12.067516825973442,3.8767285019584854,6.084003966085428,30.140059635529177,74010.3,37866.0,98.71652669941372,323.0,0.0,0.0,21.1220808809569,25.318017846971713,14.88513385228783,38.25707233719385,-0.6020995440961296
1996,Кушвинский,Свердловская область,городской округ,1,Ресурсные территории Севера и Востока,58.2816811,59.7625022,25320.208333333332,44.028584464672186,4.412032066260072,13.819575527855719,3.019936899507624,4.257794154648399,30.462076887056007,71488.4,35844.0,74.07376408882938,294.9,0.0,15.11144692104269,23.624228686563406,8.563153255257525,11.11950635940058,30.9155018259665,-0.8970604519075933
1997,Верхняя Тура,Свердловская область,городской округ,2,Промышленные и крупные города,58.3605,59.81823,26502.083333333332,45.34044955621073,3.9704341277667727,16.222821067978707,2.89787855457716,3.5643300628179957,28.00408663064864,77512.3,8418.0,100.0,295.6,0.0,0.0,51.3899049012436,0.0,4.059985369422092,19.275786393562548,1.1397568229392634
1999,Невьянский,Свердловская область,городской округ,2,Промышленные и крупные города,57.4924036,60.2105408,29693.541666666668,40.31236778003661,4.583628625515996,12.767768281925381,4.100106840096667,5.215231376297732,33.02089709612762,75222.0,37190.0,59.29013175584834,303.0,0.0,9.849769808577658,28.25296825781439,6.251514417252241,15.447055972861643,39.12042645989823,-2.1382215778249476
2000,Нижний Тагил,Свердловская область,городской округ,2,Промышленные и крупные города,57.905149,59.9508466,34357.791666666664,38.88349943335813,5.254264901365131,11.17906018960711,5.4737573946200335,6.301313884293293,32.908104196756305,79610.3,333179.0,99.19802868728222,303.0,0.3287304696832147,0.0,49.66219121792727,6.913851593482727,15.527736633379522,26.162740694729802,-1.2081896658527718
2001,Нижняя Салда,Свердловская область,городской округ,0,Столичные агломерации и центры услуг,58.071352,60.7146772,28281.833333333332,44.94291377140367,4.544870328123166,14.362859620862992,3.4220233082906852,4.000544875156202,28.726788096163286,62956.5,16275.0,98.9984639016897,291.1,0.0,0.0,19.110027430661383,0.0,36.147516001219145,36.81804327948796,1.7862223313159693
2002,Нижнетуринский,Свердловская область,городской округ,3,Транспортные узлы,58.6207762,59.8473233,28405.458333333332,41.756797742208796,4.555480374871238,14.557958301361282,3.25075885503245,4.923858858466645,30.955145868059585,67976.0,21907.0,80.8326105810928,291.9,0.0,0.0,26.636138141576037,15.0162182789544,13.928639572600648,35.29860713604274,-1.3417256751420052
2004,Первоуральск,Свердловская область,городской округ,2,Промышленные и крупные города,56.90839575,59.94301101449327,31772.875,38.78723550987573,5.057203453229806,11.742552369391019,5.83682489826395,6.0608231230712715,32.515360646168226,79425.9,130039.0,85.93652673428741,313.1,1.4427919653966936,0.0,47.17663091781715,5.400841381762161,17.25128873614979,27.448598684600345,-2.551670531527315
2005,Полевской,Свердловская область,городской округ,2,Промышленные и крупные города,56.442108,60.165859,32835.291666666664,41.704485984812514,4.873515126361982,12.428293293812116,4.61477694474442,5.245970438830488,31.13295821143848,75830.5,59979.0,89.61136397739209,308.6,0.0,0.0,55.63469053321568,2.710197907475104,14.515315769570151,26.528425564099333,0.9099244107768958
2006,Ревда,Свердловская область,городской округ,2,Промышленные и крупные города,56.8000651,59.9086688,32442.916666666668,41.502610370986666,4.679186827330327,12.217048663133845,4.7313196401622015,5.913711537813002,30.956122960573957,83436.2,60262.0,97.96555042978991,313.1,0.0,0.0,44.92038216560509,4.944267515923567,17.205414012738853,29.554140127388536,0.517246051124997
2007,Дегтярск,Свердловская область,городской округ,4,Районы бюджетной экономики,56.698341,60.086807,25501.625,46.22489296204217,4.466158933416971,16.377433614895555,2.3121152681732116,4.373798721502165,26.245600499969928,54823.3,14941.0,99.51810454454187,312.2,0.0,0.0,0.0,0.0,20.330578512396695,46.36363636363636,1.461948948547931
2008,Режевской,Свердловская область,городской округ,2,Промышленные и крупные города,57.370647,61.4042865,27960.0,43.941190308771446,4.937592250158055,12.192546066972547,3.5208727030921,4.852417794650506,30.555380876355343,68749.4,45338.0,79.90427455997177,298.5,0.0,0.0,21.776189166895794,0.20621391256530108,13.788836953533131,49.697552928237556,0.5321286828304433
2009,Североуральский,Свердловская область,городской округ,1,Ресурсные территории Севера и Востока,60.15016,59.960517,30143.25,44.896684200231334,5.051749524163782,14.305410276350178,2.673113708923741,4.117150548075672,28.955891742255297,74651.5,35125.0,67.96014234875445,264.9,0.0,26.542339802667247,17.402146806895804,0.0,16.46969532690014,31.475658679388484,2.782275069556987
2010,Серовский,Свердловская область,городской округ,2,Промышленные и крупные города,59.6051267,60.5733483,30766.333333333332,39.96960898852611,4.730832175861818,12.86594747355028,4.240988118417381,5.330407881281966,32.86221536236244,74232.0,98415.0,93.83630544124372,273.7,0.0,0.0,46.01671556859607,9.206899617675825,11.260780652618477,32.84431403929936,-1.901587068525791
2011,Сухой Лог,Свердловская область,городской округ,2,Промышленные и крупные города,56.9047389,62.0350233,29117.75,43.686203329489786,4.537783015805288,13.074179055605176,3.6834542225629034,4.930799023393926,30.087581353142923,74281.6,46498.0,69.79009849886016,296.8,5.036368658502901,0.0,43.42141607586779,4.272166467176135,13.092717061044103,34.09446643955437,0.9772386142984162
2012,Тавдинский,Свердловская область,городской округ,4,Районы бюджетной экономики,58.0413743,65.2719986,25864.333333333332,45.22999897918543,4.866906966239237,12.84919524208574,2.402937340855402,5.198910839306588,29.4520506323276,52608.5,35602.0,90.03988539969666,269.4,0.9104151493080845,0.0,18.572469045884922,1.7844136926438456,9.978150036416606,65.05826656955573,0.6586961011361265
2015,Алапаевское,Свердловская область,городской округ,5,Аграрные районы,57.850811,61.695,25337.625,50.78842840614352,4.286341573361688,12.7712015919404,1.931369587379141,4.343466672374913,25.87919216880034,60835.5,22842.0,41.01217056299799,300.8,14.699420810864789,0.0,36.14939085280607,0.0,12.32274815258638,33.992410625124826,5.874052538580052
2017,Артинский,Свердловская область,городской округ,4,Районы бюджетной экономики,56.4255703,58.5326906,22795.083333333332,50.36732339516617,4.858728217102912,10.907518802720654,1.8907331219683552,5.719502184582672,26.256194278459237,51459.1,24973.0,46.21791534857646,308.1,9.349173553719007,0.0,4.6745867768595035,0.878099173553719,17.691115702479337,60.9504132231405,3.7264202681839698
2018,Ачитский,Свердловская область,городской округ,4,Районы бюджетной экономики,56.801308,57.898392,21127.083333333332,48.75979397772707,4.0193646593660945,12.903863038207705,1.567165619144711,4.543244024694957,28.206568680859455,64903.7,13693.0,33.60111005623311,311.2,0.0,0.0,35.699311171009285,1.287810721772986,3.563941299790356,46.540880503144656,0.9930923433953026
2019,Белоярский,Свердловская область,городской округ,5,Аграрные районы,56.761642,61.414257,28011.541666666668,44.560116783627706,4.09907389225502,14.436083066094675,3.090819760583655,5.858639733897615,27.955266763541324,67794.2,33349.0,38.67582236348916,308.1,10.03874603733709,0.0,8.647411060232477,7.097569566748856,19.23212398731948,52.588939767523776,1.1994336712894493
2021,Верхотурский,Свердловская область,городской округ,4,Районы бюджетной экономики,58.861702,60.809338,25987.916666666668,47.42393908023772,4.130263219586772,15.284662469264287,2.55535183644725,5.849188637127167,24.756594757336792,58918.1,13374.0,48.70644534170779,280.0,4.328832406671962,0.0,0.0,4.88482922954726,13.58220810166799,72.83558379666401,2.889283137650824
2022,Гаринский,Свердловская область,городской округ,3,Транспортные узлы,59.427441,62.35247,21988.291666666668,60.636293865037516,4.032544637454101,12.20360019300589,0.9535360057998564,4.1873674595004085,17.986657839202227,76557.2,2442.0,78.9107289107289,259.7,0.0,0.0,0.0,29.82456140350877,10.526315789473683,36.57219973009447,13.348588430113642
2023,Ирбитское,Свердловская область,городской округ,5,Аграрные районы,57.674042,63.063778,23046.416666666668,53.15973351288446,3.76341938999524,11.935347835448407,1.973193077740202,5.135770280008537,24.03253590392316,59483.3,26013.0,11.8748318148618,303.4,43.19894498869631,0.0,4.653353428786737,0.6593820648078372,9.193669932177844,36.36021100226074,6.693659741835313
2024,Каменский,Свердловская область,городской округ,5,Аграрные районы,56.415451,61.917797,29115.208333333332,42.078923226625506,4.385724326971435,11.15626293095877,3.618636238405046,6.105889998385961,32.654563278653285,56177.8,26362.0,14.592974736362946,399.8,22.856306701785194,0.0,14.486391571553995,0.0,12.584138132865085,42.14223002633889,-0.638842060364192
2025,Красноуфимский,Свердловская область,городской округ,4,Районы бюджетной экономики,56.6180735,57.7713452,23215.625,48.37417586919655,3.699617864408302,10.9718739260096,2.895505360051056,6.313906921310069,27.744920059024423,51932.3,22803.0,6.494759461474367,331.1,0.0,0.0,12.435897435897436,0.0,7.33974358974359,55.705128205128204,1.9776769666251255
2027,Бисертский,Свердловская область,городской округ,4,Районы бюджетной экономики,56.8518027,59.0530375,24066.041666666668,47.743708057752386,3.607477307681523,15.474623751139784,2.577712748483905,4.843464810253239,25.75301332468916,48978.2,9456.0,96.40439932318104,308.9,0.0,0.0,5.177111716621254,0.6357856494096277,9.35513169845595,49.137148047229786,1.9462396912905129
2028,Новолялинский,Свердловская область,городской округ,4,Районы бюджетной экономики,59.052734,60.595974,25837.583333333332,45.57908622791507,4.873711227934076,15.369831851003005,1.6885523584723585,5.127667782821999,27.36115055185349,52468.4,18687.0,56.301171937710706,281.7,0.0,0.0,26.264128494943485,0.0,15.080309339678763,53.390838786436646,0.9130983582707667
2030,Пышминский,Свердловская область,городской округ,5,Аграрные районы,56.950695,63.246532,24987.916666666668,46.82859165379056,4.339567545271128,12.602650080847768,1.8816415536094266,5.603562492693457,28.743986673787663,53137.8,18498.0,49.20531949399935,289.0,22.5531914893617,0.0,8.052373158756138,1.309328968903437,15.810147299509,51.45662847790508,1.666869594269597
2031,Сосьвинский,Свердловская область,городской округ,3,Транспортные узлы,59.173889,61.861935,26408.041666666668,48.98330951289094,3.5821421170276304,18.43524545587284,1.4128731626027098,3.9559403271635265,23.63048942444236,68694.0,12459.0,54.996388153142306,264.7,0.0,0.0,0.0,12.22707423580786,4.553961322520275,50.46787273861509,4.686137717652109
2032,Сысертский,Свердловская область,городской округ,2,Промышленные и крупные города,56.5030175,60.8093215,32198.375,40.74678342395578,4.682509940100099,13.01805731744927,4.569678213073491,6.478276447080288,30.504694658341077,71343.5,65368.0,31.212519887406682,311.2,5.2298066896607045,0.0,29.0045720702655,1.5320445977380284,25.138365284350684,38.934787839897325,-0.42872709578520435
2033,Арамильский,Свердловская область,городской округ,2,Промышленные и крупные города,56.6962917,60.8330976,32840.791666666664,39.695861656626406,4.835029318419052,13.142808897396277,4.835076803708183,6.860669923390248,30.63055340045984,79463.7,23609.0,85.63683341098734,319.5,0.0,0.0,45.2947539210384,0.0,13.764196863169282,27.09572742022715,-1.135558709953203
2034,Талицкий,Свердловская область,городской округ,4,Районы бюджетной экономики,57.014816,63.730244,25689.916666666668,45.35759809451952,4.643020032118293,12.827259177011415,2.476652358550106,5.726597140489064,28.968873197311602,56097.7,39733.0,36.481010746734455,284.8,7.246173290268221,0.0,18.691195056874037,7.04957168936947,13.200393203201797,53.65819407386603,0.6510458167618899
2035,Тугулымский,Свердловская область,городской округ,4,Районы бюджетной экономики,57.059,64.6406,23361.75,47.15144620032981,4.708966446607058,14.550442607890432,1.717739669776858,3.8138285343188576,28.05757654107698,50712.1,17096.0,30.12400561534862,283.4,0.0,0.0,5.918003565062389,0.8199643493761141,10.73083778966132,76.47058823529412,0.9047672574427226
2036,Туринский,Свердловская область,городской округ,4,Районы бюджетной экономики,58.0525487,63.6908787,24549.25,47.30395602810254,4.6511020085651795,13.550633070564308,2.1519272467610127,5.081346254645981,27.26103539136097,52992.1,23655.0,69.9302473050095,277.0,7.373034287187419,0.0,6.986336684712555,4.614591389533384,15.184325857179687,51.06986336684712,1.8594481417207973
2037,Шалинский,Свердловская область,городской округ,4,Районы бюджетной экономики,57.2461908,58.7292306,22325.291666666668,53.77307434930828,4.182974907498733,14.087182149316915,1.0415440488843626,4.31013657411771,22.605087970874006,49926.3,16263.0,36.88741314640595,300.8,13.711967545638945,0.0,0.0,0.7302231237322515,5.841784989858012,62.55578093306288,6.790624742228267
2039,Байкаловский,Свердловская область,муниципальный район,5,Аграрные районы,57.393711,63.764805,24590.0,48.759683926407824,3.845552452539066,14.35599091384073,1.7012794414028938,4.820694455768149,26.516798810041344,53780.1,14422.0,0.0,281.9,24.752475247524753,0.0,2.43024302430243,0.0,8.730873087308732,48.064806480648066,3.369052192562707
2040,Камышловский,Свердловская область,муниципальный район,5,Аграрные районы,56.8484356,62.71879520931047,31384.458333333332,40.774302522569016,3.5822350090009447,12.873826785040857,4.134708603253069,5.926237314404806,32.70868976573131,52378.1,20537.0,0.0,310.0,21.60424818334265,0.0,6.791503633314701,0.0,13.44326439351593,63.27557294577977,-0.7610678319682066
2041,Слободо-Туринский,Свердловская область,муниципальный район,4,Районы бюджетной экономики,57.61797,64.384918,24397.541666666668,45.4414350030541,4.369773968365006,14.454986350356954,2.0351965138051975,5.402321102576546,28.2962870618422,53489.2,11664.0,0.0,277.7,0.0,0.0,4.7235641438539995,0.8051529790660225,13.633923778851315,61.40633387010198,-0.09713343392478355
2042,Нижнесергинский,Свердловская область,муниципальный район,2,Промышленные и крупные города,56.6619,59.30003,25254.166666666668,48.526828049731456,4.599656169697242,14.329060461551837,1.9593416169198514,4.817483044145045,25.76763065795457,61036.3,37356.0,77.17368026555306,307.9,0.0,0.0,35.70422535211268,1.1408450704225352,10.774647887323944,42.19718309859155,3.552114676322887
2043,Таборинский,Свердловская область,муниципальный район,4,Районы бюджетной экономики,58.5196678,64.5566111,23524.666666666668,51.2670295850215,5.129714289825252,14.295472870016793,1.4369685530098306,5.600761078507443,22.270053623619194,50324.4,2677.0,0.0,259.5,0.0,0.0,4.664723032069971,0.0,4.518950437317784,69.82507288629738,5.039747338391499
2044,Смоленск,Смоленская область,городской округ,2,Промышленные и крупные города,54.7814057,32.0461261,33465.833333333336,38.306711334876574,5.271140645580241,13.283651559333995,5.359212637167049,6.76539563849512,31.01388818454702,68443.7,310645.0,100.0,371.0,0.17752272067525623,0.0,26.506710135542505,7.510662528191501,24.484737512002322,41.258959873166155,-2.1936052860612825
2045,Десногорск,Смоленская область,городской округ,2,Промышленные и крупные города,54.1516661,33.2881028,31659.041666666668,46.658328590389914,4.772177501713188,14.92470970101906,3.144982875661069,4.49856167847768,26.001239652739095,87361.0,24684.0,99.73262032085562,337.4,0.0,0.0,58.85460892537032,0.0,17.454476837437493,17.897914897631853,5.257955807422746
2046,Велижский,Смоленская область,муниципальный район,4,Районы бюджетной экономики,55.6045223,31.1949976,21119.708333333332,45.11891832250207,4.602382128673456,18.013482497338483,1.325120716659622,4.913191430468843,26.026904904357522,43608.9,8848.0,67.86844484629296,319.2,0.0,0.0,6.468531468531468,4.545454545454546,14.335664335664337,69.05594405594405,-2.737143836247879
2047,Вяземский,Смоленская область,муниципальный район,2,Промышленные и крупные города,55.1835215,34.33816673607038,29443.875,42.98121810329481,4.571735752076772,15.74183205839463,3.7578565188294575,5.926623014985738,27.020734552418602,60265.2,69941.0,72.36241975379248,370.0,1.2376862844152565,0.0,40.30058095478656,16.304622379388732,10.615054306643092,31.497852993180096,0.39815056245681063
2048,Гагаринский,Смоленская область,муниципальный район,2,Промышленные и крупные города,55.55338655,34.99051315482606,30088.458333333332,44.60507998088726,4.532312411378457,16.79580295723473,3.0434908623764176,5.973387968856519,25.049925819266615,77713.3,39257.0,64.63560638866954,387.0,3.1041878315837,0.0,57.57986228693983,1.4222824246528953,10.757421830906424,27.09109380291229,2.349274636155849
2049,Глинковский,Смоленская область,муниципальный район,4,Районы бюджетной экономики,54.6425664,32.8729273,21027.666666666668,53.87570418428963,4.675197039639684,16.00596560002622,0.7266689644507868,4.62943033373214,20.087033877861547,47232.3,3397.0,0.0,336.7,0.0,0.0,0.0,7.202680067001675,8.207705192629817,43.383584589614735,5.97775132513281
2050,Демидовский,Смоленская область,муниципальный район,4,Районы бюджетной экономики,55.2643778,31.5178326,19641.708333333332,48.05069042621211,4.4959105587552814,17.000554233541155,1.4527877331972405,5.326419966587664,23.673637081706552,39952.1,10717.0,69.57170850051321,326.8,0.0,0.0,4.727474972191324,10.066740823136819,16.796440489432705,63.51501668520578,-1.0312766731622147
2051,Дорогобужский,Смоленская область,муниципальный район,2,Промышленные и крупные города,54.9148236,33.2989051,27800.666666666668,47.10378956986147,4.678756168614531,15.470274712609111,2.4222112058637615,3.495090832706175,26.82987751034495,71388.1,23563.0,82.54042354538895,345.7,0.8975195822454308,0.0,52.170365535248045,3.263707571801567,9.432114882506527,29.161227154046998,3.6190103497734376
2052,Духовщинский,Смоленская область,муниципальный район,4,Районы бюджетной экономики,55.1907803,32.4060434,22644.583333333332,48.60908177774439,4.458520876583737,18.618063511076052,1.0124554309814016,4.159431283407038,23.142447120207386,50272.8,13641.0,63.25782567260465,340.0,0.0,0.0,31.019978969505786,2.8916929547844377,13.301787592008413,45.05783385909569,1.789936615498259
2053,Ельнинский,Смоленская область,муниципальный район,4,Районы бюджетной экономики,54.5764954,33.1891698,23240.958333333332,48.7222577531196,4.613587632375734,16.444348409290487,1.4696162339817143,5.211685001558413,23.538504969674054,44343.3,10930.0,72.37877401646844,340.0,0.0,0.0,6.2204724409448815,7.244094488188976,16.22047244094488,43.54330708661418,2.329289529153175
2054,Ершичский,Смоленская область,муниципальный район,4,Районы бюджетной экономики,53.673527,32.748249,19648.583333333332,56.2156368443784,4.972226767945898,14.169217373516924,1.208271695047066,4.570802349287254,18.863844969824452,40367.3,5052.0,0.0,327.7,6.145251396648044,0.0,4.050279329608938,0.0,5.027932960893855,67.87709497206704,7.092561649366267
2055,Кардымовский,Смоленская область,муниципальный район,3,Транспортные узлы,54.8900665,32.43418980060523,21696.125,49.40082708589987,4.474964533292388,15.888247177747704,1.4509948683399718,3.688776155142738,25.09619017957732,53651.1,10664.0,41.66354088522131,339.1,0.0,0.0,37.896645512239346,19.537624660018132,7.298277425203989,31.73164097914778,1.925370451995558
2056,Краснинский,Смоленская область,муниципальный район,4,Районы бюджетной экономики,54.569439,31.439449,19617.25,49.06948185682089,5.2639213053317695,16.330522904852955,0.8635656271234764,5.094626707498887,23.37788159837202,43346.9,10187.0,33.61146559340335,324.4,0.0,0.0,7.987220447284344,10.063897763578275,20.527156549520768,48.00319488817891,-0.01113429811345883
2057,Монастырщинский,Смоленская область,муниципальный район,5,Аграрные районы,54.3515818,31.8364896,18491.083333333332,55.06378425465607,5.841335206223719,13.935370426105539,1.8690434564261325,4.221892453956725,19.06857420263182,43381.2,7769.0,40.24971038743725,325.9,13.745387453874539,0.0,8.856088560885608,6.4575645756457565,11.992619926199263,39.11439114391143,5.064647301158118
2058,Новодугинский,Смоленская область,муниципальный район,4,Районы бюджетной экономики,55.630033,34.3010323,22904.125,51.05666369229983,4.344677801458977,17.418350837097986,0.953070510346154,4.863009640294996,21.36422751850206,40534.1,7059.0,0.0,366.0,2.4719101123595504,0.0,0.0,3.8202247191011236,13.03370786516854,68.16479400749064,4.485070952427145
2059,Починковский,Смоленская область,муниципальный район,5,Аграрные районы,54.40639235,32.4440643251997,23202.75,48.55490989153879,4.483698438425869,16.370466761540257,1.5911221077031623,4.667751877680571,24.332050923111346,50576.0,24335.0,30.207520032874463,332.5,17.85503830288745,0.0,17.226478098605384,8.583775289726969,9.880180711058731,45.099194657238264,2.163536963426729
2060,Рославльский,Смоленская область,муниципальный район,2,Промышленные и крупные города,53.9448028,32.84788573198853,25675.166666666668,45.74438365262131,4.696839053689932,13.724676460178259,3.205822025712611,5.739450300176992,26.8888285076209,53933.4,59934.0,72.73334000734141,335.3,5.471595047341587,0.0,35.406045156591404,3.0134741442097597,14.093226511289147,41.3965768390386,1.0087979650365688
2061,Руднянский,Смоленская область,муниципальный район,2,Промышленные и крупные города,54.945702,31.0742556121863,21204.041666666668,45.690687186226576,4.8696521830338435,17.24028079426794,1.7695793839666156,6.134669941784705,24.29513051072032,46800.5,20478.0,55.40580134778787,322.6,0.6611570247933884,0.0,32.46280991735537,8.793388429752067,13.024793388429753,44.52892561983471,-2.1009991348398787
2062,Сафоновский,Смоленская область,муниципальный район,2,Промышленные и крупные города,55.1084278,33.2376513,26053.625,43.31769708393924,4.7927985754396945,14.790134503189133,3.23578692636364,4.94944895250998,28.91413395855832,54974.6,49887.0,74.27786798163851,350.9,3.7905779889152806,0.0,41.448931116389545,5.205859065716548,11.97545526524149,36.89627870150435,-1.167071003583186
2063,Смоленский,Смоленская область,муниципальный район,3,Транспортные узлы,54.7814057,32.0461261,33672.333333333336,38.19253522306582,4.7409325921532846,14.499798371679432,4.902345101084965,7.558701867021865,30.105686844994633,65632.8,61413.0,0.0,534.1,4.691235059760956,0.0,12.579681274900398,33.984063745019924,14.790836653386455,33.12749003984064,-2.2362795494110537
2064,Сычевский,Смоленская область,муниципальный район,4,Районы бюджетной экономики,55.8269908,34.2770455,24656.583333333332,47.840063649293654,3.7779190179790945,18.53324047514946,1.5101770062799078,4.790090892005573,23.54850895929231,52535.6,11980.0,62.34557595993322,362.2,12.265688671556642,0.0,2.078239608801956,2.1189894050529747,6.193969030154849,74.89812550937245,2.4492766956315917
2065,Темкинский,Смоленская область,муниципальный район,4,Районы бюджетной экономики,55.08142515,35.0033334683642,24543.666666666668,46.95181325509386,4.349326971379821,25.37072490555849,0.9052694928450365,4.462582064846276,17.960283310276523,42277.7,4146.0,0.0,367.7,0.0,0.0,0.0,0.0,14.097744360902256,49.81203007518797,1.386530907048985
2066,Угранский,Смоленская область,муниципальный район,4,Районы бюджетной экономики,54.7813043,34.3185555,23291.041666666668,49.78302519908313,3.7917940417126013,17.809380496830045,1.0496816796828967,5.089858273913247,22.476260308778084,45267.7,6524.0,0.0,358.2,0.0,0.0,0.0,7.635983263598327,12.133891213389122,37.761506276150634,3.433843801666845
2067,Хиславичский,Смоленская область,муниципальный район,5,Аграрные районы,54.18577,32.1578503,19839.625,51.68158320678996,5.223270705508561,16.159557745811533,1.2932580650083672,5.389828840625042,20.252501436256544,42242.5,6419.0,48.216233058108735,326.1,10.651499482936918,0.0,5.377456049638056,5.4808686659772485,12.20268872802482,37.64219234746639,2.8369696346318727
2068,Холм-Жирковский,Смоленская область,муниципальный район,3,Транспортные узлы,55.51387,33.488632,22898.916666666668,48.18483657189475,4.32876834853407,19.656003284079553,1.3766958798976396,5.421294305290395,21.032401610303594,62154.1,7716.0,38.95800933125972,351.1,0.0,0.0,1.7482517482517483,25.874125874125873,15.944055944055943,30.0,1.5467027628100025
2069,Шумячский,Смоленская область,муниципальный район,4,Районы бюджетной экономики,53.8555499,32.4259307,19058.375,47.87810504905046,5.276996759491755,14.205208023897029,2.8383698215737962,4.66987264373631,25.131447702250643,39974.4,7974.0,37.55956859794332,328.2,0.0,0.0,10.478771454381212,4.9683830171635055,10.749774164408311,64.31797651309846,-1.6551994139373787
2070,Ярцевский,Смоленская область,муниципальный район,2,Промышленные и крупные города,55.0662279,32.6883609,26014.541666666668,44.42333737106176,4.716537859515533,14.450284179766552,3.0607825526871153,4.22717034638796,29.121887690581076,55685.9,46827.0,86.12552587182608,344.0,0.4137259673886591,0.0,47.834022876612316,3.614018009247992,9.80773910927233,36.23752737892431,-0.14389452866835142
2072,Кирсанов,Тамбовская область,городской округ,2,Промышленные и крупные города,52.6509234,42.73015344421673,21764.75,47.417560746013905,5.291312751821026,17.095960247987303,1.6912746496811792,6.14517745066672,22.35871415382987,48888.3,15827.0,100.0,371.0,0.0,0.0,29.665951578302174,5.577689243027888,11.9215445908673,47.5329451425069,0.039695816371574974
2073,Котовск,Тамбовская область,городской округ,2,Промышленные и крупные города,52.59332675,41.51307094486083,22427.416666666668,44.667485932037785,5.246599563804061,17.774134881758723,1.596674993842207,3.643316232786879,27.071788395770348,59305.8,26128.0,100.0,371.0,0.0,0.0,49.107825643640076,17.35916390517461,7.659954116747388,22.63573795564619,-2.2256624630747393
2074,Мичуринск,Тамбовская область,городской округ,2,Промышленные и крупные города,52.89899355,40.48326577268173,25305.875,41.861941476598425,5.624829308223233,15.621447069231046,3.5237947517189885,6.552672125584509,26.815315268643797,60937.2,88785.0,100.0,391.3,0.0,0.0,28.531253316353606,17.78096147723655,19.489546853443702,32.05454738406028,-3.1390084569017125
2075,Моршанск,Тамбовская область,городской округ,3,Транспортные узлы,53.4428,41.813,22445.291666666668,44.30660749435221,5.935472767545208,17.14445632950749,1.7447530095255057,5.919456572971318,24.949253826098268,43097.5,38294.0,100.0,388.4,0.41158103888731196,0.0,20.66420664206642,12.588702810105023,13.795061027533354,44.94748793641782,-2.58586290840849
2076,Рассказово,Тамбовская область,городской округ,2,Промышленные и крупные города,52.6657884,41.89469890606984,22832.75,42.14226079294773,5.540497737527757,15.881680142523807,1.7828520354181994,6.469394494025292,28.18331479755721,48163.7,46633.0,100.0,385.1,0.0,0.0,25.95573440643863,4.117009750812568,16.700201207243463,45.47283702213279,-4.512889227868339
2077,Уварово,Тамбовская область,городской округ,4,Районы бюджетной экономики,51.9807749,42.26542253442362,22319.25,45.26052066919182,5.59156190275957,16.625071160593098,1.3402738552903148,5.3419902859224235,25.84058212624278,46146.3,22986.0,100.0,362.2,1.4859530996052936,0.0,9.472951009983747,6.036684467146506,14.836312978871605,48.20060366844671,-1.7311706275022611
2078,Бондарский,Тамбовская область,муниципальный округ,5,Аграрные районы,52.9502841,42.0663629,16995.333333333332,50.42066514420757,6.645903900639445,14.544302478846745,0.730726333901,5.030206374934868,22.62819576747038,46999.5,8210.0,0.0,366.0,13.886606409202958,0.0,0.0,0.0,5.587510271158587,45.60394412489729,-0.9401827107243493
2079,Гавриловский,Тамбовская область,муниципальный округ,5,Аграрные районы,52.876944,42.770992,20462.0,44.794024685672774,5.791957552960783,20.324584614661298,0.6406124572366354,7.278036939450337,21.170783750018174,55400.1,9164.0,0.0,363.4,36.56934306569343,0.0,0.0,0.0,15.10948905109489,45.10948905109489,-3.640520233069122
2080,Жердевский,Тамбовская область,муниципальный округ,5,Аграрные районы,51.843933,41.470367,22192.708333333332,47.13523676720355,5.242593446561542,17.967656438894007,1.5350372449200744,5.871097964135682,22.248378138285148,64545.6,24844.0,54.56045725326034,357.3,38.18615751789976,0.0,9.264482534172272,5.4024734215665005,14.428292471251899,32.28466044695162,0.06812547387475068
2081,Знаменский,Тамбовская область,муниципальный округ,5,Аграрные районы,52.4111427,41.4432947,20541.375,47.23410429128551,4.941783129758207,18.468588052777637,1.3994594709406163,4.829903820353935,23.126161234884094,53739.0,13674.0,39.00102384086588,367.4,14.942112879884226,0.0,3.581765557163531,1.5918958031837915,14.725036179450072,49.529667149059335,-1.1318702289106308
2082,Инжавинский,Тамбовская область,муниципальный округ,5,Аграрные районы,52.3183696,42.4953939,20443.5,44.95536119951706,5.65081651338074,20.379326816536732,1.1244646236896227,5.817785066579233,22.07224578029662,51231.2,17016.0,44.05265632346027,358.4,20.26063437423162,0.0,32.89894270961396,0.0,11.630194246373247,30.243422670272928,-3.440226803255688
2085,Мордовский,Тамбовская область,муниципальный округ,5,Аграрные районы,52.089058,40.762287,19920.5,47.55926173750478,5.650658525490226,19.577700044176535,0.8242072008443729,5.1434988857061885,21.244673606277907,48586.8,13380.0,51.1509715994021,362.2,19.27955352612887,0.0,0.35514967021816335,2.1816336884830037,13.800101471334347,54.54084221207509,-1.2351598526737892
2087,Мучкапский,Тамбовская область,муниципальный округ,4,Районы бюджетной экономики,51.8473199,42.4699106,20157.416666666668,47.374551873139545,5.419086909977682,17.945105854010098,1.2768713785881893,5.624680931304488,22.35970305298,44689.0,10669.0,53.67888274439966,353.5,0.0,0.0,0.0,5.122494432071269,9.428359317000742,57.83221974758723,-1.2797772916229062
2088,Никифоровский,Тамбовская область,муниципальный округ,5,Аграрные районы,52.8785209,40.7928771,19339.0,48.947037717674895,6.778110240035932,16.185092328566693,2.3252538495162995,5.258060116394389,20.50644574781179,52189.0,15378.0,42.74287943815841,373.6,10.463632496809868,0.0,23.69204593789877,6.890684814972352,15.610378562313908,41.89706507868992,-0.32577383538247107
2089,Первомайский,Тамбовская область,муниципальный округ,5,Аграрные районы,53.244999,40.285099,20300.333333333332,45.936498630356084,5.203110047279402,18.62634045879861,1.3815287966266647,6.817846710577024,22.034675356362207,56790.7,23709.0,43.91581256063098,377.3,34.12744528374976,0.0,12.589579701723805,8.367228355607205,11.46620182064691,29.57582800697269,-2.5855328058840703
2090,Петровский,Тамбовская область,муниципальный округ,5,Аграрные районы,52.633202,40.2603,19113.541666666668,45.978347354846925,6.053842487358146,17.761842786275185,1.187282193526599,4.78321923729848,24.235465940694663,51120.9,13536.0,0.0,371.2,25.52607502287283,0.0,1.6010978956999087,3.019213174748399,19.48764867337603,46.752058554437326,-3.5381592479047383
2091,Пичаевский,Тамбовская область,муниципальный округ,5,Аграрные районы,53.2342209,42.2036841,18995.375,45.97317087443616,6.186537637603157,15.551834566862297,0.5956359331700596,5.5613328944940035,26.131488093434317,47307.8,10656.0,0.0,366.0,27.299703264094955,0.0,0.0,1.112759643916914,21.364985163204746,44.80712166172107,-3.623983556146687
2093,Ржаксинский,Тамбовская область,муниципальный округ,5,Аграрные районы,52.2204809,42.1090698,20138.875,45.9860787121307,5.502348658924518,17.39365180801802,2.1427870722250693,6.580762984678805,22.394370764022888,47048.8,14028.0,31.137724550898206,359.4,28.563049853372434,0.0,0.0,2.1114369501466275,19.589442815249267,44.28152492668622,-2.6660308249584976
2094,Сампурский,Тамбовская область,муниципальный округ,5,Аграрные районы,52.377113,41.673679,20124.291666666668,51.51179372744655,4.945048696027552,15.449648985870171,1.1503733569304555,4.717169431839904,22.225965801885373,48078.1,11610.0,0.0,365.1,24.46808510638298,0.0,0.0,0.0,15.691489361702127,54.454787234042556,2.867611963506464
2095,Сосновский,Тамбовская область,муниципальный округ,5,Аграрные районы,53.232201,41.369202,18434.541666666668,48.05269848161499,6.279891841899282,18.57546242406798,0.765481294146137,5.611008365620258,20.715457592651358,40100.6,24282.0,30.207561156412154,367.4,20.863309352517987,0.0,12.496669331201705,4.023447908339994,12.86970423661071,47.988276045830006,-2.0288976234266425
2096,Староюрьевский,Тамбовская область,муниципальный округ,5,Аграрные районы,53.3227111,40.6992188,19373.958333333332,47.48625640407849,6.822275284875346,16.2867326347111,1.0573219728425733,6.0616742108537816,22.285739492638708,51813.6,11015.0,0.0,371.0,31.563845050215207,0.0,0.0,0.5021520803443328,7.747489239598278,45.05021520803443,-1.783928792958759
2098,Токарёвский,Тамбовская область,муниципальный округ,5,Аграрные районы,51.9939,41.1618,20469.291666666668,47.08903265060966,5.592326159051484,19.158936820502017,1.2738028043292986,5.326308767350787,21.559592798156753,61793.1,15011.0,42.79528345879689,360.3,27.591973244147155,0.0,0.358337314859054,9.10176779741997,5.805064500716674,21.71524128045867,-1.3239527760928473
2100,Умётский,Тамбовская область,муниципальный округ,4,Районы бюджетной экономики,52.560272,42.968578,19768.125,45.38977462701423,4.256122098724662,20.24841253750962,2.3222443328531095,5.692322044010887,22.09112435988749,48407.2,9405.0,44.082934609250394,359.1,0.0,0.0,0.0,8.655616942909761,11.141804788213628,55.06445672191529,-3.597410764054037
2101,Тверь,Тверская область,городской округ,2,Промышленные и крупные города,56.858675,35.9208284,36284.583333333336,39.29518890556255,5.574373206773042,13.482469534206516,5.5157357408667815,7.101116072454001,29.031116540137113,65117.7,412994.0,100.0,414.9,0.2624266748996604,0.0,27.4604644780625,6.167026860142019,28.873795067064595,35.83153236595657,0.1031611591374509
2105,Осташковский,Тверская область,городской округ,2,Промышленные и крупные города,57.1557583,33.1013213,28830.125,44.79164854388866,4.443511825334,19.008706699534812,2.723229703844573,4.3637694788775105,24.669133748520444,52059.9,20992.0,76.40529725609755,337.9,2.2486486486486488,0.0,43.45945945945946,6.702702702702703,11.956756756756755,28.562162162162164,1.9092750893329329
2108,Торжок,Тверская область,городской округ,2,Промышленные и крупные города,57.0501176,34.95641719793115,29268.583333333332,43.20004851005948,4.677768514516954,17.445635408946593,3.958861593190658,5.597264142621344,25.12042183066497,52482.9,39503.0,100.0,378.3,0.0,0.0,37.45426535721163,10.610437126901598,14.654342383978433,35.875216637781634,0.5146932750206638
2109,Удомельский,Тверская область,городской округ,2,Промышленные и крупные города,57.877998,35.0042,31311.208333333332,44.8375286117199,4.897951889496576,16.89799054150916,4.209260758649503,4.207013042558333,24.950255156066532,83991.5,29515.0,85.19735727596137,342.9,0.0,0.0,51.57707219951797,0.0,20.70627685214293,24.164308917531173,3.332360936991958
2110,Андреапольский,Тверская область,муниципальный округ,4,Районы бюджетной экономики,56.646801,32.26532,26345.708333333332,45.5954362660043,4.314249789468693,21.781088195892565,1.7454368674300724,5.458229060928307,21.105559820276056,40828.3,9731.0,66.9098756551228,330.1,0.0,0.0,6.047032474804031,0.0,8.51063829787234,57.55879059350504,1.2506551433320925
2111,Бежецкий,Тверская область,муниципальный округ,4,Районы бюджетной экономики,57.781357,36.692535,24500.75,46.27541237876909,4.538871997100898,18.522980647955848,2.380665387166101,4.401279314079795,23.880790274928266,,30567.0,67.45182713383716,359.6,,,,,,,0.7501244757269311
2112,Бельский,Тверская область,муниципальный округ,4,Районы бюджетной экономики,55.833073,32.939487,22470.666666666668,49.21383552485619,3.851637786090535,21.428771431584455,1.2221869787077657,4.416080106119838,19.867488172641217,37703.5,4852.0,62.13932399010717,336.0,0.0,0.0,0.0,3.4328358208955225,13.582089552238804,68.65671641791045,2.2618923394888277
2113,Бологовский,Тверская область,муниципальный округ,4,Районы бюджетной экономики,57.885204,34.049603,26311.458333333332,47.38574319234009,4.573542578327874,18.07095411531268,2.3368344910189007,5.546551107631128,22.086374515369332,,30273.0,70.27384137680441,344.5,,,,,,,3.0165318097006386
2114,Весьегонский,Тверская область,муниципальный округ,4,Районы бюджетной экономики,58.6637264,37.2626496,22515.25,49.544508631146975,4.342356869231292,21.437372982008508,2.273385522493623,4.152842787944354,18.249533207175254,37967.0,9486.0,63.36706725701033,336.0,9.03454384410983,0.0,7.7945084145261285,0.0,10.894596988485384,64.39326837909654,2.707187135820807
2116,Жарковский,Тверская область,муниципальный округ,4,Районы бюджетной экономики,55.8479449,32.2626969,21999.125,49.102696260651484,4.426181435978815,22.892572116762185,0.785928623125263,4.949901082064556,17.842720481417697,34026.2,3931.0,69.6260493513101,327.7,0.0,0.0,8.592592592592592,0.0,6.222222222222222,58.666666666666664,1.8618200588163738
2117,Западнодвинский,Тверская область,муниципальный округ,3,Транспортные узлы,56.2588287,32.0707122,23848.0,46.84215880738955,4.090630317894634,19.223311988666392,1.5766246089515743,5.879891910602252,22.387382366495597,38152.2,11945.0,76.5341146923399,333.9,3.41130604288499,0.0,0.0,17.83625730994152,11.939571150097466,61.5009746588694,0.8666632803351044
2118,Зубцовский,Тверская область,муниципальный округ,4,Районы бюджетной экономики,56.170071,34.585182,23831.0,47.91970050323775,4.05778128673334,20.34405735733438,1.7622452844732257,5.078087123336062,20.838128444885243,44647.9,14191.0,43.46416743006131,375.2,8.813747228381374,0.0,5.044345898004435,0.0,14.800443458980045,56.208425720620845,1.9436505060769045
2119,Калининский,Тверская область,муниципальный округ,4,Районы бюджетной экономики,56.858675,35.9208284,34671.041666666664,38.528517222879884,4.743871929510677,15.21320610237609,5.581079635378305,7.915384165886421,28.01794094396863,,59603.0,8.268040199318827,572.6,,,,,,,-1.4190821670801683
2120,Калязинский,Тверская область,муниципальный округ,4,Районы бюджетной экономики,57.2400206,37.8404883,27179.75,45.991150923048004,4.197516824657007,19.92924387112016,2.2232869649708333,5.104301038875563,22.554500377328434,,18994.0,63.18311045593346,389.1,,,,,,,2.1517124700772254
2121,Кашинский,Тверская область,городской округ,4,Районы бюджетной экономики,57.361755,37.611454,24535.125,47.604063691567184,5.097168727880739,18.09833902638313,1.6570979441595475,4.244667275991302,23.298663334018098,44298.4,22713.0,60.203407740060754,379.2,1.3318534961154271,0.0,19.17869034406215,0.0,14.672586015538291,48.05771365149833,2.136907307501329
2122,Кесовогорский,Тверская область,муниципальный округ,4,Районы бюджетной экономики,57.579342,37.295616,24815.125,38.944100643971815,4.34024535279656,21.484319404682566,1.61364542232301,4.837239422666765,28.780449753559285,69657.2,7244.0,50.676421866372166,367.9,0.0,0.0,1.151028950122079,0.0,2.9124520404604115,9.068712940355772,-6.36681301040115
2124,Конаковский,Тверская область,муниципальный округ,2,Промышленные и крупные города,56.7131572,36.7775654,31272.916666666668,41.95957004255445,4.953282493867798,18.661801746258245,3.9178188381912413,5.335979909226876,25.17154696990139,,67829.0,75.46919459228354,400.9,,,,,,,0.3576718918294602
2125,Краснохолмский,Тверская область,муниципальный округ,4,Районы бюджетной экономики,58.056507,37.114731,21247.625,52.22694640122737,4.74343460399838,20.493011315663544,1.308915720868231,4.999623207747252,16.228068750495225,38926.4,8508.0,57.122708039492245,351.6,0.0,0.0,0.0,0.0,7.808946171341925,65.12509476876421,4.417664446964184
2126,Кувшиновский,Тверская область,муниципальный округ,4,Районы бюджетной экономики,57.0314657,34.1796637,26117.958333333332,46.74991705620271,4.153923499688372,21.15015362189373,2.1853618491586504,4.820838792428547,20.93980518062798,,12610.0,71.07850911974623,354.2,,,,,,,2.324250560289141
2127,Лесной,Тверская область,муниципальный округ,4,Районы бюджетной экономики,58.2846441,35.5248456,22059.291666666668,53.433781352226106,4.860896100588891,16.19393366493054,0.9860925359872489,5.504051673042252,19.021244673224956,36594.0,3827.0,0.0,341.9,0.0,0.0,0.0,0.0,8.765652951699463,72.98747763864043,6.153754510612475
2128,Лихославльский,Тверская область,муниципальный округ,2,Промышленные и крупные города,57.1244437,35.4665276,24038.541666666668,51.25244855881935,4.355398814035364,16.81907060409564,1.681629507145925,4.566905191682343,21.324547324221374,43062.2,24344.0,60.96779493920474,372.8,0.0,0.0,37.23021582733813,0.0,10.641486810551559,41.516786570743406,5.453416296831831
2129,Максатихинский,Тверская область,муниципальный округ,4,Районы бюджетной экономики,57.797325,35.87904,22610.75,49.304595404145715,4.733554730235447,18.437871438071088,1.818483480933008,5.091950619234603,20.613544327380144,37841.2,13807.0,53.72637068153835,358.0,0.0,0.0,0.0,0.0,10.596491228070175,66.17543859649123,2.5265223020633965
2130,Молоковский,Тверская область,муниципальный округ,4,Районы бюджетной экономики,58.1630255,36.7661137,22040.666666666668,49.96314774642924,2.421478718144146,20.58517389248404,0.6529111010205235,6.725734351437103,19.651554190484948,36728.6,3690.0,47.61517615176152,348.3,0.0,0.0,0.0,0.0,10.416666666666668,72.70833333333333,2.708492802620328
2131,Нелидовский,Тверская область,городской округ,2,Промышленные и крупные города,56.226097,32.771111,24891.833333333332,48.21546159691473,3.7831990918410585,19.191542163688304,2.560469147421085,4.040746039731796,22.208581960403027,38418.2,22742.0,78.44516753143964,342.6,0.0,0.0,31.232159847764034,0.8087535680304472,13.01141769743102,51.54614652711703,2.965820654351513
2132,Оленинский,Тверская область,муниципальный округ,4,Районы бюджетной экономики,56.208992,33.480034,23885.083333333332,47.3935066265132,3.822272672172388,18.950398064842247,0.9566848346085522,5.14372095035848,23.733416851505126,32232.2,11371.0,39.952510773019085,351.8,2.7696793002915454,0.0,10.787172011661808,7.507288629737609,13.702623906705538,60.05830903790087,1.4615814312794786
2133,Пеновский,Тверская область,муниципальный округ,4,Районы бюджетной экономики,56.92379,32.744606,25155.541666666668,47.482134002453165,4.434883659735322,22.145303721418454,1.2419456469740615,5.257437037897217,19.43829593152178,35791.8,5051.0,63.11621461096812,330.6,0.0,0.0,0.0,0.0,8.038147138964577,70.16348773841962,2.353606067987095
2134,Рамешковский,Тверская область,муниципальный округ,4,Районы бюджетной экономики,57.3453001,36.0453999,22308.333333333332,51.119223873586904,3.717409174960286,17.922518777943605,1.1099219399328204,4.17110542357221,21.959820810004175,42725.4,14777.0,27.576639371997025,372.6,0.0,0.0,0.0,11.5990057995029,5.468102734051367,66.44573322286661,4.133485407334914
2136,Сандовский,Тверская область,муниципальный округ,4,Районы бюджетной экономики,58.461376,36.411373,22459.958333333332,53.36965026113275,2.6726982316372982,18.492629992572162,1.4580717126008618,6.981209501303357,17.02574030075357,37497.3,4788.0,61.71679197994987,340.3,0.0,0.0,9.836065573770492,0.0,5.737704918032787,74.26229508196721,6.4942474384905315
2137,Селижаровский,Тверская область,муниципальный округ,4,Районы бюджетной экономики,56.855633,33.452286,23557.75,45.30012304840083,4.458611376417942,21.916788049404452,1.3900133786952402,5.347253058959087,21.58721108812245,39613.2,9920.0,57.3891129032258,343.8,0.0,0.0,8.904109589041095,13.09931506849315,11.815068493150685,60.445205479452056,-0.8128234118972335
2138,Сонковский,Тверская область,муниципальный округ,4,Районы бюджетной экономики,57.7809325,37.1653992,22494.75,53.25836892289344,3.745513412870939,18.751431637856594,0.8689568836523932,4.479663882310958,18.896065260415675,36302.4,6439.0,52.741108867836616,354.9,0.0,0.0,5.2921719955898565,6.39470782800441,5.071664829106946,55.237045203969124,6.433976053442485
2139,Спировский,Тверская область,муниципальный округ,4,Районы бюджетной экономики,57.4215311,34.9932788,22231.375,49.226798697265586,4.333294839178013,18.0031211734199,1.583062469003289,4.9337096028664575,21.920013218266757,35453.5,8413.0,60.35896826340188,356.8,0.0,0.0,8.297320656871218,0.0,4.66724286949006,65.68712186689714,2.1718214218177043
2140,Старицкий,Тверская область,муниципальный округ,4,Районы бюджетной экономики,56.5081105,34.9314738,23825.333333333332,49.00093685656699,5.07721972158913,19.350231792165044,1.4090299982179033,4.840862498604414,20.321719132856522,43060.5,20834.0,31.866180282230967,374.5,0.46829971181556196,0.0,3.4942363112391934,1.1527377521613833,13.112391930835734,48.34293948126801,3.058859762408155
2142,Торопецкий,Тверская область,муниципальный округ,4,Районы бюджетной экономики,56.496479,31.641077,25884.458333333332,48.5062565361462,4.786175762806505,18.778927771062236,1.3817281264610304,6.01038805249122,20.536523751032806,,16137.0,68.10435644791472,327.7,,,,,,,3.8207833408078007
2143,Фировский,Тверская область,муниципальный округ,4,Районы бюджетной экономики,57.481045,33.698059,23776.916666666668,47.37126305304404,4.2322640085837016,22.0627734428674,1.4768736490761025,5.734071429209661,19.1227544172191,,7887.0,49.841511347787495,339.6,,,,,,,1.3821149853414074
2144,Томск,Томская область,городской округ,2,Промышленные и крупные города,56.4887526,84.9523434,35590.208333333336,37.92696226780518,5.874295993560603,10.388167818267561,5.900545457413581,6.730450617272562,33.17957784568051,90444.3,565753.0,96.40090286750579,260.4,0.3885003885003885,0.8795950543523359,22.81515679573932,6.847413643530148,27.390408943807003,41.678925174070805,-1.5616156039448688
2145,Кедровый,Томская область,городской округ,4,Районы бюджетной экономики,57.56192,79.570801,28779.75,50.040179544789744,3.65525240678781,20.86029998195653,1.0672270460021864,2.3243698885861237,22.052671131877602,76099.6,2626.0,69.38309215536938,197.6,0.0,0.0,0.0,0.0,7.105263157894736,60.526315789473685,7.116529645513974
2146,Стрежевой,Томская область,городской округ,1,Ресурсные территории Севера и Востока,60.732758,77.600807,35679.291666666664,42.72252688501983,4.408080126581242,12.149873885287986,4.240070029068977,4.269338015220096,32.21011105882187,102903.1,37478.0,100.0,218.7,0.0,14.765330592668722,14.53694187507137,16.39830992348978,21.41144227475163,31.734612310151878,3.36447605987662
2148,Александровский,Томская область,муниципальный район,1,Ресурсные территории Севера и Востока,60.431446,77.865845,29716.166666666668,45.406441070435946,4.567374264144018,11.296051254916822,3.2069570062931914,3.979692375238675,31.543484028971346,126598.4,7233.0,0.0,216.1,0.0,29.483654139932785,13.901619309501987,21.326000611060188,8.707607699358388,24.931255728689276,3.014341855755643
2149,Асиновский,Томская область,муниципальный район,3,Транспортные узлы,56.999187,86.14167,23959.208333333332,50.44318267896565,4.65869554334699,10.481658482595481,2.0272324921725113,4.9307572298211335,27.458473573098235,51907.3,33342.0,73.86479515326016,221.0,4.600179694519317,0.0,18.598382749326145,7.547169811320755,6.828391734052111,54.24977538185085,4.642229414214496
2150,Бакчарский,Томская область,муниципальный район,4,Районы бюджетной экономики,57.020538,82.066872,23385.666666666668,47.683100223266116,4.32807532729931,16.159242118192974,1.0375687497673125,5.442905564681961,25.349108016792325,62639.2,11191.0,0.0,203.1,0.0,0.0,0.7270323859881032,0.0,10.37673496364838,79.57699933906147,1.4315534996260466
2151,Верхнекетский,Томская область,муниципальный район,4,Районы бюджетной экономики,58.4475598,85.0389307,26333.458333333332,53.92547807469922,2.977975596832445,13.497045805511378,1.740809846385092,4.209661222838492,23.64902945373337,65346.1,14438.0,53.53927136722538,206.4,0.0,0.0,7.810182896688087,6.277805239742956,9.836875926841325,52.743450321305,9.587230249690428
2152,Зырянский,Томская область,муниципальный район,4,Районы бюджетной экономики,56.834206,86.621178,20426.666666666668,52.60752684561365,4.695171683954105,14.815733340309741,1.2767517135110569,5.1575238375454,21.447292579066048,51218.0,11051.0,0.0,219.8,5.552128315854411,0.0,0.0,0.0,9.870450339296731,74.52190006169032,4.205079357203125
2153,Каргасокский,Томская область,муниципальный район,1,Ресурсные территории Севера и Востока,59.0598053,80.8708719,26377.583333333332,43.553393190039884,6.92706160273166,13.425868892186198,2.0809477315084495,3.888664825549522,30.12406375798429,101019.6,17438.0,0.0,201.4,0.0,40.23909449319598,16.74933231590996,7.974055703929797,9.055068040188223,25.359277629403536,-0.7166927633115855
2154,Кожевниковский,Томская область,муниципальный район,5,Аграрные районы,56.2600069,83.9750781,21409.125,52.60101599853652,4.428119144846449,12.388457094686162,1.2512225830402306,4.292159432301154,25.039025746589488,55490.7,20183.0,0.0,229.0,17.983490566037734,0.0,7.783018867924528,0.0,6.751179245283019,37.61792452830189,4.957447575991958
2155,Колпашевский,Томская область,муниципальный район,3,Транспортные узлы,58.313667,82.903557,27650.125,46.23405504680865,4.577394122795471,13.495369522909714,1.9161992186132002,5.049382249695955,28.72759983917701,78500.9,32143.0,62.52994431135862,199.1,0.0,0.0,13.74006221914967,12.132734185966125,10.836501901140684,62.893190459730384,2.6969066457875264
2156,Кривошеинский,Томская область,муниципальный район,4,Районы бюджетной экономики,57.343742,83.930153,23166.666666666668,54.151009460151535,4.70862690313365,14.819578686453468,1.041643807139725,5.136648357742938,20.142492785378682,64584.0,12022.0,0.0,219.1,10.552763819095476,0.0,4.355108877721943,0.0,4.1876046901172534,50.195421552205474,7.7776136182186315
2157,Молчановский,Томская область,муниципальный район,4,Районы бюджетной экономики,57.581014,83.7605886,24444.083333333332,50.45539905535672,4.494052340022253,14.63309673862406,1.2143701351729834,4.57261085787001,24.63047087295398,69354.3,12103.0,0.0,216.8,0.7477567298105683,0.0,0.0,12.063808574277168,3.53938185443669,77.46759720837487,4.900926951340504
2158,Парабельский,Томская область,муниципальный район,1,Ресурсные территории Севера и Востока,58.5997257,80.9445602,27929.75,47.73787359793615,4.197092207222823,16.27595729631299,2.32253741691919,4.2698540018714874,25.19668547973736,115751.0,11379.0,0.0,204.3,0.0,44.19589900016946,10.184714455177089,14.387391967463142,8.659549228944247,23.521437044568717,4.375619257967132
2159,Первомайский,Томская область,муниципальный район,5,Аграрные районы,57.070614,86.226082,21993.375,52.92513648168426,4.903192691428665,12.41492857776389,1.2037314696939216,5.304639151828543,23.248371627600715,51540.8,16471.0,0.0,220.3,30.798192771084338,0.0,1.430722891566265,1.8825301204819278,6.927710843373494,43.411144578313255,5.712256825981549
2160,Тегульдетский,Томская область,муниципальный район,5,Аграрные районы,57.306404,88.167168,23832.875,53.93158356170941,4.078632319823206,16.17446298911963,0.7558753080864793,4.229151696388719,20.830294124872562,70669.8,6463.0,0.0,209.9,26.80327868852459,0.0,0.0,0.0,2.2950819672131146,45.0,7.980304429836277
2161,Томский,Томская область,муниципальный район,5,Аграрные районы,56.4887526,84.9523434,36696.25,36.73664756047075,5.766164315242211,11.020716039652445,5.715917539649968,7.441126479294334,33.319428065690296,66370.5,89298.0,0.0,453.4,21.800848931876697,0.0,4.383828543594739,6.993250295734466,8.96945236935495,38.014056085171525,-2.269376220883719
2162,Чаинский,Томская область,муниципальный район,4,Районы бюджетной экономики,57.7915323,82.6441106,23718.958333333332,52.477199628671315,4.39669075806067,17.264346095743385,1.1818321608259046,5.0746693473967595,19.60526200930197,69126.2,11633.0,0.0,210.6,0.0,0.0,0.0,0.0,13.829787234042554,81.45896656534954,6.480382747206938
2163,Шегарский,Томская область,муниципальный район,4,Районы бюджетной экономики,56.554417,84.090408,22269.75,51.5415270177559,4.648530114770829,11.27702801721952,1.7742364402432012,4.394387122539298,26.364291287471257,50048.9,19646.0,0.0,229.0,5.659098610640461,0.0,1.965435445611657,5.489664520501525,8.471704506946798,74.68654693324297,4.581220425147415
2164,Тула,Тульская область,городской округ,2,Промышленные и крупные города,54.1930321,37.61754,37276.25,37.62374808591698,5.497068043439518,13.569299528188997,5.074864640670854,6.650582698588618,31.584437003195028,87275.6,538297.0,85.76900855847236,404.0,0.4931390562781684,0.2457318060729265,40.494367715308535,4.188051849411082,25.914094394522415,28.664056697029437,-1.143206677109717
2165,Алексин,Тульская область,городской округ,3,Транспортные узлы,54.5028103,37.0667213,30973.333333333332,41.606253689322855,4.942157602744849,15.69202423271128,3.2810526107590032,5.232712672759798,29.245799191702222,65671.5,69514.0,85.13968409241303,409.4,0.0,0.0,29.583665545810657,51.02090338683398,4.596665164488508,13.637466634312059,-0.1495948088007619
2167,Донской,Тульская область,городской округ,2,Промышленные и крупные города,53.9729348,38.32639150177284,27885.166666666668,41.417384818377066,4.832500189068272,15.646246262363677,3.2850515585123508,5.641256426446079,29.177560745232554,55751.0,62255.0,100.0,401.2,0.0,0.0,54.74706182933061,1.4512008175779254,8.911599386816556,34.81859989780276,-2.0489094199996694
2168,Ефремов,Тульская область,городской округ,2,Промышленные и крупные города,53.141834,38.116188,29117.625,42.45521289390622,5.282865929622141,16.103021047097908,2.852683284949588,5.834007280910663,27.472209563513477,65612.1,56354.0,62.94495510522767,379.0,5.973979998229932,0.0,40.932825913797686,5.7792725019913265,12.40817771484202,34.826090804495976,-0.29755944058728384
2169,Новомосковск,Тульская область,городской округ,2,Промышленные и крупные города,54.011013,38.290943,32490.333333333332,38.82096001419503,5.220879569880112,15.0482252832253,4.241096323011054,6.270714752878772,30.398124056809735,80775.1,129639.0,90.38560926881571,401.2,1.9658438868706072,0.0,42.718908090856615,7.988999422809222,15.163141275931144,31.490849828540384,-2.163549716452906
2171,Арсеньевский,Тульская область,муниципальный район,4,Районы бюджетной экономики,53.7357884,36.6620997,25459.708333333332,44.65845258141803,4.582658302487386,20.46863411285994,1.9266948275193911,4.914843599135887,23.44871657657936,48226.3,9159.0,0.0,376.2,0.0,0.0,0.0,7.253886010362693,15.414507772020725,67.2279792746114,-0.2140365589196965
2172,Белевский,Тульская область,муниципальный район,4,Районы бюджетной экономики,53.811798,36.137001,25664.916666666668,42.71746939957854,5.458871337006324,21.24005650624682,1.4020957550062045,4.908546854345924,24.27296014781619,57262.0,18494.0,0.0,373.1,3.5672741372625048,0.0,25.66886390073672,1.1244668476153548,8.1426909654905,54.55602946878635,-2.042506735758911
2173,Богородицкий,Тульская область,муниципальный район,2,Промышленные и крупные города,53.773571,38.126965,27683.791666666668,41.23105089521231,5.375129505562746,16.76011931084069,2.382728923954137,5.1152337825941085,29.135737581836008,64849.9,49454.0,0.0,394.8,3.0555157079328645,0.0,26.58155214459905,9.926839764739634,12.33682398508105,40.840625448285756,-2.329063589164803
2174,Веневский,Тульская область,муниципальный район,4,Районы бюджетной экономики,54.3504,38.2656,26303.958333333332,44.10104548800838,4.685747605855255,18.045187344225422,1.7659412959228997,4.260422420509829,27.14165584547822,61582.5,33948.0,0.0,414.2,1.8739352640545146,0.0,22.685973878478137,4.656445201590006,14.622373651334469,52.81090289608177,-0.22566490412400664
2175,Воловский,Тульская область,муниципальный район,5,Аграрные районы,53.5548,38.006,25424.166666666668,48.42771222760343,5.175722163583426,19.3176168515801,1.3092524229084572,4.718880635582159,21.05081569874242,71011.9,13746.0,0.0,384.2,29.11852096401453,0.0,0.0,1.6837240013205679,6.767910201386597,22.812809508088478,3.516539363270709
2176,Дубенский,Тульская область,муниципальный район,4,Районы бюджетной экономики,54.1524925,36.9591856,24654.5,43.61413598995705,4.595753451241216,21.293402290080177,1.214828958589077,3.7747196862426136,25.50715962388987,54710.0,14743.0,0.0,395.5,0.0,0.0,20.691382765531063,2.655310621242485,6.913827655310621,50.20040080160321,-1.7837837864665047
2177,Заокский,Тульская область,муниципальный район,4,Районы бюджетной экономики,54.7331733,37.3989781,32070.916666666668,42.640816409401275,4.463483384684321,17.9555978836327,2.7340546466497377,5.859612688857001,26.346434986774963,60987.6,26774.0,0.0,430.7,7.099303135888501,0.0,0.0,0.0,18.858885017421603,55.66202090592335,1.4203667221902516
2178,Каменский,Тульская область,муниципальный район,5,Аграрные районы,53.2586327,37.6959452,23869.708333333332,47.59702410795486,4.7056516633963845,20.256031922327058,0.8626419290613918,3.7494610565924993,22.8291893206678,60127.2,8141.0,0.0,372.8,31.12701252236136,0.0,0.0,5.098389982110913,4.740608228980322,50.715563506261184,1.6131626914492683
2179,Кимовский,Тульская область,муниципальный район,2,Промышленные и крупные города,53.9699,38.5327,24500.291666666668,43.30981256600512,5.0719072967432774,17.660519865640712,1.8194357927555143,4.659027188067459,27.479297290787912,62210.4,38587.0,0.0,399.1,0.0,0.0,38.399560520051274,3.296099615455045,13.514008423365684,43.61838491118843,-2.2126347235352952
2180,Киреевский,Тульская область,муниципальный район,4,Районы бюджетной экономики,53.926712,37.929916,26105.625,45.11311293217879,4.789607484207028,18.53417817000289,1.780565527596907,3.924006743125627,25.85852914288876,55658.2,73376.0,0.0,398.8,3.7591899015119985,0.0,26.910805937023163,0.0,13.108614232209737,54.36260230267721,0.6523404372558441
2181,Куркинский,Тульская область,муниципальный район,5,Аграрные районы,53.4247526,38.6571206,24480.833333333332,47.70178447548694,4.921080748593278,19.95531022200962,0.8692921463153536,4.61196210896807,21.94057029862674,57155.1,10641.0,0.0,378.7,23.806850084222347,0.0,0.0,2.9758562605277934,23.52610892756878,33.63279056709714,2.158619135241237
2182,Одоевский,Тульская область,муниципальный район,4,Районы бюджетной экономики,53.936798,36.687901,25238.5,44.783208772743635,4.738132544646637,21.519575412805214,1.9290134339695613,5.074235419188947,21.955834416646006,55383.7,11804.0,0.0,383.9,0.0,0.0,11.436170212765957,0.0,11.170212765957446,62.433510638297875,-0.2635560093696016
2183,Плавский,Тульская область,муниципальный район,5,Аграрные районы,53.7068732,37.2920333,27437.708333333332,45.57088926485998,4.18484887416651,18.139101215645496,2.070655747530641,4.974125170901476,25.0603797268959,56367.1,29592.0,0.0,388.9,16.86094920899251,0.0,27.49791840133222,6.9109075770191515,10.241465445462115,38.46794338051623,1.8946269967634672
2184,Суворовский,Тульская область,муниципальный район,4,Районы бюджетной экономики,54.12236,36.500027,25035.416666666668,45.762362509011496,5.101718408011475,17.501183588584393,1.5146435427217109,5.095171710569338,25.024920241101583,59611.5,34424.0,0.0,384.9,0.0,0.0,22.951181798100286,6.383918709962448,13.717693836978132,52.30837199028054,0.6004136011869772
2185,Тепло-Огаревский,Тульская область,муниципальный район,4,Районы бюджетной экономики,53.6233396,37.5905627,24022.625,46.39572162144376,5.47146357057818,20.09477270932173,1.4128937717252221,5.009463708482813,21.61568461844829,50110.0,11101.0,0.0,387.7,0.0,0.0,0.0,5.3984575835475574,13.624678663239074,58.69751499571551,0.5995667698241623
2186,Узловский,Тульская область,муниципальный район,2,Промышленные и крупные города,53.978512,38.160255,29790.875,41.43681217253284,5.12814976142407,15.466845210151773,3.337632104183009,4.975130906770823,29.65542984493748,74356.2,75414.0,0.0,402.4,4.350880985839368,0.0,56.339855150794506,8.020754513025619,7.215436169062804,23.343422332720788,-0.9540812965610366
2187,Чернский,Тульская область,муниципальный район,5,Аграрные районы,53.450928,36.910103,26518.166666666668,44.497408405560385,3.788729623410958,18.151268376852624,1.6127301983950213,5.423208695229516,26.526654700551493,55736.8,18218.0,0.0,379.0,17.46672045179508,0.0,0.9681323114158934,3.227107704719645,8.99556272690601,54.780153287615974,0.24624393008710702
2188,Щекинский,Тульская область,муниципальный район,2,Промышленные и крупные города,54.004465,37.5179079,31818.166666666668,40.823523702105184,5.265677011165312,15.978520245179592,3.698965677545265,5.353057675288364,28.88025568871628,74387.0,101699.0,0.0,402.6,5.936813474212784,0.0,43.42504446071765,3.0442514907417095,13.672978345015169,33.91568155664819,-0.5230807636786877
2189,Ясногорский,Тульская область,муниципальный район,2,Промышленные и крупные города,54.4792708,37.693329,28456.583333333332,43.33315957947178,4.341114303641686,19.27691713950572,2.680596019169498,4.6353224048788535,25.73289055333246,85275.5,30348.0,0.0,413.7,11.959342560553633,0.0,43.317474048442904,1.7949826989619377,9.277681660899654,32.634083044982695,0.2075925298496898
2190,Тюмень,Тюменская область,городской округ,0,Столичные агломерации и центры услуг,57.153534,65.542274,41250.583333333336,34.980080655474815,5.774877012525864,10.728035245718544,6.671659702592557,7.272861052689097,34.57248633099912,106290.0,861098.0,100.0,337.9,0.21856633700757666,3.699105435834494,23.24214600986617,10.268841315174546,29.337928104420897,33.233412797696325,-2.1175788033268037
2191,Заводоуковский,Тюменская область,городской округ,5,Аграрные районы,56.509293,66.539261,27502.875,43.124546471066495,4.637896732036965,12.9991421065692,2.523208413441487,6.593756032012228,30.12145024487363,60984.4,47394.0,57.53048909144618,273.2,17.72990886495443,0.0,22.949461474730736,3.811101905550953,11.125576991359925,42.750621375310686,-0.49826273267243565
2192,Ишим,Тюменская область,городской округ,3,Транспортные узлы,56.09537715,69.46592795241014,29561.791666666668,41.89664474751554,4.248073428675192,12.707503148656695,3.582798469135055,6.718188858324094,30.84679134769342,64808.8,67329.0,100.0,272.3,0.4918941388388527,0.0,23.36843563807676,22.44007205209921,14.763752251628102,38.91506165996952,-0.5897926461734773
2193,Тобольск,Тюменская область,городской округ,2,Промышленные и крупные города,58.1998048,68.2512924,36464.208333333336,37.88101322673905,4.5789527587693115,11.3115626185334,5.772223389245184,6.6453742387612955,33.810873767951755,97335.7,102733.0,96.80823104552579,264.7,0.5097543214135142,0.0,33.478977425165766,16.492277030393623,17.64209880801809,31.62393162393162,-1.2188042795500116
2194,Ялуторовск,Тюменская область,городской округ,3,Транспортные узлы,56.64897495,66.2968841383236,27847.291666666668,42.328403427140614,4.649973169130582,12.125237367112751,2.7383894062206506,6.731062438186843,31.42693419220856,64096.2,38970.0,100.0,283.8,0.0,0.0,20.144548669844685,14.193449177302783,15.239120405966478,45.90189143472244,-1.0909947883196034
2195,Абатский,Тюменская область,муниципальный район,4,Районы бюджетной экономики,56.289024,70.453026,23855.958333333332,46.73025625478284,4.451048613334771,14.454816117358558,1.3399289339993006,7.158316981650473,25.865633098874063,57922.5,18641.0,0.0,256.4,10.889570552147239,0.0,5.010224948875256,5.419222903885481,13.854805725971369,64.11042944785275,0.8241505337543259
2196,Армизонский,Тюменская область,муниципальный район,4,Районы бюджетной экономики,55.945129,67.685402,23525.0,42.89535134703208,4.786247718535623,18.787045388789384,1.1644184737199261,6.159074855145858,26.207862216777123,53701.3,9306.0,0.0,261.9,6.478578892371996,0.0,3.5527690700104495,1.2539184952978055,3.4482758620689653,70.53291536050156,-3.2559272052053356
2197,Аромашевский,Тюменская область,муниципальный район,5,Аграрные районы,56.865017,68.6473468,22396.0,48.81738140283638,4.971853883152797,14.454897207393008,0.9220164604991917,6.570827790116375,24.26302325600225,55769.3,10235.0,0.0,258.6,8.168761220825854,0.0,5.9245960502693,1.3464991023339317,4.66786355475763,18.58168761220826,1.8827685515755266
2198,Бердюжский,Тюменская область,муниципальный район,5,Аграрные районы,55.805538,68.308907,23697.125,47.85818471389576,4.328738251128486,15.988843898882637,0.9551696105105494,6.197196923221824,24.67186660236074,54815.8,10693.0,0.0,262.8,15.25,0.0,4.375,0.0,11.375,54.43750000000001,1.8336404854873867
2199,Вагайский,Тюменская область,муниципальный район,4,Районы бюджетной экономики,57.9352224,69.0125864,23246.166666666668,43.98148986099359,4.0179325290149865,12.907981428052542,1.8415545142882184,5.740399254936552,31.510642412714105,59621.4,17835.0,0.0,253.6,0.0,0.0,7.2274881516587675,9.202211690363349,11.216429699842022,64.6129541864139,-2.281788938700428
2200,Викуловский,Тюменская область,муниципальный район,4,Районы бюджетной экономики,56.815155,70.605362,23815.208333333332,50.8236070519939,4.34272047891946,14.77567591558957,2.258907771580045,6.303282719315469,21.49580606260156,53629.6,14670.0,0.0,250.8,10.484848484848484,0.0,1.8181818181818181,0.0,11.636363636363637,67.75757575757576,4.846368145870538
2201,Голышмановский,Тюменская область,городской округ,5,Аграрные районы,56.3955,68.375,23730.833333333332,47.023751770732396,4.35603151797363,12.965327038907166,1.2204162045293483,6.78345100075436,27.651022467103104,62188.6,23386.0,0.0,262.6,33.522212148685405,0.0,2.742520398912058,10.199456029011786,10.584768812330008,42.74705349048051,1.0305918678896047
2202,Исетский,Тюменская область,муниципальный район,5,Аграрные районы,56.475377,65.3286838,23931.208333333332,42.93252640855096,4.0525135363459315,12.301054991703968,1.9559217383440377,6.241369852909529,32.516613472145565,58380.7,25979.0,0.0,280.0,19.16744330537434,0.0,5.684995340167754,4.9394221808014915,6.989748369058714,56.166511338925126,-2.87238737993299
2203,Ишимский,Тюменская область,муниципальный район,5,Аграрные районы,56.09537715,69.46592795241014,25413.375,44.656253091674,4.460864240132537,12.339782253547344,2.660636569072129,6.726017823437079,29.156446022136905,57455.9,28178.0,0.0,294.7,28.11137202281114,0.0,13.149949681314995,3.8913116403891315,7.17879906071788,43.17343173431734,-0.2800285654712312
2204,Казанский,Тюменская область,муниципальный район,5,Аграрные районы,55.6434378,69.2419265,23471.416666666668,46.0401640869935,3.930845745093927,15.81025087439349,1.2024067579956175,5.816404798196566,27.199927737326895,55932.0,19959.0,0.0,258.1,24.54212454212454,0.0,6.105006105006105,0.7733007733007733,10.134310134310134,54.4973544973545,-0.1047816803541791
2205,Нижнетавдинский,Тюменская область,муниципальный район,5,Аграрные районы,57.665195,66.172325,23692.25,50.97696170124162,3.884566473044235,14.403663693153288,1.4793598701446946,5.35291433728599,23.90253392513017,59034.7,27122.0,0.0,268.5,15.751544269045986,0.0,10.020590253946466,5.868222374742622,11.564859299931365,54.90734385724091,4.966001713114135
2206,Омутинский,Тюменская область,муниципальный район,5,Аграрные районы,56.476646,67.66394,24084.416666666668,44.47282861785365,4.650085084402029,15.051643514854412,1.4143083090524944,6.049860144234035,28.361274329603376,57938.6,18399.0,0.0,266.4,9.323254139668826,0.0,4.607631389488841,10.5471562275018,10.799136069114471,48.30813534917206,-1.2676104503039762
2207,Сладковский,Тюменская область,муниципальный район,5,Аграрные районы,55.528728,70.347,21660.208333333332,50.277736893504,4.461561821487401,16.39203423118279,1.053217026653555,5.997563655834988,21.817886371337273,54093.6,10763.0,0.0,254.5,19.804741980474198,0.0,8.716875871687588,0.7670850767085077,2.301255230125523,52.02231520223152,2.8559464980531644
2208,Сорокинский,Тюменская область,муниципальный район,5,Аграрные районы,56.6295759,69.8076705,25254.625,47.40618229392008,3.688440139557552,14.073547947831052,1.3684299114128566,6.747754060873729,26.715645646404727,55426.9,9230.0,0.0,254.5,14.59346768589298,0.0,7.4357192494788045,4.447533009034052,2.8492008339124393,63.65531619179986,2.4545400260261743
2210,Тюменский,Тюменская область,муниципальный район,0,Столичные агломерации и центры услуг,57.153534,65.542274,35793.75,36.44048503016668,5.141220699210091,12.149003623964592,5.697932827758006,7.52637606186423,33.04498175703641,81701.1,143580.0,0.0,676.7,16.267810969907025,1.2543323980854928,24.24492490509985,4.703746492820597,18.87550200803213,34.77471529955438,-3.035587667317586
2211,Уватский,Тюменская область,муниципальный район,1,Ресурсные территории Севера и Востока,59.1428822,68.8961724,30838.291666666668,45.39701770869331,3.755065802381732,17.766169508491174,2.4624862780391057,4.604735196769125,26.014525505625553,122655.3,18683.0,0.0,245.3,1.8317061831706183,39.74895397489539,5.839144583914459,16.85727568572757,18.558809855880988,16.98744769874477,3.701571616968825
2212,Упоровский,Тюменская область,муниципальный район,5,Аграрные районы,56.312378,66.267189,24445.958333333332,48.8631798540772,4.275355661713209,12.691672230072479,1.4102221763787928,5.756539912590341,27.003030165167974,54553.1,19403.0,0.0,271.3,41.24918672739103,0.0,4.521795705920625,1.8217306441119063,8.392973324658426,40.7612231620039,3.350189950292525
2213,Юргинский,Тюменская область,муниципальный район,5,Аграрные районы,56.818596,67.392548,24539.0,47.77470183963765,4.673677964939843,16.05216804730895,0.9611705161511565,5.532442430875198,25.005839201087205,54980.6,11096.0,0.0,264.9,22.435174746335964,0.0,6.36978579481398,0.0,2.480270574971815,58.173618940248026,2.3434653969488832
2215,Ярковский,Тюменская область,муниципальный район,5,Аграрные районы,57.405594,67.07177,23260.541666666668,47.41733631478842,3.875120399860114,11.64969284885496,2.315952248439318,5.659997255512392,29.08190093254479,62492.9,23139.0,0.0,266.8,11.769143719351188,0.0,6.563560920407394,11.16559788758959,12.561297623538287,55.75254620897775,1.1108886519245131
2216,Ханты-Мансийск,Ханты-Мансийский автономный округ — Югра,городской округ,0,Столичные агломерации и центры услуг,61.0034448,69.0190006,46374.5,34.39923896531903,4.096963383942732,12.279931262407215,7.353937390699912,6.763066977443417,35.10686202018769,133101.4,111772.0,100.0,238.7,2.106659472098565,8.399658258015199,7.781375061828319,7.511578758037682,24.931426772786548,49.271549979765275,-0.8235470394462432
2217,Когалым,Ханты-Мансийский автономный округ — Югра,городской округ,1,Ресурсные территории Севера и Востока,62.26798,74.4889068,42345.958333333336,36.68938721541533,4.167242868160248,13.548617669216481,6.704808052609986,5.706997003042702,33.18294719155524,142278.9,63963.0,99.2995950784047,218.9,0.0,38.21773949833786,10.456331217890602,11.804925959504383,22.963886370504685,16.549561801148382,0.027413688081794525
2218,Лангепас,Ханты-Мансийский автономный округ — Югра,городской округ,1,Ресурсные территории Севера и Востока,61.25166204999999,75.17881042039596,34646.625,38.92286930188496,3.955586063681655,13.553514623268903,5.476037498740348,4.17668867577756,33.91530383664658,114243.3,44157.0,100.0,224.1,0.0,29.186331885973193,11.846328110251084,6.456484802718519,17.283367944119313,34.330753256560314,-0.9494122481122176
2219,Мегион,Ханты-Мансийский автономный округ — Югра,городской округ,1,Ресурсные территории Севера и Востока,61.035404,76.108215,39597.875,37.8741647234222,4.6521419568941615,12.199301164220076,5.839300187134384,4.57957819405086,34.85551377427832,124732.7,59715.0,100.0,223.4,0.0,25.832215938902813,19.588410190637205,8.960531685419461,19.862414737946715,25.552381507607997,0.12044373958304336
2220,Нефтеюганск,Ханты-Мансийский автономный округ — Югра,городской округ,1,Ресурсные территории Севера и Востока,61.0962043,72.6111908351568,42266.208333333336,36.48839786727196,4.395928268677338,11.39076373033326,5.989087812319646,5.942862828250586,35.7929594931472,134448.9,126690.0,100.0,241.3,0.0,37.97725801978367,12.491910881020615,5.805676250346677,23.543958583710825,20.183507441989462,-0.21009850100215366
2221,Нижневартовск,Ханты-Мансийский автономный округ — Югра,городской округ,1,Ресурсные территории Севера и Востока,60.9391866,76.55117870683605,42836.833333333336,36.34546141076254,4.480226829021621,9.981924211742593,6.9212391700768885,5.959291971085435,36.31185640731092,119385.6,290535.0,100.0,225.3,0.0,20.419194704908993,17.0146166574738,10.584666298952012,19.640099282956424,32.25868725868726,-0.1281829708154064
2222,Нягань,Ханты-Мансийский автономный округ — Югра,городской округ,1,Ресурсные территории Севера и Востока,62.1650621,65.45441966394608,42688.75,39.00915242927112,4.1425883920305955,12.72406119693028,5.704183392131814,5.1053857477804145,33.31462884185578,117913.9,63466.0,100.0,236.1,0.0,19.56711702628218,18.726893863010016,9.276063722524702,14.747596961753043,37.641997714592996,2.4597941410122575
2223,Покачи,Ханты-Мансийский автономный округ — Югра,городской округ,1,Ресурсные территории Севера и Востока,61.73768990000001,75.60509414915978,35156.625,39.069339753773775,3.9074202922005594,16.088537986297126,4.192170241882532,4.251062847378892,32.49146887846712,115289.7,16556.0,100.0,220.3,0.0,44.6908475850404,5.431309904153355,0.0,19.037774854350687,16.237549332832174,-0.5627465656050932
2224,Пыть-Ях,Ханты-Мансийский автономный округ — Югра,городской округ,1,Ресурсные территории Севера и Востока,60.7097399,72.85847962489736,36744.166666666664,39.77176250355839,3.698692650113956,13.780143028878047,4.816492568932952,5.8792746348348714,32.05363461368179,118280.6,40530.0,100.0,230.9,0.0,38.42669388796733,12.523924971290034,16.422100293479648,10.125047849942579,20.89447492663009,0.7768364445146441
2225,Радужный,Ханты-Мансийский автономный округ — Югра,городской округ,1,Ресурсные территории Севера и Востока,62.135315,77.462616,31789.625,41.25990251855228,3.67251447413209,13.90121578062108,4.905195225966312,4.021423184786357,32.23974881594189,117694.5,45574.0,100.0,212.3,0.0,33.7206626783249,10.572940635066729,4.2682926829268295,17.53336401288541,33.64012885411873,0.05275337258750697
2226,Сургут,Ханты-Мансийский автономный округ — Югра,городской округ,1,Ресурсные территории Севера и Востока,61.2922349,73.41583674801504,44670.5,35.65832624268908,4.598479469120228,10.410353526771134,6.883669398255714,6.559796029072484,35.88937533409136,140879.7,420347.0,100.0,277.9,0.0,16.43115866605604,21.642033390232733,9.002872725758774,23.99433781589575,28.912111245264168,-0.1365296546664588
2227,Урай,Ханты-Мансийский автономный округ — Югра,городской округ,1,Ресурсные территории Севера и Востока,60.1192579,64.7599996856959,40000.875,39.720063297856356,4.375193247568995,14.473344344241315,5.19774364499988,5.890407269990533,30.34324819534292,114415.3,41356.0,100.0,234.5,0.0,14.920948616600791,10.108695652173912,15.474308300395256,15.849802371541502,41.56126482213438,2.1626843496241053
2228,Югорск,Ханты-Мансийский автономный округ — Югра,городской округ,3,Транспортные узлы,61.3159174,63.3344785884512,36827.875,37.98409382094082,4.2767055368842115,13.210054114398599,5.180455703850725,6.43501834745729,32.913672476468356,142055.4,39233.0,100.0,245.1,0.0,0.0,13.99360547252584,27.362629191761467,22.418023644880662,30.329392519889954,-0.9085762003861664
2229,Белоярский,Ханты-Мансийский автономный округ — Югра,муниципальный район,1,Ресурсные территории Севера и Востока,63.68158065,66.75617738996769,36851.041666666664,38.58311786128215,3.996090186104085,12.848327702539503,5.416488379777664,4.549884174532293,34.60609169576431,146470.7,28479.0,69.87604901857509,223.4,0.0,8.143198090692124,8.13365155131265,40.353221957040574,15.007159904534607,27.67541766109785,-0.2726628492953356
2230,Березовский,Ханты-Мансийский автономный округ — Югра,муниципальный район,3,Транспортные узлы,63.935246,65.053566,35905.333333333336,41.109726011158905,3.4124450338376655,14.84394853813332,2.502254298045217,4.992885047004947,33.13874107181994,123093.5,22821.0,59.8133298277902,222.4,0.0,1.5040764689344954,9.488332864773685,26.468934495361257,13.6772561147034,48.0179926904695,1.7652138173978422
2231,Кондинский,Ханты-Мансийский автономный округ — Югра,муниципальный район,1,Ресурсные территории Севера и Востока,59.5924863,65.90851,33949.416666666664,40.605581163554774,3.674883957598047,16.248809458355986,2.9955278357996553,5.843780756654309,30.631416828037228,116572.3,30387.0,68.79915753447197,230.9,0.0,22.44458991863836,13.728607500233798,14.841485083699615,13.083325540072947,35.88328813242308,0.3903091987683379
2232,Нефтеюганский,Ханты-Мансийский автономный округ — Югра,муниципальный район,1,Ресурсные территории Севера и Востока,61.0962043,72.6111908351568,35956.583333333336,38.42451788560457,3.8194996890241044,14.974337668978599,3.7777643944212,4.996427019572327,34.00745334239919,138589.1,47486.0,51.861601314071514,260.2,0.0,54.19648440213993,16.83457236156465,9.080803168206767,9.139859653998471,10.254985062183005,-0.8762155922566498
2233,Нижневартовский,Ханты-Мансийский автономный округ — Югра,муниципальный район,1,Ресурсные территории Севера и Востока,60.9391866,76.55117870683605,30049.5,40.80015476746762,3.6805551044943736,15.01443386434684,4.347138742816426,4.3049678883503315,31.852749632524407,127830.1,38693.0,80.04290181686609,268.0,0.0,74.06204050656928,9.104491770620879,2.1296779395721672,6.204050656927382,8.404875966418441,-1.3357509627403625
2234,Октябрьский,Ханты-Мансийский автономный округ — Югра,муниципальный район,1,Ресурсные территории Севера и Востока,62.459541,66.045067,33455.416666666664,45.480398248525894,3.759019127995475,16.49932519050102,2.8424155594582294,4.1882175454023205,27.230624328117063,129455.8,32120.0,51.1612702366127,231.4,0.0,41.84392404213917,10.91055492182782,17.379051197745422,6.287324699724888,23.579145138562705,5.010650239945721
2235,Советский,Ханты-Мансийский автономный округ — Югра,муниципальный район,1,Ресурсные территории Севера и Востока,61.35802885,63.56218800350869,33801.541666666664,42.7811706995455,3.7817026536169513,13.900564075714428,3.6724820163306306,6.2095990148161615,29.654481539976324,105421.9,46492.0,94.13017293297771,244.4,2.321262766945218,16.62868236684393,12.332236009116231,9.420106356039504,14.037309023381447,45.12534818941504,2.510837061133556
2236,Сургутский,Ханты-Мансийский автономный округ — Югра,муниципальный район,1,Ресурсные территории Севера и Востока,61.2922349,73.41583674801504,35127.416666666664,38.87251097362949,3.793010915971932,13.559982838325332,5.096454449224748,4.891596917204534,33.786443905643964,141717.7,129992.0,69.91199458428211,397.2,0.0,58.99759247100022,21.477347340774784,2.568395710221055,7.225869993434012,9.490041584591815,-0.753551614987506
2237,Ханты-Мансийский,Ханты-Мансийский автономный округ — Югра,муниципальный район,1,Ресурсные территории Севера и Востока,61.0034448,69.0190006,31427.958333333332,41.92097248691866,3.384197321859333,11.131444811470566,5.608609241307586,7.518010714541261,30.436765423902596,142244.3,19022.0,0.0,274.6,0.0,73.97486352672337,8.091066819008928,4.654902458634845,4.557572679954297,7.066988278109264,0.43029872778499706
2238,Салехард,Ямало-Ненецкий автономный округ,городской округ,1,Ресурсные территории Севера и Востока,66.34953595,66.63347415344438,54588.916666666664,36.93486859078361,4.268857715818678,9.952763939304312,5.024363740441615,6.820501682502361,36.99864433114943,169044.9,49236.0,99.84564140060118,205.0,0.1314060446780552,0.8393031240727397,10.07587639353991,10.389555338900427,29.40952057988216,49.162816328260774,4.36514713351741
2241,Муравленко,Ямало-Ненецкий автономный округ,городской округ,1,Ресурсные территории Севера и Востока,63.7947977,74.4969322,40514.5,39.121879009289145,3.73604223239799,16.022907658466305,5.0676281596073425,4.322198908700849,31.729344031538364,130077.5,29581.0,100.0,210.4,0.0,18.58771002232405,10.762542591939843,5.334273293385031,23.663494301492186,39.372576665491714,1.7842629666337355
2242,Новый Уренгой,Ямало-Ненецкий автономный округ,городской округ,1,Ресурсные территории Севера и Востока,66.02896595,78.08097865620685,45810.541666666664,32.70870948783156,4.2270465967048985,12.195147391788815,7.054313721290255,6.171355511251722,37.643427291132745,174598.5,106890.0,100.0,200.7,0.0,24.76829082445519,28.81090591706959,11.378340560535321,20.008035355564484,15.035812748507224,-2.658088197542139
2243,Ноябрьск,Ямало-Ненецкий автономный округ,городской округ,1,Ресурсные территории Севера и Востока,63.1191178,75.34670351236167,43744.791666666664,37.22706159674338,4.109803511613427,12.848052426661141,5.771077324988562,5.776519612024034,34.267485527969455,156219.1,102938.0,100.0,211.8,0.33445851785327185,25.21755287851104,12.613421696447928,13.173949397664982,18.506704654547708,30.15391285497507,1.1069256319639018
2244,Красноселькупский,Ямало-Ненецкий автономный округ,муниципальный округ,1,Ресурсные территории Севера и Востока,65.704239,82.458855,43791.5,43.92629274970823,3.8365686670003347,8.300355072515279,3.1142725121505106,2.9534929542843384,37.86901804434131,177997.6,5640.0,0.0,191.7,0.0,44.44444444444444,10.622477161674103,3.4841725090291056,6.713405566178032,27.70342043764606,7.783497802151122
2245,Надымский,Ямало-Ненецкий автономный округ,муниципальный округ,1,Ресурсные территории Севера и Востока,65.532,72.52,42693.916666666664,36.53951363609572,3.951864156117683,13.592599638971961,5.993876655214597,4.538771315070296,35.38337459852974,192600.2,65345.0,86.82837248450532,205.7,0.0,22.283310102730887,13.019462082494451,25.20778483299778,21.18114707552527,18.2618347013577,0.019768063144901676
2248,Тазовский,Ямало-Ненецкий автономный округ,муниципальный округ,1,Ресурсные территории Севера и Востока,67.4735321,78.7149206,43001.166666666664,39.71294444917211,3.4577426734410888,14.400952701102568,4.787533850968314,3.968594375386419,33.6722319499295,181196.5,17876.0,0.0,191.5,1.3209905740058785,34.71738910098314,35.70390891584175,7.70971992297037,9.804385283286598,10.736849217878982,3.2455000547847286
2249,Шурышкарский,Ямало-Ненецкий автономный округ,муниципальный округ,1,Ресурсные территории Севера и Востока,65.400004,64.7018584,40996.208333333336,49.587903735110686,3.32064932847185,8.34469232145489,1.882676633631254,5.189951116518316,31.674126864813008,118486.6,9162.0,0.0,212.8,4.51552210724365,0.0,2.1636876763875823,1.5365318281592977,14.73816243336469,56.977108811539665,12.35542590076411
2250,Ямальский,Ямало-Ненецкий автономный округ,муниципальный округ,1,Ресурсные территории Севера и Востока,66.865563,70.83653,45076.541666666664,45.78888285509019,4.085954219914441,7.221119654706916,4.329047598420251,3.608991848295646,34.96600382357256,163565.2,16268.0,0.0,197.2,0.6049234043744924,22.326154535525248,43.46766740415045,7.47472484386815,17.97126613829221,8.149662531156356,10.099928842568072
2251,Ульяновск,Ульяновская область,городской округ,2,Промышленные и крупные города,54.3150278,48.403373,30969.958333333332,38.5807396546017,5.838306743737684,12.34545822155985,5.256624130455185,6.654555469597594,31.32431578004799,69508.0,632771.0,96.66735675307496,349.5,0.5334147640890368,0.0,32.24008212378341,4.863755084007953,24.707304078901203,36.215678885611446,-3.1731196433752578
2252,Димитровград,Ульяновская область,городской округ,2,Промышленные и крупные города,54.2188995,49.6038982,28171.458333333332,42.70755259380096,5.344594932086495,13.275134675806513,4.4087475767745525,6.035983834604703,28.227986386926773,64255.5,108804.0,100.0,365.3,0.0,0.0,50.54416603391546,3.228838991936942,16.534692844487832,29.793542322016126,-0.5602741780266487
2253,Новоульяновск,Ульяновская область,городской округ,2,Промышленные и крупные города,54.1502073,48.3856508,20977.083333333332,46.42394153343043,5.5560554691676955,16.05428640763925,2.3901668878433395,3.3236756402211345,26.25187406169815,62325.9,16791.0,80.10243582871777,354.0,0.0,0.0,49.4955318535601,3.8051311617180743,8.35975785528971,33.52551167483425,-1.5529135657813185
2254,Базарносызганский,Ульяновская область,муниципальный район,4,Районы бюджетной экономики,53.7482676,46.7584818,20237.083333333332,49.43113201805485,5.443769260534525,16.73882215058901,0.8953441633203609,5.969405504073436,21.521526903427816,38635.8,7275.0,59.56013745704467,349.7,0.0,0.0,0.0,0.0,4.493392070484582,79.55947136563877,0.8446773867654409
2255,Барышский,Ульяновская область,муниципальный район,4,Районы бюджетной экономики,53.6540758,47.1013737,19159.208333333332,49.05813071308749,5.232466768080509,16.29364005301722,1.3879770938864262,5.280527975087834,22.747257396840514,42037.2,34969.0,65.40078355114531,349.2,0.0,0.0,18.861607142857142,0.0,12.142857142857142,64.375,-0.3733696257898109
2256,Вешкаймский,Ульяновская область,муниципальный район,4,Районы бюджетной экономики,54.0487859,47.1238442,18684.458333333332,51.27699866630313,5.926429657552693,16.084207480466926,0.9676373122398453,5.443251879232144,20.301475004205262,40269.2,14314.0,49.55288528713148,351.1,5.129619415333702,0.0,19.249862107004965,0.0,8.990623276337562,63.98234969663541,1.456000023103675
2257,Инзенский,Ульяновская область,муниципальный район,4,Районы бюджетной экономики,53.8579402,46.3573236,20787.375,50.78901860659346,5.530545363835104,14.748070224915327,1.7075431895860596,5.655092245099804,21.569730369970245,45354.6,25875.0,68.2512077294686,353.2,0.0,0.0,14.724259712034774,13.990763379516435,12.605270306981797,63.16218418907905,2.6466504458967326
2258,Карсунский,Ульяновская область,муниципальный район,4,Районы бюджетной экономики,54.1970553,46.9793449,17430.666666666668,50.198305223529815,5.593282341352024,16.919644523421287,1.5435491565284127,6.024042195942395,19.721176559226063,38809.2,19556.0,51.498261403149925,354.4,1.5811665495432183,0.0,8.959943780744906,6.992269852424456,14.230498945888966,68.27125790583275,-0.7616836980473572
2259,Кузоватовский,Ульяновская область,муниципальный район,4,Районы бюджетной экономики,53.5408,47.685,19298.666666666668,50.699584882848356,5.451227962631894,15.522025471449163,1.5763259310279898,5.286252621371518,21.46458313067108,43252.9,17939.0,40.59869557946374,347.8,4.316848281642917,0.0,6.286672254819782,3.4367141659681475,11.232187761944678,57.20871751886002,1.3867140824965474
2260,Майнский,Ульяновская область,муниципальный район,4,Районы бюджетной экономики,54.1140512,47.6264897,18917.333333333332,52.90923311046988,5.391201039117434,13.193640191546665,0.8988431728135812,4.844965552247412,22.762116933805032,42546.4,19862.0,41.773235323733765,350.9,0.0,0.0,8.714011516314779,4.069097888675624,13.973128598848369,62.30326295585412,3.317652184456367
2262,Николаевский,Ульяновская область,муниципальный район,3,Транспортные узлы,53.1311155,47.2003659,18379.625,45.29824926770241,5.748285008983814,15.923558471911056,1.3395764671865062,7.55436291936693,24.13596786484928,48128.2,21200.0,26.452830188679243,351.4,0.0,0.0,11.516183986371379,19.250425894378196,10.562180579216355,57.47870528109029,-4.7969439231767605
2264,Новоспасский,Ульяновская область,муниципальный район,3,Транспортные узлы,53.1492062,47.7526084,20983.458333333332,47.991316515381584,4.599944617970018,17.285778585300417,1.8632153202862711,5.0093345012373325,23.25041045982438,53868.8,19921.0,52.58270167160283,349.9,0.0,0.0,25.27932960893855,11.512370311252992,15.86193136472466,33.39984038308061,0.021363055617672676
2265,Павловский,Ульяновская область,муниципальный район,3,Транспортные узлы,52.6894894,47.1398473,17819.291666666668,44.23004554225001,5.809929557267105,22.54344129656849,1.0312050335505114,5.056946118372948,21.32843245199094,48968.3,11582.0,41.322742186150926,345.5,0.0,0.0,8.40152755046372,23.513366066557555,13.2569558101473,54.28259683578832,-6.317875364147134
2266,Радищевский,Ульяновская область,муниципальный район,4,Районы бюджетной экономики,52.8520485,47.8706585,19403.708333333332,47.797720738572906,5.621334963892089,18.68335773090192,0.8602068919317277,5.616155361144689,21.42122431355667,39825.0,11246.0,34.32331495642895,344.0,0.0,0.0,5.921052631578947,0.0,17.845394736842106,69.07894736842105,-1.4362426312336156
2267,Сенгилеевский,Ульяновская область,муниципальный район,4,Районы бюджетной экономики,53.9588733,48.7872182,18860.875,49.52909096216998,5.021954251493145,18.191609745362616,1.135769704793318,4.257425336691738,21.8641499994892,55450.6,19008.0,64.29924242424242,342.6,0.0,0.0,22.674791533033996,0.0,10.711994868505451,47.37010904425914,-0.1622032903155118
2268,Старокулаткинский,Ульяновская область,муниципальный район,4,Районы бюджетной экономики,52.7313796,47.6207042,15570.458333333334,55.69127278485614,6.610669226567688,13.397021508888443,1.03512943629586,4.509099792182159,18.756807251209707,36450.9,9545.0,43.771608171817704,343.3,0.0,0.0,0.0,0.0,8.837579617834395,66.1624203821656,2.9234740264079924
2269,Старомайнский,Ульяновская область,муниципальный район,4,Районы бюджетной экономики,54.6070643,48.9258988,17388.5,49.64788732462468,4.88144497790218,15.692078807729287,0.9277011498315791,4.302220651877625,24.54866708803464,41303.6,14556.0,39.19345974168728,347.3,0.0,0.0,6.95970695970696,0.0,11.282051282051283,77.80219780219781,-1.361411442613976
2270,Сурский,Ульяновская область,муниципальный район,4,Районы бюджетной экономики,54.4800412,46.7234429,18278.333333333332,49.39028345639353,5.635148272572616,17.267221517520248,1.965366246466027,5.316651077416252,20.42532942963133,40095.8,14437.0,38.8238553716146,355.6,5.296343001261034,0.0,6.557377049180328,0.0,17.402269861286253,66.20428751576293,-0.810038303233457
2271,Тереньгульский,Ульяновская область,муниципальный район,4,Районы бюджетной экономики,53.7161121,48.367123,18100.25,50.573598914987485,5.370075020548071,14.781027977310762,0.5501610855108837,4.9244053574120406,23.800731644230765,42415.2,15507.0,33.17856451924937,348.8,2.0631850419084463,0.0,12.959381044487428,2.7079303675048356,13.797549967762734,60.41263700838169,0.24552040542789427
2272,Ульяновский,Ульяновская область,муниципальный район,4,Районы бюджетной экономики,54.4269176,48.2749899,19074.5,48.29260431593717,4.948875778571057,15.241006629146039,2.7945641153927037,4.51217429540208,24.210774865550956,52985.3,34931.0,29.861727405456474,358.7,2.85847083430165,0.0,3.1373460376481526,0.0,13.478968161747618,62.16593074599117,-1.2210915998329515
2274,Чердаклинский,Ульяновская область,муниципальный район,2,Промышленные и крупные города,54.3600605,48.8489979,19521.958333333332,46.55067821674515,5.076740655345278,15.114676332745022,2.5893585509014447,5.493019142191033,25.175527102072078,69072.4,38945.0,30.227243548594174,354.4,6.39472473547002,0.0,33.33844502376936,11.700659408066247,10.688544701732864,37.77028063180494,-2.638438210390992
2275,Челябинский,Челябинская область,городской округ,2,Промышленные и крупные города,55.1598408,61.4025547,34640.875,37.060158715808214,5.632227316983467,10.882724480032756,6.142966687127497,6.989111538538967,33.2928112615091,84815.5,1177058.0,100.0,297.8,0.23050998826330032,0.08478181505495733,37.42921020157555,7.004908897263147,22.08883082558178,33.16205998690558,-2.8926755284849675
2276,Верхнеуфалейский,Челябинская область,городской округ,2,Промышленные и крупные города,56.052029,60.226448,24267.041666666668,48.09959802424408,4.949283540016974,13.277652230274468,2.418999490606422,4.4785984311839915,26.775868283674072,59045.2,25205.0,88.16901408450704,308.4,0.0,0.0,39.81462824904292,0.0,12.774531533346767,38.625831150513804,2.4239587855341433
2278,Карабашский,Челябинская область,городской округ,3,Транспортные узлы,55.4885688,60.2028784,24824.375,46.30326141827998,4.423694675190468,14.628017535397117,2.527138158368164,4.104879952293328,28.01300826047095,66587.7,10372.0,97.67643655996915,307.2,0.0,0.0,8.251793868232223,7.5016307893020215,6.360078277886497,31.180691454664057,1.0014813991965779
2279,Копейский,Челябинская область,городской округ,2,Промышленные и крупные города,55.1131951,61.6216332,32537.75,39.69445912690175,4.930420944755648,11.382061864082587,4.654323648809311,5.996332784628676,33.342401630822025,71657.4,147109.0,98.53713912812948,314.0,0.0,0.0,38.395668535442745,5.2069733507411105,17.94025036479533,35.46962598878734,-1.302437630584906
2280,Кыштымский,Челябинская область,городской округ,2,Промышленные и крупные города,55.7099215,60.5511275,29440.416666666668,42.11219131257126,5.347386165225739,13.38474105345493,3.75090210092705,5.686792820512309,29.717986547308712,65719.5,37146.0,94.87697194852743,308.9,0.1791925793190682,0.0,44.966796669126175,3.0568145883841047,12.490776852535047,36.87150837988827,-0.48079906466334005
2281,Магнитогорский,Челябинская область,городской округ,2,Промышленные и крупные города,53.4242184,58.983136,30109.958333333332,37.727912353170304,5.300829415814102,11.021286888524255,5.754094214551481,6.632157865386869,33.56371926255299,83303.8,408715.0,100.0,292.1,0.0,0.0,48.27671368201526,8.02279421180689,18.798821872198744,23.524138814188756,-4.469159297541076
2282,Миасский,Челябинская область,городской округ,2,Промышленные и крупные города,55.0505685,60.1087125,32152.041666666668,39.368401948178835,5.393932064600777,12.533192058178907,5.178195935872216,6.223642093080917,31.302635900088344,78991.3,160837.0,91.57532159888582,308.1,0.0,1.135056752837642,50.015000750037494,2.7151357567878396,18.34341717085854,27.36386819340967,-1.8015102560918654
2286,Троицкий,Челябинская область,городской округ,2,Промышленные и крупные города,54.0847722,61.5514047,25984.666666666668,43.043329512483794,5.881629542874373,12.075747943205341,3.4417662901857446,6.140828209099988,29.416698502150755,57716.2,69845.0,100.0,304.8,0.0,0.0,27.78060359443879,8.02814513394371,11.46998982706002,52.48389284503221,-1.5800349753302707
2287,Усть-Катавский,Челябинская область,городской округ,2,Промышленные и крупные города,54.9308,58.17484,24611.958333333332,46.651155372757835,5.056931511684923,14.11342893446625,3.1350472854643185,4.952679339145269,26.090757556481396,57046.3,23326.0,89.26519763354197,312.4,0.0,0.0,41.73044925124792,9.351081530782029,6.173044925124792,32.678868552412645,1.2058308740973853
2288,Чебаркульский,Челябинская область,городской округ,2,Промышленные и крупные города,54.977795,60.37009,30410.166666666668,41.621349419522794,5.142189684664224,13.136454093603314,4.4291594290592124,5.413415877427463,30.25743149572299,57557.8,44648.0,100.0,322.8,6.702019632178721,0.0,38.203768475685436,3.3735755387566284,10.978224077626086,40.93422091842491,-0.5243400874260988
2289,Южноуральский,Челябинская область,городской округ,2,Промышленные и крупные города,54.4425364,61.2682731,28220.041666666668,42.51101939761841,5.413441710709977,12.371798178981892,3.6415641226758466,5.656063940912005,30.406112649101868,70031.6,37265.0,99.73433516704682,297.8,0.0,0.0,55.730096394144944,3.1417350946090683,12.531238843270259,27.430679519219325,-0.7742931660756812
2292,Аргаяшский,Челябинская область,муниципальный район,5,Аграрные районы,55.4908093,60.8776278,20668.416666666668,46.96644256944355,4.8189937515563885,11.79974961337221,1.822321270947463,4.89054145279844,29.701951341881948,59756.1,39383.0,0.0,307.9,20.958210215280708,0.0,5.867454622203462,0.0,9.70873786407767,63.254537779653866,-1.2608840937954924
2293,Ашинский,Челябинская область,муниципальный район,2,Промышленные и крупные города,54.9908896,57.2780531,25997.166666666668,47.169572219170625,5.177005759532279,15.6964687104563,2.549191201089636,3.791868078660563,25.61589403109059,70379.1,54113.0,95.76811487073347,315.2,0.0,2.9829154036924774,53.37558556076054,6.854505373381096,9.616974373105538,26.04023146872417,2.626252410646533
2294,Брединский,Челябинская область,муниципальный район,4,Районы бюджетной экономики,52.4223974,60.3372556,20455.375,43.40753295632822,5.120280786774211,15.438611844609293,1.100140716713867,4.4197755213570105,30.513658174217394,48500.9,23380.0,0.0,276.0,14.855072463768115,0.0,0.0,2.536231884057971,12.439613526570048,67.31078904991948,-5.0555466892071905
2295,Варненский,Челябинская область,муниципальный район,1,Ресурсные территории Севера и Востока,53.3778252,60.9783588,22434.708333333332,46.46804605048649,4.846232192421515,13.953491142157603,2.178400017085877,6.178835329452409,26.374995268396095,73409.7,24054.0,0.0,279.8,0.0,35.24930747922438,0.0,1.3157894736842104,7.219529085872576,33.20637119113574,-0.4730744676145214
2296,Верхнеуральский,Челябинская область,муниципальный район,1,Ресурсные территории Севера и Востока,53.8753392,59.2197592,21591.75,44.31174849268236,5.099269240797994,14.38090789389807,2.2796305381285564,4.739817757478208,29.188626077014806,70358.1,31251.0,48.63524367220249,295.9,3.425397315229131,33.019595741397936,5.446690325567042,0.0,4.999228514118192,47.9247029779355,-3.2194036829348636
2297,Еманжелинский,Челябинская область,муниципальный район,5,Аграрные районы,54.759121,61.313198,23878.833333333332,45.63394606385001,4.943559554274542,13.859866796128708,2.19832951374586,3.316369156388442,30.04792891561243,54543.8,47326.0,97.51088196762879,303.4,23.3885517467607,0.0,14.400524848286041,0.0,11.743480400196818,44.562899786780385,-0.2969822750365619
2298,Еткульский,Челябинская область,муниципальный район,5,Аграрные районы,54.828304,61.592037,23432.625,47.66248509431458,5.0853806382976625,14.360702826005511,1.7921126247438464,4.39059417843842,26.708724638199982,61685.8,29743.0,0.0,305.1,14.468302658486706,7.3108384458077715,19.146216768916155,5.828220858895705,7.029652351738242,45.88445807770961,1.4172927944774447
2299,Карталинский,Челябинская область,муниципальный район,3,Транспортные узлы,53.053261,60.639172,21451.958333333332,46.066080391254125,4.931346230794003,13.999324412030589,2.228592009180645,4.852353159526037,27.922303797214603,63612.2,43290.0,61.73712173712174,280.3,0.0,2.710027100271003,16.982836495031616,28.300425861401475,9.652858433346239,34.76577622919086,-1.558253989938225
2300,Каслинский,Челябинская область,муниципальный район,4,Районы бюджетной экономики,55.8904193,60.7538518,24705.625,47.695001978220716,5.218016509157958,13.062700835402048,1.8896567452556485,4.913599549932121,27.221024382031512,56740.0,29118.0,64.58204547015592,307.7,0.0,0.0,16.67686034658512,0.0,11.783893985728849,52.803261977573904,2.3543366362026847
2301,Катав-Ивановский,Челябинская область,муниципальный район,2,Промышленные и крупные города,54.753479,58.205784,23342.666666666668,47.60035740966289,5.055512146650678,14.351997540609743,2.4826713215808396,5.355290743019369,25.15417083847648,53527.9,26222.0,92.43002059339486,310.0,0.0,0.0,37.65182186234818,0.0,13.02691116932603,47.79709454632055,1.3160123292584778
2302,Кизильский,Челябинская область,муниципальный район,4,Районы бюджетной экономики,52.72554,58.893696,18909.916666666668,45.31719899255132,4.82793117232037,12.51114330866364,1.617208014854114,4.239883936264921,31.486634575345633,47177.6,19276.0,0.0,288.8,0.0,0.0,0.0,0.0,5.762711864406779,89.32203389830508,-4.33737985086585
2303,Коркинский,Челябинская область,муниципальный округ,2,Промышленные и крупные города,54.889923,61.407963,26319.541666666668,44.23900528644709,5.197736941750489,12.879322737466994,2.4279855852105032,4.4505200534874705,30.805429395637457,60182.9,55417.0,97.68121695508599,306.7,0.0,3.9461134954697186,27.32474964234621,7.546494992846924,10.264663805436337,48.86742966142108,-0.22648843540128508
2304,Красноармейский,Челябинская область,муниципальный район,5,Аграрные районы,55.283096,61.893074,22523.208333333332,47.8580796326877,4.093217496183043,13.776085060916374,1.5645662449263071,4.311701417734684,28.396350147551892,61073.5,49996.0,0.0,306.5,10.932475884244374,0.0,22.970257234726688,0.0,11.254019292604502,52.83360128617364,1.0113395885371979
2305,Кунашакский,Челябинская область,муниципальный район,4,Районы бюджетной экономики,55.698971,61.550903,20112.375,49.28096468156976,4.635526923440579,12.51225799691218,1.576052675241664,6.075248923161794,25.919948799674025,52293.7,27505.0,0.0,302.2,0.0,0.0,0.0,4.061052057781412,5.4238212046879255,57.072771872444804,0.5967824047172543
2307,Нагайбакский,Челябинская область,муниципальный район,4,Районы бюджетной экономики,53.5214103,59.8112001,18200.666666666668,45.8498804709252,5.541862404164273,14.182362453281641,1.7335952770626655,4.542297874939433,28.150001519626784,60069.3,16951.0,8.707450887853224,291.6,0.0,0.0,2.6120606256046437,0.0,6.094808126410835,50.177362141244764,-4.471363120250888
2308,Нязепетровский,Челябинская область,муниципальный район,4,Районы бюджетной экономики,56.055508,59.598629,20799.5,49.519264344128274,5.838410716271558,13.516371951277634,1.119976159763143,4.211039751104969,25.794937077454417,46232.3,13666.0,73.99385335870042,307.7,0.0,0.0,12.810103743797926,0.0,7.6229138475417235,61.11862877762743,1.3891056213406203
2309,Октябрьский,Челябинская область,муниципальный район,4,Районы бюджетной экономики,54.410706,62.728809,18944.833333333332,49.509620352809215,6.008205935889313,14.483218595540325,1.7102488475518123,3.8968676139048997,24.39183865430444,52761.0,18139.0,0.0,285.7,15.798536375376667,0.0,2.755058114507103,0.0,8.78174773999139,70.46922083512699,-0.1603306440289355
2310,Пластовский,Челябинская область,муниципальный район,4,Районы бюджетной экономики,54.369812,60.807091,25177.0,45.86863567103662,5.035896240583452,14.128513725798229,2.384859603364251,4.804974556369978,27.777120202847467,102847.9,24231.0,74.96595270521233,297.5,0.0,0.0,0.0,0.0,8.147875666727975,39.32315615228987,0.82495354463505
2311,Саткинский,Челябинская область,муниципальный район,2,Промышленные и крупные города,55.040287,59.028034,27567.25,44.76033367172278,4.855775391980916,13.263171466351665,3.3049054677206806,5.479399578002355,28.3364144242216,60418.5,74031.0,93.64725587929381,309.1,0.0,8.713248422806808,42.215212474705396,6.624211403404356,10.04047137245566,32.36519461968813,1.122638468109797
2312,Сосновский,Челябинская область,муниципальный район,2,Промышленные и крупные города,55.3462664,61.341587,33253.333333333336,36.50609027645242,5.046193789539009,12.796819930538058,5.616895165345453,7.713578383405519,32.32042245471954,78815.5,93044.0,0.0,313.1,4.027524792552115,0.0,34.540916143830536,9.417796667341294,13.34412736962828,29.8185252647912,-4.163110100458444
2314,Увельский,Челябинская область,муниципальный район,5,Аграрные районы,54.441994,61.354397,21202.041666666668,46.823875033232746,4.321324489391298,13.394668564195047,2.0569533691889883,4.470047025333059,28.93313151865887,69599.1,30982.0,0.0,297.0,11.560898002474811,9.139119674739261,25.26073890754817,7.247657769135585,5.497613576100407,40.569206293088214,-0.9587391489723515
2315,Уйский,Челябинская область,муниципальный район,4,Районы бюджетной экономики,54.373421,60.005447,19753.166666666668,49.036025905391675,4.786348353127837,14.842217484703488,1.5284978323664697,4.500917499624607,25.30599292478592,47728.1,20981.0,0.0,297.0,8.367683429513603,0.0,1.3190436933223413,0.0,9.192085737840065,78.68920032976092,0.052372071238499886
2316,Чебаркульский,Челябинская область,муниципальный район,5,Аграрные районы,54.977795,60.37009,22410.125,47.1964017764391,4.0419378829294725,15.179274559075784,1.9726732482169835,4.181078304549915,27.428634228788734,60279.1,28564.0,0.0,330.8,35.45679012345679,0.0,1.2098765432098766,0.0,9.432098765432098,40.5679012345679,0.10400363801765257
2317,Чесменский,Челябинская область,муниципальный район,4,Районы бюджетной экономики,53.8131555,60.6532186,21200.416666666668,47.08280145735159,4.960581161592369,13.014794962020703,1.3905183597834792,5.489769350024365,28.06153470922749,53848.6,15114.0,0.0,287.6,0.0,0.0,0.0,1.5167364016736402,11.820083682008368,68.6192468619247,-0.7758324462534383
2318,Ярославль,Ярославская область,городской округ,2,Промышленные и крупные города,57.6263877,39.8933705,35755.416666666664,38.436606119654535,5.148096247441871,12.057903810047703,5.733177075237214,6.198888325110199,32.42532842250848,76713.9,567443.0,100.0,417.9,0.11739859618609852,0.0,29.218585005279827,8.078141499472016,28.564507112243,34.00832349835394,-0.973144289566358
2320,Рыбинск,Ярославская область,городской округ,2,Промышленные и крупные города,58.050373,38.834637,30711.166666666668,40.48724068377771,4.983628380343803,12.806381955809645,4.881391768340626,5.600346412890144,31.241010798838065,72473.2,171810.0,100.0,375.0,0.0,0.0,48.54884971017109,4.135828469422549,20.18372545480073,27.13159636560563,-1.3793781208567537
2321,Большесельский,Ярославская область,муниципальный район,4,Районы бюджетной экономики,57.7184728,38.9355599,21874.166666666668,50.718394134216204,4.408633132486315,17.33442819455954,0.9476058557141972,3.2962439677502453,23.29469471527349,50677.7,9122.0,0.0,371.2,5.0271739130434785,0.0,10.326086956521738,10.665760869565217,7.608695652173914,49.59239130434783,3.329142785084191
2322,Борисоглебский,Ярославская область,муниципальный район,5,Аграрные районы,57.259,39.15,24470.916666666668,47.69488603310003,4.520363492694711,16.049952283935585,1.5736650741711034,4.9621656428609775,25.198967473237584,52498.4,11831.0,45.62589806440707,387.0,17.515388919977617,0.0,3.8612199216564074,2.4622271964185787,9.736989367655289,62.5069949636262,2.169436577427794
2323,Брейтовский,Ярославская область,муниципальный район,4,Районы бюджетной экономики,58.3033237,37.8594763,22725.416666666668,49.54725181488715,4.366888281722813,22.883803315768034,0.8435803330431874,5.804249365527784,16.554226889051044,45626.1,5332.0,0.0,345.2,1.8311291963377416,0.0,8.036622583926754,0.0,7.426246185147507,66.12410986775178,2.777219213741594
2324,Гаврилов-Ямский,Ярославская область,муниципальный район,4,Районы бюджетной экономики,57.3032827,39.8537697,23633.041666666668,47.632224072396376,4.909337416436852,16.173792632866654,2.4475775605475145,3.194471999246417,25.64259631850619,62073.5,23809.0,65.42063925406359,384.4,0.303408888095663,0.0,4.0157058718543635,8.691772264858113,9.316437622702125,45.13653399964305,1.575067267658661
2325,Даниловский,Ярославская область,муниципальный район,3,Транспортные узлы,58.188808,40.175114,22306.833333333332,50.14965032910194,4.387628491009155,14.57251796150261,1.8516760605119598,3.7934936544726803,25.245033503401654,54092.9,20497.0,66.32677952871153,361.5,1.4860363822700486,0.0,7.173968741993339,25.98001537279016,15.142198308993082,48.03996925441968,3.1589261988158897
2326,Любимский,Ярославская область,муниципальный район,5,Аграрные районы,58.3595618,40.6866038,21320.125,50.81310820128033,4.771690853538358,14.037303095142454,1.4584278214986868,3.3517496600988497,25.56772036844132,48998.8,9732.0,51.448828606658445,352.8,17.650714729645742,0.0,9.819763828464884,8.079552517091361,11.187072715972654,51.14978247358608,3.078521828386869
2327,Мышкинский,Ярославская область,муниципальный район,3,Транспортные узлы,57.784725,38.451595,24838.0,44.37896192091684,3.95992935328776,17.831973083034672,1.806237004833855,4.133373212401134,27.88952542552574,62791.0,9051.0,60.766766103193014,365.5,0.0,0.0,5.099675475197033,31.52526657394529,17.2461752433936,43.48632359758924,-0.8891383826412129
2328,Некоузский,Ярославская область,муниципальный район,3,Транспортные узлы,57.90218,38.0624475,22533.041666666668,39.73077098998165,3.9779744040991565,18.502021325724805,1.337493451106214,4.033891683300606,32.41784814578757,58673.1,11435.0,0.0,359.9,0.7341206511330992,0.0,7.053941908713693,21.73635493137568,21.06607085860198,43.15352697095436,-7.096054938102787
2329,Некрасовский,Ярославская область,муниципальный район,4,Районы бюджетной экономики,57.674248,40.372654,23374.833333333332,50.94801119676099,4.307789083226327,16.093050708387086,1.4378894895197598,3.180862212595667,24.032397309510166,55614.7,19480.0,48.66016427104723,373.3,7.740585774058577,0.0,7.44172145845786,1.9426180514046623,13.209802749551702,64.22594142259415,4.70889540617096
2330,Первомайский,Ярославская область,муниципальный район,4,Районы бюджетной экономики,58.4251138,40.3228779,21396.75,48.303307799062914,4.626772049822467,16.58289332846017,1.4050638699918199,3.5914368826516205,25.49052607001101,50142.8,8362.0,52.439607749342265,355.4,1.6512549537648615,0.0,6.208718626155878,9.379128137384413,12.087186261558784,61.030383091149275,0.61675066934701
2332,Пошехонский,Ярославская область,муниципальный район,4,Районы бюджетной экономики,58.503201,39.119701,21025.916666666668,48.33908050310845,4.71962459853372,13.49429001883576,1.0853842087289673,4.120727510243279,28.24089316054983,45040.6,10190.0,49.666339548577035,348.8,1.7341040462427744,0.0,5.664739884393064,10.92485549132948,13.641618497109825,63.35260115606937,0.38774627630751934
2333,Ростовский,Ярославская область,муниципальный район,2,Промышленные и крупные города,57.2012699,39.42218126099566,27496.125,45.35021170875433,4.6670089663724035,14.987804343913117,3.1788098639871967,5.3906856380773425,26.425479478895614,59404.8,57986.0,72.65029489876866,393.2,3.425995492111195,2.0135236664162286,37.00976709241172,7.8437265214124725,14.928625093914349,34.883546205860256,1.7110820523863968
2334,Рыбинский,Ярославская область,муниципальный район,5,Аграрные районы,58.050373,38.834637,26303.25,45.52042889690741,3.982224759925062,14.474728385659756,3.289114539280085,4.772823873970764,27.960679544256926,68584.3,26409.0,0.0,456.0,39.18073203110184,0.0,23.591883178456285,0.398255262658828,10.677033946520007,26.15209558126304,0.9389125516000382
2335,Тутаевский,Ярославская область,муниципальный район,2,Промышленные и крупные города,57.875385,39.527214,28073.625,44.06568310108725,5.159494036289133,13.191785287961244,4.067634291401283,4.069570413667821,29.445832869593264,57575.9,52373.0,84.26097416607794,370.2,0.23949227637408693,0.0,42.45000598730691,2.347024308466052,11.747096156148965,43.324152796072326,0.6844903688339012
2336,Угличский,Ярославская область,муниципальный район,2,Промышленные и крупные города,57.52483355,38.30708473150594,28835.958333333332,45.00442968930982,4.2141839383823365,14.847736790497057,3.436101989283786,5.156161208826001,27.341386383701,57746.0,46215.0,69.05982905982906,378.0,4.486378405398651,0.0,22.231942014496376,2.8117970507373156,17.045738565358658,47.42564358910272,2.0820836818512913
2337,Ярославский,Ярославская область,муниципальный район,0,Столичные агломерации и центры услуг,57.6263877,39.8933705,35606.291666666664,38.18544599663114,4.613709128607565,13.25486916810866,5.144008968979711,6.576594118772465,32.22537261890046,77400.4,72442.0,3.3488860053560088,719.7,8.815350389321468,0.0,18.013070077864292,18.46496106785317,29.58147942157953,24.61067853170189,-1.2621415772232547
2338,Биробиджан,Еврейская автономная область,городской округ,1,Ресурсные территории Севера и Востока,48.7881668,132.9282082,38025.416666666664,42.719553318623184,5.097782641687046,8.213562928824077,4.337717495406129,5.523653090390686,34.107730525068874,76309.1,67788.0,100.0,147.1,0.2634907251264756,0.0,10.249789207419898,10.038996627318717,23.06070826306914,55.870573355817875,4.296313330083622
2339,Биробиджанский,Еврейская автономная область,муниципальный район,4,Районы бюджетной экономики,48.7881668,132.9282082,27927.916666666668,46.94360036393842,3.664126443883707,7.748173252426725,4.050931312191442,5.135393484173865,32.45777514338584,61844.1,9980.0,0.0,173.3,13.919129082426126,0.0,0.0,0.0,5.287713841368585,69.59564541213064,3.4783929552143773
2340,Ленинский,Еврейская автономная область,муниципальный район,4,Районы бюджетной экономики,47.9344425,132.6223808,31370.916666666668,49.13829492754571,3.4111995995389326,11.947344823264006,2.9020358486858564,5.68283213453173,26.918292666433775,66714.9,15325.0,0.0,140.0,0.31362007168458783,0.0,8.915770609318995,2.3297491039426523,10.170250896057349,62.81362007168458,7.566493897347833
2341,Облученский,Еврейская автономная область,муниципальный район,1,Ресурсные территории Севера и Востока,49.0145149,131.0538038,35695.625,48.511978203577414,3.4734129742416164,9.043907202043322,2.9827688917310207,5.100420393494818,30.88751233491181,97090.7,23265.0,86.40017193208682,143.3,0.983568618375376,17.333950474427215,22.240222170793796,30.571626938208745,4.0962740106456845,24.218930803054846,9.085053741044186
2342,Октябрьский,Еврейская автономная область,муниципальный район,4,Районы бюджетной экономики,47.6946588,131.0896669,27372.208333333332,54.63611553882337,3.718339467135164,9.004336383071452,0.9565385438423705,4.725390396907817,26.95927967021983,56576.3,7462.0,0.0,138.1,0.0,0.0,8.757062146892656,0.0,6.214689265536723,64.87758945386064,10.928661710332687
2343,Смидовичский,Еврейская автономная область,муниципальный район,3,Транспортные узлы,48.5956701,133.8138369,31293.833333333332,49.01602505887308,4.536960053338349,8.088747600421685,3.210724033655977,5.389599162410696,29.75794409130021,96699.5,21982.0,70.08461468474206,143.8,0.0,0.0,35.53336580613736,24.18412079883098,2.8494885533365806,34.607890891378474,7.412684849801028
2344,Анадырь,Чукотский автономный округ,городской округ,1,Ресурсные территории Севера и Востока,64.7316875,177.5060925,69746.79166666667,29.01776968706721,4.701651552312015,11.630303131393822,5.117742840828977,5.490955985947891,44.04157680245008,199856.1,13412.0,97.24873247837758,,0.8330883073605803,24.002744290894835,9.644222287562481,5.223953739096345,16.054101734783888,44.134078212290504,0.32923176428233414
2345,Эгвекинот,Чукотский автономный округ,городской округ,1,Ресурсные территории Севера и Востока,66.3227382,-179.120131,59049.583333333336,43.41832291197754,3.955559404391883,4.7750817635312135,2.8732081567403616,3.4893189172966155,41.48850884606239,170752.1,5197.0,68.2893977294593,,11.865168539325843,0.0,0.0,16.629213483146067,8.674157303370785,35.50561797752809,11.978665528394805
2348,Анадырский,Чукотский автономный округ,муниципальный район,1,Ресурсные территории Севера и Востока,64.7316875,177.5060925,62872.833333333336,38.09863468366824,3.738960586658701,8.62365297049875,3.678148629282819,4.140908300891794,41.71969482899971,167493.4,8790.0,56.89419795221843,,7.941264608930176,14.803715912496255,1.977824393167516,23.074617920287682,11.657177105184298,21.45639796224153,7.683345931208005
2349,Билибинский,Чукотский автономный округ,муниципальный район,1,Ресурсные территории Севера и Востока,68.0550305,166.4448515,67195.16666666667,36.045385963220774,4.119399541473397,7.066009806080207,3.245415315152731,3.692655358441863,45.83113401563103,199396.5,7279.0,74.85918395383982,112.4,2.277091906721536,29.72565157750343,36.515775034293554,5.829903978052126,6.26886145404664,16.99588477366255,6.790962169565164
2351,Коломна,Санкт-Петербург,внутригородская территория города федерального значения,0,Столичные агломерации и центры услуг,59.92381075,30.283048466655902,44815.416666666664,31.388229653700765,5.590226301878641,10.677417058127597,9.094310863237617,7.36476459863966,35.885051524415715,130753.94871769717,33530.0,100.0,411.8,0.043088133130399275,0.05806954557266117,20.086494455551605,9.176711725805681,36.76962299872194,29.80903339396607,-4.400897308448873
2352,Сенной,Санкт-Петербург,внутригородская территория города федерального значения,0,Столичные агломерации и центры услуг,59.9257993,30.317102470964116,43744.416666666664,29.87445596004303,5.943812008790469,10.383915115197018,9.215075016151276,6.5350911600691575,38.04765073974905,130753.94871769717,20360.0,100.0,418.7,0.043088133130399275,0.05806954557266117,20.086494455551605,9.176711725805681,36.76962299872194,29.80903339396607,-6.284942353352801
2353,Адмиралтейский,Санкт-Петербург,внутригородская территория города федерального значения,0,Столичные агломерации и центры услуг,59.931053750000004,30.296798094313957,46753.541666666664,29.368823465415073,5.881999922450942,10.40032803450604,9.362731681694003,7.091867941059617,37.89424895487432,130753.94871769717,23945.0,100.0,414.6,0.043088133130399275,0.05806954557266117,20.086494455551605,9.176711725805681,36.76962299872194,29.80903339396607,-5.725703758610509
2354,Семеновский,Санкт-Петербург,внутригородская территория города федерального значения,0,Столичные агломерации и центры услуг,59.9173962,30.33016758944093,43414.166666666664,31.650257245472353,5.656108486513482,11.147354115217786,9.139966303475203,6.752455646888968,35.65385820243221,130753.94871769717,22123.0,100.0,417.0,0.043088133130399275,0.05806954557266117,20.086494455551605,9.176711725805681,36.76962299872194,29.80903339396607,-4.649513131890881
2355,Измайловское,Санкт-Петербург,внутригородская территория города федерального значения,0,Столичные агломерации и центры услуг,59.90891895,30.308070824137843,49193.75,28.750970209373765,6.040480936812987,10.412636586517946,9.276286169519537,6.868408155915049,38.65121794186072,130753.94871769717,32593.0,100.0,414.9,0.043088133130399275,0.05806954557266117,20.086494455551605,9.176711725805681,36.76962299872194,29.80903339396607,-5.519127884571243
2356,Екатерингофский,Санкт-Петербург,внутригородская территория города федерального значения,0,Столичные агломерации и центры услуг,59.90845155,30.278646890355386,40330.291666666664,33.36427829305737,5.41955502930102,11.142789154005898,8.370774350486531,7.2335695164511105,34.46903365669808,130753.94871769717,21671.0,100.0,410.6,0.043088133130399275,0.05806954557266117,20.086494455551605,9.176711725805681,36.76962299872194,29.80903339396607,-4.112965208984583
2357,№ 7,Санкт-Петербург,внутригородская территория города федерального значения,0,Столичные агломерации и центры услуг,59.93227445,30.269023772311524,46422.833333333336,29.893985254011497,6.13209017113632,10.159764680023866,9.442951134976035,6.89794963023472,37.47325912961757,130753.94871769717,36091.0,100.0,407.6,0.043088133130399275,0.05806954557266117,20.086494455551605,9.176711725805681,36.76962299872194,29.80903339396607,-5.300188618397125
2358,Васильевский,Санкт-Петербург,внутригородская территория города федерального значения,0,Столичные агломерации и центры услуг,59.94406295,30.25996218611235,46179.583333333336,30.254244382491933,6.112753102361394,9.964345792868345,9.341946147304956,6.87921143760186,37.44749913737151,130753.94871769717,31425.0,100.0,408.0,0.043088133130399275,0.05806954557266117,20.086494455551605,9.176711725805681,36.76962299872194,29.80903339396607,-5.051741350798808
2359,Гавань,Санкт-Петербург,внутригородская территория города федерального значения,0,Столичные агломерации и центры услуг,59.932817400000005,30.21023397715107,48709.291666666664,30.165320302078776,6.074143499635001,10.182283137319477,9.157712893173125,7.308537909328738,37.11200225846489,130753.94871769717,41047.0,100.0,390.3,0.043088133130399275,0.05806954557266117,20.086494455551605,9.176711725805681,36.76962299872194,29.80903339396607,-4.288315177502263
2360,Морской,Санкт-Петербург,внутригородская территория города федерального значения,0,Столичные агломерации и центры услуг,59.94387315,30.21318769976233,49252.375,30.42686744438384,6.027360235111325,10.65320169173336,8.862838614168249,7.463133605182779,36.56659840942045,130753.94871769717,36080.0,100.0,395.7,0.043088133130399275,0.05806954557266117,20.086494455551605,9.176711725805681,36.76962299872194,29.80903339396607,-3.827201955199299
2361,Остров Декабристов,Санкт-Петербург,внутригородская территория города федерального значения,0,Столичные агломерации и центры услуг,59.955576449999995,30.226246107965103,49315.083333333336,29.761583459619484,6.155306244313666,10.210010177389446,8.74712392187527,7.200805529630612,37.92517066717152,130753.94871769717,60755.0,100.0,398.1,0.043088133130399275,0.05806954557266117,20.086494455551605,9.176711725805681,36.76962299872194,29.80903339396607,-4.47177173427672
2362,Левашово,Санкт-Петербург,внутригородская территория города федерального значения,0,Столичные агломерации и центры услуг,60.088164,30.159588538092336,45012.916666666664,32.2074820962545,4.8619913925229765,15.148221200132397,6.121989767711299,7.493024946073332,34.1672905973055,130753.94871769717,6101.0,100.0,367.9,0.043088133130399275,0.05806954557266117,20.086494455551605,9.176711725805681,36.76962299872194,29.80903339396607,-3.473247580371621
2363,Парголово,Санкт-Петербург,внутригородская территория города федерального значения,0,Столичные агломерации и центры услуг,60.0870399,30.29730855711932,44605.833333333336,32.56766243467782,5.770530282098489,12.350559648852162,7.875358302512208,7.608314607192987,33.827574724666334,130753.94871769717,111145.0,100.0,378.5,0.043088133130399275,0.05806954557266117,20.086494455551605,9.176711725805681,36.76962299872194,29.80903339396607,-3.279969530295205
2364,Сампсониевское,Санкт-Петербург,внутригородская территория города федерального значения,0,Столичные агломерации и центры услуг,59.9735363,30.338741435744446,47701.625,29.915354750453467,6.1639883272142555,11.164135945323805,8.828216977878862,6.823832902543388,37.10447109658623,130753.94871769717,39068.0,100.0,414.9,0.043088133130399275,0.05806954557266117,20.086494455551605,9.176711725805681,36.76962299872194,29.80903339396607,-4.881118903701002
2365,Светлановское,Санкт-Петербург,внутригородская территория города федерального значения,0,Столичные агломерации и центры услуг,60.01056035,30.34305327943742,48601.083333333336,29.777948713163195,6.420716522751394,11.100511710798237,8.446268567664493,7.074566146872498,37.17998833875018,130753.94871769717,89796.0,100.0,410.4,0.043088133130399275,0.05806954557266117,20.086494455551605,9.176711725805681,36.76962299872194,29.80903339396607,-4.720907137600499
2366,Сосновское,Санкт-Петербург,внутригородская территория города федерального значения,0,Столичные агломерации и центры услуг,60.02725305,30.348389608558342,45080.708333333336,32.44408626712885,6.152327092456568,11.397023692745428,8.047856033626392,7.048388528875373,34.910318385167386,130753.94871769717,60378.0,100.0,402.6,0.043088133130399275,0.05806954557266117,20.086494455551605,9.176711725805681,36.76962299872194,29.80903339396607,-3.2310420938416073
2367,№ 15,Санкт-Петербург,внутригородская территория города федерального значения,0,Столичные агломерации и центры услуг,60.056029300000006,30.3722503242643,42249.208333333336,34.22057234691948,5.777015789707331,11.439911868496173,7.340146494719174,7.4267224464891255,33.795631053668714,130753.94871769717,60902.0,100.0,396.0,0.043088133130399275,0.05806954557266117,20.086494455551605,9.176711725805681,36.76962299872194,29.80903339396607,-2.5066266713664604
2368,Сергиевское,Санкт-Петербург,внутригородская территория города федерального значения,0,Столичные агломерации и центры услуг,60.065269099999995,30.3563413462662,42108.958333333336,33.876874596095455,5.948680127777678,11.336497849713572,7.557378914282468,7.091659850733105,34.188908661397726,130753.94871769717,60031.0,100.0,389.6,0.043088133130399275,0.05806954557266117,20.086494455551605,9.176711725805681,36.76962299872194,29.80903339396607,-2.8990458371976198
2369,Шувалово-Озерки,Санкт-Петербург,внутригородская территория города федерального значения,0,Столичные агломерации и центры услуг,60.04707415,30.313703584358667,45108.708333333336,32.25151285715905,6.1534802529938055,11.309015468720911,7.7248260043596,7.147781829185313,35.41338358758133,130753.94871769717,116146.0,100.0,395.7,0.043088133130399275,0.05806954557266117,20.086494455551605,9.176711725805681,36.76962299872194,29.80903339396607,-3.4036892412409556
2370,Лисий Нос,Санкт-Петербург,внутригородская территория города федерального значения,0,Столичные агломерации и центры услуг,60.0187037,29.989284878470094,50539.583333333336,29.05292275282226,5.651193239471626,14.405047095038862,6.575995873671207,7.386783314673415,36.928057724322635,130753.94871769717,6508.0,100.0,363.6,0.043088133130399275,0.05806954557266117,20.086494455551605,9.176711725805681,36.76962299872194,29.80903339396607,-4.813258657920136
2371,Лахта-Ольгино,Санкт-Петербург,внутригородская территория города федерального значения,0,Столичные агломерации и центры услуг,60.01031655,30.13714526421321,45003.625,31.473677981014475,5.52427547349178,13.391089924465424,7.816908829987244,8.374521507263866,33.41952628377721,130753.94871769717,15567.0,100.0,382.1,0.043088133130399275,0.05806954557266117,20.086494455551605,9.176711725805681,36.76962299872194,29.80903339396607,-4.226914891567243
2372,№ 65,Санкт-Петербург,внутригородская территория города федерального значения,0,Столичные агломерации и центры услуг,59.995145,30.22089848581865,49617.083333333336,30.513941089298275,6.024549492641639,10.976521455110973,8.486935096805293,7.3620692968929164,36.635983569250904,130753.94871769717,191571.0,100.0,388.7,0.043088133130399275,0.05806954557266117,20.086494455551605,9.176711725805681,36.76962299872194,29.80903339396607,-3.6207741767897215
2373,Ланское,Санкт-Петербург,внутригородская территория города федерального значения,0,Столичные агломерации и центры услуг,59.99019175,30.3091342599138,49088.416666666664,29.472516050830883,6.183498475113266,10.953142881112472,8.871385043013031,7.228640029638991,37.290817520291355,130753.94871769717,70100.0,100.0,412.5,0.043088133130399275,0.05806954557266117,20.086494455551605,9.176711725805681,36.76962299872194,29.80903339396607,-4.868395558895341
2374,Комендантский аэродром,Санкт-Петербург,внутригородская территория города федерального значения,0,Столичные агломерации и центры услуг,60.0035691,30.29766229617498,46956.333333333336,31.194416997039117,6.136012679381725,10.888416206413375,8.254898878368692,6.854762217776625,36.67149302102047,130753.94871769717,94400.0,100.0,410.9,0.043088133130399275,0.05806954557266117,20.086494455551605,9.176711725805681,36.76962299872194,29.80903339396607,-3.8363295631782126
2375,Озеро Долгое,Санкт-Петербург,внутригородская территория города федерального значения,0,Столичные агломерации и центры услуг,60.004278049999996,30.26587097949695,46988.25,30.83151505516213,6.227767139401602,11.114091383411063,8.52731217913113,7.000627967220822,36.298686275673255,130753.94871769717,91526.0,100.0,405.7,0.043088133130399275,0.05806954557266117,20.086494455551605,9.176711725805681,36.76962299872194,29.80903339396607,-4.157954009029171
2376,Юнтолово,Санкт-Петербург,внутригородская территория города федерального значения,0,Столичные агломерации и центры услуг,60.02215255,30.23595068376757,47155.708333333336,31.242966335430754,5.885268842864128,11.453967316803626,8.406793064106656,7.645430421452519,35.36557401934231,130753.94871769717,115111.0,100.0,394.8,0.043088133130399275,0.05806954557266117,20.086494455551605,9.176711725805681,36.76962299872194,29.80903339396607,-3.72533163262485
2377,Коломяги,Санкт-Петербург,внутригородская территория города федерального значения,0,Столичные агломерации и центры услуг,60.04048795,30.22002375715998,50306.25,30.335221103402265,5.9436296713432055,11.37143626488768,8.406781629856702,7.745642245324231,36.197289085185915,130753.94871769717,119292.0,100.0,386.8,0.043088133130399275,0.05806954557266117,20.086494455551605,9.176711725805681,36.76962299872194,29.80903339396607,-3.5803320422610336
2378,Гражданка,Санкт-Петербург,внутригородская территория города федерального значения,0,Столичные агломерации и центры услуг,60.006623000000005,30.40706954088025,44178.041666666664,32.310522979615776,6.111476698600648,10.987793170092615,8.056794776879594,7.1344651643056975,35.39894721050567,130753.94871769717,67654.0,100.0,407.1,0.043088133130399275,0.05806954557266117,20.086494455551605,9.176711725805681,36.76962299872194,29.80903339396607,-3.676676136069315
2379,Академическое,Санкт-Петербург,внутригородская территория города федерального значения,0,Столичные агломерации и центры услуг,60.01435055,30.390351124612877,45023.625,32.09986870619486,6.200704094454786,11.124869249531832,8.398160976903824,6.907855851622603,35.268541121292095,130753.94871769717,108549.0,100.0,405.9,0.043088133130399275,0.05806954557266117,20.086494455551605,9.176711725805681,36.76962299872194,29.80903339396607,-3.5804182509894615
2380,Финляндский,Санкт-Петербург,внутригородская территория города федерального значения,0,Столичные агломерации и центры услуг,59.968449,30.38021510310851,42738.041666666664,32.53889138503763,5.792146678108788,11.899764071745794,8.22167994034845,7.477422417733799,34.07009550702554,130753.94871769717,72078.0,100.0,409.7,0.043088133130399275,0.05806954557266117,20.086494455551605,9.176711725805681,36.76962299872194,29.80903339396607,-3.9895227253116756
2381,№ 21,Санкт-Петербург,внутригородская территория города федерального значения,0,Столичные агломерации и центры услуг,60.0331439,30.42269532691664,42502.916666666664,33.472416703024216,5.993708162669267,11.449619336604627,7.932039071772734,7.149171945420345,34.00304478050881,130753.94871769717,76567.0,100.0,400.2,0.043088133130399275,0.05806954557266117,20.086494455551605,9.176711725805681,36.76962299872194,29.80903339396607,-3.1501125791100786
2382,Пискаревка,Санкт-Петербург,внутригородская территория города федерального значения,0,Столичные агломерации и центры услуг,59.9996547,30.418255712374037,47303.291666666664,31.23288682629744,5.893021931973283,11.53148104658377,8.413528174400255,7.661083111128632,35.26799890961661,130753.94871769717,81396.0,100.0,405.7,0.043088133130399275,0.05806954557266117,20.086494455551605,9.176711725805681,36.76962299872194,29.80903339396607,-3.6881564460333394
2383,Северный,Санкт-Петербург,внутригородская территория города федерального значения,0,Столичные агломерации и центры услуг,60.0446345,30.38138020261657,41932.166666666664,34.30208429819264,5.567433631969726,11.849274287718742,7.458393444984189,7.778268790234974,33.04454554689973,130753.94871769717,48022.0,100.0,402.8,0.043088133130399275,0.05806954557266117,20.086494455551605,9.176711725805681,36.76962299872194,29.80903339396607,-2.536933023504514
2384,Прометей,Санкт-Петербург,внутригородская территория города федерального значения,0,Столичные агломерации и центры услуг,60.040685100000005,30.399658219123534,43247.333333333336,33.67957794324412,5.864091981682215,11.347607478071104,8.053245255392525,7.4014206496530806,33.65405669195696,130753.94871769717,76479.0,100.0,401.2,0.043088133130399275,0.05806954557266117,20.086494455551605,9.176711725805681,36.76962299872194,29.80903339396607,-2.6756188421729514
2385,Княжево,Санкт-Петербург,внутригородская территория города федерального значения,0,Столичные агломерации и центры услуг,59.8490858,30.272214093874258,41196.333333333336,33.9494961903895,5.819054141191777,10.987720864989253,7.945443094581657,7.05077746302903,34.24750824581878,130753.94871769717,59699.0,100.0,406.1,0.043088133130399275,0.05806954557266117,20.086494455551605,9.176711725805681,36.76962299872194,29.80903339396607,-3.192589463738529
2386,Ульянка,Санкт-Петербург,внутригородская территория города федерального значения,0,Столичные агломерации и центры услуг,59.83245935,30.22256065161564,41170.708333333336,34.56865641096722,5.660402995685385,11.334586559742633,7.656119805204001,7.581048348150945,33.19918588024981,130753.94871769717,76019.0,100.0,399.3,0.043088133130399275,0.05806954557266117,20.086494455551605,9.176711725805681,36.76962299872194,29.80903339396607,-2.5699958596567445
2387,Дачное,Санкт-Петербург,внутригородская территория города федерального значения,0,Столичные агломерации и центры услуг,59.8452805,30.231461895305067,41702.791666666664,33.42614018331345,5.8670860692435935,11.143902747075522,7.829533871701259,7.051486015259514,34.68185111340665,130753.94871769717,70462.0,100.0,403.3,0.043088133130399275,0.05806954557266117,20.086494455551605,9.176711725805681,36.76962299872194,29.80903339396607,-3.5028742149519587
2388,Автово,Санкт-Петербург,внутригородская территория города федерального значения,0,Столичные агломерации и центры услуг,59.8720136,30.231673489091712,40773.291666666664,33.32002605309295,5.788336513938618,11.082794078688138,7.921172423340514,6.913445497730045,34.97422543320973,130753.94871769717,42639.0,100.0,404.0,0.043088133130399275,0.05806954557266117,20.086494455551605,9.176711725805681,36.76962299872194,29.80903339396607,-3.968243134259983
2389,Нарвский,Санкт-Петербург,внутригородская территория города федерального значения,0,Столичные агломерации и центры услуг,59.890506349999995,30.27007331884261,40214.791666666664,33.70678680250972,5.533286084465541,11.042481770044022,8.086703766155239,6.978239222349446,34.652502354476034,130753.94871769717,33260.0,100.0,407.1,0.043088133130399275,0.05806954557266117,20.086494455551605,9.176711725805681,36.76962299872194,29.80903339396607,-3.821593225026512
2390,Красненькая речка,Санкт-Петербург,внутригородская территория города федерального значения,0,Столичные агломерации и центры услуг,59.8548847,30.235377667105844,41687.875,34.13228901571474,5.635371710591275,10.93100518008332,7.646353399826293,7.170756298153378,34.484224395630996,130753.94871769717,38302.0,100.0,409.0,0.043088133130399275,0.05806954557266117,20.086494455551605,9.176711725805681,36.76962299872194,29.80903339396607,-2.826436339620007
2391,Морские ворота,Санкт-Петербург,внутригородская территория города федерального значения,0,Столичные агломерации и центры услуг,59.9008064,30.230125847041563,38598.125,34.53129719943249,5.2057966300934595,11.979252882237507,7.395397717898393,7.6803036856705535,33.2079518846676,130753.94871769717,10430.0,100.0,397.4,0.043088133130399275,0.05806954557266117,20.086494455551605,9.176711725805681,36.76962299872194,29.80903339396607,-3.674129252100331
2392,Колпино,Санкт-Петербург,внутригородская территория города федерального значения,0,Столичные агломерации и центры услуг,59.7599561,30.623037502374565,38597.333333333336,36.67927432220233,5.277965814443821,12.709204746721683,6.524937051706122,7.233742659775206,31.57487540515083,130753.94871769717,145875.0,100.0,364.3,0.043088133130399275,0.05806954557266117,20.086494455551605,9.176711725805681,36.76962299872194,29.80903339396607,-1.5018043307042448
2393,Металлострой,Санкт-Петербург,внутригородская территория города федерального значения,0,Столичные агломерации и центры услуг,59.79862155,30.557685702274874,37847.625,36.53443584296796,5.092961838737491,14.042451028229022,6.362635435055205,7.162836252288492,30.804679602721833,130753.94871769717,27407.0,100.0,372.6,0.043088133130399275,0.05806954557266117,20.086494455551605,9.176711725805681,36.76962299872194,29.80903339396607,-2.0040982704214003
2395,Понтонный,Санкт-Петербург,внутригородская территория города федерального значения,0,Столичные агломерации и центры услуг,59.779489350000006,30.63155391376652,35797.75,38.48807992467647,5.0185644180955755,15.114897936943237,5.319448597049048,7.040683927453313,29.018325195782353,130753.94871769717,8552.0,100.0,372.4,0.043088133130399275,0.05806954557266117,20.086494455551605,9.176711725805681,36.76962299872194,29.80903339396607,-0.9138060761729098
2398,Полюстрово,Санкт-Петербург,внутригородская территория города федерального значения,0,Столичные агломерации и центры услуг,60.00021905,30.46666513718764,42661.0,33.64448883657381,5.730714296731731,12.131507675910632,7.364565725247374,7.892518546651092,33.23620491888536,130753.94871769717,75419.0,100.0,396.2,0.043088133130399275,0.05806954557266117,20.086494455551605,9.176711725805681,36.76962299872194,29.80903339396607,-2.916683448403781
2399,Большая Охта,Санкт-Петербург,внутригородская территория города федерального значения,0,Столичные агломерации и центры услуг,59.9478543,30.425987524050193,45159.5,31.657308426270752,5.894728305011126,10.896898178869728,8.300033700429836,7.4814571227354225,35.76957426668313,130753.94871769717,57831.0,100.0,409.9,0.043088133130399275,0.05806954557266117,20.086494455551605,9.176711725805681,36.76962299872194,29.80903339396607,-4.006587070820852
2400,Малая Охта,Санкт-Петербург,внутригородская территория города федерального значения,0,Столичные агломерации и центры услуг,59.93224845,30.419629212920178,44776.875,32.3347494796616,6.056737860615613,10.813035462545734,8.178325268885638,6.874142493681819,35.7430094346096,130753.94871769717,43157.0,100.0,412.8,0.043088133130399275,0.05806954557266117,20.086494455551605,9.176711725805681,36.76962299872194,29.80903339396607,-3.451479750222796
2401,Пороховые,Санкт-Петербург,внутригородская территория города федерального значения,0,Столичные агломерации и центры услуг,59.94874385,30.467913777937476,40674.291666666664,34.38657840475319,5.844923116225621,11.264415674177537,7.266167645979546,7.451673072797934,33.786242086066174,130753.94871769717,128099.0,100.0,401.9,0.043088133130399275,0.05806954557266117,20.086494455551605,9.176711725805681,36.76962299872194,29.80903339396607,-2.947573408100099
2402,Ржевка,Санкт-Петербург,внутригородская территория города федерального значения,0,Столичные агломерации и центры услуг,59.9775754,30.499458303135995,41723.291666666664,34.089844609362515,5.7236292512700775,11.883056072014863,7.267148441299828,7.668595328697955,33.367726297354764,130753.94871769717,60985.0,100.0,396.7,0.043088133130399275,0.05806954557266117,20.086494455551605,9.176711725805681,36.76962299872194,29.80903339396607,-2.8421487482045675
2403,Красное Село,Санкт-Петербург,внутригородская территория города федерального значения,0,Столичные агломерации и центры услуг,59.72775835,30.078186969282456,40571.0,36.384620589119024,5.297765270097738,13.779844719712072,5.874891903347304,7.697349364520523,30.965528153203337,130753.94871769717,60306.0,100.0,365.8,0.043088133130399275,0.05806954557266117,20.086494455551605,9.176711725805681,36.76962299872194,29.80903339396607,-1.011378306605165
2404,Юго-Запад,Санкт-Петербург,внутригородская территория города федерального значения,0,Столичные агломерации и центры услуг,59.8542326,30.212917685329387,43524.208333333336,33.61077669107726,5.738176812250062,11.272295475494738,7.455368483939502,7.375978985754304,34.54740355148414,130753.94871769717,58402.0,100.0,403.1,0.043088133130399275,0.05806954557266117,20.086494455551605,9.176711725805681,36.76962299872194,29.80903339396607,-2.6281191244123203
2405,Южно-Приморский,Санкт-Петербург,внутригородская территория города федерального значения,0,Столичные агломерации и центры услуг,59.85896165,30.16515624648388,47781.958333333336,31.224972917915867,5.924990678046444,11.2801033700274,7.9599291052362835,7.486446881621365,36.123557047152644,130753.94871769717,128489.0,100.0,390.1,0.043088133130399275,0.05806954557266117,20.086494455551605,9.176711725805681,36.76962299872194,29.80903339396607,-3.5208899065201424
2406,Сосновая поляна,Санкт-Петербург,внутригородская территория города федерального значения,0,Столичные агломерации и центры услуг,59.845756699999995,30.128318599307118,42969.833333333336,34.3712770282476,5.539726003742904,11.759484529402409,7.471909589817612,7.83289195722933,33.024710891560154,130753.94871769717,73238.0,100.0,386.5,0.043088133130399275,0.05806954557266117,20.086494455551605,9.176711725805681,36.76962299872194,29.80903339396607,-2.10737155140575
2407,Урицк,Санкт-Петербург,внутригородская территория города федерального значения,0,Столичные агломерации и центры услуг,59.83428625,30.178848310716013,41617.416666666664,34.845058009821116,5.741941746851427,12.066763231010503,6.997303413532287,7.421487752808449,32.927445845976216,130753.94871769717,50257.0,100.0,395.7,0.043088133130399275,0.05806954557266117,20.086494455551605,9.176711725805681,36.76962299872194,29.80903339396607,-2.129325421640394
2408,Константиновское,Санкт-Петербург,внутригородская территория города федерального значения,0,Столичные агломерации и центры услуг,59.81989695,30.12003570370517,40862.375,35.27558491420101,5.506978472826929,12.20849079214042,6.796531253457462,7.5774339873465015,32.63498058002768,130753.94871769717,35619.0,100.0,387.0,0.043088133130399275,0.05806954557266117,20.086494455551605,9.176711725805681,36.76962299872194,29.80903339396607,-1.9862546538067702
2409,Горелово,Санкт-Петербург,внутригородская территория города федерального значения,0,Столичные агломерации и центры услуг,59.791431700000004,30.118877595288026,42121.875,34.59622202717286,5.450968857984245,13.099830246441787,6.548298023128347,8.108141514945725,32.196539330327035,130753.94871769717,28519.0,100.0,377.8,0.043088133130399275,0.05806954557266117,20.086494455551605,9.176711725805681,36.76962299872194,29.80903339396607,-2.1780436020095375
2410,Кронштадт,Санкт-Петербург,внутригородская территория города федерального значения,0,Столичные агломерации и центры услуг,59.98728715,29.77598425776103,40031.458333333336,35.661264945333436,4.704788212541345,14.197454971481942,6.817512159550594,7.258120363866248,31.360859347226434,130753.94871769717,44515.0,100.0,338.8,0.043088133130399275,0.05806954557266117,20.086494455551605,9.176711725805681,36.76962299872194,29.80903339396607,-1.9398148976326235
2411,Зеленогорск,Санкт-Петербург,внутригородская территория города федерального значения,0,Столичные агломерации и центры услуг,60.2130777,29.716334193909233,43865.291666666664,33.16025430813232,5.389174466085161,15.632765016497796,5.993319848915965,7.804187422587418,32.02029893778134,130753.94871769717,15462.0,100.0,333.4,0.043088133130399275,0.05806954557266117,20.086494455551605,9.176711725805681,36.76962299872194,29.80903339396607,-2.97537059467118
2412,Сестрорецк,Санкт-Петербург,внутригородская территория города федерального значения,0,Столичные агломерации и центры услуг,60.0725639,30.025874136061727,46698.916666666664,31.033623801331604,5.740911656109344,13.527368830578757,7.213828996267208,8.068148849491447,34.41611786622165,130753.94871769717,45935.0,100.0,349.5,0.043088133130399275,0.05806954557266117,20.086494455551605,9.176711725805681,36.76962299872194,29.80903339396607,-4.090876662839742
2416,Песочный,Санкт-Петербург,внутригородская территория города федерального значения,0,Столичные агломерации и центры услуг,60.1167093,30.10236523395776,45596.0,32.975859441377104,6.390317793003662,13.716712656695416,6.494816814282718,7.849387135443413,32.57290615919769,130753.94871769717,9869.0,100.0,362.5,0.043088133130399275,0.05806954557266117,20.086494455551605,9.176711725805681,36.76962299872194,29.80903339396607,-2.5249895592441964
2422,Ломоносов,Санкт-Петербург,внутригородская территория города федерального значения,0,Столичные агломерации и центры услуг,59.901703350000005,29.779386895698615,40023.125,36.54818844132565,5.213293688405455,13.935849753559568,6.266093279202783,8.011221960748296,30.025352876758248,130753.94871769717,38558.0,100.0,352.8,0.043088133130399275,0.05806954557266117,20.086494455551605,9.176711725805681,36.76962299872194,29.80903339396607,-1.0612442571399758
2423,Московская застава,Санкт-Петербург,внутригородская территория города федерального значения,0,Столичные агломерации и центры услуг,59.8853765,30.320043440777184,48985.333333333336,29.05368805497487,6.453293280776896,10.602172877117338,8.576939352836904,6.823737016220704,38.490169418073286,130753.94871769717,44916.0,100.0,410.6,0.043088133130399275,0.05806954557266117,20.086494455551605,9.176711725805681,36.76962299872194,29.80903339396607,-5.2893681076454175
2424,Гагаринское,Санкт-Петербург,внутригородская территория города федерального значения,0,Столичные агломерации и центры услуг,59.84804095,30.352559621302596,45796.916666666664,31.492486994786212,6.17671064710593,11.017289319238623,8.061627138595231,7.316234109515957,35.935651790758044,130753.94871769717,65624.0,100.0,409.0,0.043088133130399275,0.05806954557266117,20.086494455551605,9.176711725805681,36.76962299872194,29.80903339396607,-3.946382778923094
2425,Новоизмайловское,Санкт-Петербург,внутригородская территория города федерального значения,0,Столичные агломерации и центры услуг,59.85177315,30.302655359029533,43961.875,32.654490238017836,6.023966510893668,11.184035099061703,8.111776133040673,6.988770034392864,35.036961984593255,130753.94871769717,83316.0,100.0,409.2,0.043088133130399275,0.05806954557266117,20.086494455551605,9.176711725805681,36.76962299872194,29.80903339396607,-3.440731950576793
2426,Пулковский меридиан,Санкт-Петербург,внутригородская территория города федерального значения,0,Столичные агломерации и центры услуг,59.807236849999995,30.272948430065746,46299.958333333336,31.127185372462336,6.173241463489903,11.362903810767282,7.83528173599968,7.410874962234661,36.09051265504613,130753.94871769717,45574.0,100.0,380.2,0.043088133130399275,0.05806954557266117,20.086494455551605,9.176711725805681,36.76962299872194,29.80903339396607,-4.105463846523041
2427,Звездное,Санкт-Петербург,внутригородская территория города федерального значения,0,Столичные агломерации и центры услуг,59.830997100000005,30.33526684218881,48737.416666666664,29.912036376590173,6.408881988208844,10.907527207995791,8.4075044567931,7.242143760977697,37.12190620943439,130753.94871769717,93726.0,100.0,403.3,0.043088133130399275,0.05806954557266117,20.086494455551605,9.176711725805681,36.76962299872194,29.80903339396607,-4.504052314377669
2428,Невская застава,Санкт-Петербург,внутригородская территория города федерального значения,0,Столичные агломерации и центры услуг,59.90305145,30.405874174800473,42293.708333333336,32.76933599725866,5.785640393964886,11.892011750996868,7.748679482293739,7.256857018335087,34.547475357150766,130753.94871769717,28050.0,100.0,408.3,0.043088133130399275,0.05806954557266117,20.086494455551605,9.176711725805681,36.76962299872194,29.80903339396607,-3.9373174615080546
2429,Ивановский,Санкт-Петербург,внутригородская территория города федерального значения,0,Столичные агломерации и центры услуг,59.87340365,30.432140543454672,42473.916666666664,32.34249864857646,5.569863742950181,11.651096634184581,8.015983443443996,7.216195766606869,35.204361764237916,130753.94871769717,27157.0,100.0,410.4,0.043088133130399275,0.05806954557266117,20.086494455551605,9.176711725805681,36.76962299872194,29.80903339396607,-4.335837899683657
2430,Обуховский,Санкт-Петербург,внутригородская территория города федерального значения,0,Столичные агломерации и центры услуг,59.86096755,30.459889879984186,42312.25,33.422907603404866,5.488204049480206,11.934744713350819,7.7393712277713815,7.54999973811608,33.86477266787665,130753.94871769717,56679.0,100.0,402.4,0.043088133130399275,0.05806954557266117,20.086494455551605,9.176711725805681,36.76962299872194,29.80903339396607,-3.2810854130346465
2431,Рыбацкое,Санкт-Петербург,внутригородская территория города федерального значения,0,Столичные агломерации и центры услуг,59.837889950000005,30.495315608573183,42222.041666666664,33.63461921966569,5.585496588184857,12.460571550578281,7.600265303353177,7.591191242172342,33.12785609604566,130753.94871769717,70132.0,100.0,388.7,0.043088133130399275,0.05806954557266117,20.086494455551605,9.176711725805681,36.76962299872194,29.80903339396607,-3.0899488577828387
2432,Народный,Санкт-Петербург,внутригородская территория города федерального значения,0,Столичные агломерации и центры услуг,59.8748392,30.483039073586617,41291.666666666664,34.216526341743524,5.215180956501733,11.957809512119859,7.4229059598909135,8.14682340735753,33.040753822386435,130753.94871769717,79762.0,100.0,399.1,0.043088133130399275,0.05806954557266117,20.086494455551605,9.176711725805681,36.76962299872194,29.80903339396607,-2.886849036249843
2433,№ 54,Санкт-Петербург,внутригородская территория города федерального значения,0,Столичные агломерации и центры услуг,59.899570100000005,30.474535712923718,42131.958333333336,33.848724307051455,5.494582138800111,11.660193902501385,7.509419032777403,7.546061664238393,33.94101895463125,130753.94871769717,67469.0,100.0,403.8,0.043088133130399275,0.05806954557266117,20.086494455551605,9.176711725805681,36.76962299872194,29.80903339396607,-2.9404070851817057
2434,Невский,Санкт-Петербург,внутригородская территория города федерального значения,0,Столичные агломерации и центры услуг,59.90975275,30.449643631224916,44503.125,32.66038129710389,5.874398794050956,11.216703989558658,8.082536998241583,7.2320554868756295,34.93392343416928,130753.94871769717,69494.0,100.0,406.8,0.043088133130399275,0.05806954557266117,20.086494455551605,9.176711725805681,36.76962299872194,29.80903339396607,-3.2194162280199516
2435,Оккервиль,Санкт-Петербург,внутригородская территория города федерального значения,0,Столичные агломерации и центры услуг,59.915285499999996,30.487840936724425,41272.333333333336,34.30717253986557,5.666845655581442,11.204988068034394,7.6059688504333565,7.332455136138118,33.882569749947116,130753.94871769717,61924.0,100.0,402.4,0.043088133130399275,0.05806954557266117,20.086494455551605,9.176711725805681,36.76962299872194,29.80903339396607,-2.7806956287768876
2436,Правобережный,Санкт-Петербург,внутригородская территория города федерального значения,0,Столичные агломерации и центры услуг,59.924781949999996,30.46219101690381,46364.375,31.897533254553608,5.919898388965808,11.220751211278342,7.9334618628794225,7.438090849790936,35.59026443253188,130753.94871769717,88163.0,100.0,401.9,0.043088133130399275,0.05806954557266117,20.086494455551605,9.176711725805681,36.76962299872194,29.80903339396607,-3.3260775381431933
2437,Павловск,Санкт-Петербург,внутригородская территория города федерального значения,0,Столичные агломерации и центры услуг,59.672366049999994,30.41636871993707,45724.083333333336,32.04913833385248,5.109034191414334,14.640517990952986,6.900994142096793,7.765967692062696,33.53434764962071,130753.94871769717,18097.0,100.0,365.5,0.043088133130399275,0.05806954557266117,20.086494455551605,9.176711725805681,36.76962299872194,29.80903339396607,-3.400176427733633
2439,Введенский,Санкт-Петербург,внутригородская территория города федерального значения,0,Столичные агломерации и центры услуг,59.95190805,30.297607115485704,48860.75,28.5617966453019,5.712299449646412,10.355109562380553,9.921369021397382,7.351735156594609,38.09769016467914,130753.94871769717,15440.0,100.0,415.6,0.043088133130399275,0.05806954557266117,20.086494455551605,9.176711725805681,36.76962299872194,29.80903339396607,-5.847197375264133
2440,Кронверкское,Санкт-Петербург,внутригородская территория города федерального значения,0,Столичные агломерации и центры услуг,59.9557075,30.314560145947926,48338.625,28.851907301433872,6.021364492239118,9.939127730192261,10.186031717114574,6.864376777083958,38.13719198193621,130753.94871769717,16497.0,100.0,416.5,0.043088133130399275,0.05806954557266117,20.086494455551605,9.176711725805681,36.76962299872194,29.80903339396607,-5.717056496113471
2441,Посадский,Санкт-Петербург,внутригородская территория города федерального значения,0,Столичные агломерации и центры услуг,59.95795495,30.32832382042426,52652.5,27.67587375169172,5.918904028236687,10.63286846785128,9.987043216273307,7.03616645044372,38.74914408550328,130753.94871769717,15788.0,100.0,416.8,0.043088133130399275,0.05806954557266117,20.086494455551605,9.176711725805681,36.76962299872194,29.80903339396607,-5.586946697573019
2442,Аптекарский остров,Санкт-Петербург,внутригородская территория города федерального значения,0,Столичные агломерации и центры услуг,59.971303750000004,30.319285472201816,55426.958333333336,26.3145830159972,6.304727886292481,10.139039814616266,10.143113295228734,7.230047759481585,39.86848822838373,130753.94871769717,20583.0,100.0,414.4,0.043088133130399275,0.05806954557266117,20.086494455551605,9.176711725805681,36.76962299872194,29.80903339396607,-6.06933737709541
2443,Петровский,Санкт-Петербург,внутригородская территория города федерального значения,0,Столичные агломерации и центры услуг,59.9578588,30.267648010120393,51708.833333333336,27.38606396792365,6.161561521241167,10.039380484082281,9.908383310875662,7.245917951384138,39.258692764493105,130753.94871769717,17453.0,100.0,405.2,0.043088133130399275,0.05806954557266117,20.086494455551605,9.176711725805681,36.76962299872194,29.80903339396607,-6.099934405587174
2444,Чкаловское,Санкт-Петербург,внутригородская территория города федерального значения,0,Столичные агломерации и центры услуг,59.968130099999996,30.26366148918581,60039.0,24.867723311292774,6.694214757140209,9.79808298899245,10.02394893840252,7.6204920813393935,40.99553792283265,130753.94871769717,29553.0,100.0,404.3,0.043088133130399275,0.05806954557266117,20.086494455551605,9.176711725805681,36.76962299872194,29.80903339396607,-6.267016649182095
2445,Петергоф,Санкт-Петербург,внутригородская территория города федерального значения,0,Столичные агломерации и центры услуг,59.8655646,29.92632884974587,41751.541666666664,34.3959482691849,5.614389299725202,13.256723812047353,6.982523666357728,7.873479231248959,31.876935721435867,130753.94871769717,80345.0,100.0,358.7,0.043088133130399275,0.05806954557266117,20.086494455551605,9.176711725805681,36.76962299872194,29.80903339396607,-2.5233139926453863
2446,Стрельна,Санкт-Петербург,внутригородская территория города федерального значения,0,Столичные агломерации и центры услуг,59.8406806,30.042220707622725,42314.666666666664,33.20443575681364,5.651017711252759,13.058266768244042,6.9309066407163185,7.697726293785909,33.45764682918733,130753.94871769717,14268.0,100.0,370.7,0.043088133130399275,0.05806954557266117,20.086494455551605,9.176711725805681,36.76962299872194,29.80903339396607,-3.4975477487429454
2447,Пушкин,Санкт-Петербург,внутригородская территория города федерального значения,0,Столичные агломерации и центры услуг,59.69777945,30.34123762416133,46660.0,31.19143960749991,5.7392564012174745,13.03976246428383,7.554891155010635,7.822525369828075,34.652125002160076,130753.94871769717,108470.0,100.0,370.5,0.043088133130399275,0.05806954557266117,20.086494455551605,9.176711725805681,36.76962299872194,29.80903339396607,-3.9458352993157355
2449,Шушары,Санкт-Петербург,внутригородская территория города федерального значения,0,Столичные агломерации и центры услуг,59.75897105,30.460010775024926,41809.791666666664,34.59398785562552,5.213251353342682,12.808706189349278,7.203203000112306,7.948904268606687,32.23194733296352,130753.94871769717,138847.0,100.0,390.3,0.043088133130399275,0.05806954557266117,20.086494455551605,9.176711725805681,36.76962299872194,29.80903339396607,-2.3107578377270093
2450,Волковское,Санкт-Петербург,внутригородская территория города федерального значения,0,Столичные агломерации и центры услуг,59.8918277,30.36893256956631,40486.333333333336,33.25085742751208,5.693545794009601,10.880713005941749,7.7757057126134015,7.173102905477598,35.22607515444556,130753.94871769717,61193.0,100.0,408.5,0.043088133130399275,0.05806954557266117,20.086494455551605,9.176711725805681,36.76962299872194,29.80903339396607,-4.145732101321632
2451,№ 72,Санкт-Петербург,внутригородская территория города федерального значения,0,Столичные агломерации и центры услуг,59.86861355,30.402340526417497,41434.5,33.667803961057864,5.864797909305838,11.163992349634484,7.338085019108208,7.32267814569028,34.642642615203336,130753.94871769717,67637.0,100.0,407.6,0.043088133130399275,0.05806954557266117,20.086494455551605,9.176711725805681,36.76962299872194,29.80903339396607,-3.3762947945838415
2452,Купчино,Санкт-Петербург,внутригородская территория города федерального значения,0,Столичные агломерации и центры услуг,59.866274849999996,30.37164629594899,41480.0,33.72737581032436,5.99164810529016,11.205723840290986,7.647493590249867,7.363839349572491,34.06391930427213,130753.94871769717,55958.0,100.0,409.4,0.043088133130399275,0.05806954557266117,20.086494455551605,9.176711725805681,36.76962299872194,29.80903339396607,-3.309563987146041
2453,Георгиевский,Санкт-Петербург,внутригородская территория города федерального значения,0,Столичные агломерации и центры услуг,59.84804095,30.38541208068105,41805.541666666664,33.72690426201342,6.013402886685251,11.23067507737996,7.517934356644211,7.440372770722921,34.07071064655424,130753.94871769717,92071.0,100.0,406.8,0.043088133130399275,0.05806954557266117,20.086494455551605,9.176711725805681,36.76962299872194,29.80903339396607,-3.160113402106596
2454,№ 75,Санкт-Петербург,внутригородская территория города федерального значения,0,Столичные агломерации и центры услуг,59.84641645000001,30.431256586371212,44130.875,32.36050045221383,6.062978877295594,11.490112595691421,7.455302654861091,7.528596206505432,35.10250921343263,130753.94871769717,62317.0,100.0,402.8,0.043088133130399275,0.05806954557266117,20.086494455551605,9.176711725805681,36.76962299872194,29.80903339396607,-3.664095890668532
2455,Балканский,Санкт-Петербург,внутригородская территория города федерального значения,0,Столичные агломерации и центры услуг,59.8296481,30.39898443330421,40846.375,34.21205027808289,6.0686080132288955,11.34597471315339,7.221095446581057,7.291956575985216,33.86031497296855,130753.94871769717,73743.0,100.0,398.6,0.043088133130399275,0.05806954557266117,20.086494455551605,9.176711725805681,36.76962299872194,29.80903339396607,-3.050635887772386
2456,Дворцовый,Санкт-Петербург,внутригородская территория города федерального значения,0,Столичные агломерации и центры услуг,59.9417293,30.324341106466644,49811.25,27.47921168986117,6.00712846809506,10.018392758098667,9.199274974436534,6.519778751772888,40.776213357735685,130753.94871769717,7273.0,100.0,419.1,0.043088133130399275,0.05806954557266117,20.086494455551605,9.176711725805681,36.76962299872194,29.80903339396607,-6.580918679781673
2457,№ 78,Санкт-Петербург,внутригородская территория города федерального значения,0,Столичные агломерации и центры услуг,59.93091995,30.329722838903272,46318.083333333336,28.686778813147612,6.0284456710913,9.652568404547386,9.099324858615043,6.681897305299668,39.85098494729899,130753.94871769717,8978.0,100.0,421.7,0.043088133130399275,0.05806954557266117,20.086494455551605,9.176711725805681,36.76962299872194,29.80903339396607,-6.58953300310054
2458,Литейный,Санкт-Петербург,внутригородская территория города федерального значения,0,Столичные агломерации и центры услуг,59.94172975,30.34962875059938,49086.75,28.608297031438408,6.312123764609076,10.080320149839949,9.315824178862393,6.719856654653662,38.96357822059651,130753.94871769717,39745.0,100.0,418.9,0.043088133130399275,0.05806954557266117,20.086494455551605,9.176711725805681,36.76962299872194,29.80903339396607,-5.707612644594947
2459,Смольнинское,Санкт-Петербург,внутригородская территория города федерального значения,0,Столичные агломерации и центры услуг,59.9405516,30.380553727094746,50149.041666666664,28.44187322344225,6.537135081831556,10.067157263394053,9.063668723423847,6.808278122771252,39.08188758513704,130753.94871769717,73451.0,100.0,413.7,0.043088133130399275,0.05806954557266117,20.086494455551605,9.176711725805681,36.76962299872194,29.80903339396607,-5.520005332859768
2460,Лиговка-Ямская,Санкт-Петербург,внутригородская территория города федерального значения,0,Столичные агломерации и центры услуг,59.922447500000004,30.37742016929306,48036.666666666664,29.765209684620004,5.903091207395048,10.560133722039616,8.667814254927558,6.899813302063375,38.2039378289544,130753.94871769717,19437.0,100.0,417.0,0.043088133130399275,0.05806954557266117,20.086494455551605,9.176711725805681,36.76962299872194,29.80903339396607,-4.899684229590683
2461,Владимирский,Санкт-Петербург,внутригородская территория города федерального значения,0,Столичные агломерации и центры услуг,59.92503605,30.344925674999615,45398.916666666664,30.08828880416536,6.035507610903826,10.007242791154695,9.14276954044873,6.490897977933267,38.23529327539412,130753.94871769717,49727.0,100.0,417.9,0.043088133130399275,0.05806954557266117,20.086494455551605,9.176711725805681,36.76962299872194,29.80903339396607,-5.467635449102673
2462,Богородское,Москва,внутригородская территория города федерального значения,0,Столичные агломерации и центры услуг,55.8199287,37.702941213837654,48090.916666666664,32.60659069083232,5.690442524797479,12.14860318501569,7.7331176865690505,7.25581848784576,34.565427424939706,194905.94275927942,107571.0,100.0,624.3,0.01425952581573415,0.4384987629922502,14.581600319922122,6.716114364821285,55.56208335830177,21.45183007439168,-2.06239639343386
2463,Вешняки,Москва,внутригородская территория города федерального значения,0,Столичные агломерации и центры услуг,55.72925615,37.809089649857086,42677.833333333336,35.416032090227475,5.665519953407597,11.849363847473349,7.026903587880414,7.282769033983559,32.759411487027606,194905.94275927942,119585.0,100.0,630.9,0.01425952581573415,0.4384987629922502,14.581600319922122,6.716114364821285,55.56208335830177,21.45183007439168,-1.1547966370516076
2464,Восточное Измайлово,Москва,внутригородская территория города федерального значения,0,Столичные агломерации и центры услуг,55.7956644,37.8233700651129,47220.333333333336,32.72432489255501,5.729900421817233,12.38267609762292,8.267770066205324,7.341868608674594,33.55345991312491,194905.94275927942,73857.0,100.0,615.6,0.01425952581573415,0.4384987629922502,14.581600319922122,6.716114364821285,55.56208335830177,21.45183007439168,-2.238980975395376
2465,Восточный,Москва,внутригородская территория города федерального значения,0,Столичные агломерации и центры услуг,55.81336965,37.86258576208655,40797.291666666664,36.02591897784932,5.244421762881899,14.064878582978002,5.720375608666164,7.109757235200931,31.83464783242368,194905.94275927942,12454.0,100.0,587.7,0.01425952581573415,0.4384987629922502,14.581600319922122,6.716114364821285,55.56208335830177,21.45183007439168,-1.2525830874606023
2466,Гольяново,Москва,внутригородская территория города федерального значения,0,Столичные агломерации и центры услуг,55.828264399999995,37.80614659329469,43993.166666666664,34.80492503225644,5.523413755109297,11.94399616600425,6.9940942201132765,7.457775633621861,33.27579519289487,194905.94275927942,164715.0,100.0,600.5,0.01425952581573415,0.4384987629922502,14.581600319922122,6.716114364821285,55.56208335830177,21.45183007439168,-1.2888616696943362
2467,Ивановское,Москва,внутригородская территория города федерального значения,0,Столичные агломерации и центры услуг,55.7681665,37.82352739291628,44997.75,34.84914921020055,5.444451025030253,12.131194782040913,7.199644373614706,7.497175874782097,32.87838473433148,194905.94275927942,125062.0,100.0,623.4,0.01425952581573415,0.4384987629922502,14.581600319922122,6.716114364821285,55.56208335830177,21.45183007439168,-0.8603743558902394
2468,Измайлово,Москва,внутригородская территория города федерального значения,0,Столичные агломерации и центры услуг,55.7815203,37.771998583420675,47852.958333333336,31.42158255537208,5.835031501504657,11.531752067552354,8.398638074678267,7.010161258619514,35.802834542273125,194905.94275927942,108666.0,100.0,626.9,0.01425952581573415,0.4384987629922502,14.581600319922122,6.716114364821285,55.56208335830177,21.45183007439168,-3.3055475522901423
2469,Косино-Ухтомский,Москва,внутригородская территория города федерального значения,0,Столичные агломерации и центры услуг,55.7135622,37.88208013383256,47448.041666666664,33.5053863769375,5.320467355035133,12.672953861664077,6.736132487801381,7.272618935305497,34.492440983256415,194905.94275927942,89438.0,100.0,598.6,0.01425952581573415,0.4384987629922502,14.581600319922122,6.716114364821285,55.56208335830177,21.45183007439168,-1.361858986170546
2470,Новогиреево,Москва,внутригородская территория города федерального значения,0,Столичные агломерации и центры услуг,55.7478477,37.80759734691753,47327.208333333336,33.00408416621829,5.499567265899697,11.926315072088107,8.025461579414067,7.19460295276116,34.34996896361868,194905.94275927942,99348.0,100.0,626.4,0.01425952581573415,0.4384987629922502,14.581600319922122,6.716114364821285,55.56208335830177,21.45183007439168,-1.9042356568923173
2471,Новокосино,Москва,внутригородская территория города федерального значения,0,Столичные агломерации и центры услуг,55.73985690000001,37.86030968917632,47116.416666666664,33.833740070131554,5.455623749134783,12.592293998469797,7.2719092104091265,7.049619825164018,33.796813146690724,194905.94275927942,107461.0,100.0,604.5,0.01425952581573415,0.4384987629922502,14.581600319922122,6.716114364821285,55.56208335830177,21.45183007439168,-1.144246962829231
2472,Метро,Москва,внутригородская территория города федерального значения,0,Столичные агломерации и центры услуг,55.84355765,37.730447525032474,41869.625,35.5788756295282,5.284609515049962,13.06828254819625,6.9121390425290015,7.228301747624186,31.927791517072396,194905.94275927942,40122.0,100.0,612.5,0.01425952581573415,0.4384987629922502,14.581600319922122,6.716114364821285,55.56208335830177,21.45183007439168,-1.309552152797878
2473,Перово,Москва,внутригородская территория города федерального значения,0,Столичные агломерации и центры услуг,55.75106905,37.75316294904828,44666.333333333336,34.32423085132123,5.74858863152603,12.26585141335184,7.254629470316043,7.141493040051629,33.265206593433234,194905.94275927942,134308.0,100.0,633.8,0.01425952581573415,0.4384987629922502,14.581600319922122,6.716114364821285,55.56208335830177,21.45183007439168,-1.5194599478231055
2474,Северное Измайлово,Москва,внутригородская территория города федерального значения,0,Столичные агломерации и центры услуг,55.80861075,37.80790535869775,43619.833333333336,34.0233170939817,5.743478250848535,11.586966621526376,7.5664129900717425,7.372496048454018,33.70732899511762,194905.94275927942,84957.0,100.0,615.1,0.01425952581573415,0.4384987629922502,14.581600319922122,6.716114364821285,55.56208335830177,21.45183007439168,-2.2001874261491556
2475,Соколиная гора,Москва,внутригородская территория города федерального значения,0,Столичные агломерации и центры услуг,55.77308215,37.73000640086924,46758.125,32.40550312908183,5.867914715969816,11.733211077942606,7.720143330682011,7.0115992298089225,35.26162851651481,194905.94275927942,92805.0,100.0,637.5,0.01425952581573415,0.4384987629922502,14.581600319922122,6.716114364821285,55.56208335830177,21.45183007439168,-2.6786631964203185
2476,Сокольники,Москва,внутригородская территория города федерального значения,0,Столичные агломерации и центры услуг,55.803106549999995,37.676558015633915,54040.125,29.69706034430899,6.2861482076785515,10.583541263361074,8.528205978934443,6.867346823624016,38.03769738209293,194905.94275927942,60396.0,100.0,636.4,0.01425952581573415,0.4384987629922502,14.581600319922122,6.716114364821285,55.56208335830177,21.45183007439168,-3.089278908729855
2477,Преображенское,Москва,внутригородская территория города федерального значения,0,Столичные агломерации и центры услуг,55.79611595,37.7239595093659,48404.5,31.41974278746184,6.052884283075892,11.370584857394588,8.381259746924291,7.304041788645939,35.47148653649745,194905.94275927942,87933.0,100.0,633.8,0.01425952581573415,0.4384987629922502,14.581600319922122,6.716114364821285,55.56208335830177,21.45183007439168,-3.119895331882804
2478,Внуково,Москва,внутригородская территория города федерального значения,0,Столичные агломерации и центры услуг,55.6011719,37.27774850921099,44490.041666666664,35.87929620255048,5.237871685332387,14.014879323290932,6.019085810009138,7.237603407373223,31.611263571443835,194905.94275927942,25182.0,100.0,557.3,0.01425952581573415,0.4384987629922502,14.581600319922122,6.716114364821285,55.56208335830177,21.45183007439168,0.005253236809607311
2479,Дорогомилово,Москва,внутригородская территория города федерального значения,0,Столичные агломерации и центры услуг,55.7382824,37.53819538698906,61897.291666666664,26.384710017323528,6.515692115608594,9.658850839411178,9.474539981199705,7.216623036921133,40.74958400953586,194905.94275927942,75669.0,100.0,641.1,0.01425952581573415,0.4384987629922502,14.581600319922122,6.716114364821285,55.56208335830177,21.45183007439168,-4.228487175231249
2480,Крылатское,Москва,внутригородская территория города федерального значения,0,Столичные агломерации и центры услуг,55.76128705,37.42593374522882,60950.083333333336,28.495225899649785,6.259761861274914,10.971704963809573,8.418864460203563,7.235378996643689,38.61906381841848,194905.94275927942,82363.0,100.0,608.7,0.01425952581573415,0.4384987629922502,14.581600319922122,6.716114364821285,55.56208335830177,21.45183007439168,-2.338902634559874
2481,Кунцево,Москва,внутригородская территория города федерального значения,0,Столичные агломерации и центры услуг,55.7865494,37.33904653654985,52801.25,31.587984434573098,6.370410822714419,11.46749197060043,7.49337721107481,7.068605397357297,36.01213016367995,194905.94275927942,151447.0,100.0,604.7,0.01425952581573415,0.4384987629922502,14.581600319922122,6.716114364821285,55.56208335830177,21.45183007439168,-1.5817627680077864
2482,Можайский,Москва,внутригородская территория города федерального значения,0,Столичные агломерации и центры услуг,55.7031183,37.39698873594055,49810.125,32.12682335683406,5.906959879183131,11.801516056111135,7.562706012357796,7.897972914980933,34.70402178053294,194905.94275927942,145961.0,100.0,613.5,0.01425952581573415,0.4384987629922502,14.581600319922122,6.716114364821285,55.56208335830177,21.45183007439168,-1.9818490973641387
2483,Ново-Переделкино,Москва,внутригородская территория города федерального значения,0,Столичные агломерации и центры услуг,55.6460967,37.35311699406779,49492.625,33.530524827446115,5.494141741009533,12.78303904475228,6.992719997042916,7.408212774176619,33.79136161557254,194905.94275927942,122058.0,100.0,578.7,0.01425952581573415,0.4384987629922502,14.581600319922122,6.716114364821285,55.56208335830177,21.45183007439168,-0.6604720107130937
2484,Очаково-Матвеевское,Москва,внутригородская территория города федерального значения,0,Столичные агломерации и центры услуг,55.6921051,37.44019185337838,52265.833333333336,30.2361044269219,5.5834781416958625,11.990391532698807,8.131111939694305,8.074390031311095,35.98452392767803,194905.94275927942,126535.0,100.0,611.8,0.01425952581573415,0.4384987629922502,14.581600319922122,6.716114364821285,55.56208335830177,21.45183007439168,-3.1111322614456243
2485,Проспект Вернадского,Москва,внутригородская территория города федерального значения,0,Столичные агломерации и центры услуг,55.6754152,37.50033023079773,61194.958333333336,27.243589306464504,6.64758668638573,9.850966258902877,9.240115648431223,7.21921121533259,39.79853088448307,194905.94275927942,65316.0,100.0,633.1,0.01425952581573415,0.4384987629922502,14.581600319922122,6.716114364821285,55.56208335830177,21.45183007439168,-3.539532584368151
2486,Раменки,Москва,внутригородская территория города федерального значения,0,Столичные агломерации и центры услуг,55.70756765,37.5220287165855,67735.41666666667,24.97093791249292,6.595000332660261,10.15028270199845,9.64979400327513,7.278788904130877,41.35519614544236,194905.94275927942,151931.0,100.0,634.7,0.01425952581573415,0.4384987629922502,14.581600319922122,6.716114364821285,55.56208335830177,21.45183007439168,-4.193591524334668
2487,Солнцево,Москва,внутригородская территория города федерального значения,0,Столичные агломерации и центры услуг,55.65443845,37.39257394460023,50759.708333333336,31.58795794797003,5.428875128977753,12.361166186793229,7.612347405225468,7.281570348189821,35.728082982843695,194905.94275927942,126309.0,100.0,592.2,0.01425952581573415,0.4384987629922502,14.581600319922122,6.716114364821285,55.56208335830177,21.45183007439168,-2.1967312541348076
2488,Тропарево-Никулино,Москва,внутригородская территория города федерального значения,0,Столичные агломерации и центры услуг,55.660388850000004,37.46917970326138,60378.166666666664,27.634953935474964,6.469583776058407,10.498832735411657,8.604235532531721,7.141478388954635,39.650915631568616,194905.94275927942,128029.0,100.0,617.7,0.01425952581573415,0.4384987629922502,14.581600319922122,6.716114364821285,55.56208335830177,21.45183007439168,-3.361086221619441
2489,Филевский парк,Москва,внутригородская территория города федерального значения,0,Столичные агломерации и центры услуг,55.7506712,37.49765608880628,59947.0,28.62485906173977,6.130344083879287,10.983255989927407,8.60853257240994,7.391004992168136,38.26200329987546,194905.94275927942,112388.0,100.0,626.4,0.01425952581573415,0.4384987629922502,14.581600319922122,6.716114364821285,55.56208335830177,21.45183007439168,-2.496534805340993
2490,Фили-Давыдково,Москва,внутригородская территория города федерального значения,0,Столичные агломерации и центры услуг,55.72641345,37.4715734111047,52268.0,31.51588284604211,6.495916399876396,11.08636946774441,7.835768811625134,7.179881709639158,35.886180765072794,194905.94275927942,111926.0,100.0,625.3,0.01425952581573415,0.4384987629922502,14.581600319922122,6.716114364821285,55.56208335830177,21.45183007439168,-1.7967481540170482
2491,Крюково,Москва,внутригородская территория города федерального значения,0,Столичные агломерации и центры услуг,55.97381905,37.169458528587185,48720.916666666664,33.393202147511715,5.377435704597602,13.88356385119344,6.910536702775722,7.553042364506886,32.88221922941464,194905.94275927942,110660.0,100.0,510.5,0.01425952581573415,0.4384987629922502,14.581600319922122,6.716114364821285,55.56208335830177,21.45183007439168,-1.0546136745595034
2492,Матушкино,Москва,внутригородская территория города федерального значения,0,Столичные агломерации и центры услуг,56.0026873,37.212159162134284,46879.333333333336,33.99660357075032,5.611496328538872,13.937537939227632,6.956545782639663,6.90278319557021,32.59503318327331,194905.94275927942,43049.0,100.0,515.9,0.01425952581573415,0.4384987629922502,14.581600319922122,6.716114364821285,55.56208335830177,21.45183007439168,-1.0748360036356381
2493,Силино,Москва,внутригородская территория города федерального значения,0,Столичные агломерации и центры услуг,56.00081815,37.17528746023808,46784.541666666664,34.07026840593089,5.704266534640151,14.075413859133404,6.644371630484494,7.083746629081412,32.42193294072965,194905.94275927942,42047.0,100.0,508.9,0.01425952581573415,0.4384987629922502,14.581600319922122,6.716114364821285,55.56208335830177,21.45183007439168,-1.0416875712353546
2494,Аэропорт,Москва,внутригородская территория города федерального значения,0,Столичные агломерации и центры услуг,55.80051,37.543848765869,58302.375,27.56487893361924,6.439120339455358,10.401863645740182,9.189543366220033,7.173144506087505,39.231449208877684,194905.94275927942,81833.0,100.0,639.2,0.01425952581573415,0.4384987629922502,14.581600319922122,6.716114364821285,55.56208335830177,21.45183007439168,-4.001912371112212
2495,Беговой,Москва,внутригородская территория города федерального значения,0,Столичные агломерации и центры услуг,55.783367999999996,37.56524718561515,59019.625,27.493770570484028,6.2862738754742065,10.526530655828608,9.179821901346257,7.4170298404110335,39.096573156455875,194905.94275927942,43190.0,100.0,651.0,0.01425952581573415,0.4384987629922502,14.581600319922122,6.716114364821285,55.56208335830177,21.45183007439168,-3.906629491736508
2496,Бескудниковский,Москва,внутригородская территория города федерального значения,0,Столичные агломерации и центры услуг,55.8637386,37.55732165198045,46817.375,33.33917523786041,5.557182344200412,12.649344313168754,7.452238429680327,7.434971656661794,33.5670880184283,194905.94275927942,79896.0,100.0,621.5,0.01425952581573415,0.4384987629922502,14.581600319922122,6.716114364821285,55.56208335830177,21.45183007439168,-1.7659547960397555
2497,Войковский,Москва,внутригородская территория города федерального значения,0,Столичные агломерации и центры услуг,55.82807015,37.495439980983114,54214.958333333336,29.483305356185515,6.172923325943126,10.864167269616782,8.261687332594748,6.898876320854887,38.31904039480494,194905.94275927942,72173.0,100.0,621.3,0.01425952581573415,0.4384987629922502,14.581600319922122,6.716114364821285,55.56208335830177,21.45183007439168,-3.2445811555775426
2498,Восточное Дегунино,Москва,внутригородская территория города федерального значения,0,Столичные агломерации и центры услуг,55.87587205,37.5632948148087,45888.791666666664,34.265606832463,5.311442435827008,12.994743292422802,7.27628215883755,7.6306593743691105,32.52126590608053,194905.94275927942,101167.0,100.0,607.1,0.01425952581573415,0.4384987629922502,14.581600319922122,6.716114364821285,55.56208335830177,21.45183007439168,-1.1607705563413073
2499,Головинский,Москва,внутригородская территория города федерального значения,0,Столичные агломерации и центры услуг,55.851948300000004,37.522369915157256,47593.708333333336,33.15363720146654,5.6864126799839845,11.742869313159009,7.64485266165906,7.573396859619421,34.19883128411199,194905.94275927942,106612.0,100.0,619.4,0.01425952581573415,0.4384987629922502,14.581600319922122,6.716114364821285,55.56208335830177,21.45183007439168,-1.6875039233646643
2500,Дмитровский,Москва,внутригородская территория города федерального значения,0,Столичные агломерации и центры услуг,55.88992855,37.52561528804165,46602.958333333336,33.55662082377723,5.155558799933219,13.193849452874998,7.218465988356676,7.629152318034777,33.2463526170231,194905.94275927942,103496.0,100.0,603.1,0.01425952581573415,0.4384987629922502,14.581600319922122,6.716114364821285,55.56208335830177,21.45183007439168,-1.6217660127039888
2501,Западное Дегунино,Москва,внутригородская территория города федерального значения,0,Столичные агломерации и центры услуг,55.87057905,37.52073517725362,47377.041666666664,32.745648269200224,5.192119507764956,12.938732977705536,7.534863258969265,7.613382487500797,33.97525349885922,194905.94275927942,84743.0,100.0,614.6,0.01425952581573415,0.4384987629922502,14.581600319922122,6.716114364821285,55.56208335830177,21.45183007439168,-2.16212843353548
2502,Коптево,Москва,внутригородская территория города федерального значения,0,Столичные агломерации и центры услуг,55.8301455,37.52166188725094,48068.291666666664,32.01061739980802,5.80550041443846,12.287330339186088,7.762473512940747,7.32793863897458,34.8061396946521,194905.94275927942,103676.0,100.0,622.4,0.01425952581573415,0.4384987629922502,14.581600319922122,6.716114364821285,55.56208335830177,21.45183007439168,-2.6503141833247357
2503,Левобережный,Москва,внутригородская территория города федерального значения,0,Столичные агломерации и центры услуг,55.865667200000004,37.46585000389081,54704.708333333336,30.00189895342117,6.2566660166294765,11.096614883134322,7.8813096958869915,6.936672135901491,37.82683831502655,194905.94275927942,55420.0,100.0,609.0,0.01425952581573415,0.4384987629922502,14.581600319922122,6.716114364821285,55.56208335830177,21.45183007439168,-2.6054123508771534
2504,Молжаниновский,Москва,внутригородская территория города федерального значения,0,Столичные агломерации и центры услуг,55.9328122,37.37291421352428,44768.041666666664,34.44507133709223,5.095531326954814,14.296383488334094,6.491795627643354,7.741036894288239,31.93018132568726,194905.94275927942,13337.0,100.0,558.9,0.01425952581573415,0.4384987629922502,14.581600319922122,6.716114364821285,55.56208335830177,21.45183007439168,-1.418395034947946
2505,Савеловский,Москва,внутригородская территория города федерального значения,0,Столичные агломерации и центры услуг,55.7998827,37.570189165100814,51235.583333333336,29.594353882318398,5.952239107975425,11.47206254290655,8.880693169807016,7.447741739674255,36.65290955731835,194905.94275927942,60149.0,100.0,644.9,0.01425952581573415,0.4384987629922502,14.581600319922122,6.716114364821285,55.56208335830177,21.45183007439168,-4.045868414299061
2506,Сокол,Москва,внутригородская территория города федерального значения,0,Столичные агломерации и центры услуг,55.80323585,37.50789609782525,55231.083333333336,28.805027921108135,6.170076913206256,10.473230197634487,9.583995845064335,7.143472156242198,37.824196966744594,194905.94275927942,57677.0,100.0,633.8,0.01425952581573415,0.4384987629922502,14.581600319922122,6.716114364821285,55.56208335830177,21.45183007439168,-3.6620255081933206
2507,Тимирязевский,Москва,внутригородская территория города федерального значения,0,Столичные агломерации и центры услуг,55.82752695,37.55318017585574,48686.75,30.80153280876219,5.89069943801492,11.42972193254338,8.67448596627311,7.2679222513681845,35.93563760303822,194905.94275927942,82774.0,100.0,629.3,0.01425952581573415,0.4384987629922502,14.581600319922122,6.716114364821285,55.56208335830177,21.45183007439168,-3.661707875763657
2508,Ховрино,Москва,внутригородская территория города федерального значения,0,Столичные агломерации и центры услуг,55.8687624,37.49443128842621,52959.25,31.09420447005385,5.906856630234442,11.695694908207322,7.807325151000128,7.297053574827357,36.1988652656769,194905.94275927942,96233.0,100.0,610.4,0.01425952581573415,0.4384987629922502,14.581600319922122,6.716114364821285,55.56208335830177,21.45183007439168,-2.0210231285680536
2509,Хорошевский,Москва,внутригородская территория города федерального значения,0,Столичные агломерации и центры услуг,55.78166105,37.525463925863505,64688.791666666664,26.19764859515558,6.3683112293527095,10.085250861200045,9.101585760555352,7.166432005520705,41.08077154821561,194905.94275927942,75533.0,100.0,631.9,0.01425952581573415,0.4384987629922502,14.581600319922122,6.716114364821285,55.56208335830177,21.45183007439168,-3.6928203550502627
2510,Алексеевский,Москва,внутригородская территория города федерального значения,0,Столичные агломерации и центры услуг,55.811043850000004,37.648999101944284,52667.083333333336,29.54144765517143,6.297039479694072,10.862891325566764,8.79477146646994,7.335236422233707,37.16861365086409,194905.94275927942,77681.0,100.0,635.4,0.01425952581573415,0.4384987629922502,14.581600319922122,6.716114364821285,55.56208335830177,21.45183007439168,-3.6747709608537127
2511,Алтуфьевский,Москва,внутригородская территория города федерального значения,0,Столичные агломерации и центры услуг,55.8786951,37.58676970811219,44125.416666666664,35.75632705387671,5.207128582086757,12.277670696107247,6.959228549976286,7.528855064570422,32.270790053382576,194905.94275927942,55741.0,100.0,618.2,0.01425952581573415,0.4384987629922502,14.581600319922122,6.716114364821285,55.56208335830177,21.45183007439168,-0.2806775528167838
2512,Бабушкинский,Москва,внутригородская территория города федерального значения,0,Столичные агломерации и центры услуг,55.867159799999996,37.66307469929678,47364.208333333336,32.74754385474847,5.881404039047506,12.080040876798314,7.442622885897735,6.933021047495518,34.915367296012455,194905.94275927942,88627.0,100.0,618.4,0.01425952581573415,0.4384987629922502,14.581600319922122,6.716114364821285,55.56208335830177,21.45183007439168,-2.1588292001795657
2513,Бибирево,Москва,внутригородская территория города федерального значения,0,Столичные агломерации и центры услуг,55.89531865,37.61298891004043,44204.166666666664,35.85062001361987,5.382285649785486,12.16503710555089,6.974240339047534,7.0480938748775275,32.579723017118695,194905.94275927942,158797.0,100.0,600.5,0.01425952581573415,0.4384987629922502,14.581600319922122,6.716114364821285,55.56208335830177,21.45183007439168,-0.14613249123175132
2514,Бутырский,Москва,внутригородская территория города федерального значения,0,Столичные агломерации и центры услуг,55.8145969,37.59305500081641,48661.666666666664,31.326354131341944,5.850198067277651,11.870368009587901,8.180080718333098,7.0227791361995635,35.75021993725984,194905.94275927942,71703.0,100.0,637.1,0.01425952581573415,0.4384987629922502,14.581600319922122,6.716114364821285,55.56208335830177,21.45183007439168,-3.1277304616682065
2515,Лианозово,Москва,внутригородская территория города федерального значения,0,Столичные агломерации и центры услуг,55.9001565,37.566279234750205,47907.75,33.51613036611449,5.406656325742755,12.365953308224631,7.211817908058784,7.204320063923611,34.29512202793574,194905.94275927942,84105.0,100.0,600.9,0.01425952581573415,0.4384987629922502,14.581600319922122,6.716114364821285,55.56208335830177,21.45183007439168,-1.2053023838718964
2516,Лосиноостровский,Москва,внутригородская территория города федерального значения,0,Столичные агломерации и центры услуг,55.8779773,37.69379539296931,48744.208333333336,33.117924609583966,5.582843893922469,12.66504727924627,7.132024684028031,7.558413593252751,33.94374593996651,194905.94275927942,83136.0,100.0,605.9,0.01425952581573415,0.4384987629922502,14.581600319922122,6.716114364821285,55.56208335830177,21.45183007439168,-1.3359293700035586
2517,Марфино,Москва,внутригородская территория города федерального значения,0,Столичные агломерации и центры услуг,55.83304165,37.59134465791635,52790.5,31.5302001855098,5.8045225160220015,11.965473965808906,8.16128400140419,7.23615836048649,35.3023609707686,194905.94275927942,36742.0,100.0,630.5,0.01425952581573415,0.4384987629922502,14.581600319922122,6.716114364821285,55.56208335830177,21.45183007439168,-1.6701339062001865
2518,Марьина роща,Москва,внутригородская территория города федерального значения,0,Столичные агломерации и центры услуг,55.7963709,37.613635009352954,52217.833333333336,30.183507046929236,6.0382641551861305,10.995392869444709,8.655863224236162,7.202801844903766,36.9241708593,194905.94275927942,62191.0,100.0,649.1,0.01425952581573415,0.4384987629922502,14.581600319922122,6.716114364821285,55.56208335830177,21.45183007439168,-3.160689009804405
2519,Останкинский,Москва,внутригородская территория города федерального значения,0,Столичные агломерации и центры услуг,55.82815775,37.625204921961924,54102.375,28.962168143139632,5.985167244097092,11.34349414544361,8.9779812022644,7.232862745306699,37.49832651974857,194905.94275927942,64840.0,100.0,635.7,0.01425952581573415,0.4384987629922502,14.581600319922122,6.716114364821285,55.56208335830177,21.45183007439168,-3.8000393716832357
2520,Отрадное,Москва,внутригородская территория города федерального значения,0,Столичные агломерации и центры услуг,55.8634221,37.60380242914428,46748.625,32.893788047266156,5.692947391665209,12.10407979128249,7.92557898377426,7.130629419830316,34.25297636618157,194905.94275927942,187737.0,100.0,620.5,0.01425952581573415,0.4384987629922502,14.581600319922122,6.716114364821285,55.56208335830177,21.45183007439168,-2.217451984848412
2521,Ростокино,Москва,внутригородская территория города федерального значения,0,Столичные агломерации и центры услуг,55.83501245,37.65247601942863,51417.625,29.797478595007497,5.465300011105479,11.882037845171634,8.680062618208819,7.819072233991813,36.35604869651476,194905.94275927942,52115.0,100.0,631.2,0.01425952581573415,0.4384987629922502,14.581600319922122,6.716114364821285,55.56208335830177,21.45183007439168,-3.795000651496385
2522,Свиблово,Москва,внутригородская территория города федерального значения,0,Столичные агломерации и центры услуг,55.853104849999994,37.64679060218354,52401.083333333336,29.799397821023447,5.877179754643313,11.412958980578049,8.469024617105198,6.810719787935479,37.63071903871452,194905.94275927942,60013.0,100.0,628.8,0.01425952581573415,0.4384987629922502,14.581600319922122,6.716114364821285,55.56208335830177,21.45183007439168,-3.4584473072280124
2523,Северное Медведково,Москва,внутригородская территория города федерального значения,0,Столичные агломерации и центры услуг,55.887221600000004,37.65176972169091,46798.041666666664,33.87880982251479,5.584291149924877,12.620544421260272,7.451205937307424,6.910892250916061,33.554256418076584,194905.94275927942,129632.0,100.0,606.8,0.01425952581573415,0.4384987629922502,14.581600319922122,6.716114364821285,55.56208335830177,21.45183007439168,-1.2215930265891435
2524,Северный,Москва,внутригородская территория города федерального значения,0,Столичные агломерации и центры услуг,55.932539750000004,37.5430355899533,50885.833333333336,30.77893645468003,5.200333635748276,13.58128309092905,7.213710585223011,8.315050511132608,34.910685722287035,194905.94275927942,55740.0,100.0,580.2,0.01425952581573415,0.4384987629922502,14.581600319922122,6.716114364821285,55.56208335830177,21.45183007439168,-2.962528911374578
2525,Южное Медведково,Москва,внутригородская территория города федерального значения,0,Столичные агломерации и центры услуг,55.87348405,37.63875189819907,48197.291666666664,33.084115084927554,5.400457998493351,12.406180548973829,7.525786469653912,7.273990591054473,34.30946930689689,194905.94275927942,88150.0,100.0,619.8,0.01425952581573415,0.4384987629922502,14.581600319922122,6.716114364821285,55.56208335830177,21.45183007439168,-1.5434401758756342
2526,Ярославский,Москва,внутригородская территория города федерального значения,0,Столичные агломерации и центры услуг,55.86185515,37.69183975110492,44951.958333333336,34.612067466976356,5.143623865435259,12.157233859773859,7.723488031788491,8.037404191467225,32.32618258455881,194905.94275927942,98861.0,100.0,611.8,0.01425952581573415,0.4384987629922502,14.581600319922122,6.716114364821285,55.56208335830177,21.45183007439168,-1.1253578578772407
2527,Куркино,Москва,внутригородская территория города федерального значения,0,Столичные агломерации и центры услуг,55.89190725,37.390105501384134,65708.54166666667,26.203492859579473,6.309253127870337,10.890153591395602,7.989126618710214,7.690446220376465,40.91752758206791,194905.94275927942,33298.0,100.0,576.9,0.01425952581573415,0.4384987629922502,14.581600319922122,6.716114364821285,55.56208335830177,21.45183007439168,-3.422699200494591
2528,Митино,Москва,внутригородская территория города федерального значения,0,Столичные агломерации и центры услуг,55.844707799999995,37.368096017542385,53203.791666666664,31.21465718431025,5.521767030023809,12.308189127390937,7.571893950189222,7.391539615195759,35.99195309289002,194905.94275927942,198194.0,100.0,586.1,0.01425952581573415,0.4384987629922502,14.581600319922122,6.716114364821285,55.56208335830177,21.45183007439168,-1.7999423530500727
2529,Покровское-Стрешнево,Москва,внутригородская территория города федерального значения,0,Столичные агломерации и центры услуг,55.8250254,37.450400553454514,48996.791666666664,31.424431737480376,5.902220079882276,11.609018294452563,7.751740728132063,7.2652903102882345,36.047298849764495,194905.94275927942,67364.0,100.0,609.9,0.01425952581573415,0.4384987629922502,14.581600319922122,6.716114364821285,55.56208335830177,21.45183007439168,-2.9705326547517164
2530,Северное Тушино,Москва,внутригородская территория города федерального значения,0,Столичные агломерации и центры услуг,55.8636562,37.428226145244714,46773.791666666664,33.870777142293655,5.5679725890437375,11.869348889125504,7.99535734200401,7.204538027305875,33.492006010227215,194905.94275927942,172055.0,100.0,589.1,0.01425952581573415,0.4384987629922502,14.581600319922122,6.716114364821285,55.56208335830177,21.45183007439168,-1.2322423091944634
2531,Строгино,Москва,внутригородская территория города федерального значения,0,Столичные агломерации и центры услуг,55.800037149999994,37.41443189208492,51187.375,32.85475192176091,5.701917064856743,11.496725205653187,7.333098649219967,7.2881025258251,35.32540463268409,194905.94275927942,163074.0,100.0,592.4,0.01425952581573415,0.4384987629922502,14.581600319922122,6.716114364821285,55.56208335830177,21.45183007439168,-0.7879640525783943
2532,Хорошево-Мневники,Москва,внутригородская территория города федерального значения,0,Столичные агломерации и центры услуг,55.7676291,37.50356254390716,57001.958333333336,29.16560747444361,5.945865297747386,11.04893426063725,8.439057457637505,7.667703207811896,37.732832301722354,194905.94275927942,182497.0,100.0,625.0,0.01425952581573415,0.4384987629922502,14.581600319922122,6.716114364821285,55.56208335830177,21.45183007439168,-2.772093694080262
2533,Щукино,Москва,внутригородская территория города федерального значения,0,Столичные агломерации и центры услуг,55.800912,37.47229143038524,57114.5,29.399230991704556,6.063021655388704,10.84919467481979,8.546067531557723,7.145823458777325,37.9966616877519,194905.94275927942,110486.0,100.0,617.0,0.01425952581573415,0.4384987629922502,14.581600319922122,6.716114364821285,55.56208335830177,21.45183007439168,-2.493177283236121
2534,Южное Тушино,Москва,внутригородская территория города федерального значения,0,Столичные агломерации и центры услуг,55.84253525,37.43197272741345,47046.416666666664,33.45405786749442,5.559401566745828,12.201583820114463,7.541698461387833,7.4139365366421615,33.829321747615296,194905.94275927942,112628.0,100.0,597.9,0.01425952581573415,0.4384987629922502,14.581600319922122,6.716114364821285,55.56208335830177,21.45183007439168,-1.5498480627463613
2535,Арбат,Москва,внутригородская территория города федерального значения,0,Столичные агломерации и центры услуг,55.751183,37.59169274344919,69993.08333333333,23.542639385832985,6.539848917726099,8.728200161132566,10.67655638049496,7.2092988677237475,43.303456287089645,194905.94275927942,36246.0,100.0,657.6,0.01425952581573415,0.4384987629922502,14.581600319922122,6.716114364821285,55.56208335830177,21.45183007439168,-5.0633612703977215
2536,Басманный,Москва,внутригородская территория города федерального значения,0,Столичные агломерации и центры услуг,55.76647805,37.66410891440593,57682.375,28.016074083461877,6.2805530703520684,10.408262594075383,9.377881753448124,6.887067902746816,39.03016059591573,194905.94275927942,111289.0,100.0,653.1,0.01425952581573415,0.4384987629922502,14.581600319922122,6.716114364821285,55.56208335830177,21.45183007439168,-3.748144703537843
2537,Замоскворечье,Москва,внутригородская территория города федерального значения,0,Столичные агломерации и центры услуг,55.73480435,37.63622820792203,56701.791666666664,27.202556692812703,6.150109678149093,10.288156334802549,9.52533782412304,6.644225645984412,40.1896138241282,194905.94275927942,55293.0,100.0,656.4,0.01425952581573415,0.4384987629922502,14.581600319922122,6.716114364821285,55.56208335830177,21.45183007439168,-4.813975793568283
2538,Савелки,Москва,внутригородская территория города федерального значения,0,Столичные агломерации и центры услуг,55.985766600000005,37.24136950404086,50448.166666666664,32.25247252907447,5.8534628511311615,13.46827582122996,7.346311308806737,6.871672094702838,34.207805395054834,194905.94275927942,36947.0,100.0,519.5,0.01425952581573415,0.4384987629922502,14.581600319922122,6.716114364821285,55.56208335830177,21.45183007439168,-1.6440361468477394
2539,Красносельский,Москва,внутригородская территория города федерального значения,0,Столичные агломерации и центры услуг,55.77645165,37.65554533802914,51713.375,29.953773006396283,5.9458964532191345,10.44396846110886,8.601934496512813,6.757416317255542,38.29701126550737,194905.94275927942,45851.0,100.0,656.2,0.01425952581573415,0.4384987629922502,14.581600319922122,6.716114364821285,55.56208335830177,21.45183007439168,-3.562065052514438
2540,Мещанский,Москва,внутригородская территория города федерального значения,0,Столичные агломерации и центры услуг,55.77805295,37.629204727445455,56576.75,28.247547516733597,6.559480824046009,9.977946677521441,9.061733943809523,6.991082730212907,39.16220830767652,194905.94275927942,55635.0,100.0,657.1,0.01425952581573415,0.4384987629922502,14.581600319922122,6.716114364821285,55.56208335830177,21.45183007439168,-3.7991118589767536
2541,Пресненский,Москва,внутригородская территория города федерального значения,0,Столичные агломерации и центры услуг,55.759997299999995,37.56622646339285,62778.083333333336,26.047726295534396,6.545455295550326,9.67312389540413,9.624301469217817,7.104746529975306,41.004646514318026,194905.94275927942,127506.0,100.0,645.1,0.01425952581573415,0.4384987629922502,14.581600319922122,6.716114364821285,55.56208335830177,21.45183007439168,-4.353816096720918
2542,Таганский,Москва,внутригородская территория города федерального значения,0,Столичные агломерации и центры услуг,55.74019025,37.671427092246965,56053.708333333336,28.78946455927905,6.241618765450838,10.781286939656749,8.86841575256839,6.950068127891619,38.369145855153356,194905.94275927942,134759.0,100.0,652.9,0.01425952581573415,0.4384987629922502,14.581600319922122,6.716114364821285,55.56208335830177,21.45183007439168,-3.4038509923905855
2543,Тверской,Москва,внутригородская территория города федерального значения,0,Столичные агломерации и центры услуг,55.7697773,37.606836670796454,61247.791666666664,25.579845029917507,6.566569346670981,9.509524804245805,10.173107234882282,6.747642438462364,41.42331114582106,194905.94275927942,75735.0,100.0,656.4,0.01425952581573415,0.4384987629922502,14.581600319922122,6.716114364821285,55.56208335830177,21.45183007439168,-5.214094594939183
2544,Хамовники,Москва,внутригородская территория города федерального значения,0,Столичные агломерации и центры услуг,55.730493499999994,37.57502459583758,68111.25,24.905551524532502,6.990454785794063,9.691563851973148,9.722312470427218,6.924698932276999,41.765418434996064,194905.94275927942,105094.0,100.0,645.1,0.01425952581573415,0.4384987629922502,14.581600319922122,6.716114364821285,55.56208335830177,21.45183007439168,-4.187648928947574
2545,Якиманка,Москва,внутригородская территория города федерального значения,0,Столичные агломерации и центры услуг,55.730051450000005,37.60978466697536,66281.0,25.266758815403318,6.36902280073267,9.613834606615585,9.981178997884486,6.686674204407593,42.082530574956344,194905.94275927942,27022.0,100.0,660.0,0.01425952581573415,0.4384987629922502,14.581600319922122,6.716114364821285,55.56208335830177,21.45183007439168,-4.263922468404466
2546,Выхино-Жулебино,Москва,внутригородская территория города федерального значения,0,Столичные агломерации и центры услуг,55.69839695,37.82433210666472,45938.5,33.85052071199453,5.546238082398813,11.812073390955346,7.179049833575019,7.331689427945438,34.280428553130854,194905.94275927942,241326.0,100.0,612.0,0.01425952581573415,0.4384987629922502,14.581600319922122,6.716114364821285,55.56208335830177,21.45183007439168,-1.5298464039105821
2547,Капотня,Москва,внутригородская территория города федерального значения,0,Столичные агломерации и центры услуг,55.6407635,37.80392929269863,38744.375,37.219693562053344,4.853996276833425,13.191543073010628,6.038418488871688,8.050728899593132,30.645619699637777,194905.94275927942,32161.0,100.0,600.5,0.01425952581573415,0.4384987629922502,14.581600319922122,6.716114364821285,55.56208335830177,21.45183007439168,-0.8988447956826422
2548,Кузьминки,Москва,внутригородская территория города федерального значения,0,Столичные агломерации и центры услуг,55.69831805,37.77170068898855,43590.125,34.24723537346104,5.411081367546586,11.670109358891006,7.60629913524868,7.515619386192841,33.54965537865986,194905.94275927942,139880.0,100.0,628.8,0.01425952581573415,0.4384987629922502,14.581600319922122,6.716114364821285,55.56208335830177,21.45183007439168,-2.0014909372284357
2549,Лефортово,Москва,внутригородская территория города федерального значения,0,Столичные агломерации и центры услуг,55.75420325,37.69541273638627,50263.208333333336,31.176972827749864,5.7879970475768685,11.505488849907476,8.587679945137419,7.139511638018805,35.802349691609564,194905.94275927942,109711.0,100.0,640.9,0.01425952581573415,0.4384987629922502,14.581600319922122,6.716114364821285,55.56208335830177,21.45183007439168,-2.780212957251142
2550,Люблино,Москва,внутригородская территория города федерального значения,0,Столичные агломерации и центры услуг,55.674310000000006,37.782028218173124,43420.208333333336,34.15317292179304,5.054824410313144,12.270022306205806,7.390843590481275,7.7151947025521705,33.41594206865455,194905.94275927942,184071.0,100.0,615.8,0.01425952581573415,0.4384987629922502,14.581600319922122,6.716114364821285,55.56208335830177,21.45183007439168,-2.15267901110091
2551,Марьино,Москва,внутригородская территория города федерального значения,0,Столичные агломерации и центры услуг,55.6548284,37.747213478286646,46910.541666666664,32.70180541324185,5.376638680823174,12.112967307798387,7.73400690315522,7.307075900033729,34.767505794947645,194905.94275927942,272278.0,100.0,619.6,0.01425952581573415,0.4384987629922502,14.581600319922122,6.716114364821285,55.56208335830177,21.45183007439168,-2.3466487573715984
2552,Некрасовка,Москва,внутригородская территория города федерального значения,0,Столичные агломерации и центры услуг,55.6973427,37.94227013925728,44724.791666666664,33.68267128371652,5.028821252347471,14.270756861673014,7.069027581473648,7.445563453626495,32.503159567162854,194905.94275927942,112860.0,100.0,580.9,0.01425952581573415,0.4384987629922502,14.581600319922122,6.716114364821285,55.56208335830177,21.45183007439168,-2.1456832469561093
2553,Нижегородский,Москва,внутригородская территория города федерального значения,0,Столичные агломерации и центры услуг,55.73281215,37.729069346641154,43951.291666666664,34.273873398661955,5.1724076927909435,12.391725283308132,7.401078167092852,7.580248778655502,33.18066667949061,194905.94275927942,50637.0,100.0,645.1,0.01425952581573415,0.4384987629922502,14.581600319922122,6.716114364821285,55.56208335830177,21.45183007439168,-1.8815440521544102
2554,Печатники,Москва,внутригородская территория города федерального значения,0,Столичные агломерации и центры услуг,55.68405415,37.72277272422427,42485.083333333336,36.04154410202767,5.205554810756468,12.727192287032016,7.183576095729799,7.368331228644438,31.473801475809598,194905.94275927942,89544.0,100.0,634.5,0.01425952581573415,0.4384987629922502,14.581600319922122,6.716114364821285,55.56208335830177,21.45183007439168,-0.6199061452148359
2555,Рязанский,Москва,внутригородская территория города федерального значения,0,Столичные агломерации и центры услуг,55.721194249999996,37.770677037652355,48657.791666666664,32.37644461075044,5.473602341871741,12.174897616810394,7.685354503375661,7.295490175106691,34.99421075208507,194905.94275927942,108657.0,100.0,635.9,0.01425952581573415,0.4384987629922502,14.581600319922122,6.716114364821285,55.56208335830177,21.45183007439168,-2.120564079901294
2556,Текстильщики,Москва,внутригородская территория города федерального значения,0,Столичные агломерации и центры услуг,55.7067973,37.73780844802143,44452.958333333336,34.30392409343025,5.5962492241920385,12.112792115615171,7.23464172391834,7.399836659002965,33.35255618384124,194905.94275927942,101550.0,100.0,638.3,0.01425952581573415,0.4384987629922502,14.581600319922122,6.716114364821285,55.56208335830177,21.45183007439168,-1.617919494469
2557,Южнопортовый,Москва,внутригородская территория города федерального значения,0,Столичные агломерации и центры услуг,55.71447735,37.67212079284408,49971.666666666664,30.894782659516494,5.66481936999689,10.963060224623954,8.25581500962814,7.364284864268668,36.85723787196585,194905.94275927942,73112.0,100.0,650.8,0.01425952581573415,0.4384987629922502,14.581600319922122,6.716114364821285,55.56208335830177,21.45183007439168,-3.1763055078828435
2558,Академический,Москва,внутригородская территория города федерального значения,0,Столичные агломерации и центры услуг,55.689314550000006,37.577918463545686,58166.666666666664,28.582708178553336,6.368029704432303,10.821399312810941,8.944959178583868,6.95413522313419,38.328768402485366,194905.94275927942,114228.0,100.0,647.9,0.01425952581573415,0.4384987629922502,14.581600319922122,6.716114364821285,55.56208335830177,21.45183007439168,-3.0421945014410547
2559,Гагаринский,Москва,внутригородская территория города федерального значения,0,Столичные агломерации и центры услуг,55.69814995,37.557893550646654,63042.458333333336,28.061731498487337,6.89656310680057,9.782098183003603,8.577030185940599,6.774757159828122,39.90781986593977,194905.94275927942,80493.0,100.0,649.4,0.01425952581573415,0.4384987629922502,14.581600319922122,6.716114364821285,55.56208335830177,21.45183007439168,-2.2426847781879715
2560,Зюзино,Москва,внутригородская территория города федерального значения,0,Столичные агломерации и центры услуг,55.654264,37.587024079824076,49200.75,31.84746184394973,5.801775651971835,11.708081536569075,7.998173168247588,7.188647311269201,35.45586048799257,194905.94275927942,123288.0,100.0,633.1,0.01425952581573415,0.4384987629922502,14.581600319922122,6.716114364821285,55.56208335830177,21.45183007439168,-2.4218370609900925
2561,Коньково,Москва,внутригородская территория города федерального значения,0,Столичные агломерации и центры услуг,55.64046295,37.52564821898008,49520.625,31.66851987164995,6.10787221444906,11.242930583926347,8.273668880131698,7.058633195172227,35.648375254670725,194905.94275927942,152544.0,100.0,623.4,0.01425952581573415,0.4384987629922502,14.581600319922122,6.716114364821285,55.56208335830177,21.45183007439168,-2.503880906881104
2562,Котловка,Москва,внутригородская территория города федерального значения,0,Столичные агломерации и центры услуг,55.67779265,37.59688144600774,47690.666666666664,33.42276263694043,5.650945651898707,11.678562576261156,7.77650159515043,7.628254701130313,33.84297283861896,194905.94275927942,65708.0,100.0,649.8,0.01425952581573415,0.4384987629922502,14.581600319922122,6.716114364821285,55.56208335830177,21.45183007439168,-1.3920507955246486
2563,Ломоносовский,Москва,внутригородская территория города федерального значения,0,Столичные агломерации и центры услуг,55.679218399999996,37.53249698848548,61863.083333333336,28.119155804026292,6.737816314168709,10.59956937787166,8.25220342819189,6.758310058495976,39.53294501724547,194905.94275927942,87044.0,100.0,640.9,0.01425952581573415,0.4384987629922502,14.581600319922122,6.716114364821285,55.56208335830177,21.45183007439168,-2.5018961636517902
2564,Обручевский,Москва,внутригородская территория города федерального значения,0,Столичные агломерации и центры услуг,55.657642550000006,37.5204589482962,58499.333333333336,28.264007577514345,6.401711884819383,10.64109839397312,8.565004462712707,6.869442597031497,39.25873508394895,194905.94275927942,87258.0,100.0,633.3,0.01425952581573415,0.4384987629922502,14.581600319922122,6.716114364821285,55.56208335830177,21.45183007439168,-3.2569278447129584
2565,Северное Бутово,Москва,внутригородская территория города федерального значения,0,Столичные агломерации и центры услуг,55.568102350000004,37.57433194255548,51988.166666666664,31.084033682440428,5.400612150295341,12.350778586151991,7.769349787735792,7.387112473646977,36.00811331972947,194905.94275927942,97516.0,100.0,590.3,0.01425952581573415,0.4384987629922502,14.581600319922122,6.716114364821285,55.56208335830177,21.45183007439168,-2.319596634615144
2566,Теплый Стан,Москва,внутригородская территория города федерального значения,0,Столичные агломерации и центры услуг,55.6291255,37.493291866261,50825.416666666664,31.443452851472763,6.2994410094061,11.303629265836078,7.476883163706496,7.323451863968086,36.15314184561048,194905.94275927942,131899.0,100.0,604.0,0.01425952581573415,0.4384987629922502,14.581600319922122,6.716114364821285,55.56208335830177,21.45183007439168,-2.307043101041623
2567,Черемушки,Москва,внутригородская территория города федерального значения,0,Столичные агломерации и центры услуг,55.6651507,37.564751555853974,55430.0,29.105723416495934,6.2341438600603585,10.85056817974803,8.684793675401863,7.257024810076272,37.86774605821754,194905.94275927942,107951.0,100.0,640.1,0.01425952581573415,0.4384987629922502,14.581600319922122,6.716114364821285,55.56208335830177,21.45183007439168,-3.26117459808931
2568,Южное Бутово,Москва,внутригородская территория города федерального значения,0,Столичные агломерации и центры услуг,55.525828849999996,37.54812993298485,49685.208333333336,32.04169285759692,5.106185419847179,13.201539001126047,7.369272841334045,7.270618850514153,35.01069102958165,194905.94275927942,211116.0,100.0,564.1,0.01425952581573415,0.4384987629922502,14.581600319922122,6.716114364821285,55.56208335830177,21.45183007439168,-2.08898734130581
2569,Ясенево,Москва,внутригородская территория города федерального значения,0,Столичные агломерации и центры услуг,55.61570195,37.53818486025987,48214.083333333336,33.24150417977839,5.709733412313614,12.171126845997238,7.1778882632308765,7.35613249676471,34.343614801915166,194905.94275927942,176505.0,100.0,606.6,0.01425952581573415,0.4384987629922502,14.581600319922122,6.716114364821285,55.56208335830177,21.45183007439168,-1.3698618182304925
2570,Бирюлево Восточное,Москва,внутригородская территория города федерального значения,0,Столичные агломерации и центры услуг,55.59677615,37.682214995136476,44703.458333333336,34.73255748319188,5.055838994327125,12.892669015467694,6.873087483953218,7.670062136993278,32.7757848860668,194905.94275927942,156160.0,100.0,604.5,0.01425952581573415,0.4384987629922502,14.581600319922122,6.716114364821285,55.56208335830177,21.45183007439168,-1.1099251394788172
2571,Бирюлево Западное,Москва,внутригородская территория города федерального значения,0,Столичные агломерации и центры услуг,55.59097665,37.63530445566829,40581.75,37.04287864679474,4.674477393196113,13.139951987945311,6.513067269517432,8.086146716742308,30.543477985804095,194905.94275927942,85308.0,100.0,604.0,0.01425952581573415,0.4384987629922502,14.581600319922122,6.716114364821285,55.56208335830177,21.45183007439168,-0.34262391743318055
2572,Братеево,Москва,внутригородская территория города федерального значения,0,Столичные агломерации и центры услуг,55.6327305,37.75725202065985,45200.416666666664,34.968426206814435,5.147892648775175,12.508716503044642,6.9895652186387744,7.239314707092932,33.146084715634046,194905.94275927942,101271.0,100.0,613.7,0.01425952581573415,0.4384987629922502,14.581600319922122,6.716114364821285,55.56208335830177,21.45183007439168,-0.6775820703130482
2573,Даниловский,Москва,внутригородская территория города федерального значения,0,Столичные агломерации и центры услуг,55.706758,37.63815993852231,52501.5,29.27096390259441,5.902926167657046,10.643876897114069,8.846471069530597,7.1443428060330705,38.191419157070804,194905.94275927942,104272.0,100.0,645.3,0.01425952581573415,0.4384987629922502,14.581600319922122,6.716114364821285,55.56208335830177,21.45183007439168,-3.9866037226464175
2574,Донской,Москва,внутригородская территория города федерального значения,0,Столичные агломерации и центры услуг,55.70525135,37.599402007275536,52104.041666666664,30.499731691988334,5.973553068187381,10.78276234021347,8.768018602754957,7.273498147793258,36.70243614906259,194905.94275927942,51291.0,100.0,649.4,0.01425952581573415,0.4384987629922502,14.581600319922122,6.716114364821285,55.56208335830177,21.45183007439168,-2.8888331194131878
2575,Зябликово,Москва,внутригородская территория города федерального значения,0,Столичные агломерации и центры услуг,55.6211068,37.7464762846473,45667.25,34.879548025521004,5.777827436013813,11.98865411951683,6.9750816739128325,7.153713972838551,33.225174772196965,194905.94275927942,133658.0,100.0,614.4,0.01425952581573415,0.4384987629922502,14.581600319922122,6.716114364821285,55.56208335830177,21.45183007439168,-0.6155371475470038
2576,Москворечье-Сабурово,Москва,внутригородская территория города федерального значения,0,Столичные агломерации и центры услуг,55.6429313,37.66013026651612,48431.958333333336,32.815153864732025,5.341369960053558,12.057553398678552,8.03717164381894,7.566543780139289,34.18220735257764,194905.94275927942,86969.0,100.0,636.1,0.01425952581573415,0.4384987629922502,14.581600319922122,6.716114364821285,55.56208335830177,21.45183007439168,-1.7492802590610554
2577,Нагатино-Садовники,Москва,внутригородская территория города федерального значения,0,Столичные агломерации и центры услуг,55.6718575,37.644622975481624,50357.666666666664,31.203464909423754,5.942541879824263,11.785156348608423,8.095113832368119,7.421768574892624,35.55195445488282,194905.94275927942,83390.0,100.0,637.3,0.01425952581573415,0.4384987629922502,14.581600319922122,6.716114364821285,55.56208335830177,21.45183007439168,-2.746134815126751
2578,Нагатинский затон,Москва,внутригородская территория города федерального значения,0,Столичные агломерации и центры услуг,55.6754775,37.68106836866207,49713.0,32.069870313652906,5.9695675515190025,12.13321961247842,7.901552725277848,7.088538870278005,34.837250926793814,194905.94275927942,120779.0,100.0,614.6,0.01425952581573415,0.4384987629922502,14.581600319922122,6.716114364821285,55.56208335830177,21.45183007439168,-2.060497918671155
2579,Нагорный,Москва,внутригородская территория города федерального значения,0,Столичные агломерации и центры услуг,55.665586399999995,37.616878024335485,48810.541666666664,31.26128116177099,6.009271029560328,11.734235549044326,7.872965129795764,7.088323447338264,36.03392368249032,194905.94275927942,77073.0,100.0,645.1,0.01425952581573415,0.4384987629922502,14.581600319922122,6.716114364821285,55.56208335830177,21.45183007439168,-3.161703561026843
2580,Орехово-Борисово Северное,Москва,внутригородская территория города федерального значения,0,Столичные агломерации и центры услуг,55.620942299999996,37.70377423301449,47282.458333333336,33.86440877376768,5.65635816683486,11.884278544946094,7.280953753121519,7.121350842155275,34.19264991917457,194905.94275927942,124886.0,100.0,613.0,0.01425952581573415,0.4384987629922502,14.581600319922122,6.716114364821285,55.56208335830177,21.45183007439168,-1.0661509058272935
2581,Орехово-Борисово Южное,Москва,внутригородская территория города федерального значения,0,Столичные агломерации и центры услуг,55.603957449999996,37.72692999819195,47620.625,33.245744713447166,5.454478991858377,12.09404556324632,7.272406365866047,7.266984591783119,34.66633977379897,194905.94275927942,146959.0,100.0,604.3,0.01425952581573415,0.4384987629922502,14.581600319922122,6.716114364821285,55.56208335830177,21.45183007439168,-1.5763089538371196
2582,Царицыно,Москва,внутригородская территория города федерального значения,0,Столичные агломерации и центры услуг,55.625825500000005,37.653823591837295,43938.333333333336,36.30955723077829,5.505004970815119,12.61922895961275,6.862825365303739,7.102727371957836,31.60065610153227,194905.94275927942,119021.0,100.0,623.1,0.01425952581573415,0.4384987629922502,14.581600319922122,6.716114364821285,55.56208335830177,21.45183007439168,0.20036357130123703
2583,Чертаново Северное,Москва,внутригородская территория города федерального значения,0,Столичные агломерации и центры услуг,55.632936,37.60208813948011,49996.458333333336,32.00060540025909,5.997187713041801,11.434218046524105,7.869548545340127,6.885971175598351,35.812469119236525,194905.94275927942,109640.0,100.0,628.1,0.01425952581573415,0.4384987629922502,14.581600319922122,6.716114364821285,55.56208335830177,21.45183007439168,-2.019039127448519
2584,Чертаново Центральное,Москва,внутригородская территория города федерального значения,0,Столичные агломерации и центры услуг,55.61442695,37.606495086854856,46413.0,33.35028884941766,5.6231844827232615,11.870075215009427,7.353631336854359,7.298478438818308,34.50434167717699,194905.94275927942,111983.0,100.0,616.5,0.01425952581573415,0.4384987629922502,14.581600319922122,6.716114364821285,55.56208335830177,21.45183007439168,-1.8603268597884672
2585,Чертаново Южное,Москва,внутригородская территория города федерального значения,0,Столичные агломерации и центры услуг,55.5883805,37.59599057807664,47988.166666666664,33.04754970742563,5.217802653957896,12.394738503580422,7.4130285093823645,7.572487021073071,34.354393604580615,194905.94275927942,156092.0,100.0,603.1,0.01425952581573415,0.4384987629922502,14.581600319922122,6.716114364821285,55.56208335830177,21.45183007439168,-1.651118045353989
2586,Старое Крюково,Москва,внутригородская территория города федерального значения,0,Столичные агломерации и центры услуг,55.98073535,37.19671695569146,46485.416666666664,34.89376046817623,5.476434487364169,14.045312732454637,6.768740307683324,7.132742982921831,31.683009021399805,194905.94275927942,37824.0,100.0,515.5,0.01425952581573415,0.4384987629922502,14.581600319922122,6.716114364821285,55.56208335830177,21.45183007439168,-0.2896003892492086
2587,Троицк,Москва,внутригородская территория города федерального значения,0,Столичные агломерации и центры услуг,55.479412249999996,37.29803052194669,48271.375,32.69261238944208,5.711059496300741,14.811086526661041,5.939690570024324,7.320378832062012,33.525172185509795,194905.94275927942,71615.0,100.0,524.0,0.01425952581573415,0.4384987629922502,14.581600319922122,6.716114364821285,55.56208335830177,21.45183007439168,-1.8744948492410565
2588,Щербинка,Москва,внутригородская территория города федерального значения,0,Столичные агломерации и центры услуг,55.504737500000005,37.560492089203365,42338.583333333336,36.096340769703666,4.95828313935573,14.190799644084585,6.234397513095045,7.207011608414608,31.31316732534637,194905.94275927942,62771.0,100.0,560.1,0.01425952581573415,0.4384987629922502,14.581600319922122,6.716114364821285,55.56208335830177,21.45183007439168,-0.6084827837632901
2589,Внуковское,Москва,внутригородская территория города федерального значения,0,Столичные агломерации и центры услуг,55.633132599999996,37.294017156052846,59011.875,27.77549109482817,5.349880694548124,13.602837069002852,8.546162195814778,7.451688615496009,37.27394033031006,194905.94275927942,64390.0,100.0,562.9,0.01425952581573415,0.4384987629922502,14.581600319922122,6.716114364821285,55.56208335830177,21.45183007439168,-3.584074648860453
2590,Воскресенское,Москва,внутригородская территория города федерального значения,0,Столичные агломерации и центры услуг,55.5141447,37.445879530400276,49207.625,31.902135384484765,5.240299484890943,14.137910157451936,6.148220918122249,7.758203741369972,34.81323031368013,194905.94275927942,19919.0,100.0,554.9,0.01425952581573415,0.4384987629922502,14.581600319922122,6.716114364821285,55.56208335830177,21.45183007439168,-2.382904923215783
2591,Вороновское,Москва,внутригородская территория города федерального значения,0,Столичные агломерации и центры услуг,55.321132399999996,37.12198675784634,41132.458333333336,36.616447719325365,4.750012390650457,19.41570103367798,4.3418114069751095,7.019526704063704,27.856500745307383,194905.94275927942,14565.0,100.0,481.7,0.01425952581573415,0.4384987629922502,14.581600319922122,6.716114364821285,55.56208335830177,21.45183007439168,-0.611580587526928
2592,Десеновское,Москва,внутригородская территория города федерального значения,0,Столичные агломерации и центры услуг,55.5013688,37.36255545236347,48886.5,31.589049055527514,5.281721666405749,14.620804998713863,6.6206122287241005,8.203128565894314,33.684683484734464,194905.94275927942,47195.0,100.0,537.4,0.01425952581573415,0.4384987629922502,14.581600319922122,6.716114364821285,55.56208335830177,21.45183007439168,-2.800385070762011
2593,Киевский,Москва,внутригородская территория города федерального значения,0,Столичные агломерации и центры услуг,55.385653,36.88688588477528,30635.875,42.82607771488982,5.205322293328623,17.603331493671,3.5433721123648545,4.704359124804394,26.117537260941308,194905.94275927942,12040.0,100.0,469.7,0.01425952581573415,0.4384987629922502,14.581600319922122,6.716114364821285,55.56208335830177,21.45183007439168,0.710317981738384
2595,Кокошкино,Москва,внутригородская территория города федерального значения,0,Столичные агломерации и центры услуг,55.60310285,37.159579389380866,34068.583333333336,40.35906500186324,4.697316927568514,16.691195964946527,4.728855100259026,6.047107497761158,27.47645950760153,194905.94275927942,21756.0,100.0,525.4,0.01425952581573415,0.4384987629922502,14.581600319922122,6.716114364821285,55.56208335830177,21.45183007439168,-0.014313114045666256
2596,Краснопахорское,Москва,внутригородская территория города федерального значения,0,Столичные агломерации и центры услуг,55.4171434,37.27218291354814,40185.875,36.53144481532056,4.8105067818765646,17.629015090797175,4.452958860241869,7.289201030809446,29.28687342095438,194905.94275927942,13029.0,100.0,512.2,0.01425952581573415,0.4384987629922502,14.581600319922122,6.716114364821285,55.56208335830177,21.45183007439168,-1.0394956217155922
2597,Марушкинское,Москва,внутригородская территория города федерального значения,0,Столичные агломерации и центры услуг,55.57954755,37.18017811146207,41836.583333333336,36.03398329292196,5.17810515191549,15.725529533560515,5.196594592300913,7.428335630321707,30.437451798979424,194905.94275927942,16230.0,100.0,530.1,0.01425952581573415,0.4384987629922502,14.581600319922122,6.716114364821285,55.56208335830177,21.45183007439168,-0.9041307730056112
2598,Михайлово-Ярцевское,Москва,внутригородская территория города федерального значения,0,Столичные агломерации и центры услуг,55.40271185,37.15274403672149,35225.208333333336,38.01901593558104,4.446844314753098,21.86543132791786,3.51731242073167,6.086549548358666,26.064846452657658,194905.94275927942,9107.0,100.0,493.3,0.01425952581573415,0.4384987629922502,14.581600319922122,6.716114364821285,55.56208335830177,21.45183007439168,-1.698814617139573
2599,Московский,Москва,внутригородская территория города федерального значения,0,Столичные агломерации и центры услуг,55.6185629,37.386349815419834,54510.083333333336,29.117505632637236,5.399851853456302,12.26684016659092,8.03591353440296,7.795841845537453,37.38404696737512,194905.94275927942,114244.0,100.0,582.3,0.01425952581573415,0.4384987629922502,14.581600319922122,6.716114364821285,55.56208335830177,21.45183007439168,-3.5184087777193054
2600,Мосрентген,Москва,внутригородская территория города федерального значения,0,Столичные агломерации и центры услуг,55.6187752,37.46926754230837,43316.708333333336,32.4732816498644,5.4634645836321525,11.899200465895248,6.416835447101221,9.084510902970948,34.662706950536034,194905.94275927942,21590.0,100.0,587.0,0.01425952581573415,0.4384987629922502,14.581600319922122,6.716114364821285,55.56208335830177,21.45183007439168,-3.8545942317680058
2601,Новофедоровское,Москва,внутригородская территория города федерального значения,0,Столичные агломерации и центры услуг,55.43835815,37.00127565993151,36880.166666666664,34.86576995883867,4.2916654284109095,20.11616639918068,4.060706997014816,7.314179595260136,29.35151162129479,194905.94275927942,23187.0,100.0,472.0,0.01425952581573415,0.4384987629922502,14.581600319922122,6.716114364821285,55.56208335830177,21.45183007439168,-4.018803871082552
2602,Первомайское,Москва,внутригородская территория города федерального значения,0,Столичные агломерации и центры услуг,55.50190525,37.21275984377017,50941.75,31.32931012262271,5.255961794594117,16.082732696283145,5.763112111668756,7.834543079161203,33.73434019567007,194905.94275927942,27069.0,100.0,514.0,0.01425952581573415,0.4384987629922502,14.581600319922122,6.716114364821285,55.56208335830177,21.45183007439168,-2.436174670787311
2604,Рязановское,Москва,внутригородская территория города федерального значения,0,Столичные агломерации и центры услуг,55.478723099999996,37.505779026145376,45681.541666666664,32.92341692031634,5.0641770781415465,15.316250839654252,5.910497975677257,7.699710430202324,33.08594675600827,194905.94275927942,33033.0,100.0,544.3,0.01425952581573415,0.4384987629922502,14.581600319922122,6.716114364821285,55.56208335830177,21.45183007439168,-2.5687970877726567
2605,Сосенское,Москва,внутригородская территория города федерального значения,0,Столичные агломерации и центры услуг,55.5740204,37.45658104304032,56422.25,27.914498983374102,5.735882434489156,13.275772887980422,7.672426654375153,7.5613597345349985,37.840059305246164,194905.94275927942,122303.0,100.0,579.7,0.01425952581573415,0.4384987629922502,14.581600319922122,6.716114364821285,55.56208335830177,21.45183007439168,-4.162008328369424
2606,Филимонковское,Москва,внутригородская территория города федерального значения,0,Столичные агломерации и центры услуг,55.56884855,37.30956742236274,43476.375,32.62922734921114,4.775995052123791,16.58031327876912,5.946768903668538,7.896365564054516,32.171329852172896,194905.94275927942,17811.0,100.0,539.6,0.01425952581573415,0.4384987629922502,14.581600319922122,6.716114364821285,55.56208335830177,21.45183007439168,-3.705215838353261
2607,Щаповское,Москва,внутригородская территория города федерального значения,0,Столичные агломерации и центры услуг,55.384577699999994,37.38527174994181,36285.916666666664,38.79692357984445,4.4704878955616225,18.434545835023965,3.891480693200231,7.369771725665126,27.036790270704596,194905.94275927942,13360.0,100.0,508.4,0.01425952581573415,0.4384987629922502,14.581600319922122,6.716114364821285,55.56208335830177,21.45183007439168,-0.5092699632425246
2618,Мантуровский,Костромская область,муниципальный округ,3,Транспортные узлы,58.333271,44.761791,23438.583333333332,50.17917776974635,4.184873777267043,16.30916973454537,1.2666906974438197,4.9558489065630935,23.104239114434325,50475.0,15147.0,83.02634184987127,335.1,0.0,0.0,23.568490983865864,15.153432458082886,10.629547611515342,43.78361278076558,3.998457092209012
2619,Переславль-Залесский,Ярославская область,городской округ,2,Промышленные и крупные города,56.7367178,38.8462714,31546.458333333332,41.861680906207575,4.749077443588971,15.993687497103767,3.5788685105353824,5.67786281603481,28.1388228265295,65925.5,54039.0,67.14409963174745,416.3,1.3638946770221634,0.0,44.66755067247585,2.898276188672097,16.830839174086,34.637241901875356,0.36735030033952254
2620,Соликамский,Пермский край,городской округ,2,Промышленные и крупные города,59.649437,56.779594,33342.958333333336,42.72398729794971,4.3298844236117455,11.553249242428842,4.292510339626603,6.428092995027697,30.6722757013554,72739.3,99951.0,88.22723134335824,285.0,0.2117847993168232,1.2536293766011957,59.01622544833476,4.051238257899231,9.222886421861656,26.049530315969253,2.1846239845646114
2621,Березники,Пермский край,городской округ,2,Промышленные и крупные города,59.4084171,56.8036958,34126.166666666664,41.8104817069741,4.201429692197629,11.08215299830593,5.422259803012705,6.311506815389632,31.172168984120002,89172.5,147365.0,95.36524955043599,288.1,0.05745418524021793,2.4863793957404656,59.308568598316,7.24517087667162,12.227835562159486,18.676572560673602,1.669228216602057
2644,Серпухов,Московская область,городской округ,2,Промышленные и крупные города,54.9155247,37.4195533,39589.416666666664,36.82755192542517,4.989653335037311,14.281407481447895,5.472743323792276,7.598714850432146,30.829929083865203,95253.0,181687.0,73.61891604792858,445.8,0.6558560726857006,0.0,41.89656728541773,3.1799993982971815,24.191461836998705,30.130268660308673,-0.9777896189292463
2646,Обнинск,Калужская область,городской округ,2,Промышленные и крупные города,55.0951738,36.611913,39686.916666666664,35.60876192210019,6.099112433870305,13.819656705073454,5.85055727326011,7.097659525878522,31.524252139817417,93271.9,132477.0,100.0,439.4,0.0,0.0,40.46979006656426,2.0929339477726576,29.92831541218638,27.502560163850486,-2.12713021088891
2647,Боровский,Калужская область,муниципальный район,2,Промышленные и крупные города,55.2049516,36.48485294979915,31949.875,40.4156687589451,5.209413626068682,16.53935801164607,4.1769238336482495,6.596952673209023,27.061683096482874,98046.0,82139.0,66.40572687760991,438.0,0.0,0.0,66.914548404543,4.398774112132684,13.435190192897062,14.634036416080765,-0.832984666958793
2648,Лосино-Петровский,Московская область,городской округ,2,Промышленные и крупные города,55.8705593,38.2032701,39483.833333333336,37.37980251413622,4.722624535448982,16.630688506012785,5.1866110539605295,7.272105727703454,28.808167662738022,78580.1,72040.0,77.005830094392,511.2,0.0,0.0,40.42392127176381,2.22558667676003,16.729750189250566,34.44360333080999,-0.49431199426009237
2649,Щёлково,Московская область,городской округ,0,Столичные агломерации и центры услуг,55.9206499,37.9915576,42154.0,36.07009610662038,5.1049570715229065,14.396500724254707,5.792332539784075,7.446438143234686,31.189675414583245,99529.8,218279.0,82.06194824055451,534.6,0.0,0.20254709913709387,36.60275797008962,2.7968147387697346,26.93044033184429,32.64615299242529,-0.7143849868949254
2651,Одинцовский,Московская область,городской округ,0,Столичные агломерации и центры услуг,55.678223,37.2668096,47653.791666666664,32.12833476292409,5.511458038935576,13.93153594772457,6.849415444991558,8.268330215985808,33.3109255894384,127207.5,482184.0,67.47237569060773,549.7,2.687820458142599,0.0,19.718897197501732,3.736032526797646,48.09265209026376,25.67171817690711,-2.6853194317791833
2652,Орехово-Зуевский,Московская область,городской округ,2,Промышленные и крупные города,55.8083278,38.9790038,37653.416666666664,39.153833120132994,4.724352580328605,14.91788883422179,4.802156173179572,6.936758708566172,29.465010583570866,84913.1,240323.0,71.05811761670752,449.8,0.6823662203068083,0.0,40.22882355959161,7.985737006823662,18.582935713919245,32.473962341593555,0.5466563083535165
2710,Вышневолоцкий,Тверская область,городской округ,2,Промышленные и крупные города,57.5883648,34.5720732,28022.458333333332,45.34629075737255,4.9812095652671085,15.566636388461438,3.856333657423535,5.965485792286009,24.28404383918936,42874.9,63833.0,74.89073049989817,354.4,2.0026121027427077,0.0,20.39181541140618,11.066608619939052,13.252067914671311,44.97170222028733,1.9707752810751087
2808,Коломна,Московская область,городской округ,2,Промышленные и крупные города,55.0938743,38.7670121,39486.916666666664,37.911207617555704,5.092051844174799,14.07685241594221,5.226171118008161,6.909654944851772,30.78406205946736,88235.0,213701.0,73.03335033528154,439.2,2.168027324225258,0.0,37.66244585138287,6.737337554148618,25.99550149950017,27.436687770743085,0.07606607286603737
2809,Кунгурский,Пермский край,муниципальный округ,2,Промышленные и крупные города,57.4397771,56.9266073,26939.166666666668,43.225981617816004,4.671067387572413,10.755432305248224,4.386484705121055,6.476267224732883,30.48476675950942,57065.1,103245.0,59.691026199815965,310.0,7.152575315840622,2.9154518950437316,27.625526401036606,7.50242954324587,13.644314868804663,41.33462908973113,-0.7677690907785915
2813,Шатура,Московская область,городской округ,2,Промышленные и крупные города,55.578403,39.5437584,35545.083333333336,42.302984691874954,4.171473571225,16.17605437904384,3.785085417607561,5.543085748575313,28.021316191673336,72601.9,101188.0,65.00573190496897,420.8,1.8277595977332588,0.0,35.48567323808764,5.994093702609945,14.749780509218613,41.56756325325245,2.7464035341110846
2814,Пушкинский,Московская область,городской округ,0,Столичные агломерации и центры услуг,56.0104274,37.8461892,43195.166666666664,35.125378728197184,5.296318370360218,14.279745218941468,6.044002398935595,7.705849708688849,31.548705574876696,88257.1,300898.0,91.50343305704924,521.8,3.015542907180385,0.0,24.735478692352597,11.323336252189142,37.321220081727965,23.589827787507296,-1.2671115946153988
2872,Приуральский,Ямало-Ненецкий автономный округ,муниципальный округ,1,Ресурсные территории Севера и Востока,66.5582332,67.8051987,41147.666666666664,47.71468033816044,3.2051356149243344,10.88284454059416,2.8484039617544545,4.225528631034296,31.12340691353232,129786.2,10095.0,0.0,203.1,5.478678339452133,0.0,22.11239762778876,8.75458909912454,13.866139508613387,48.46088675515391,10.587832679626768
2876,Кисловодск,Ставропольский край,городской округ,2,Промышленные и крупные города,43.9128743,42.7192186,33378.125,32.18797848724065,5.764631003616886,15.827629444060639,6.1404606155088395,7.983753516498053,32.09554693307493,63656.5,133451.0,94.7336475560318,302.2,0.0,0.0,9.167005754810207,4.185316514561413,13.9161774109167,72.60361564843342,-8.412280295670348
2879,Губкинский,Ямало-Ненецкий автономный округ,городской округ,1,Ресурсные территории Севера и Востока,64.4337824,76.4898086,47180.916666666664,35.85845025946458,4.227020564230518,14.99412369593712,6.207041540938046,5.164429406771311,33.54893453265842,157226.9,34958.0,100.0,205.0,0.0,33.568269762299614,14.835544499723605,11.408236594803759,16.369541182974018,23.756218905472636,0.943444082106555
2880,Лабытнанги,Ямало-Ненецкий автономный округ,городской округ,1,Ресурсные территории Севера и Востока,66.6888835,66.4347161435694,47829.458333333336,41.256804101083056,3.977417046090928,11.315638435101286,4.056830483525138,4.915200775794639,34.478109158404955,124659.2,31295.0,100.0,205.4,0.5635760055585579,0.0,34.995753879410174,13.664788079981472,14.467690882421062,33.420829151547906,6.5771326115208595
2881,Предгорный,Ставропольский край,муниципальный округ,5,Аграрные районы,44.0216516,42.8742331,27022.166666666668,34.00616278786884,6.110631306380712,15.478652739291473,4.774093926434135,8.410857194429088,31.219602045595757,54992.4,109591.0,0.0,310.0,22.260349789683417,0.0,17.11312818242196,0.8080584458711534,11.290679654638035,45.56121319459818,-9.968717379453174
2882,Пуровский,Ямало-Ненецкий автономный округ,муниципальный округ,1,Ресурсные территории Севера и Востока,64.9219991,77.779459,42050.5,37.61887327885693,4.324726533739476,14.932877370116024,5.048038523147607,5.081097617849051,32.994386676290915,176767.4,36676.0,76.20242120187588,200.9,0.7709564845808703,50.17270849654582,19.532084609358307,6.799729364005412,11.945374261092514,10.777366284452675,0.8996048837855285
2883,Кимрский,Тверская область,муниципальный округ,2,Промышленные и крупные города,56.8734395,37.3556968,31412.583333333332,44.22373951466263,4.662032016924095,16.25281944838867,3.560028281060708,5.543189753060817,25.758190985903074,48260.2,51679.0,79.50618239517019,404.5,0.0,0.0,21.19770533090807,7.723520358192248,14.061844130404367,47.6423674268924,2.662260010154158
2884,Ржевский,Тверская область,муниципальный округ,2,Промышленные и крупные города,56.2565207,34.328649,28018.0,42.875337685708665,4.927881029412196,15.883666963674584,3.5738015745670095,6.6689580556904176,26.070354690947134,51322.1,63768.0,83.60306109647472,367.9,5.619488865640412,0.0,35.338514422358394,11.261395904946944,9.871469137647585,36.53415035121805,-0.5152246091823811
2885,Кудымкарский,Пермский край,муниципальный округ,4,Районы бюджетной экономики,59.014606,54.664135,24183.166666666668,46.656654531301186,4.631745587776347,10.380933063000358,4.2065804172525,6.475838442644428,27.64824795802518,51081.4,50562.0,57.23468217238242,297.3,5.4206896551724135,0.0,7.903448275862068,2.6482758620689655,18.26206896551724,65.51724137931035,0.924547474828557
2886,Губахинский,Пермский край,муниципальный округ,2,Промышленные и крупные города,58.842407,57.555058,26400.375,45.768300227615796,4.077232373409675,13.156300805239862,3.388181153827992,4.483338570660295,29.126646869246382,69339.0,43671.0,92.48471525726455,290.7,0.0,0.0,49.14105302256477,5.682978920976877,12.303835082180333,31.172810845946696,1.5009504345549742
2887,Саратов,Саратовская область,городской округ,2,Промышленные и крупные города,51.530018,46.034683,31290.25,37.386315489986934,5.7566835325148205,11.950018093023777,6.160506543979446,7.434883423900886,31.31159291659414,68749.6,937364.0,95.57727841052142,343.3,0.7276918880392795,0.9793483329960316,27.278766707436187,8.444129629466682,24.932906279972194,37.63715716208963,-4.188663215771958
3005,Арзамас,Нижегородская область,городской округ,2,Промышленные и крупные города,55.3987879,43.8210933,29821.5,42.24290103382799,5.433605705235039,13.698206337474927,3.1367195027983072,6.657343970157953,28.83122345050579,69530.0,144670.0,76.96343402225754,372.6,0.4564090662953508,0.0,52.536035687578966,6.039039735953173,13.607178773110542,27.11379283669838,-0.12028078592666534
3007,Прокопьевский,Кемеровская область,муниципальный округ,1,Ресурсные территории Севера и Востока,53.8879117,86.7492072,26668.625,44.47859491169676,4.715705267799212,14.730186512373637,2.889142257225212,6.231062635810642,26.955308415094535,90215.6,43200.0,26.002314814814813,321.4,1.9146390107698443,60.178167796835524,8.90838984177636,9.338297212250144,7.202056464122679,12.4628817089926,0.371211010736387
3009,Тамбов,Тамбовская область,городской округ,2,Промышленные и крупные города,52.73111849999999,41.4341991460869,30860.75,38.876899194526686,5.352816473115567,14.309614032182546,4.593578686396072,7.0786090587147745,29.78848255506435,60551.3,288947.0,88.69031344848709,410.2,0.6954425332653346,0.0,29.75334971486856,3.4772126663266727,24.254717418517316,40.47591450693125,-2.9457446693075666
3011,Златоустовский,Челябинская область,городской округ,2,Промышленные и крупные города,55.1674213,59.6792625,28541.625,41.5823642843917,4.99987499949072,11.628719247508892,4.433759659945655,5.863713278462907,31.491568530200126,58394.4,160367.0,98.89628165395624,307.9,0.0,0.0,34.1339935700824,14.042348767599128,15.34680906101031,36.299471564243746,-1.5362185990304629
3012,Кусинский,Челябинская область,муниципальный район,4,Районы бюджетной экономики,55.336521,59.445938,21304.833333333332,49.132223336156805,5.490551646803196,12.268581334788163,2.026257241538978,4.247369062828615,26.835017377884245,47588.8,24970.0,82.5430516619944,307.7,0.0,0.0,8.329963606955115,0.0,10.87747674888799,70.8451273756571,1.362891871197465
3013,Солнечногорск,Московская область,городской округ,0,Столичные агломерации и центры услуг,56.1853501,36.9781536,42617.083333333336,36.65591291207135,4.6730189153074555,15.046183718609148,5.5470698281784525,7.76413384364842,30.313680782185177,102601.2,135509.0,56.988834689946785,465.6,0.2539427960438385,0.0,26.549051055867416,7.995188452285486,38.67147821438118,26.538358727612938,0.024905992415207485
