,2023-01,2023-02,2023-03,2023-04,2023-05,2023-06,2023-07,2023-08,2023-09,2023-10,2023-11,2023-12,2024-01,2024-02,2024-03,2024-04,2024-05,2024-06,2024-07,2024-08,2024-09,2024-10,2024-11,2024-12
1,8,8,8,8,8,8,8,8,8,8,8,8,8,8,8,8,8,8,8,8,8,8,8,8
2,8,8,8,8,8,8,8,8,8,8,8,8,8,8,8,8,8,8,8,8,8,8,8,8
3,2,2,2,9,0,0,0,0,0,0,0,0,0,0,0,0,0,0,0,0,0,0,0,0
4,2,2,2,2,7,8,8,8,8,8,8,8,8,8,8,8,8,8,8,8,8,8,8,8
5,2,2,2,2,2,2,2,2,2,2,2,2,2,8,8,2,2,7,7,7,7,7,2,2
6,8,8,7,7,7,8,8,8,7,7,7,8,8,8,8,8,8,8,8,8,8,8,8,8
7,4,4,4,4,8,8,8,8,8,8,4,4,4,4,4,4,4,4,4,4,4,4,4,4
8,8,8,7,7,7,8,8,8,8,8,8,8,8,8,8,8,8,8,8,8,8,8,8,8
9,7,7,7,7,7,7,7,7,7,7,7,7,7,8,8,7,7,7,7,7,7,7,7,7
10,8,8,8,8,8,8,8,8,8,8,8,8,8,8,8,8,8,8,8,8,8,8,8,8
11,7,7,7,7,7,8,8,7,7,7,7,7,7,7,7,7,7,7,7,7,7,7,7,7
12,7,7,7,7,7,8,8,8,8,8,8,8,8,8,8,8,8,8,8,8,8,8,8,8
13,7,7,7,7,7,7,7,7,7,7,7,7,7,7,7,7,7,7,7,7,7,7,7,7
14,7,7,7,7,7,7,7,7,7,7,7,7,7,7,1,1,1,1,1,3,3,7,10,10
15,7,7,7,7,7,7,7,7,7,7,7,7,7,7,7,7,7,7,7,7,7,7,7,7
16,7,7,7,7,7,7,7,7,7,7,7,7,7,7,7,7,7,7,7,7,7,7,7,7
17,7,7,7,7,7,7,7,7,7,7,7,7,7,7,7,7,7,7,7,7,7,7,7,7
18,1,1,1,1,1,7,7,7,7,7,7,7,7,7,1,1,1,1,1,3,3,3,7,7
19,2,1,1,1,1,1,1,1,1,9,9,9,1,1,1,1,1,1,1,1,1,1,2,2
20,7,7,7,7,7,7,7,7,7,7,7,7,7,7,7,7,7,7,7,7,7,7,7,7
21,8,8,8,8,8,8,8,8,8,8,8,8,8,8,8,8,8,8,8,8,8,8,8,8
22,8,8,9,9,9,9,7,7,7,0,0,0,0,0,0,0,0,0,0,0,0,0,0,0
23,8,8,8,8,8,8,8,8,8,8,8,8,8,8,8,8,8,8,8,8,8,8,8,8
25,8,8,8,8,8,8,8,8,8,8,8,8,8,8,8,8,8,8,8,8,8,8,8,8
26,8,8,8,8,8,8,8,8,8,8,8,8,8,8,8,8,8,8,8,8,8,8,8,8
27,8,8,8,8,8,8,8,8,8,8,8,8,8,8,8,8,8,8,8,8,8,8,8,8
28,8,8,8,8,8,8,8,8,8,8,8,8,8,8,8,8,8,8,8,8,8,8,8,8
29,8,8,8,8,8,8,8,8,8,8,8,8,8,8,8,8,8,8,8,8,8,8,8,8
30,7,7,7,7,7,7,7,7,7,7,7,7,7,7,7,7,7,7,7,7,7,7,7,7
31,7,7,7,7,7,7,7,7,7,7,7,7,7,7,7,7,7,7,7,7,7,7,2,2
32,7,7,7,7,9,7,7,9,9,9,9,9,9,9,9,0,0,0,2,2,2,2,2,0
33,7,7,7,7,7,7,7,7,7,7,7,7,2,7,7,7,7,7,7,7,7,7,2,2
34,7,7,7,7,7,7,7,7,7,7,7,7,7,7,7,7,7,7,7,7,7,7,2,2
35,7,7,7,7,7,8,8,8,7,7,7,8,8,8,8,8,8,7,7,7,7,7,7,7
36,7,7,7,7,7,7,7,7,7,7,7,7,7,7,7,7,7,7,7,7,7,7,2,2
37,7,7,7,7,7,7,7,7,7,7,7,7,7,7,7,7,7,7,7,7,7,7,2,2
38,8,8,8,8,8,8,8,8,8,8,8,8,8,8,8,8,8,8,8,8,8,8,8,8
39,7,7,7,7,7,7,7,7,7,7,7,7,7,7,7,7,7,2,2,7,7,7,2,2
40,7,7,7,7,7,7,7,7,7,7,7,7,8,8,8,8,8,8,8,8,8,8,8,8
41,7,7,7,7,7,7,7,7,7,7,7,7,7,7,7,7,7,7,7,7,7,7,2,2
42,8,8,8,8,8,8,8,8,8,8,8,8,8,8,8,8,8,8,8,8,8,8,8,8
43,7,7,7,7,9,9,9,7,7,7,7,7,7,7,7,0,0,0,0,0,7,7,2,1
44,8,8,8,8,8,8,8,8,8,8,8,8,8,3,3,3,3,3,4,4,4,3,3,3
45,7,7,7,7,7,7,7,7,7,7,7,7,7,7,7,7,7,7,7,7,7,7,2,2
46,7,7,7,7,7,7,7,7,7,7,7,7,7,7,7,7,7,7,7,7,7,7,2,2
47,7,7,7,7,7,7,7,7,7,7,7,7,7,8,8,8,7,7,7,7,7,7,7,7
48,7,7,7,7,7,7,7,7,7,7,7,7,7,7,7,7,7,2,2,7,7,7,2,2
49,8,8,8,8,7,7,7,7,7,7,0,0,0,8,8,3,3,3,3,3,3,0,0,0
50,7,7,7,7,7,7,7,7,7,7,7,7,7,7,7,7,7,7,7,7,7,7,8,7
51,7,7,7,8,8,8,8,8,8,8,8,8,8,8,8,8,8,8,8,8,8,8,8,8
52,7,7,7,7,7,7,7,7,7,7,7,7,7,7,7,7,7,7,7,0,0,2,2,2
53,7,7,7,7,7,7,7,7,7,7,7,7,7,7,7,7,7,7,7,7,7,7,7,7
54,7,7,7,7,7,7,7,7,7,7,7,7,8,8,8,8,8,7,7,7,7,7,2,2
55,7,7,5,5,5,5,5,8,8,7,7,7,7,7,7,7,7,3,3,3,3,3,3,7
56,7,7,7,7,7,7,7,7,7,7,7,7,7,7,7,7,7,7,7,7,7,7,2,2
57,8,8,8,8,8,8,8,8,8,8,8,8,8,8,8,8,8,8,8,8,8,6,6,8
58,7,7,7,9,9,9,7,7,7,7,9,9,0,0,0,0,0,0,0,0,0,0,0,0
59,7,7,7,7,7,7,7,7,7,7,7,7,7,7,7,7,7,7,7,7,7,7,8,8
60,7,7,7,7,7,7,7,7,7,7,7,7,7,7,7,7,7,7,7,7,7,7,2,8
61,7,7,7,7,7,7,7,7,7,7,7,7,7,7,7,7,7,7,7,7,7,7,2,2
62,7,7,7,7,7,7,7,7,7,7,7,7,7,7,7,7,7,7,7,7,7,7,2,2
63,7,7,7,7,7,7,7,7,7,7,7,7,7,7,7,7,7,2,2,7,7,7,2,2
65,7,7,7,7,7,7,7,7,7,7,7,9,0,0,7,7,7,7,7,0,0,0,2,2
66,8,8,8,8,8,8,8,8,8,8,8,8,8,8,8,8,8,8,8,8,8,8,8,8
67,7,7,7,7,7,7,7,7,7,7,7,7,7,7,7,7,7,2,2,7,7,7,2,2
68,7,7,7,7,7,7,7,7,7,7,7,7,7,7,7,7,7,7,7,7,7,7,2,2
69,7,7,7,7,7,7,7,7,7,7,7,7,7,7,7,7,7,2,2,7,7,7,2,2
70,7,7,7,9,9,9,9,9,0,0,0,0,0,0,0,0,0,0,0,0,0,0,0,0
71,7,7,7,7,7,7,7,7,7,7,7,7,7,7,7,7,7,7,7,7,7,7,8,2
72,7,7,7,7,7,7,7,7,7,7,7,7,7,7,7,7,7,2,2,7,7,7,2,2
73,8,8,8,8,8,8,8,8,8,8,8,8,8,8,8,8,8,8,8,8,8,8,8,8
74,7,7,7,7,7,7,7,7,7,7,7,7,7,7,7,7,7,7,7,7,7,7,2,2
75,8,8,8,8,8,8,8,8,8,8,8,8,8,8,8,8,8,8,8,8,8,8,8,8
76,8,8,8,8,8,8,8,8,8,8,8,8,8,8,8,8,8,8,8,8,8,8,8,8
77,8,8,8,8,8,8,8,8,8,8,8,8,8,8,8,8,8,8,8,8,8,8,8,8
78,7,7,7,7,7,7,9,9,7,7,7,9,9,9,7,7,7,2,2,7,7,7,2,2
79,7,7,7,7,7,7,7,7,7,7,7,7,7,7,7,7,7,7,7,7,7,8,8,8
80,7,7,7,7,7,7,7,7,7,7,7,7,7,7,7,7,7,2,2,7,7,7,2,2
81,7,7,7,7,7,7,7,8,8,8,8,8,8,8,8,8,8,8,8,8,8,8,8,8
82,7,7,7,7,7,7,7,7,7,7,7,7,7,7,7,7,7,7,7,7,7,7,2,2
83,7,7,7,7,7,7,7,7,7,7,7,7,8,8,8,8,8,7,7,7,7,8,8,8
167,8,8,8,8,8,8,8,8,8,8,8,8,8,8,8,8,8,8,8,8,8,8,8,8
168,8,8,8,8,8,8,8,8,8,8,8,8,8,8,8,8,8,8,8,8,8,8,8,8
169,8,8,8,8,8,8,8,8,8,8,8,8,8,8,8,8,8,8,8,8,8,8,8,8
173,2,2,2,2,2,2,2,2,2,2,2,2,2,8,8,2,2,2,8,8,8,8,8,8
181,2,2,2,2,2,2,2,2,2,2,2,2,2,2,2,2,2,2,2,2,2,2,2,2
184,2,2,9,9,9,9,9,9,9,9,9,9,9,9,9,2,0,0,0,0,0,0,2,2
185,8,8,8,8,8,2,2,2,2,2,2,2,2,8,8,2,2,2,8,8,7,7,2,2
188,2,2,2,2,2,2,2,2,2,0,0,1,1,1,1,1,2,2,2,2,2,2,2,2
191,8,2,2,2,2,2,2,2,2,2,2,2,2,2,7,7,7,7,8,8,8,2,2,2
194,8,8,8,8,8,8,8,8,8,8,8,8,8,8,8,8,8,8,8,8,8,8,8,8
195,8,8,8,8,8,8,8,8,8,8,8,8,8,8,8,8,8,8,8,8,8,8,8,8
196,8,8,8,8,8,8,8,8,8,8,8,8,8,8,8,8,8,8,8,8,8,8,8,8
198,8,8,8,8,8,2,2,2,2,2,2,2,8,8,8,8,8,8,8,8,8,8,8,8
201,8,8,8,8,8,8,8,8,8,8,8,8,8,8,8,8,8,8,8,8,8,8,8,8
203,8,8,8,8,0,0,2,2,2,2,2,2,2,8,8,0,0,2,8,8,8,8,8,8
204,2,2,2,8,8,8,8,8,8,8,8,8,8,8,8,8,8,8,8,8,8,8,8,8
205,8,8,8,8,8,8,8,8,8,8,8,8,8,8,8,8,8,8,8,8,8,8,8,8
206,3,3,3,3,3,3,3,3,3,4,4,4,4,4,3,3,3,3,3,4,4,4,4,4
207,3,3,3,3,3,3,3,3,3,3,3,3,3,3,3,3,3,3,3,3,3,3,3,3
208,3,3,3,3,3,3,3,3,3,3,10,10,10,10,10,10,10,10,10,10,10,10,10,10
209,1,1,1,1,1,3,3,3,7,7,7,7,7,7,1,1,1,1,1,1,1,1,1,1
210,3,3,3,3,3,3,3,3,3,3,10,10,10,10,10,10,10,10,10,10,10,10,10,10
211,3,3,3,3,3,3,3,3,3,3,3,3,3,3,3,3,3,3,3,3,3,3,3,3
212,3,3,3,3,3,3,3,0,4,4,4,4,10,10,10,10,10,10,3,3,3,3,3,10
213,3,3,3,3,3,3,3,3,3,3,10,10,10,10,10,10,10,10,10,10,10,10,10,10
214,3,3,3,3,3,3,3,3,3,3,10,10,10,10,10,10,10,10,10,10,10,10,10,10
215,1,1,1,1,3,3,3,3,3,3,1,1,1,10,10,10,10,10,10,10,10,10,10,10
216,3,3,3,3,3,3,3,3,3,3,10,10,10,10,10,10,10,10,10,10,10,10,10,10
217,3,3,3,3,3,3,3,3,3,3,10,10,10,10,10,10,10,10,10,10,10,10,10,10
218,3,3,4,4,4,3,3,3,3,3,3,3,3,3,4,4,4,4,4,3,3,3,3,3
219,3,3,3,3,3,3,3,3,3,3,0,0,0,0,10,10,10,10,10,10,10,0,0,10
220,3,3,3,5,5,5,1,1,1,1,10,10,10,10,10,10,10,10,10,10,10,10,10,10
221,3,3,3,3,3,3,3,3,3,3,10,10,10,10,10,10,10,10,10,10,10,10,10,10
222,3,3,3,3,3,3,3,3,3,3,3,3,3,3,3,3,3,3,3,3,3,3,3,3
223,0,0,0,3,3,3,3,3,3,3,10,10,10,10,10,10,10,10,10,0,0,0,0,0
224,3,3,3,3,3,3,3,3,3,3,3,3,3,3,3,3,3,3,3,3,3,3,4,4
225,3,3,3,3,3,3,3,3,3,3,3,3,3,3,3,3,3,3,3,5,5,3,3,3
226,3,3,3,3,3,3,3,3,3,3,3,3,3,3,3,3,3,3,3,3,3,3,3,3
227,3,3,3,3,3,3,3,5,5,5,5,5,5,10,10,5,5,3,3,5,5,5,5,5
228,3,3,3,3,3,3,3,3,3,3,3,3,3,3,3,3,3,3,3,3,3,3,3,3
229,3,3,3,3,3,3,3,3,3,3,3,3,3,3,3,3,3,3,3,3,3,3,3,3
230,3,3,5,5,5,3,3,3,3,3,10,10,10,5,5,5,10,10,10,10,10,10,10,10
231,3,3,3,3,3,3,3,3,3,3,1,10,10,10,10,10,10,10,10,10,10,10,10,10
232,1,1,1,1,5,5,1,1,1,1,1,1,1,1,1,1,1,1,1,1,10,10,10,1
233,3,3,1,0,0,0,0,0,3,3,10,0,0,0,10,10,10,10,0,0,0,0,10,10
234,3,3,3,3,3,3,3,3,3,3,3,3,3,3,3,3,3,3,3,3,3,3,3,3
235,3,1,1,1,5,5,1,1,1,1,1,1,1,1,1,1,1,1,1,1,10,10,1,1
236,3,3,3,3,3,3,3,3,3,3,3,3,3,3,3,3,3,3,3,3,3,3,3,3
237,3,3,5,5,5,5,5,3,3,3,5,5,5,5,5,5,5,10,3,3,3,3,3,3
238,1,1,1,1,1,1,1,1,1,1,1,1,1,1,1,1,1,1,1,1,1,1,1,1
239,1,1,0,0,0,0,0,3,3,3,10,10,10,10,0,0,0,0,0,0,0,0,0,0
240,3,3,5,3,3,3,3,3,3,3,10,10,10,10,10,10,10,10,10,10,10,10,10,10
241,3,3,3,3,3,3,3,3,3,3,10,10,10,10,10,10,10,10,10,10,10,10,10,10
242,1,1,1,1,9,9,9,9,9,9,9,1,1,1,1,0,0,0,2,2,2,2,2,2
243,1,1,1,1,5,5,1,5,5,5,5,5,5,5,1,1,5,5,5,10,10,10,5,5
269,8,8,8,8,8,8,8,8,8,8,8,8,8,8,8,8,8,8,8,8,8,8,8,8
270,8,8,8,8,0,0,0,3,3,0,0,0,0,0,3,3,3,3,3,3,0,0,0,0
271,7,7,9,9,9,9,9,0,0,0,0,0,0,0,0,0,0,0,0,0,0,0,0,0
272,7,7,7,9,9,7,7,7,7,7,7,9,9,9,7,7,7,7,7,7,7,7,7,7
273,7,7,7,7,7,7,7,7,7,7,7,7,7,7,7,7,7,7,7,7,7,7,1,2
274,7,7,7,9,9,9,7,7,7,7,2,2,2,2,2,0,0,0,1,7,7,7,0,0
275,1,1,1,0,0,1,1,1,1,1,1,1,1,1,1,1,1,1,1,1,1,0,0,0
276,8,8,9,9,9,9,9,9,9,9,9,9,9,9,0,0,0,0,0,0,0,0,0,0
277,7,7,7,9,9,9,9,9,9,9,9,9,9,9,9,0,0,0,0,0,2,2,2,2
278,8,8,8,8,8,8,8,8,8,8,8,8,8,8,8,8,8,8,8,8,8,8,8,8
279,7,7,7,9,9,9,9,7,7,7,7,0,0,0,0,0,0,0,0,0,0,0,0,0
280,2,2,9,9,9,0,0,9,9,9,9,9,9,9,9,0,0,0,0,0,0,0,0,0
281,7,7,9,9,9,9,9,9,9,9,9,9,9,9,0,0,0,0,0,0,0,0,0,0
282,7,7,9,9,9,9,9,9,9,9,9,9,9,9,9,0,0,0,0,0,0,0,0,0
283,7,7,7,9,9,7,7,7,7,7,7,0,0,0,0,3,3,3,3,3,3,3,0,0
284,8,8,9,9,9,9,7,7,7,7,9,9,0,0,0,0,3,3,3,3,3,3,0,0
285,1,1,1,1,1,1,1,1,1,1,1,1,1,1,1,1,1,1,1,1,1,1,1,1
287,2,2,2,2,2,2,2,2,2,2,2,2,2,0,0,2,2,2,2,2,2,2,2,2
288,2,2,2,2,2,2,2,2,2,2,2,2,2,2,2,2,2,2,2,2,2,2,2,2
289,2,2,2,2,2,2,2,2,2,2,2,2,2,0,0,2,2,2,2,2,2,2,2,2
290,2,2,2,2,2,2,2,2,2,2,9,2,2,2,2,2,2,2,2,2,1,1,1,2
292,2,2,2,2,2,2,2,2,2,2,2,2,2,2,2,2,2,2,2,2,2,2,2,2
293,2,2,2,2,2,2,2,2,2,2,2,2,2,2,2,2,2,2,2,2,2,2,2,2
294,2,2,2,2,2,2,2,2,2,0,0,2,2,2,2,2,2,2,2,2,2,2,2,2
295,2,2,2,2,2,2,1,1,1,2,2,2,2,2,2,2,2,2,2,2,2,2,2,2
296,2,2,2,2,2,2,1,2,2,2,1,1,2,2,2,2,2,2,2,2,1,1,1,2
297,2,2,9,2,2,2,2,2,2,2,2,2,2,2,2,2,2,2,2,2,2,2,2,2
298,1,1,1,1,1,1,0,0,0,0,0,0,0,0,0,0,0,0,0,1,0,0,0,0
300,2,2,2,2,2,2,2,2,2,2,2,2,2,2,2,2,2,0,0,0,0,0,0,0
301,7,7,7,7,7,7,7,7,7,7,7,7,7,7,7,7,7,7,7,7,7,7,8,8
302,2,2,2,2,2,2,2,2,2,0,2,2,2,2,2,2,2,2,2,0,0,0,0,2
303,8,8,9,9,0,0,0,0,0,0,0,0,0,0,0,0,0,0,0,0,0,0,0,0
304,2,2,2,2,2,2,2,2,2,0,0,2,2,2,2,2,2,2,2,2,2,2,2,2
305,2,2,2,2,2,2,2,2,2,2,2,2,2,2,2,2,2,2,2,2,2,2,2,2
306,2,2,2,2,2,2,2,2,2,2,2,2,2,2,2,2,2,2,2,2,2,2,2,2
307,2,2,2,2,2,1,0,0,0,0,0,1,2,2,2,2,2,1,1,1,1,1,1,1
308,1,1,1,1,1,1,0,0,0,0,0,0,0,0,0,0,0,0,0,0,0,0,0,0
309,3,3,3,3,5,5,5,5,5,5,5,5,5,5,5,5,5,5,5,5,5,5,5,5
312,3,3,5,5,5,5,5,5,5,5,5,5,5,5,5,5,3,3,5,5,5,5,5,5
314,5,5,5,5,5,5,5,5,5,5,5,5,5,5,5,5,5,5,5,5,5,5,5,5
316,0,3,3,3,3,3,3,5,5,5,5,5,5,5,5,5,5,5,5,5,5,5,5,5
317,5,5,5,5,5,5,5,5,5,5,5,5,5,5,5,5,5,5,5,5,5,5,5,5
318,3,3,3,5,5,5,5,5,5,5,5,5,5,5,5,5,5,5,5,5,5,5,5,5
319,3,3,5,5,5,5,5,5,5,5,5,5,5,5,5,5,5,5,5,5,5,5,5,5
320,5,5,5,5,5,5,5,5,5,5,5,5,5,5,5,5,5,5,5,5,5,5,5,5
321,5,5,5,5,5,5,5,7,7,7,7,5,5,5,5,5,5,5,5,5,5,5,5,5
323,8,8,5,3,3,3,5,5,5,5,5,5,5,5,5,5,5,5,5,5,5,5,5,5
324,5,5,5,5,5,5,5,5,5,5,5,5,5,5,5,5,5,5,5,5,5,5,5,5
325,3,3,3,3,3,3,3,5,5,5,5,5,3,3,3,5,5,5,5,5,5,5,5,5
326,5,5,5,5,5,5,5,5,5,5,5,5,5,5,5,5,5,5,5,5,5,5,5,5
327,3,3,3,3,3,3,3,3,3,3,3,3,3,3,3,3,3,3,3,5,5,3,3,3
329,5,5,5,5,5,5,5,5,5,5,5,5,5,5,5,5,5,5,5,5,5,5,5,5
330,3,3,3,3,3,3,3,5,5,5,5,5,5,5,5,5,5,5,5,5,5,5,5,5
331,3,3,3,3,3,3,3,5,5,5,5,5,5,5,5,5,5,5,5,5,5,5,5,5
332,3,3,3,5,5,5,5,5,5,5,5,5,5,5,5,5,5,5,5,5,5,5,5,5
333,3,3,3,3,3,3,3,5,5,5,5,5,3,3,3,3,3,3,3,5,5,5,5,5
334,3,3,5,5,5,5,5,5,5,5,5,5,5,5,5,5,5,5,5,5,5,5,5,5
335,3,3,5,5,5,5,5,5,5,5,5,5,5,5,5,5,5,5,5,5,5,5,5,5
336,5,5,5,5,5,5,5,5,5,5,5,5,5,5,5,5,5,5,5,5,5,5,5,5
337,5,5,5,5,5,5,5,5,5,5,5,5,5,5,5,5,5,5,5,5,5,5,5,5
338,3,3,5,5,5,5,5,5,5,5,5,5,5,5,5,5,5,5,5,5,5,5,5,5
339,5,5,5,5,5,5,5,5,5,5,5,5,5,5,5,5,5,5,5,5,5,5,5,5
340,3,5,5,5,5,5,5,5,5,5,5,5,5,5,5,5,5,5,5,5,5,5,5,5
341,3,3,3,3,3,3,3,5,5,5,5,5,5,5,5,5,5,5,5,5,5,5,5,5
342,3,3,5,5,5,5,5,3,3,3,5,5,5,5,5,5,5,3,3,5,5,5,5,5
343,5,5,5,5,5,5,5,5,5,5,5,5,5,5,5,5,5,5,5,5,5,5,5,5
345,8,8,8,8,8,8,8,8,8,8,8,8,8,8,8,8,8,8,8,8,8,8,8,8
346,8,8,8,8,8,8,8,8,8,8,8,8,8,8,8,8,8,8,8,8,8,8,8,8
347,8,8,8,8,8,8,8,8,8,8,8,8,8,8,8,8,8,8,8,8,8,8,8,8
348,2,2,2,8,8,8,8,8,8,8,8,8,8,8,8,8,8,8,8,8,8,8,8,8
349,2,2,2,2,2,2,2,2,2,2,2,2,8,8,8,8,8,8,8,8,8,8,8,8
351,8,8,8,8,8,8,8,8,8,8,8,8,8,8,8,8,8,8,8,8,8,8,8,8
352,8,8,8,8,8,8,8,8,8,8,8,8,8,8,8,8,8,8,8,8,8,8,8,8
354,8,8,8,8,8,8,8,8,8,8,8,8,8,8,8,8,8,8,8,8,8,8,8,8
355,8,8,8,8,8,8,8,8,8,8,8,8,8,8,8,8,8,8,8,8,8,8,8,8
356,7,7,7,9,9,9,7,7,7,7,0,0,0,0,0,0,0,0,0,0,0,0,0,0
357,8,8,8,8,8,7,7,7,7,7,7,7,7,7,8,7,7,7,7,7,8,8,8,8
358,2,2,9,7,7,7,7,7,7,7,7,7,7,7,7,7,7,7,7,7,7,7,2,2
359,7,7,7,7,7,7,7,7,7,7,7,7,7,7,7,7,7,7,7,7,7,7,2,2
360,7,7,7,9,7,7,7,7,7,7,9,9,9,9,0,0,0,0,0,0,0,0,0,0
361,7,7,7,7,7,7,7,7,7,7,7,7,7,7,7,7,7,7,7,7,7,7,2,2
362,8,8,8,8,8,8,8,8,8,8,8,8,8,8,8,8,8,8,8,8,8,8,8,8
363,7,7,7,7,7,7,7,7,7,7,7,7,7,7,7,7,7,7,7,7,7,7,2,2
364,7,7,7,7,7,7,7,7,7,7,7,7,7,7,7,7,7,7,7,7,7,7,2,2
365,7,7,7,7,7,7,7,7,7,7,7,7,7,7,7,7,7,7,7,0,0,0,0,2
366,7,7,7,7,7,7,7,7,7,7,7,7,7,9,9,0,0,7,7,7,7,7,2,0
367,7,7,7,7,7,7,7,7,7,7,7,7,7,7,7,7,7,7,7,7,7,7,2,2
368,8,8,8,8,8,8,8,8,8,8,8,8,8,4,4,4,4,4,4,4,4,3,3,3
369,7,7,7,7,7,7,7,7,7,7,7,7,7,7,7,7,7,7,7,7,7,7,2,2
370,8,8,8,8,8,8,8,8,8,8,8,8,8,8,3,3,3,3,3,3,3,3,3,3
371,8,8,7,7,7,8,8,8,8,8,8,8,8,8,8,8,8,8,8,8,8,8,8,8
372,7,7,7,7,7,7,2,2,2,7,7,7,7,7,7,7,7,7,7,7,7,7,2,2
373,8,8,8,8,8,8,8,8,8,8,8,8,8,8,8,8,8,8,8,8,8,8,8,8
374,7,7,7,7,7,7,7,7,7,8,8,8,8,8,3,3,3,3,3,3,3,3,3,3
375,8,8,8,8,8,8,8,8,8,8,8,8,8,8,8,8,8,8,8,8,8,8,8,8
376,7,7,7,9,9,9,7,7,7,9,9,9,9,7,7,7,7,7,2,7,2,2,2,2
377,2,0,9,2,2,9,1,1,1,1,1,1,1,2,2,2,1,1,0,0,1,1,2,2
378,7,7,7,7,7,7,7,7,7,7,7,7,7,7,7,7,7,7,7,7,7,7,2,2
379,8,8,8,8,8,8,8,8,8,8,8,8,8,8,8,8,8,8,8,8,8,8,8,8
380,8,8,8,8,8,8,8,8,8,8,8,8,8,4,4,4,4,4,4,4,4,8,8,8
381,7,7,7,7,7,7,7,7,7,7,7,7,7,1,1,7,7,7,7,7,7,7,2,2
382,8,8,8,8,8,7,7,7,7,0,0,0,0,0,0,0,0,0,0,0,0,0,0,0
383,7,7,7,7,7,7,7,7,7,7,7,0,0,7,7,7,0,7,3,3,3,3,0,0
384,7,7,7,7,7,7,7,7,7,7,7,7,7,7,7,7,7,7,7,7,7,7,2,2
385,8,8,8,8,8,8,8,8,8,8,8,8,8,8,8,8,8,8,8,8,8,8,8,8
386,1,7,7,7,7,7,7,7,7,7,7,7,7,1,1,1,7,7,7,7,7,7,1,2
387,7,7,7,7,7,7,7,7,7,7,7,7,7,7,0,0,0,7,7,7,7,7,2,2
388,8,8,7,7,8,8,8,8,8,8,8,8,8,8,8,8,8,8,8,8,8,8,8,8
390,7,7,7,7,7,7,7,7,7,7,7,7,7,7,7,7,7,7,7,7,7,7,2,2
391,7,7,7,7,7,7,7,7,7,7,7,0,0,9,7,7,7,7,7,7,7,7,2,2
392,2,2,2,2,2,2,0,0,0,0,0,0,0,0,0,0,0,0,0,0,0,0,0,0
393,7,2,2,9,9,9,9,7,7,7,2,2,2,9,9,7,7,2,2,2,2,2,0,0
395,7,7,7,7,7,7,7,7,7,7,7,7,7,7,7,7,7,2,2,7,7,7,2,2
396,7,7,7,7,7,7,7,7,7,7,7,7,7,7,7,7,7,7,7,7,7,7,2,2
397,7,7,7,7,7,7,7,7,7,8,8,7,7,7,8,8,8,3,3,3,3,3,3,3
398,7,7,7,9,9,9,9,9,9,9,9,9,9,9,0,0,0,0,0,0,0,0,0,0
401,7,7,7,7,7,7,7,7,7,7,7,7,7,7,7,7,7,1,3,5,7,7,7,7
402,7,7,7,7,7,7,7,7,7,7,7,7,7,7,7,7,7,7,7,7,7,7,7,7
403,7,7,7,7,7,7,7,7,7,7,7,7,7,7,7,7,7,7,7,7,7,7,7,7
404,8,7,7,7,7,7,7,7,7,7,7,7,7,7,7,7,7,3,3,3,3,7,7,7
405,7,7,7,7,7,8,8,8,8,7,7,7,7,7,7,8,8,8,8,8,8,7,7,7
408,1,1,1,1,1,1,3,3,1,0,7,7,7,1,1,1,1,1,1,1,3,3,7,7
410,7,7,7,7,7,7,7,7,7,7,7,7,7,7,7,7,7,8,8,7,7,7,7,7
413,7,7,7,7,7,7,7,7,7,7,7,7,7,7,7,7,7,3,3,3,3,3,7,7
414,8,8,7,7,7,8,8,8,7,7,8,8,8,8,8,8,8,8,7,7,7,7,7,7
416,8,7,7,7,7,7,7,7,7,7,7,7,7,7,7,7,7,7,7,7,7,7,7,7
418,8,8,8,8,8,8,8,8,8,8,8,8,8,8,8,8,8,8,8,8,8,8,8,6
419,8,8,8,8,8,8,8,8,8,8,8,8,8,3,3,3,3,4,4,4,4,8,8,8
420,8,8,8,8,8,8,8,8,8,8,8,8,8,3,3,3,4,4,4,8,8,8,8,8
421,7,7,7,7,7,7,7,7,7,7,8,8,8,8,8,8,8,8,8,8,8,8,8,8
422,8,8,8,8,8,8,8,8,8,8,8,8,8,4,4,4,4,4,4,4,4,8,8,8
423,7,7,7,7,7,7,7,7,7,7,7,7,7,7,7,7,7,7,7,7,7,7,2,2
424,7,7,7,7,7,7,7,7,7,1,1,0,0,0,0,0,0,0,0,0,1,1,1,1
425,7,7,7,1,1,1,1,1,1,1,1,1,1,1,1,1,1,1,1,1,1,1,1,1
428,1,1,1,1,1,1,1,1,1,1,1,1,1,1,1,1,1,1,1,1,1,1,1,1
429,1,1,1,1,1,1,1,1,1,1,1,1,1,1,1,1,1,1,1,1,1,1,1,1
430,8,8,8,8,8,8,8,8,8,8,8,8,8,8,8,8,8,8,8,8,8,8,8,8
431,7,7,7,7,7,7,7,7,7,7,7,7,7,0,0,0,0,7,7,7,7,7,2,2
432,1,1,1,1,1,1,0,0,0,0,0,0,0,0,0,0,0,0,0,0,0,0,0,1
433,5,5,1,1,1,1,1,1,1,1,1,1,1,1,1,1,1,1,1,1,1,1,1,1
434,1,1,1,1,1,1,1,1,1,1,1,1,1,1,1,1,1,1,1,1,1,1,1,1
435,7,7,7,7,7,7,7,7,7,7,7,7,2,9,2,2,0,7,7,7,7,7,2,2
436,7,7,7,7,1,1,7,7,7,0,0,0,0,0,0,0,0,7,7,7,7,7,2,2
437,1,1,1,1,1,1,1,1,1,1,1,1,1,1,1,1,1,1,1,1,1,1,1,1
438,7,7,7,7,7,7,7,7,7,7,7,7,7,7,7,7,7,7,7,7,7,7,2,2
440,7,7,7,7,7,7,7,7,7,7,3,3,3,3,3,3,3,3,3,3,3,3,3,3
441,1,1,1,1,1,1,1,1,1,1,1,1,1,1,1,1,1,1,1,1,1,1,2,1
442,5,5,9,5,5,1,1,1,1,1,1,1,1,1,2,2,2,1,1,1,1,1,1,1
443,7,7,7,7,9,9,7,7,7,7,7,7,7,7,0,0,0,7,7,7,7,7,3,3
444,7,7,7,7,5,1,1,1,1,1,1,1,1,1,1,1,1,7,7,7,7,1,1,1
445,1,1,1,1,1,1,1,1,1,0,0,0,0,0,0,0,0,0,1,1,1,1,1,1
446,7,7,7,7,7,7,7,7,7,7,7,7,2,2,2,2,2,2,2,2,2,2,2,2
447,1,1,1,1,1,1,0,0,0,0,1,1,1,0,0,1,0,0,0,0,1,1,1,1
448,8,8,8,8,8,8,8,8,8,8,8,4,4,4,4,4,4,4,4,4,8,8,8,8
449,1,1,1,0,0,0,9,9,9,9,9,9,10,10,10,10,10,10,1,1,10,10,10,10
450,3,3,3,3,3,3,5,3,3,3,3,3,3,3,3,3,3,3,3,3,3,3,3,3
451,1,1,3,3,1,1,0,0,0,0,0,0,0,0,10,10,10,3,3,3,10,10,10,10
452,5,5,5,5,5,5,5,8,8,8,4,7,7,7,4,4,3,3,3,3,3,3,3,3
453,1,1,1,7,7,7,7,7,7,7,7,7,7,7,7,7,7,3,3,7,7,7,7,7
455,5,5,5,5,9,9,7,7,7,7,7,7,7,7,7,7,1,1,1,1,1,1,7,7
456,1,1,1,1,9,9,9,9,9,1,1,9,9,1,1,1,1,1,1,1,1,1,1,1
457,1,1,1,1,1,1,1,1,1,1,1,1,1,1,1,1,1,1,1,1,1,1,1,1
458,7,7,7,7,7,7,7,7,7,7,7,7,7,7,7,7,7,3,3,3,3,7,7,7
459,5,5,5,5,5,7,7,7,7,7,7,7,7,7,7,7,7,3,3,3,3,7,7,7
460,2,2,9,9,9,9,9,9,7,7,7,7,7,7,7,2,2,2,2,2,2,2,2,2
478,8,8,8,8,8,8,8,8,8,8,8,8,8,8,8,8,8,8,8,8,8,8,8,8
479,2,2,2,2,2,2,2,2,2,2,2,2,2,2,2,2,2,2,2,2,2,2,2,2
480,7,7,7,7,7,7,7,7,7,7,7,8,8,8,8,8,8,7,7,7,7,8,8,8
481,8,8,8,8,8,8,8,8,8,8,8,8,8,8,8,8,8,8,8,8,8,8,8,8
482,0,0,0,0,0,0,0,0,0,0,0,0,0,0,0,0,0,0,0,0,0,0,0,0
484,7,7,7,7,7,7,7,7,7,7,7,7,7,7,7,7,7,7,7,7,7,7,2,2
485,7,7,7,7,7,7,7,7,7,7,7,7,7,7,7,7,7,7,7,7,7,7,2,2
486,7,7,7,7,7,7,7,7,7,7,7,7,7,7,7,7,7,7,7,7,7,7,2,8
487,7,7,7,7,7,7,7,7,7,7,7,7,7,7,7,7,7,7,7,7,7,7,2,2
489,7,5,9,9,9,9,9,1,1,0,0,0,0,0,0,0,0,0,0,0,0,0,0,0
490,7,7,7,7,7,7,7,7,7,7,7,7,7,7,7,7,7,7,7,7,7,7,2,2
491,7,7,7,7,7,7,7,7,7,7,7,7,7,7,7,7,7,2,2,7,7,0,0,2
492,7,7,7,7,7,7,7,2,2,7,7,7,7,7,7,7,7,7,7,8,8,7,2,2
493,1,1,1,0,0,1,0,0,0,0,0,0,0,0,0,0,0,0,0,0,0,1,1,1
494,7,7,7,7,7,7,7,7,7,7,0,0,0,0,0,0,0,0,0,0,0,0,0,0
495,2,2,2,2,2,2,1,1,1,0,0,1,0,0,0,0,0,0,0,2,1,1,1,1
496,7,7,7,7,7,7,1,1,7,7,7,7,7,7,7,7,2,2,0,0,0,7,2,2
497,7,7,7,7,7,7,7,7,0,0,0,0,0,0,0,0,0,0,0,0,0,0,0,0
498,7,7,7,7,7,7,7,7,7,7,8,8,8,8,8,8,8,8,8,3,3,3,8,8
499,7,7,7,7,7,7,7,7,7,7,7,7,7,7,7,7,7,7,7,7,7,7,2,2
501,7,7,7,7,7,7,7,7,7,7,7,7,0,0,0,0,0,7,7,7,7,0,0,0
502,7,7,7,7,7,7,7,7,7,7,7,7,7,7,7,7,7,7,7,7,7,7,2,2
503,7,7,7,9,9,9,9,9,9,9,9,9,9,9,9,7,7,2,2,2,2,2,0,0
504,8,8,8,8,8,8,8,8,8,8,8,8,8,8,8,8,8,8,8,8,8,8,6,6
505,5,5,5,5,5,5,5,7,7,7,7,7,1,1,1,3,3,3,3,3,3,3,3,3
506,8,8,8,8,8,6,6,4,4,8,8,8,8,4,4,4,4,4,4,4,4,4,4,4
507,8,8,8,8,8,8,8,8,8,8,8,8,8,8,8,8,8,4,4,4,4,4,4,4
508,8,8,8,8,8,8,8,8,8,3,3,3,3,3,3,3,3,3,4,4,4,3,3,3
509,8,8,8,8,8,8,8,8,8,8,6,6,6,4,4,4,4,4,4,4,4,3,3,3
510,8,8,8,8,8,8,8,8,8,8,8,8,8,8,8,8,8,8,8,8,8,8,8,8
511,7,7,7,9,9,9,7,7,7,7,7,7,0,0,0,3,3,3,3,3,3,7,7,7
512,2,2,9,9,9,9,9,9,9,9,9,9,9,9,9,0,0,0,0,0,0,0,0,0
515,7,7,7,7,7,7,7,7,7,7,7,7,7,7,7,7,7,7,7,7,7,7,7,7
516,1,1,1,1,1,1,1,1,1,1,1,1,1,1,1,1,1,1,2,2,1,1,1,1
517,7,7,7,7,7,7,7,7,7,7,7,7,7,7,7,7,7,7,7,7,7,7,7,7
518,5,1,1,0,0,9,9,7,7,7,0,0,0,1,1,1,1,1,1,1,1,1,1,1
519,2,5,9,1,1,1,1,1,1,1,1,1,1,1,1,1,1,1,1,0,2,2,1,1
520,2,2,2,2,2,2,2,2,2,2,2,2,2,2,2,2,2,2,2,2,2,2,2,2
521,2,2,2,2,2,9,9,9,9,9,9,2,2,2,2,2,2,2,2,2,2,2,2,2
522,2,2,2,2,2,9,9,9,9,9,9,9,9,9,9,0,0,0,0,0,0,0,0,0
523,1,1,1,1,1,2,2,2,2,0,0,1,1,1,1,3,3,3,3,7,7,1,1,1
524,7,2,9,9,9,9,9,9,7,7,9,9,2,2,2,2,2,2,2,2,2,2,2,2
525,1,1,1,1,1,1,1,1,1,1,1,1,1,1,1,1,1,0,0,0,0,0,1,1
527,1,1,1,1,1,1,0,0,0,0,0,0,0,0,0,0,0,3,3,3,3,1,1,1
528,1,1,1,1,1,1,1,1,0,0,0,0,0,0,0,0,0,0,0,0,0,0,0,0
529,1,1,1,1,1,7,7,7,7,7,7,1,1,1,1,1,1,1,1,7,7,1,1,1
530,2,2,9,9,9,9,7,7,7,7,0,0,0,0,0,0,0,7,7,7,7,7,2,1
531,0,0,0,9,9,9,9,9,9,9,9,9,0,0,0,0,0,0,0,0,0,0,0,0
532,1,1,1,1,1,1,1,1,1,1,1,1,1,1,1,1,1,1,1,1,1,1,1,1
533,1,1,1,1,1,1,1,1,1,1,1,1,1,1,1,1,1,1,1,1,1,1,1,1
534,2,2,9,9,9,9,9,9,9,9,9,9,9,9,2,2,2,2,2,2,2,2,2,2
535,2,2,9,9,9,9,9,7,7,7,7,7,1,1,1,1,1,1,1,1,1,1,1,1
536,1,1,1,1,1,1,1,1,1,1,1,1,1,1,1,1,1,1,2,2,1,1,1,1
537,7,2,9,9,9,9,9,9,9,9,9,9,9,9,2,2,2,2,2,2,2,2,2,2
538,0,0,0,0,0,0,0,0,0,0,0,0,0,0,0,0,0,0,0,0,0,0,0,1
539,2,2,9,1,7,7,7,7,7,7,7,7,2,9,9,2,2,2,2,2,2,2,2,1
540,2,2,9,9,9,9,9,9,7,7,2,2,2,2,2,2,2,2,2,2,2,2,2,2
541,1,1,1,1,1,1,1,1,1,1,1,1,1,1,1,1,1,1,1,1,1,1,1,1
542,1,1,1,1,1,1,0,0,0,0,1,0,0,0,0,0,0,0,0,0,0,0,0,0
543,7,7,7,7,7,7,7,7,7,7,0,0,0,0,0,0,0,0,0,0,7,1,1,1
544,2,2,2,2,1,9,9,9,9,9,1,1,1,1,1,1,1,1,1,1,1,1,1,1
545,7,7,7,9,9,9,9,9,9,9,7,0,0,0,0,0,0,0,0,0,0,0,0,0
546,2,2,2,2,2,9,9,9,9,9,9,9,9,9,2,2,2,2,2,2,2,2,2,2
547,2,2,2,1,1,1,1,1,1,2,2,2,1,1,1,1,1,2,2,2,2,2,2,1
548,2,2,2,9,9,9,9,9,9,9,9,0,0,0,0,0,0,0,0,0,0,0,1,1
549,2,2,1,1,1,1,1,1,1,1,1,1,1,1,1,1,1,1,1,1,1,1,1,1
550,5,5,9,1,1,7,7,7,7,7,7,7,2,2,2,2,2,2,2,7,7,7,2,2
552,5,5,9,9,9,9,9,9,9,9,9,9,9,9,9,2,2,2,0,0,0,0,0,0
553,1,1,1,1,1,1,1,1,1,1,1,1,1,1,1,1,1,1,1,1,1,1,1,1
554,5,5,9,9,9,9,9,9,9,9,7,7,7,7,7,7,7,7,7,7,7,7,7,7
555,2,2,2,2,2,2,2,2,2,2,2,2,2,2,2,2,2,2,2,2,2,2,2,2
556,2,5,9,9,9,9,9,9,9,9,9,9,9,9,2,2,2,2,2,2,2,2,2,2
557,0,0,1,1,1,1,1,1,1,1,1,1,1,1,1,1,1,1,1,1,1,1,1,1
558,2,2,9,9,9,9,9,9,9,9,9,9,9,2,2,2,2,2,2,2,2,2,2,2
559,7,7,7,7,7,7,7,7,7,0,0,0,0,0,0,0,0,0,0,0,0,0,0,0
560,5,5,9,1,1,1,1,1,1,1,1,1,1,1,1,2,2,2,0,2,2,2,2,2
561,1,1,1,1,1,1,1,1,9,9,1,0,0,0,0,0,0,0,0,3,3,0,0,1
562,2,2,2,2,2,1,1,1,1,0,0,2,0,1,1,1,1,1,1,0,0,0,1,1
563,2,2,2,1,1,1,1,1,1,1,1,1,1,1,1,1,1,1,2,2,1,1,1,1
564,2,2,2,1,9,9,9,9,9,9,1,1,1,1,1,1,1,2,2,2,2,2,2,2
565,2,2,2,2,2,2,2,2,2,0,0,0,0,0,0,0,0,0,0,0,0,2,2,2
566,1,1,1,1,1,1,1,1,2,2,9,2,2,2,2,2,2,2,2,2,2,2,2,1
567,5,1,1,1,1,1,1,1,1,1,1,1,1,1,1,1,1,1,1,1,1,1,1,1
568,7,7,9,9,9,9,9,9,9,9,9,9,2,1,1,1,1,0,0,0,7,7,1,1
569,1,1,1,1,1,1,1,1,1,1,1,1,1,1,1,1,1,1,1,1,1,1,1,1
570,2,1,1,2,1,1,1,1,1,1,0,1,1,1,1,1,1,1,1,1,1,1,1,1
571,2,2,1,1,1,1,1,1,1,1,1,1,1,1,1,1,1,1,1,7,7,7,2,1
572,1,1,1,1,1,1,0,0,1,1,1,1,1,1,1,1,1,1,0,0,0,0,1,1
574,2,2,9,9,0,5,5,5,5,9,9,9,9,9,2,0,0,3,3,3,3,3,0,0
578,8,8,8,8,8,8,8,8,8,8,8,8,8,8,8,8,8,1,1,1,1,1,1,1
579,5,5,5,5,5,5,5,5,5,5,5,5,5,5,5,5,5,5,5,5,5,5,5,5
580,5,5,5,5,5,5,5,5,5,5,5,5,5,5,5,5,5,5,5,5,5,5,5,5
581,5,5,5,5,5,5,5,8,3,3,7,7,7,7,7,7,3,3,3,3,3,5,3,3
582,8,8,8,8,8,3,5,5,5,5,5,5,3,3,3,3,3,3,5,5,5,3,3,3
583,5,5,1,1,5,5,5,5,5,5,5,5,5,5,1,1,1,1,1,1,1,1,1,1
584,7,7,5,5,5,5,5,5,5,5,5,5,5,3,3,3,3,5,5,5,5,5,3,3
585,0,0,0,3,3,3,3,5,5,5,5,5,5,3,3,3,3,3,3,5,5,5,5,3
586,7,7,7,7,7,5,5,5,7,7,7,7,7,7,1,1,1,1,7,7,7,1,1,1
587,7,7,7,7,7,7,7,7,7,7,7,7,7,7,7,7,7,2,2,7,7,2,2,2
588,3,3,3,3,3,3,5,5,5,5,5,5,5,5,5,5,5,5,5,5,5,5,5,5
589,5,5,5,5,5,5,7,7,7,7,7,5,5,5,5,5,5,5,5,5,5,5,5,5
591,5,5,5,1,5,5,5,5,5,5,5,5,5,5,5,5,5,5,1,1,1,1,1,10
592,5,5,5,9,9,7,7,7,7,7,7,7,9,7,7,7,7,2,2,5,5,5,2,2
593,7,7,7,7,7,7,7,7,7,7,7,7,7,7,7,7,7,7,7,7,7,7,7,7
594,5,5,5,5,5,5,5,5,5,5,5,5,5,5,5,5,5,5,5,5,5,1,1,1
595,1,1,1,1,5,5,5,5,5,5,5,5,5,5,1,1,1,1,1,1,1,1,1,1
598,1,1,1,1,1,1,1,1,1,1,1,1,1,1,1,1,1,1,1,1,1,1,1,1
599,1,1,1,1,1,5,5,3,7,7,7,7,7,7,1,1,3,3,3,3,3,3,3,3
600,5,5,5,5,5,5,5,5,5,5,5,5,5,5,5,5,5,5,5,5,5,5,5,5
601,7,7,7,7,7,5,5,8,8,7,7,7,7,7,7,7,7,3,3,3,7,7,7,7
602,1,1,1,1,1,5,5,5,5,5,5,5,5,5,1,1,1,1,1,1,1,1,1,1
603,5,5,5,5,5,5,5,5,5,5,5,5,5,5,5,5,5,5,5,5,5,5,5,5
604,7,7,7,7,7,7,7,8,8,7,7,7,7,7,7,7,8,8,8,7,7,7,7,7
605,7,7,7,7,7,7,7,7,7,7,7,7,7,7,7,7,7,7,7,7,7,7,7,7
606,7,7,7,7,7,7,7,7,7,7,7,7,7,7,7,1,1,1,1,1,1,1,1,1
607,7,7,7,7,7,7,7,7,7,7,7,7,7,7,7,7,7,7,7,7,7,7,7,7
608,3,3,3,3,3,3,3,3,3,3,5,5,5,5,5,5,5,5,5,5,5,5,5,5
612,3,3,3,3,3,3,3,3,3,3,5,5,5,5,5,5,5,5,5,5,5,5,5,5
613,3,3,5,5,5,5,5,5,5,5,5,5,5,5,5,5,5,5,5,5,5,5,5,5
614,3,3,5,5,5,5,5,5,5,5,5,5,5,5,5,5,5,5,5,5,5,5,5,5
615,3,3,5,5,5,5,5,5,5,5,5,5,5,5,5,5,5,5,5,5,5,5,5,5
616,3,3,5,5,5,5,5,5,5,5,5,5,5,5,5,5,5,5,5,5,5,5,5,5
618,3,3,3,3,3,3,3,5,5,5,5,5,5,5,5,5,5,5,5,5,5,5,5,5
619,3,3,3,3,3,3,3,5,5,5,5,5,5,5,5,5,5,5,5,5,5,5,5,5
621,3,3,3,3,3,3,3,5,5,5,5,5,5,5,5,5,5,5,5,5,5,5,5,5
666,6,6,8,6,6,6,6,6,6,6,6,6,6,6,6,6,6,6,6,4,4,4,4,4
667,3,3,3,3,3,3,3,3,3,3,3,3,3,3,3,3,3,3,3,3,3,3,3,3
668,0,0,0,0,0,0,0,9,9,9,0,0,0,0,0,0,0,0,0,0,0,0,0,0
669,8,8,9,9,0,9,9,9,9,9,9,0,0,0,0,0,0,0,0,0,0,0,0,0
670,3,8,8,3,3,0,3,3,3,3,3,3,3,3,3,3,3,3,3,3,3,3,3,3
671,5,5,5,3,3,3,3,5,5,5,5,5,5,5,5,10,10,10,10,10,10,10,10,10
674,8,8,8,8,3,3,3,3,3,3,3,3,3,3,3,3,3,3,3,3,3,3,3,3
675,3,3,3,3,3,3,5,5,5,5,5,5,3,3,3,3,3,3,3,3,3,3,3,3
676,8,8,8,8,8,8,8,8,8,8,4,4,4,4,4,4,4,4,4,4,4,4,4,4
677,5,5,9,9,9,9,9,7,7,7,9,0,0,0,0,10,10,10,3,3,3,3,3,3
678,3,3,3,3,3,3,3,5,5,5,5,5,5,5,5,5,5,5,5,5,5,5,5,5
679,8,8,8,8,8,3,3,3,3,4,4,4,4,4,3,3,3,3,3,3,4,4,4,4
680,0,8,8,3,3,3,3,3,3,3,3,3,3,3,3,3,3,3,3,3,3,3,3,3
683,2,1,1,1,1,1,1,1,1,1,1,1,1,1,1,1,1,1,1,1,1,1,1,1
685,2,1,1,1,1,1,1,7,7,8,8,4,3,3,3,3,3,3,3,3,3,3,3,3
686,7,7,7,8,8,8,8,8,8,8,4,4,4,4,4,4,4,4,4,4,4,4,4,4
687,2,2,2,0,0,9,9,2,2,9,9,9,9,9,0,0,0,0,0,0,2,2,2,2
689,3,3,3,3,3,3,3,3,3,3,10,10,10,10,10,10,10,10,10,10,10,10,10,10
690,5,5,9,9,9,9,9,9,9,9,9,9,9,9,9,1,0,0,0,0,1,2,2,1
691,2,1,1,1,1,1,9,9,9,9,9,9,0,0,0,1,3,3,3,3,0,3,0,0
692,1,1,1,1,1,1,1,1,1,1,1,1,1,1,1,1,1,1,2,2,1,1,1,1
693,8,8,8,8,8,8,8,8,8,8,4,4,4,4,4,4,4,4,4,4,4,4,4,4
694,5,5,5,0,0,0,0,5,5,5,10,10,10,10,0,0,0,0,0,0,0,0,0,0
695,2,2,2,2,2,2,9,9,9,9,9,9,1,1,1,1,1,1,1,1,1,1,1,10
696,2,1,1,1,1,1,1,1,1,1,1,1,1,1,2,2,2,2,2,2,2,2,2,2
697,1,1,3,3,3,3,3,3,3,3,10,10,10,10,10,10,10,10,0,0,0,0,0,10
698,2,2,2,2,2,2,9,9,9,9,9,9,9,9,2,2,2,2,2,2,2,2,2,2
699,1,1,1,1,1,1,1,1,1,1,1,1,1,1,1,1,1,1,1,1,1,1,1,1
701,1,1,1,1,1,1,1,1,1,1,1,1,1,1,1,1,1,1,1,1,1,1,1,1
702,0,0,0,3,3,3,3,5,5,5,5,5,0,0,0,10,10,10,10,10,10,10,10,10
703,2,0,0,0,0,0,9,9,9,9,9,9,1,1,1,1,0,0,0,0,0,1,1,1
704,5,5,5,9,9,9,9,9,9,9,9,9,9,9,9,0,0,0,0,0,2,2,2,2
705,2,2,9,2,9,9,9,9,9,9,9,9,1,1,2,0,0,0,0,0,0,0,2,2
706,2,2,2,1,1,1,1,1,1,1,1,1,1,1,1,1,1,1,1,1,1,1,1,1
708,5,5,5,5,5,5,5,5,5,5,5,5,5,5,10,10,10,10,10,10,10,10,10,10
710,1,1,1,1,1,0,0,1,1,1,1,1,1,1,1,1,1,1,1,1,1,1,1,1
711,2,2,9,9,9,9,9,9,9,9,9,9,9,9,2,2,2,2,2,2,2,2,2,2
712,2,2,9,9,9,9,9,9,9,9,9,9,9,9,2,2,2,2,2,2,2,2,2,2
713,2,1,1,1,1,1,1,1,1,1,1,1,1,1,2,2,2,2,1,1,1,1,1,1
714,5,5,5,9,9,9,9,9,9,9,9,9,9,9,0,0,0,0,2,2,2,2,2,0
715,2,2,2,0,0,0,9,9,9,9,9,9,2,0,0,0,0,1,1,1,1,1,2,2
716,8,8,8,8,8,3,3,5,5,5,5,5,3,3,3,3,3,3,3,3,3,3,3,3
717,2,2,9,9,9,9,9,9,9,9,9,9,9,9,9,0,0,0,0,0,0,2,2,1
718,3,3,3,3,3,3,3,5,5,5,5,5,5,5,5,5,5,5,5,5,5,5,5,5
719,1,1,1,1,1,1,1,1,1,1,1,1,1,1,1,1,1,1,1,1,1,1,1,1
720,0,3,3,3,3,3,3,5,5,5,5,5,5,5,5,5,5,5,5,5,5,5,5,5
721,1,1,1,1,1,1,1,1,1,1,1,1,1,1,1,1,1,1,1,1,1,1,1,1
722,5,5,5,1,9,9,9,9,9,9,9,9,9,1,1,1,1,1,1,1,1,1,1,10
723,2,2,9,9,9,9,9,9,9,9,9,9,9,0,0,0,0,0,0,0,0,0,0,0
725,5,5,5,5,5,5,5,7,7,7,7,7,9,5,5,5,10,10,10,10,1,1,1,10
726,0,0,0,3,3,3,3,5,5,5,5,5,5,5,5,5,5,5,5,5,5,5,5,5
727,6,6,8,8,8,8,8,6,6,6,6,6,6,6,6,6,6,6,6,6,6,6,6,6
731,8,8,8,8,8,8,8,8,8,8,3,3,3,3,3,3,3,3,4,4,4,3,3,3
734,0,0,0,0,0,0,0,0,0,0,0,0,0,0,0,0,0,0,0,0,0,0,0,0
735,7,7,7,7,7,7,7,7,7,7,7,7,7,7,7,7,7,7,7,7,7,7,2,2
736,5,5,5,5,9,9,9,9,9,9,9,9,9,9,0,0,0,0,0,0,0,0,0,2
737,7,7,7,1,1,1,1,1,1,1,1,1,1,1,1,1,1,1,1,1,1,1,1,1
738,5,5,5,5,5,5,5,5,5,5,5,5,1,1,1,1,1,1,1,1,1,1,1,1
739,3,3,3,3,3,3,3,3,3,3,0,0,0,0,10,10,10,10,10,10,10,10,10,10
741,8,8,8,8,3,3,3,3,3,3,3,3,3,3,3,3,3,3,3,3,3,3,3,3
742,7,7,9,9,9,9,9,9,9,9,9,9,9,9,9,0,0,2,2,2,2,2,2,2
743,7,7,9,9,9,9,9,9,9,9,9,0,0,0,0,0,0,0,0,0,0,0,0,0
744,7,7,7,7,9,9,9,9,9,9,9,9,1,1,1,1,1,1,1,1,1,1,1,1
745,3,3,3,3,0,0,0,0,0,0,0,0,0,0,10,10,10,0,0,0,0,0,10,10
746,5,5,9,9,9,9,9,9,9,9,9,9,1,1,1,1,0,0,0,0,0,1,1,1
747,0,0,0,0,0,0,1,1,1,1,1,0,0,0,0,0,0,0,0,1,1,1,1,0
748,8,8,8,8,8,8,8,8,8,3,6,3,3,3,3,3,3,4,4,4,4,3,3,3
749,5,5,9,9,9,9,9,9,9,9,9,9,9,9,2,2,2,2,2,2,2,2,2,2
751,5,5,9,0,0,0,0,0,0,0,0,0,0,0,0,0,0,0,0,0,0,0,0,0
752,7,7,9,9,9,9,9,9,9,9,9,9,9,9,9,0,0,0,0,0,1,1,1,1
753,5,5,5,9,9,9,9,9,9,9,9,9,9,9,9,0,0,0,0,0,0,1,1,2
754,8,8,8,8,8,5,5,5,5,5,3,0,0,3,3,3,3,5,5,5,10,0,0,0
755,7,5,9,9,9,9,9,9,9,9,0,0,0,0,0,0,0,0,0,0,0,0,10,10
756,7,7,7,7,5,5,5,5,5,5,1,1,1,1,1,0,0,0,1,1,1,1,1,1
757,5,5,5,8,8,8,8,8,8,8,4,4,4,4,4,4,4,4,4,4,4,4,4,4
758,1,1,1,1,1,1,1,1,1,1,1,1,1,1,1,1,1,1,1,1,1,1,1,1
760,1,1,1,1,1,1,1,1,1,1,1,1,1,1,1,1,1,1,1,1,1,1,1,1
761,1,1,1,1,1,1,1,1,1,1,1,1,1,1,1,1,1,1,1,1,1,1,1,1
763,8,8,8,8,8,8,8,8,8,6,6,6,6,3,3,3,3,4,4,4,4,4,4,4
764,1,1,1,1,1,1,1,1,1,1,7,7,7,7,1,1,1,1,1,1,0,0,0,0
765,1,1,1,1,1,1,1,1,1,1,1,1,1,1,1,1,1,1,1,1,1,1,1,1
766,8,8,9,9,8,3,5,5,5,5,5,5,5,5,8,3,3,3,3,3,3,3,3,3
767,5,5,5,3,3,5,5,3,3,3,5,10,10,10,3,3,3,10,3,3,3,3,3,3
769,2,2,9,9,9,9,9,9,9,9,9,0,0,0,1,0,0,0,0,1,1,1,1,1
770,5,5,9,9,9,9,9,9,9,9,9,9,9,1,1,1,1,1,1,1,1,1,1,1
771,7,7,7,7,9,9,9,9,1,1,1,1,1,1,1,1,1,1,1,1,1,1,1,1
773,1,1,1,5,5,5,1,1,1,1,1,1,1,1,1,1,1,1,1,1,1,1,1,1
774,7,7,7,9,9,9,9,9,1,0,0,0,1,1,1,1,1,0,0,0,0,0,0,10
775,6,6,8,6,6,6,6,6,6,6,5,5,5,5,5,5,6,6,6,6,6,6,6,6
776,5,5,5,5,5,5,5,5,5,5,5,5,5,5,5,5,5,5,5,5,5,5,5,5
777,5,5,5,5,5,5,5,5,5,5,5,5,5,5,5,5,5,5,5,5,5,5,5,5
778,8,8,8,3,3,3,3,5,5,5,5,5,5,5,5,5,5,5,5,5,5,5,5,5
779,5,5,5,5,5,5,5,5,5,5,5,5,5,5,5,5,5,5,5,5,5,5,5,5
780,5,5,5,5,5,5,5,5,5,5,5,5,5,5,5,5,5,5,5,5,5,5,5,5
781,5,5,5,5,5,5,5,5,5,5,5,5,5,5,5,5,5,5,5,5,5,5,5,5
782,5,5,5,5,5,5,5,5,5,5,5,5,5,5,5,5,5,5,5,5,5,5,5,5
783,5,5,5,5,5,5,5,5,5,5,5,5,5,5,5,5,5,5,5,5,5,5,5,5
784,5,5,5,5,5,5,5,5,5,5,5,5,5,5,5,5,5,5,5,5,5,5,5,5
785,5,5,5,5,5,5,5,5,5,5,5,5,5,5,5,5,5,5,5,5,5,5,5,5
787,5,5,5,5,5,5,5,5,5,5,5,5,5,5,5,5,0,0,0,5,5,5,5,10
788,5,5,5,9,9,7,7,8,8,8,8,8,8,5,5,5,5,3,3,3,3,3,3,3
789,5,5,5,5,5,5,5,5,5,5,5,5,5,5,5,5,5,5,5,5,5,5,1,1
790,5,5,5,5,5,5,5,5,5,5,5,5,5,5,5,5,5,1,1,1,1,1,1,1
791,5,5,5,5,5,5,5,5,5,5,5,5,5,9,9,2,0,0,0,5,5,5,2,2
792,5,5,9,9,9,5,5,5,5,5,5,5,5,9,9,0,0,5,5,5,5,5,0,0
793,5,5,5,5,5,5,5,5,5,5,5,5,5,5,5,0,0,0,0,0,0,0,0,0
794,5,5,5,5,5,5,5,5,5,5,5,5,5,5,5,5,5,5,5,5,5,5,5,5
795,5,5,5,5,5,5,5,5,5,5,5,5,5,5,5,5,5,5,5,5,5,5,5,5
796,5,5,5,5,5,5,5,5,5,5,5,5,5,5,5,5,1,1,1,1,1,1,1,1
797,5,5,5,5,5,5,5,5,5,5,5,5,5,5,5,5,5,5,5,5,5,5,5,5
798,5,5,5,5,5,3,5,5,5,5,5,5,5,5,5,5,5,5,5,5,5,5,5,5
799,3,3,3,3,3,3,5,5,5,5,5,5,5,5,5,5,5,5,5,5,5,5,5,5
800,5,5,5,5,5,5,5,5,5,5,5,5,5,5,5,5,5,5,5,5,5,5,5,5
801,5,5,5,5,5,5,5,5,5,5,5,5,5,5,5,5,5,5,5,5,5,5,5,2
802,5,5,5,5,5,5,5,5,5,5,5,5,5,5,5,5,5,5,5,5,5,5,5,5
803,5,5,5,5,5,5,5,5,5,5,5,5,5,5,5,5,5,5,5,5,5,5,5,5
804,5,5,5,5,9,9,5,5,5,5,5,5,5,5,5,5,0,0,0,5,5,1,1,1
805,5,5,5,5,5,5,5,5,5,5,5,5,5,5,5,5,5,5,5,5,5,5,5,5
806,5,5,5,5,5,5,5,5,5,5,5,5,5,5,5,5,5,5,5,5,5,5,5,1
807,5,5,5,5,3,3,5,5,5,5,5,5,5,5,5,5,5,5,5,5,5,5,5,5
808,5,5,1,1,1,1,1,1,5,5,5,1,1,1,1,1,5,5,0,5,1,5,5,10
809,8,8,8,8,8,8,8,8,8,8,8,8,8,8,8,8,8,8,8,8,8,8,8,8
810,2,2,2,2,2,2,2,2,2,2,2,2,2,8,8,2,8,8,8,8,8,8,8,2
811,8,8,8,8,8,8,8,8,8,8,8,8,8,8,8,8,8,8,8,8,8,8,8,8
812,8,8,8,8,8,8,8,8,8,8,8,8,8,8,8,8,8,8,8,8,8,8,8,8
813,8,8,8,8,8,8,8,8,8,8,8,8,8,8,8,8,8,8,8,8,8,8,8,8
814,2,2,2,2,2,2,2,2,2,0,0,0,0,0,0,0,0,2,2,3,3,3,3,3
815,2,2,2,2,2,2,2,2,2,2,2,2,2,8,8,2,2,2,8,8,8,8,8,2
817,2,2,9,9,0,0,9,9,0,0,0,8,8,8,8,2,7,7,7,7,7,0,0,0
818,8,8,8,8,8,8,8,8,8,8,4,8,8,8,8,8,4,4,4,4,4,3,3,4
819,8,8,8,8,8,8,8,8,8,8,8,8,8,8,8,8,8,8,8,8,8,8,8,8
820,8,8,8,8,8,8,8,8,8,8,8,8,8,8,8,8,8,8,8,4,4,4,4,4
821,2,2,2,2,2,2,2,2,2,2,2,2,2,8,8,2,2,2,8,8,8,8,8,8
822,2,2,2,2,2,2,2,2,2,2,2,2,2,2,2,2,2,2,2,8,8,2,2,2
823,2,2,2,2,2,2,2,2,2,2,2,2,2,8,8,8,8,8,2,2,2,2,2,2
824,8,8,8,8,8,8,8,8,8,8,8,8,8,8,8,8,8,8,8,8,8,8,8,8
825,2,2,2,2,2,2,2,2,2,2,2,2,2,8,8,2,2,2,8,8,8,8,8,8
826,2,2,2,2,2,2,2,2,2,2,2,2,2,8,8,2,2,2,2,8,8,2,2,2
827,2,2,2,2,2,2,2,2,2,2,2,2,2,2,2,2,2,2,2,2,2,2,2,2
828,2,2,2,2,2,2,2,2,2,2,2,2,2,2,2,2,2,2,2,2,2,2,2,2
829,2,2,2,2,2,2,2,2,2,2,2,2,2,9,2,2,2,2,2,2,2,2,2,2
830,8,8,8,8,8,8,8,8,8,8,8,8,8,8,8,8,8,8,8,8,8,8,8,8
831,2,2,2,2,2,2,2,2,2,2,2,2,2,2,2,2,2,2,2,0,0,0,2,2
832,2,2,2,2,2,2,2,2,2,2,2,2,2,2,2,2,2,2,2,2,2,2,2,2
833,2,2,2,2,2,2,2,2,2,0,0,0,0,0,0,0,0,0,0,0,0,0,0,0
834,2,2,2,2,2,2,2,2,2,2,2,2,8,8,8,8,8,8,8,8,8,8,8,8
835,2,2,2,2,2,2,2,2,2,2,2,2,2,2,2,2,2,2,2,2,2,2,2,2
836,2,2,2,2,2,2,2,2,2,2,2,2,2,2,2,2,2,2,2,2,2,2,2,2
838,2,2,2,2,2,2,2,2,2,2,2,2,2,8,8,2,2,2,2,8,8,0,2,2
839,2,2,2,2,2,2,2,2,2,2,2,2,2,2,2,2,2,2,2,2,2,2,2,2
840,2,2,2,2,2,2,2,2,2,2,2,2,2,8,8,2,2,2,2,8,8,7,2,2
841,8,8,8,8,8,8,8,8,8,8,8,8,8,8,8,8,8,8,8,8,8,8,8,8
842,6,5,5,5,5,5,5,5,5,5,5,5,5,5,5,5,5,5,5,5,5,5,5,5
843,3,3,3,3,3,3,3,3,3,5,5,5,5,5,5,5,5,5,5,5,5,5,5,5
844,3,3,3,3,3,3,3,5,5,5,5,5,5,5,5,5,5,3,3,5,5,5,5,5
846,3,3,3,3,3,3,5,3,3,5,5,5,5,5,5,5,5,5,5,5,5,5,5,5
847,3,3,3,3,3,3,5,5,5,5,5,5,5,5,5,5,5,5,5,5,5,5,5,5
848,3,3,3,3,3,3,5,5,5,5,5,5,5,5,5,5,5,5,5,5,5,5,5,5
849,5,5,5,5,5,5,5,5,5,5,5,5,5,5,5,5,5,5,5,5,5,5,5,5
851,5,5,5,5,5,5,5,5,5,5,5,5,5,5,5,5,5,5,5,5,5,5,5,5
852,5,5,5,5,5,5,5,5,5,5,5,5,5,1,1,1,1,5,5,5,5,5,10,10
853,3,3,3,3,3,3,5,5,5,5,5,5,5,5,5,5,5,5,5,5,5,5,5,5
854,3,3,5,5,5,5,5,5,5,5,5,5,5,5,5,5,5,5,5,5,5,5,5,5
855,3,3,5,5,5,5,5,5,5,5,5,5,5,5,5,5,5,5,5,5,5,5,5,5
856,3,3,3,3,3,3,5,5,5,5,5,5,5,5,5,5,5,5,5,5,5,5,5,5
857,3,3,3,3,3,3,3,5,5,5,5,5,5,5,5,5,5,5,5,5,5,5,5,5
859,3,3,5,5,5,5,5,5,5,5,5,5,5,5,5,5,5,5,5,5,5,5,10,10
860,5,5,5,5,5,5,5,5,5,5,5,5,5,5,5,5,5,5,5,5,5,5,5,5
870,5,5,5,5,5,5,5,5,5,5,5,5,5,5,5,5,5,5,5,5,5,5,5,5
871,5,5,5,5,5,5,5,5,5,5,5,5,5,5,5,5,5,5,5,5,5,5,5,5
872,5,5,5,5,5,5,5,5,5,5,5,5,5,5,5,5,5,5,5,5,5,5,5,5
873,5,8,3,3,3,3,5,5,5,5,5,5,5,5,5,5,5,5,5,5,5,5,5,5
874,5,5,5,5,5,5,5,5,5,5,5,5,5,5,5,5,5,5,5,5,5,5,5,5
875,3,3,3,3,3,3,5,5,5,5,5,5,5,5,5,5,5,5,5,5,5,5,5,5
876,5,5,5,5,5,5,5,5,5,5,5,5,5,5,5,5,5,5,5,5,5,5,5,5
877,5,5,5,5,5,5,5,5,5,5,5,5,5,5,5,5,5,5,5,5,5,5,5,5
878,3,3,3,3,3,3,5,5,5,5,5,5,5,5,5,5,5,5,5,5,5,5,5,5
879,5,5,5,5,5,5,5,5,5,5,5,5,5,5,5,5,5,5,5,5,5,5,5,5
880,5,5,5,5,5,5,5,5,5,5,5,5,5,5,5,5,5,5,5,5,5,5,5,5
881,5,5,5,5,5,5,5,5,5,5,5,5,5,5,5,5,5,5,5,5,5,5,5,5
882,5,5,7,7,5,5,5,5,5,5,5,5,5,5,5,1,1,1,1,5,1,1,1,1
883,3,8,8,8,3,3,3,3,3,3,3,3,3,3,3,3,3,3,3,3,5,3,3,3
884,0,8,8,8,8,3,5,5,5,5,5,5,5,5,5,5,5,5,5,5,5,5,5,5
885,5,5,5,5,5,5,5,5,5,5,5,5,5,5,5,5,5,5,5,5,5,5,5,5
886,3,3,3,3,3,3,5,5,5,5,5,5,5,5,5,5,5,5,5,5,5,5,5,5
888,3,3,3,3,3,3,5,5,5,5,5,5,5,5,5,5,5,5,5,5,5,5,5,5
889,5,5,5,5,5,5,5,5,5,5,5,5,5,5,5,5,5,5,5,5,5,5,5,5
890,3,3,3,3,3,3,3,3,3,3,3,3,3,3,3,3,3,3,3,3,3,3,4,4
891,3,3,3,3,3,3,3,3,3,3,3,3,3,3,3,3,3,3,3,3,3,3,3,3
892,3,3,3,3,3,3,3,3,3,3,3,3,3,3,3,3,3,3,3,3,3,3,3,3
895,3,3,3,3,3,3,3,0,0,0,0,0,0,0,0,0,3,3,3,0,0,0,0,3
896,3,3,3,3,3,3,3,3,3,3,3,3,3,3,3,3,3,3,3,3,3,3,3,3
897,3,3,3,3,3,3,3,3,3,3,10,10,10,3,3,3,3,3,3,3,3,3,3,3
898,0,0,0,0,0,0,1,1,1,0,0,0,0,0,0,0,0,0,0,0,0,0,0,0
899,5,7,7,0,9,9,7,7,7,7,2,2,2,0,0,0,0,0,2,2,2,2,0,0
900,1,1,1,1,1,1,1,1,1,1,1,1,1,1,1,1,1,1,1,1,1,1,1,1
901,1,1,1,1,1,1,1,1,1,1,1,1,1,1,1,1,1,1,3,3,10,10,10,10
902,3,3,3,3,3,3,3,3,3,3,10,10,10,10,10,10,10,10,10,10,10,10,10,10
903,3,3,5,3,3,3,3,3,3,3,0,0,0,0,10,10,10,10,0,0,0,0,0,0
904,1,1,1,1,1,1,1,1,1,1,1,1,1,1,1,1,1,1,1,1,1,1,1,1
905,3,3,3,3,3,3,3,3,3,3,10,10,10,10,10,10,10,10,10,10,10,10,10,10
907,0,0,5,5,5,5,5,5,5,5,5,5,5,1,1,1,1,0,0,0,0,0,0,0
908,3,3,3,3,3,3,3,3,3,3,10,10,10,10,10,10,10,10,10,10,10,10,10,10
909,3,3,3,3,3,3,3,3,3,0,0,0,0,10,10,10,10,10,10,10,10,10,10,10
911,3,3,3,3,3,3,3,3,3,3,10,10,10,10,10,10,10,10,10,10,10,10,10,10
912,3,3,3,3,3,3,3,3,3,3,3,3,3,3,3,3,3,3,3,3,3,3,3,3
913,3,3,3,3,3,3,3,3,3,3,10,10,10,3,3,3,10,10,3,10,10,10,3,3
914,1,1,1,1,1,0,0,1,1,1,1,1,1,1,1,1,1,1,0,0,0,0,0,0
915,0,0,0,0,0,0,0,1,1,9,0,0,0,0,0,0,0,0,0,1,1,1,0,0
916,3,3,3,3,3,3,3,5,5,5,5,5,5,5,5,5,5,5,5,5,5,3,3,5
917,3,3,3,3,3,3,3,5,5,5,5,5,5,5,5,5,5,5,5,5,5,5,5,5
918,8,8,8,8,8,8,8,8,8,8,8,8,8,8,8,8,8,8,8,8,8,8,8,8
920,1,1,1,1,1,1,0,0,0,0,0,0,1,1,0,3,3,3,2,2,2,2,2,2
922,2,2,2,1,1,1,2,2,2,0,0,1,1,1,2,2,2,2,2,2,2,2,2,2
923,2,2,2,2,2,0,0,0,0,0,0,0,2,2,0,0,0,0,0,0,0,0,0,0
924,2,2,2,2,2,2,2,2,2,2,2,2,2,2,2,2,2,2,2,2,2,2,2,2
925,7,2,2,2,2,2,2,2,0,0,0,2,2,2,2,2,0,0,0,0,0,0,2,2
926,2,2,2,2,2,2,2,2,2,2,2,2,2,2,2,2,2,2,2,2,2,2,2,2
927,8,8,8,8,8,8,8,8,8,8,8,8,8,8,8,8,8,8,8,8,8,8,8,8
928,8,8,7,7,8,8,8,8,8,8,8,8,8,8,8,8,8,8,8,8,8,8,8,8
929,2,2,2,2,2,2,2,2,2,2,2,2,2,2,2,2,2,2,2,2,2,2,2,2
930,2,2,2,2,2,2,2,2,2,2,2,2,2,2,2,2,2,2,2,2,2,2,2,2
986,6,6,8,6,6,6,4,4,4,4,4,4,4,4,4,4,4,4,4,4,4,4,4,4
987,0,0,0,0,0,3,3,3,3,3,3,0,3,3,3,3,3,3,3,3,3,3,3,3
988,8,8,8,8,8,8,8,8,8,6,6,6,6,6,6,6,4,4,4,4,4,4,4,4
989,8,8,8,8,5,5,8,8,8,4,4,4,4,4,4,6,4,4,4,4,4,4,4,4
991,8,8,8,3,3,4,4,4,4,4,4,4,3,4,4,4,4,4,4,4,4,3,3,3
992,7,7,7,9,9,9,7,7,7,7,0,0,1,1,0,0,0,1,1,3,3,3,3,1
993,1,2,0,0,0,0,0,9,9,0,0,0,0,0,0,0,0,0,0,0,0,0,0,0
994,1,1,1,1,1,0,0,0,0,0,0,0,0,0,10,10,10,0,0,0,0,0,0,10
995,0,0,0,0,0,0,0,0,0,0,0,0,0,0,0,0,0,0,0,0,0,0,0,0
996,3,3,3,3,3,3,3,3,3,3,4,4,3,3,3,3,3,3,3,3,3,3,3,3
998,0,0,0,0,3,3,3,5,3,3,0,0,0,0,0,0,3,3,3,3,3,3,3,3
999,0,0,0,0,0,0,0,0,0,0,0,0,0,0,0,0,0,0,0,0,0,0,0,0
1001,3,3,3,3,3,3,4,4,4,4,4,4,3,3,3,3,3,3,3,3,3,3,3,3
1002,0,0,0,0,0,0,0,0,0,0,0,0,0,0,0,0,0,0,0,0,0,0,0,0
1003,3,3,3,3,3,0,0,0,0,0,0,0,0,0,0,0,0,0,0,10,10,10,10,10
1004,5,5,1,0,0,0,0,0,0,0,0,0,0,0,0,0,0,0,0,0,0,0,0,0
1005,1,1,1,1,1,1,0,0,4,4,4,4,3,3,3,3,3,3,3,3,3,3,3,3
1006,0,0,0,0,0,0,0,0,0,0,0,0,0,0,0,0,0,0,0,0,0,0,0,0
1007,8,8,8,8,8,8,8,8,8,8,8,8,8,8,8,8,8,8,8,8,8,8,8,8
1008,8,8,8,8,8,8,8,8,8,8,8,8,8,8,8,8,8,8,8,8,8,8,8,8
1009,8,8,8,8,8,8,8,8,8,8,4,4,3,3,3,3,3,4,4,4,4,3,3,3
1010,7,7,7,7,7,8,8,8,8,8,8,8,8,8,8,8,8,8,8,8,8,8,8,8
1011,2,2,2,2,2,2,2,2,2,2,2,2,2,2,2,2,8,8,2,2,2,2,2,2
1012,2,2,9,9,9,9,9,2,2,2,2,2,2,2,2,2,2,2,2,2,2,2,2,2
1013,2,2,2,2,2,2,2,2,2,2,2,2,2,2,2,2,2,2,2,2,2,2,2,2
1014,2,2,2,2,2,2,2,2,2,2,0,2,2,2,2,2,2,2,2,2,2,2,2,2
1015,7,2,2,2,2,0,0,0,0,0,0,0,0,0,0,0,0,0,0,0,0,0,0,0
1016,2,2,2,2,2,2,2,2,2,2,2,2,2,2,2,2,2,2,2,2,2,2,2,2
1017,1,1,1,1,1,1,0,0,0,0,0,0,0,1,0,0,0,0,0,0,0,0,0,0
1018,2,2,2,2,2,2,2,2,2,2,2,2,2,2,2,2,2,2,2,2,2,2,2,2
1019,2,2,2,2,2,2,2,2,2,2,2,2,2,2,2,2,2,2,2,2,2,2,2,2
1020,2,2,2,9,9,0,0,0,0,0,0,0,0,0,0,0,0,3,0,0,0,0,0,0
1021,7,7,2,2,2,2,2,2,2,2,2,2,2,2,2,2,2,2,2,2,2,2,2,3
1023,2,2,2,2,2,2,2,2,2,2,2,2,2,2,2,2,2,2,2,2,2,2,2,2
1024,2,2,2,2,2,2,2,2,2,2,2,2,2,2,2,2,2,2,2,2,2,2,2,2
1025,2,2,2,2,1,1,0,0,0,2,2,2,2,2,2,2,2,0,0,0,0,2,2,2
1026,0,0,0,0,0,0,0,0,0,0,0,0,0,0,0,0,0,0,0,0,0,0,0,0
1027,2,2,2,2,2,2,2,2,2,2,2,2,2,2,2,2,2,2,2,2,2,2,2,2
1028,2,2,2,2,2,2,2,2,2,2,2,2,2,2,2,2,2,2,2,2,2,2,2,2
1029,2,2,2,2,2,2,2,2,2,2,2,2,2,2,2,2,2,2,2,2,2,2,2,2
1030,2,2,2,2,2,2,2,2,2,2,2,2,2,2,2,2,2,2,2,2,2,2,2,2
1031,2,2,2,2,2,2,2,2,2,2,2,2,2,2,2,2,2,2,2,2,2,2,2,2
1032,2,2,2,2,2,2,2,2,2,2,2,2,2,2,2,2,2,2,2,2,2,2,2,2
1033,2,2,2,1,1,1,1,1,1,1,1,1,1,1,1,1,1,1,1,1,1,1,1,2
1034,2,2,2,2,2,2,0,0,0,0,0,1,1,2,2,0,0,0,0,0,0,0,2,2
1035,2,2,2,2,2,2,2,2,2,2,2,2,2,2,2,2,0,0,0,0,0,0,2,2
1036,2,2,2,2,2,2,2,2,2,2,2,2,2,2,2,2,2,2,2,2,2,2,2,2
1037,2,2,2,2,2,2,2,2,2,0,0,0,0,0,0,2,2,2,2,2,2,2,8,8
1038,2,2,2,2,2,2,2,2,2,2,2,2,2,2,2,2,2,2,2,2,2,2,2,2
1039,7,7,7,7,8,8,8,8,8,8,8,8,8,8,8,8,8,8,3,3,3,3,3,8
1040,2,2,2,2,2,2,2,2,2,2,2,2,2,8,8,2,2,7,7,7,7,7,2,2
1041,2,2,2,2,2,2,2,2,2,2,2,2,2,2,2,2,2,2,2,2,2,2,2,2
1044,2,2,2,1,1,1,1,1,2,2,2,2,2,2,2,2,2,2,2,2,2,2,2,2
1047,3,3,3,3,3,3,3,3,3,3,10,10,10,10,10,10,10,10,10,10,10,10,10,10
1048,1,1,1,1,9,9,7,7,7,7,7,7,7,7,1,1,1,1,3,1,1,1,1,1
1049,3,3,3,3,3,8,8,8,8,8,8,3,3,3,3,3,3,3,3,3,3,3,3,3
1051,5,5,5,5,5,5,5,7,7,7,7,10,10,5,5,5,5,3,3,3,3,3,3,3
1052,1,1,1,1,5,5,1,1,1,1,1,1,1,1,1,10,10,10,1,1,10,10,10,10
1053,3,3,5,5,5,5,1,1,1,1,1,10,10,10,10,10,10,10,1,1,1,10,10,10
1054,5,5,5,5,3,3,3,3,3,3,4,4,4,4,4,4,4,4,4,3,3,3,3,3
1055,3,3,1,1,5,5,1,1,1,1,1,1,5,5,5,5,1,1,1,1,1,1,1,1
1056,3,3,3,3,0,0,1,1,1,0,0,0,0,0,0,0,0,0,0,0,0,0,0,0
1057,3,3,3,3,3,3,3,3,3,3,10,10,10,10,10,10,10,10,10,10,10,10,10,10
1058,5,5,5,9,9,9,9,9,9,9,9,9,9,9,9,0,0,0,2,2,2,0,0,0
1059,5,5,5,9,9,9,9,9,9,7,7,7,9,9,7,7,7,3,3,3,7,7,7,7
1060,1,1,1,0,0,0,0,0,0,0,0,0,0,0,0,0,0,0,0,0,0,0,0,0
1061,1,1,1,1,9,9,7,7,7,7,7,7,1,1,1,1,1,1,1,1,1,1,1,1
1062,1,1,1,1,9,9,9,9,7,7,7,7,9,1,1,1,1,1,1,2,2,2,2,2
1063,3,3,3,3,3,3,3,3,3,3,10,10,10,0,0,0,10,10,10,10,10,10,10,10
1064,1,1,1,1,1,1,1,1,1,1,1,1,1,1,1,1,1,1,1,1,1,1,1,1
1065,1,1,1,1,1,1,1,1,1,1,1,1,1,1,1,1,1,1,1,1,1,1,1,1
1066,3,3,3,3,3,3,3,3,3,3,10,10,0,0,10,10,10,10,3,3,10,10,10,10
1067,1,1,1,1,1,1,1,1,1,1,1,1,1,1,1,1,1,1,1,1,1,1,1,1
1068,3,3,3,3,3,3,3,3,3,3,7,7,7,1,1,10,10,3,3,3,10,10,10,10
1069,3,3,3,3,0,0,1,1,1,1,1,10,10,10,10,5,5,5,1,1,1,1,1,1
1070,3,3,9,9,9,9,9,9,7,7,9,9,9,9,9,0,0,0,2,2,2,0,0,0
1071,3,3,5,5,5,5,5,3,7,7,7,7,7,7,7,7,7,3,3,3,3,3,3,3
1072,3,3,3,3,3,3,3,3,3,3,10,10,10,10,10,10,10,10,10,10,10,10,10,10
1107,8,8,8,8,8,8,8,8,8,6,6,6,6,4,4,4,4,4,4,4,4,4,4,4
1108,1,1,0,0,0,0,0,0,0,0,0,0,0,0,0,0,0,0,0,0,0,0,0,0
1109,7,7,7,9,5,7,7,7,7,7,7,7,7,0,0,8,8,3,3,3,3,3,3,3
1110,3,3,3,3,3,3,3,3,3,3,0,0,3,3,3,3,3,3,3,3,3,3,3,3
1111,1,3,3,3,3,3,3,3,3,0,0,0,0,0,3,3,3,3,3,3,3,3,0,0
1112,8,0,0,0,0,0,0,3,3,0,0,0,0,0,3,3,3,3,3,3,3,3,0,0
1113,1,1,0,0,0,0,0,0,0,0,0,0,0,0,0,0,0,0,0,0,0,0,0,0
1115,1,1,1,0,0,0,0,0,0,0,0,0,0,0,0,0,0,0,0,0,0,0,0,0
1116,1,2,2,2,2,2,9,2,2,0,2,2,2,2,0,0,0,0,0,0,0,0,0,0
1117,8,8,8,8,8,8,8,8,8,8,8,4,4,4,4,4,4,4,4,4,8,8,8,8
1118,1,1,1,0,0,0,0,0,0,0,0,0,0,0,0,0,0,0,0,0,0,0,0,0
1119,1,1,0,0,0,0,0,0,3,3,0,0,0,0,0,0,0,0,0,0,0,0,0,0
1120,0,0,0,0,0,0,0,0,0,0,0,0,0,0,0,0,0,0,0,0,0,0,0,0
1121,0,0,0,0,0,0,0,0,0,0,0,0,0,0,0,0,0,0,0,0,0,0,0,0
1122,1,1,1,0,0,0,0,9,9,9,9,9,10,10,10,0,0,0,0,0,0,0,0,10
1123,1,1,0,0,0,0,0,0,0,0,0,0,0,0,0,0,0,0,0,0,0,0,0,0
1124,1,1,1,1,1,1,1,1,1,1,1,1,1,1,10,10,0,0,0,0,0,0,0,10
1125,1,1,0,0,0,0,0,0,0,0,0,0,0,0,0,0,0,0,0,0,0,0,0,0
1126,1,1,2,2,2,0,0,0,0,0,0,0,0,0,0,0,0,0,0,0,1,0,0,0
1127,1,0,0,0,0,0,0,0,0,0,0,0,0,0,0,0,0,0,0,0,0,0,0,0
1128,1,1,0,0,0,0,0,0,0,0,0,0,0,0,0,0,0,0,0,0,0,0,0,0
1129,0,0,0,0,0,0,0,0,0,0,0,0,0,0,0,0,0,0,0,0,0,0,0,0
1130,0,0,0,0,0,0,0,0,0,0,0,0,0,0,0,0,3,0,0,0,0,0,0,0
1131,7,7,7,9,5,5,7,7,7,7,0,0,0,0,3,3,3,3,3,3,3,3,3,3
1132,1,1,0,0,0,0,0,0,0,0,0,0,0,0,0,0,0,0,0,0,0,0,0,0
1133,1,1,1,1,1,1,0,0,0,0,0,0,0,0,1,1,1,1,1,1,0,0,0,0
1134,6,6,8,6,6,6,6,6,6,6,6,6,6,6,6,6,6,6,6,6,6,6,6,6
1135,8,8,8,8,8,8,8,8,8,6,6,6,6,6,6,4,4,4,4,4,4,4,4,4
1136,3,3,3,3,3,3,3,3,3,3,3,3,3,3,3,3,3,3,3,3,3,3,3,3
1137,1,1,1,1,9,9,7,7,7,7,7,7,1,1,1,1,1,1,1,1,1,1,1,1
1138,8,8,9,9,8,5,5,5,8,5,5,5,0,0,0,0,3,3,3,3,3,3,3,3
1139,1,1,1,1,9,9,7,7,7,7,7,7,7,7,1,1,1,1,1,1,1,1,1,1
1140,8,8,8,8,8,8,8,8,8,6,6,6,6,6,6,6,6,4,4,4,4,6,6,4
1141,3,3,3,3,3,3,3,3,3,3,3,3,3,3,3,3,3,3,3,3,3,3,3,3
1142,7,5,5,5,5,5,7,7,7,7,7,7,7,7,7,7,7,3,3,3,3,3,7,7
1143,3,3,3,3,3,3,3,3,3,3,0,0,0,10,10,10,10,10,10,0,0,0,0,0
1144,2,1,1,1,1,9,9,9,9,9,9,9,9,1,2,2,2,0,0,1,1,1,1,1
1146,3,3,3,3,3,3,3,3,3,0,0,0,0,0,10,10,10,10,10,0,0,0,0,10
1147,5,5,7,7,7,7,7,7,7,7,7,7,7,4,4,4,4,3,3,3,3,3,3,3
1148,7,7,7,7,9,9,7,7,7,7,7,7,7,7,7,1,1,1,1,1,1,1,1,1
1149,5,5,5,5,5,7,7,7,7,7,7,7,7,7,1,1,1,1,1,1,1,1,1,1
1150,8,8,8,8,8,8,8,8,8,8,4,4,4,4,4,4,4,4,4,4,4,4,4,4
1151,5,5,5,5,3,3,3,5,5,5,5,10,10,10,10,10,10,10,10,10,10,10,10,10
1152,3,3,3,3,3,3,3,5,5,5,5,5,5,5,5,5,5,5,5,5,5,5,5,5
1153,8,8,8,8,8,8,8,7,7,7,8,8,8,8,8,8,7,7,7,7,7,7,7,7
1154,5,5,5,3,3,3,3,5,5,5,5,10,10,10,10,10,10,10,10,10,10,10,10,10
1155,5,5,5,9,9,9,9,9,7,7,9,9,9,9,2,2,2,2,2,2,2,2,2,2
1157,0,0,0,3,3,3,3,3,3,3,10,10,0,0,10,10,10,10,10,10,10,10,10,10
1158,5,5,5,0,0,0,3,3,7,7,10,10,10,1,1,10,10,10,10,10,10,10,10,10
1159,7,7,7,7,1,1,1,1,7,7,7,7,7,7,7,7,7,7,7,3,3,3,3,7
1160,7,7,8,8,8,9,7,7,7,7,0,0,0,0,3,3,3,3,3,3,3,3,3,3
1161,5,5,5,5,5,5,5,3,3,3,3,10,10,10,10,10,10,10,10,10,10,10,10,10
1163,8,8,8,8,9,9,9,9,7,7,8,8,8,8,8,2,3,3,3,3,3,3,3,3
1164,3,3,3,3,3,3,9,9,9,9,9,9,9,9,9,10,10,3,3,2,0,0,0,0
1165,3,3,3,3,3,3,3,3,3,3,3,3,3,3,3,3,3,3,3,3,3,3,3,3
1166,2,2,2,2,2,9,9,9,9,9,9,9,9,9,2,2,2,2,2,2,2,2,2,2
1167,2,2,9,9,9,9,9,9,9,9,9,9,9,9,9,0,0,2,2,2,2,2,2,10
1168,7,5,0,0,0,3,3,3,7,7,7,7,7,1,1,10,10,10,10,10,10,10,10,10
1169,6,6,8,8,8,8,5,5,5,6,6,6,6,6,6,3,3,4,4,4,4,4,4,4
1170,7,7,7,7,7,7,7,7,7,7,7,7,7,7,7,1,1,1,1,1,1,1,1,7
1171,7,7,7,7,7,8,8,8,7,7,7,7,7,7,7,7,7,7,7,7,7,7,7,7
1172,7,7,7,7,7,7,7,7,7,7,7,7,7,7,7,7,7,7,7,7,7,7,7,7
1173,1,1,1,1,1,1,1,1,1,1,1,1,1,1,1,1,1,1,1,1,1,1,1,1
1174,7,7,7,7,7,7,7,7,7,7,7,7,7,7,7,7,7,3,3,3,3,7,2,2
1175,7,7,7,7,7,7,7,7,7,7,7,7,7,7,7,7,7,7,7,7,7,7,7,7
1176,8,8,8,8,8,6,6,6,6,6,6,6,6,6,6,6,6,6,6,6,6,6,6,6
1178,7,5,5,5,5,7,7,7,7,9,7,9,9,9,0,0,3,3,3,7,1,1,1,2
1179,8,8,8,8,8,0,0,0,3,3,3,3,3,3,3,3,3,3,3,3,3,3,3,3
1180,0,8,8,8,3,0,0,0,0,0,0,0,0,0,0,0,3,3,3,0,0,0,0,0
1181,8,8,8,8,8,8,8,8,8,8,3,3,3,3,3,3,3,3,4,4,4,3,3,3
1184,3,3,3,3,3,3,3,3,3,3,3,3,3,3,3,3,3,3,3,3,3,3,3,3
1185,8,8,8,5,5,5,5,5,5,5,0,0,0,0,0,10,10,10,10,0,0,0,0,0
1186,8,8,8,8,8,8,8,6,6,8,8,8,8,8,8,8,8,8,6,6,6,6,6,4
1187,8,8,8,8,8,8,8,8,8,8,3,3,3,3,3,3,3,3,3,3,3,3,3,3
1188,8,8,8,8,8,8,8,6,6,6,6,6,6,6,6,6,6,6,6,6,6,6,6,6
1189,1,1,1,1,5,5,1,1,1,1,7,7,7,7,1,3,10,1,1,1,1,1,10,10
1190,8,8,8,8,8,8,8,6,6,6,6,6,6,6,6,6,6,4,6,6,6,6,6,6
1191,8,8,9,9,5,5,5,5,5,5,5,5,5,5,5,5,5,3,3,3,3,3,3,3
1192,7,7,7,5,5,7,7,7,7,7,7,7,7,7,7,7,1,1,1,1,1,10,10,10
1193,7,7,7,9,5,5,7,7,7,7,7,7,7,0,10,10,7,3,3,3,3,3,10,10
1194,7,7,7,7,7,7,2,2,2,0,0,0,0,0,0,0,0,7,3,3,3,3,3,3
1195,7,7,7,7,1,1,1,1,1,1,1,1,1,0,0,0,0,0,0,0,0,0,0,0
1196,7,7,7,5,5,5,5,1,1,1,1,1,1,1,1,1,1,1,1,1,1,1,1,1
1197,8,8,8,8,8,8,8,8,8,8,8,8,8,3,3,3,3,3,4,4,4,3,3,3
1198,6,6,4,4,4,4,4,4,4,4,4,4,4,4,4,4,4,4,4,4,4,4,4,4
1200,0,0,0,0,0,0,0,0,0,0,0,0,0,0,0,0,0,3,3,3,3,0,0,0
1201,1,1,1,1,1,1,1,1,1,1,1,1,1,1,1,1,1,1,1,1,1,1,1,1
1203,1,1,1,1,1,1,0,0,0,0,0,0,1,1,1,1,1,1,1,3,3,10,10,1
1204,2,2,2,2,2,9,9,9,9,0,9,9,9,9,9,0,2,2,2,2,2,2,2,2
1205,1,1,1,1,1,1,1,1,1,1,1,1,1,1,0,0,1,1,1,1,1,1,1,1
1206,0,0,0,0,0,0,0,0,0,0,0,0,0,0,3,3,3,3,3,3,3,3,0,0
1207,1,1,1,1,1,1,0,0,0,0,0,0,1,0,0,3,3,3,3,3,3,3,3,3
1208,1,1,1,1,1,1,1,1,1,1,1,1,1,1,1,1,1,1,1,1,1,1,1,1
1209,1,2,2,2,1,1,0,0,0,0,0,0,0,0,0,3,3,3,3,1,1,1,1,1
1210,2,2,2,2,2,1,0,0,0,0,0,1,1,1,2,2,2,2,2,2,2,2,2,2
1211,1,1,1,1,1,1,0,0,0,0,0,0,0,0,0,0,0,3,3,3,3,3,3,0
1212,6,8,8,0,3,3,4,4,4,4,4,4,3,3,3,3,3,3,3,3,3,3,3,3
1213,1,1,1,1,1,1,0,0,0,0,0,0,1,1,1,1,1,1,1,1,1,0,0,0
1214,1,1,1,1,1,0,0,9,0,0,0,0,0,0,0,0,0,0,0,0,0,0,1,1
1215,1,1,1,1,1,1,1,0,0,0,0,1,1,1,1,1,1,1,1,1,1,1,1,1
1217,1,1,1,1,1,1,1,1,0,0,0,1,1,1,1,1,1,0,1,1,1,1,1,1
1218,1,1,1,1,1,1,1,1,0,0,0,1,1,0,0,0,0,1,1,1,1,1,1,1
1219,0,0,0,0,0,0,0,0,0,0,0,0,0,0,0,0,0,0,0,0,0,0,0,0
1220,2,1,2,1,1,1,1,1,0,0,1,1,1,1,1,1,1,1,1,1,1,1,1,1
1221,1,1,1,1,1,1,1,0,0,4,4,4,3,3,3,3,3,3,3,3,3,3,3,3
1222,2,2,2,2,2,2,0,0,0,0,0,2,2,2,2,1,1,1,1,2,1,1,1,1
1223,2,1,2,2,2,2,1,0,0,0,0,1,2,2,0,0,2,2,2,2,2,2,2,1
1224,6,6,8,6,6,6,6,6,6,6,6,6,4,4,4,4,4,4,4,4,4,4,6,6
1225,1,1,1,1,5,5,5,8,8,7,7,7,7,7,3,3,3,3,3,3,3,3,3,3
1226,5,5,5,5,5,5,5,3,3,3,4,4,4,4,4,3,3,4,4,4,4,3,3,3
1227,3,3,3,3,3,3,5,5,5,5,5,0,0,0,0,0,0,3,3,3,3,3,3,3
1228,1,1,1,1,1,1,5,5,1,1,1,1,1,1,3,3,1,1,1,3,3,3,3,3
1229,8,8,8,8,8,8,3,3,3,3,3,3,3,3,3,3,3,3,4,4,4,3,3,3
1230,5,5,5,5,5,5,5,8,8,8,5,5,5,4,4,4,4,4,4,4,4,4,4,4
1231,3,3,3,3,3,3,3,3,3,3,3,3,3,3,3,3,3,3,3,5,5,3,3,3
1232,3,3,3,3,5,5,5,3,3,3,5,10,10,3,3,3,3,3,3,3,3,3,3,3
1233,8,8,8,8,8,8,8,8,8,6,6,6,4,4,4,4,4,4,4,4,4,4,4,4
1234,8,8,8,8,8,8,8,8,8,3,3,3,3,3,3,3,3,3,3,3,3,3,3,3
1235,5,5,5,5,5,5,5,8,8,5,3,0,0,1,3,3,3,3,3,3,3,3,3,3
1236,8,8,8,8,8,8,8,8,8,6,6,6,6,4,4,4,4,4,4,4,4,4,4,4
1237,1,1,1,1,1,1,5,3,3,1,1,0,0,0,3,3,3,3,3,3,10,10,10,10
1238,8,8,8,8,8,8,8,8,8,6,6,3,3,3,3,3,3,4,4,4,4,3,3,3
1240,7,7,1,1,1,7,7,7,7,7,7,7,7,7,1,1,1,1,1,1,3,3,1,1
1241,1,1,1,1,1,5,5,5,5,5,1,1,1,1,1,1,1,3,3,3,3,3,3,3
1242,1,1,1,1,1,1,1,1,1,1,1,1,1,1,1,1,1,1,1,1,1,1,1,1
1243,6,6,8,8,8,8,8,8,8,8,4,4,4,4,4,4,4,4,4,4,6,6,6,4
1244,0,0,0,0,0,1,1,1,1,0,0,0,0,0,0,0,0,0,0,0,0,0,0,0
1246,1,1,1,1,1,7,7,7,7,7,7,1,1,1,1,1,1,1,1,1,1,1,1,1
1249,1,1,1,1,7,7,7,7,7,7,7,7,1,1,1,1,1,1,1,1,1,1,1,1
1250,4,4,4,4,4,3,3,3,3,3,3,3,7,7,4,4,3,3,3,3,3,3,3,3
1251,1,1,1,1,1,1,1,1,1,1,1,1,1,1,1,1,1,1,2,2,2,2,2,1
1252,5,1,1,1,5,5,5,5,5,5,5,0,0,0,0,3,3,3,3,3,3,3,3,3
1253,1,2,1,1,1,1,1,1,1,1,1,1,1,1,1,1,1,1,1,1,1,1,1,1
1254,7,7,1,7,7,7,7,7,7,7,7,7,7,1,1,1,1,1,3,3,3,3,3,1
1256,1,1,1,1,9,9,9,9,9,9,9,9,9,1,2,2,0,1,3,3,3,3,1,10
1257,2,2,9,9,9,9,9,9,9,9,9,9,9,9,9,0,0,0,0,0,0,0,2,2
1258,8,8,8,8,8,8,8,8,8,8,4,6,6,6,6,6,6,4,4,4,4,4,6,4
1259,0,0,0,0,0,0,0,0,0,0,0,0,0,0,0,0,0,0,0,3,0,0,0,0
1260,8,8,8,8,3,3,3,8,8,3,3,3,3,3,3,3,3,3,4,4,4,3,3,3
1261,5,5,9,9,9,5,1,1,1,1,1,0,0,0,0,0,0,0,0,1,1,1,1,1
1262,8,8,8,8,7,7,7,7,0,0,0,0,0,0,0,0,3,3,3,3,3,3,0,0
1264,1,1,1,7,7,7,7,7,7,7,7,7,7,7,7,7,7,7,1,1,1,1,1,1
1265,7,7,7,7,7,7,7,7,7,0,0,0,0,0,0,0,0,0,0,3,3,3,0,1
1266,1,1,1,1,1,1,1,1,1,1,1,1,1,1,1,1,1,1,1,1,1,1,1,1
1267,1,1,1,1,1,1,1,1,1,5,5,5,1,1,1,1,1,1,1,1,1,1,1,1
1268,1,1,1,1,1,1,1,1,1,1,1,1,1,1,1,1,1,1,1,1,1,1,1,1
1269,1,1,1,1,1,1,1,1,1,1,1,1,1,1,1,1,1,1,1,1,1,1,1,1
1270,0,0,0,0,0,0,0,0,0,0,0,0,0,0,0,0,0,0,0,0,0,0,0,0
1271,0,1,1,1,1,1,1,1,1,1,1,1,1,1,1,1,1,1,2,2,1,1,1,1
1272,0,0,0,0,0,0,1,1,1,0,0,0,0,0,0,0,0,0,0,1,0,0,0,0
1273,0,1,1,1,1,1,1,1,1,1,1,1,1,1,1,1,2,2,2,2,1,1,1,1
1274,1,1,1,1,1,1,1,1,1,1,1,1,1,1,1,1,1,1,2,2,2,2,2,2
1275,5,5,5,5,5,5,5,7,7,7,7,7,7,7,7,7,7,3,3,3,3,3,3,7
1276,5,5,5,9,9,9,9,9,9,9,9,9,9,9,9,0,0,0,0,0,0,0,0,0
1277,0,0,0,0,0,0,0,0,0,0,0,0,0,0,0,0,0,0,0,0,0,0,0,0
1278,0,0,0,9,9,9,9,9,9,9,9,1,1,1,2,0,0,0,0,2,2,2,2,2
1279,1,1,1,1,1,1,1,1,1,1,1,1,1,1,1,1,1,1,1,1,1,1,1,1
1280,2,5,9,9,9,9,9,9,9,9,9,9,9,9,9,0,0,0,0,0,2,2,1,1
1281,1,1,1,1,1,1,1,0,0,0,0,0,0,1,1,1,1,1,0,0,0,0,0,0
1282,5,5,7,7,5,5,5,5,5,5,1,1,1,1,1,1,1,1,1,1,1,1,1,1
1284,0,0,0,0,0,9,9,9,0,0,0,0,0,0,0,0,0,0,0,0,0,0,0,0
1285,3,3,3,3,3,3,3,3,3,3,0,0,0,0,10,10,10,10,10,10,10,0,0,10
1286,2,2,9,9,9,9,9,9,9,9,0,1,1,0,0,0,0,0,0,0,0,1,1,1
1287,5,5,5,0,0,0,0,0,0,0,0,0,0,0,0,0,0,0,0,0,0,0,0,0
1288,1,1,1,1,0,0,0,0,1,1,1,1,1,1,0,0,0,0,0,0,0,0,0,1
1289,0,5,5,5,5,5,1,1,1,1,1,1,1,1,1,1,1,1,1,1,1,1,1,1
1290,5,5,9,9,9,9,9,9,9,9,9,9,9,9,0,0,0,0,0,0,0,0,0,0
1291,5,5,1,1,1,1,1,1,1,1,1,1,1,1,1,1,1,1,1,1,1,1,1,1
1292,0,1,1,0,0,9,9,9,9,9,1,1,0,0,0,0,0,0,0,0,0,0,0,0
1293,8,8,8,8,7,7,0,0,0,0,0,0,0,0,0,0,0,0,0,0,0,0,0,0
1294,7,7,7,7,7,7,7,0,0,0,0,0,0,0,0,0,0,0,0,0,0,1,1,1
1295,0,0,0,9,0,0,9,9,0,0,0,0,0,0,0,0,0,0,0,0,0,0,0,0
1296,5,5,9,9,9,9,9,9,9,1,1,1,1,1,2,2,2,2,2,2,2,2,2,2
1297,5,5,5,5,5,5,5,5,5,5,5,1,1,1,1,1,1,1,1,1,1,1,1,1
1298,0,0,0,0,0,9,9,9,9,9,1,1,1,1,1,0,0,0,0,0,1,1,1,1
1299,1,1,1,1,1,1,1,1,1,1,1,1,1,1,1,1,1,1,1,1,1,1,1,1
1300,5,5,9,9,9,9,9,9,9,9,9,9,9,9,9,0,0,0,0,0,7,7,2,1
1301,0,0,0,0,0,1,1,1,0,0,0,0,0,0,0,0,0,0,0,0,0,1,0,0
1302,8,8,9,9,9,7,7,7,7,7,0,0,0,0,0,0,0,0,7,3,3,0,0,0
1303,8,8,8,8,8,8,8,8,8,8,8,8,8,4,4,4,4,4,4,4,4,4,4,4
1304,0,0,0,0,0,0,0,0,0,0,0,0,0,0,0,0,0,0,0,0,0,0,0,0
1305,0,0,0,0,0,0,0,0,0,0,0,0,0,0,0,0,0,0,0,0,0,0,0,0
1306,1,1,0,0,0,0,0,0,0,0,0,0,0,0,0,0,0,0,0,0,0,0,0,0
1308,3,3,3,3,0,0,0,0,1,1,1,0,0,0,0,0,0,10,1,1,10,10,10,10
1309,1,1,1,1,1,1,1,1,1,1,1,1,1,1,1,1,1,1,1,1,1,1,1,1
1310,1,2,0,9,0,0,1,1,1,1,1,0,0,0,0,0,10,10,1,1,10,10,10,10
1311,1,1,1,1,1,1,1,1,1,1,1,1,1,1,1,1,1,1,1,1,1,1,1,1
1312,1,2,0,0,0,0,0,9,9,9,9,9,9,0,0,0,0,0,0,0,0,0,0,10
1313,1,1,1,1,1,1,1,1,1,1,1,1,1,1,1,1,1,1,1,1,1,1,1,1
1314,1,1,1,1,1,1,1,1,1,1,1,1,1,1,1,1,1,1,1,1,1,1,1,1
1315,8,8,8,8,8,8,8,8,8,8,8,4,4,4,4,4,4,8,8,3,3,3,3,8
1316,5,5,0,9,0,0,0,0,0,0,0,0,0,0,0,0,0,3,3,3,3,3,0,0
1317,1,1,1,1,1,1,1,1,1,1,1,1,1,1,1,1,1,1,1,1,1,1,1,1
1319,1,1,1,1,1,1,1,1,1,1,1,1,1,1,1,1,1,1,1,1,1,1,1,1
1320,1,1,1,1,1,1,1,1,1,1,1,1,1,1,1,1,1,1,1,1,1,1,1,1
1321,0,0,0,0,0,0,0,0,0,0,0,0,0,0,0,0,3,3,0,0,0,0,0,0
1322,1,1,1,1,1,1,1,1,1,1,1,1,1,1,1,1,1,1,1,1,1,1,1,1
1323,1,1,1,1,1,1,1,1,1,1,1,1,1,1,1,1,1,1,2,2,1,1,1,1
1324,2,2,9,9,9,9,9,9,9,9,9,1,1,1,1,1,1,1,1,1,1,1,1,1
1325,1,1,1,1,1,1,1,1,9,0,0,1,1,1,2,2,2,2,2,2,1,1,1,2
1326,5,5,5,5,9,9,9,9,9,9,9,1,1,0,0,0,0,0,0,0,0,0,1,1
1327,1,1,1,1,1,1,1,1,1,1,1,1,1,1,1,1,1,1,1,1,1,1,1,1
1328,1,1,1,1,1,1,1,0,0,0,0,1,1,1,1,1,1,1,1,1,1,1,1,1
1329,1,1,1,1,1,1,0,0,0,0,0,0,0,0,0,0,0,0,0,0,0,0,0,0
1330,1,0,0,0,0,0,0,0,0,0,1,1,1,0,0,0,0,0,1,1,1,1,1,1
1331,1,1,1,1,1,1,0,1,1,1,1,1,1,1,1,1,1,1,1,1,1,1,1,1
1333,5,5,5,5,5,5,5,8,8,8,6,6,6,6,6,3,3,3,4,4,4,4,4,4
1334,8,8,8,0,0,0,0,0,3,3,3,0,0,3,3,3,3,3,3,3,3,3,3,3
1335,2,1,1,1,1,1,1,1,1,1,1,1,1,1,2,2,2,2,2,2,2,2,2,2
1336,2,2,1,1,1,1,1,1,1,1,9,1,1,1,2,2,2,2,2,2,2,2,2,2
1337,5,5,9,9,9,9,9,9,9,9,9,9,9,9,9,0,0,0,0,0,0,2,2,2
1338,0,0,0,0,0,0,0,0,0,9,9,0,0,0,0,0,0,0,0,0,0,0,0,0
1339,1,1,1,1,9,9,1,1,9,9,9,9,9,9,2,2,0,0,7,2,2,2,0,2
1340,1,1,1,1,1,1,1,1,1,1,1,1,1,1,1,1,0,0,0,0,0,1,1,0
1341,0,0,0,0,0,0,0,0,0,1,1,0,0,0,0,0,0,0,0,0,0,0,0,0
1343,2,2,9,9,9,9,9,9,9,9,9,9,9,9,9,2,2,2,2,2,2,2,2,2
1344,2,2,2,2,2,2,1,1,2,2,1,1,2,0,0,0,2,2,2,2,1,1,1,1
1345,1,1,1,1,1,1,1,1,1,1,1,1,1,1,1,1,1,1,2,2,1,1,1,1
1346,2,2,1,1,1,1,1,1,1,1,1,1,1,1,1,1,1,1,1,1,1,1,1,1
1347,0,0,0,0,0,0,0,0,0,9,9,9,9,9,9,0,0,0,0,0,0,0,0,0
1348,1,1,1,1,2,2,1,1,1,1,1,1,1,1,1,1,1,2,2,2,2,2,2,1
1349,1,1,1,1,1,1,1,1,1,1,1,1,1,1,1,1,2,2,2,2,2,2,2,2
1350,1,1,1,1,1,1,1,1,9,9,1,1,1,1,2,2,2,2,2,2,1,1,1,1
1351,7,7,7,7,7,7,7,7,7,7,7,7,7,7,7,7,2,2,2,7,7,7,2,2
1352,2,2,9,9,9,9,9,9,9,9,9,9,9,1,2,2,2,2,2,2,2,2,2,2
1353,2,2,2,2,2,2,2,2,2,2,2,2,2,2,2,2,2,2,2,2,2,2,2,2
1355,2,2,1,1,1,1,1,1,1,1,1,1,1,1,1,1,1,1,0,0,1,1,1,1
1356,5,5,9,9,9,9,9,9,9,9,1,1,1,1,1,0,0,0,0,0,1,1,1,1
1357,5,5,9,9,9,9,9,9,9,9,9,9,9,9,9,0,0,0,0,0,0,2,2,0
1358,1,1,1,1,1,1,1,1,1,1,1,1,1,1,1,1,1,1,1,1,1,1,1,1
1392,3,3,3,3,3,3,3,3,3,3,0,0,0,0,3,10,10,10,3,3,3,3,3,3
1393,3,3,3,3,3,3,3,3,3,3,10,10,10,10,10,10,3,3,3,3,3,3,3,3
1394,3,3,3,3,3,3,3,3,3,3,3,3,3,3,3,3,3,3,3,3,3,3,3,3
1395,4,4,4,4,4,4,4,4,4,4,4,4,4,4,4,4,4,4,4,4,4,4,4,4
1396,4,4,4,4,4,4,4,4,4,4,4,4,4,4,4,4,4,4,4,4,4,4,4,4
1397,4,4,4,4,4,4,4,4,4,4,4,4,4,4,4,4,4,4,4,4,4,4,4,4
1398,3,3,3,3,3,3,3,3,3,3,3,3,3,3,3,3,3,3,3,3,3,3,3,3
1399,3,3,3,3,3,3,3,3,3,3,3,3,3,3,3,3,3,3,3,3,3,3,3,3
1400,4,4,4,4,4,4,4,4,4,4,4,4,4,4,4,4,4,4,4,4,4,4,4,4
1401,3,3,3,3,3,3,3,3,3,3,3,3,3,3,3,3,3,3,3,3,3,3,3,3
1402,4,4,4,4,4,4,4,4,4,4,4,4,4,4,4,4,4,4,4,4,4,4,4,4
1403,4,4,4,4,4,4,4,4,4,4,4,4,4,4,4,4,4,4,4,4,4,4,4,4
1404,3,3,3,3,3,3,3,3,3,3,10,10,10,10,10,10,10,10,3,3,3,3,3,3
1405,3,3,3,3,3,3,3,4,4,4,4,4,3,3,3,3,3,3,3,3,3,3,3,3
1406,3,3,3,3,3,3,3,3,3,3,3,3,3,3,3,3,3,3,3,3,3,3,3,3
1407,3,3,3,3,3,3,3,3,3,3,3,3,3,3,3,3,3,3,3,3,3,3,3,3
1408,4,4,4,4,4,4,4,4,4,4,4,4,4,4,4,4,4,4,4,4,4,4,4,4
1409,4,4,4,4,4,4,4,4,4,4,4,4,4,4,4,4,4,4,4,4,4,4,4,4
1410,8,8,8,8,8,8,8,8,8,8,4,4,4,4,4,4,4,4,4,4,4,4,4,4
1411,8,8,8,8,8,8,8,8,4,4,4,4,4,4,4,4,4,4,4,3,3,3,3,3
1412,2,2,2,2,2,2,2,2,2,2,2,2,2,2,2,2,2,2,2,2,2,2,2,2
1413,8,8,9,9,0,0,0,0,0,0,0,0,0,0,3,3,0,3,3,3,3,3,0,0
1414,0,0,0,0,0,1,1,1,0,0,0,0,0,0,0,0,0,1,1,1,1,1,1,1
1415,2,2,2,2,1,1,0,0,0,0,0,1,1,2,2,2,1,1,1,1,1,1,1,1
1416,2,2,2,1,1,1,1,1,1,1,1,1,1,1,0,1,1,1,0,0,1,1,1,1
1417,2,2,2,2,2,2,2,2,2,0,0,2,2,0,0,0,2,2,2,2,2,2,2,2
1419,2,2,2,2,2,2,2,2,2,2,2,2,2,2,2,2,1,1,1,1,2,2,2,2
1420,2,2,2,2,2,2,1,1,1,2,1,1,2,2,2,2,2,2,2,2,1,1,1,1
1421,2,2,9,9,9,9,1,1,1,1,2,9,9,9,2,2,2,2,2,2,2,2,2,2
1422,7,2,2,2,2,1,0,0,0,0,0,0,0,0,0,3,3,1,1,1,1,1,1,1
1423,1,1,1,1,1,1,1,1,1,1,1,1,1,1,1,1,1,1,1,1,1,1,1,1
1425,2,2,2,2,2,2,0,0,0,0,0,0,0,0,0,0,0,0,0,2,2,2,2,2
1426,2,2,2,2,2,2,2,2,2,2,2,2,2,2,2,2,2,2,2,2,2,2,2,2
1427,2,2,2,2,2,2,0,0,0,0,0,0,0,0,0,0,0,0,0,0,0,0,0,0
1428,2,2,2,2,2,2,2,2,2,2,2,2,2,2,2,2,2,2,2,2,2,2,2,2
1429,2,2,2,2,2,1,0,0,0,0,0,0,2,0,2,0,0,0,1,1,1,1,1,1
1430,3,3,3,3,3,3,3,5,5,5,5,5,5,5,5,5,5,5,5,5,5,5,5,5
1431,3,3,3,3,3,3,3,5,5,5,5,5,5,5,5,5,5,5,5,5,5,5,5,5
1438,3,3,3,3,3,3,3,5,5,5,5,5,5,5,5,5,5,5,5,5,5,5,5,5
1439,4,4,4,4,4,4,4,4,4,4,4,4,4,4,4,4,4,4,4,4,4,4,4,4
1440,4,4,4,4,4,4,4,4,4,4,4,4,4,4,4,4,4,4,4,4,4,4,4,4
1443,4,4,4,4,4,4,4,4,4,4,4,4,4,4,4,4,4,4,4,4,4,4,4,4
1444,4,4,4,4,4,4,4,4,4,4,4,4,4,4,4,6,4,4,4,4,4,4,4,4
1445,4,4,4,4,4,4,4,4,4,4,4,4,4,4,4,4,4,4,4,4,4,4,4,4
1446,4,4,4,4,4,4,4,4,4,4,4,4,4,4,4,4,4,4,4,4,4,4,4,4
1447,4,4,4,4,4,4,4,4,4,4,4,4,4,4,4,4,4,4,4,4,4,3,3,3
1448,4,4,4,4,4,4,4,4,4,4,4,4,4,4,4,4,4,4,4,4,4,4,4,4
1449,1,1,5,5,3,3,3,3,3,3,10,10,10,0,3,10,10,10,3,3,3,3,3,3
1453,4,4,4,4,4,4,4,4,4,4,4,4,4,4,4,4,4,4,4,4,4,4,4,4
1454,4,4,4,4,4,4,4,4,4,4,4,4,4,4,4,4,4,4,4,4,4,4,4,4
1456,4,4,4,4,4,4,4,4,4,4,4,4,4,4,4,4,4,4,4,4,4,4,4,4
1457,4,4,4,4,4,4,4,4,4,4,4,4,4,4,4,4,4,4,4,4,4,4,4,4
1459,4,4,4,4,4,4,4,4,4,4,4,4,4,4,4,4,4,4,4,4,4,4,4,4
1461,4,4,4,4,4,4,4,4,4,4,4,4,4,4,4,4,4,4,4,4,4,4,4,4
1463,4,4,4,4,4,4,4,4,4,4,4,4,4,4,4,4,4,4,4,4,4,4,4,4
1464,4,4,4,4,4,4,4,4,4,4,4,4,4,4,4,4,4,4,4,4,4,4,4,4
1465,4,4,4,4,4,4,4,4,4,4,4,4,4,4,4,4,4,4,4,4,4,4,4,4
1467,4,4,4,4,4,4,4,4,4,4,4,4,4,4,4,4,4,4,4,4,4,4,4,4
1468,4,4,4,4,4,4,4,4,4,4,4,4,4,4,4,4,4,4,4,4,4,4,4,4
1472,4,4,4,4,4,4,4,4,4,4,4,4,4,4,4,4,4,4,4,4,4,4,4,4
1473,3,3,3,3,3,3,3,3,3,4,4,4,3,3,3,3,3,3,3,3,3,3,3,3
1474,3,3,3,3,3,3,3,3,3,0,0,0,3,3,3,3,3,3,3,3,3,0,0,0
1475,4,4,4,6,6,6,4,4,4,4,4,4,6,6,6,6,6,6,4,4,4,4,4,4
1477,4,4,4,4,4,4,4,4,4,4,4,4,4,4,4,4,4,4,4,4,4,4,4,4
1478,1,1,1,1,4,4,4,4,4,4,0,0,3,3,3,3,3,3,3,3,3,3,3,3
1480,4,4,4,4,4,4,4,4,4,4,4,4,4,4,4,4,4,4,4,4,4,4,4,4
1481,4,4,4,4,4,4,4,4,4,4,4,4,4,4,4,4,4,4,4,4,4,4,4,4
1483,3,3,3,3,3,3,3,3,3,4,4,4,3,3,3,3,3,3,3,3,3,3,3,3
1484,4,4,4,4,4,4,4,4,4,4,4,4,4,4,4,4,4,4,4,4,4,4,4,4
1486,1,1,1,1,4,4,4,4,4,4,4,4,3,3,3,3,3,3,3,3,3,3,3,3
1488,4,4,4,4,4,4,4,4,4,4,4,4,4,4,4,4,4,4,4,4,4,4,4,4
1489,4,4,4,4,4,4,4,4,4,4,4,4,4,4,4,4,4,4,4,3,3,3,3,3
1490,4,4,4,4,4,4,4,4,4,4,4,4,4,4,4,4,4,4,4,4,4,4,4,4
1491,4,4,4,4,4,4,4,4,4,4,4,4,4,4,4,4,4,4,4,4,4,4,4,4
1492,4,4,4,4,4,4,4,4,4,4,4,4,4,4,4,4,4,4,4,4,4,4,4,4
1493,4,4,4,4,4,4,4,4,4,4,4,4,4,4,4,4,4,4,4,4,4,4,4,4
1494,1,1,1,1,1,1,0,0,0,0,0,0,1,0,0,3,3,3,3,3,3,3,0,0
1495,4,4,4,4,4,4,4,4,4,4,4,4,4,4,4,4,4,4,4,4,4,4,4,4
1496,4,4,4,4,4,4,4,4,4,4,4,4,4,4,4,4,4,4,4,4,4,4,4,4
1500,4,4,4,4,4,4,4,4,4,4,4,4,4,4,4,4,4,4,4,4,4,4,4,4
1501,4,4,4,4,4,4,4,4,4,4,4,4,4,4,4,4,4,4,4,4,4,4,4,4
1504,1,1,1,1,4,4,4,4,4,4,4,4,3,3,3,3,3,3,3,3,3,3,3,3
1506,3,3,3,4,3,3,3,3,3,3,3,3,3,3,3,3,3,3,3,3,3,3,4,4
1507,3,3,3,3,3,3,3,3,3,3,3,3,3,3,3,3,3,3,3,3,3,3,3,3
1508,3,3,3,3,3,3,3,3,3,3,3,3,3,3,3,3,3,3,3,3,3,3,3,3
1509,3,3,3,3,3,3,3,3,3,3,3,3,3,3,3,3,3,3,3,3,3,3,3,3
1510,3,3,3,3,3,3,3,3,3,3,3,3,3,3,3,3,3,3,3,3,3,3,3,3
1511,3,3,3,3,3,3,3,3,3,3,3,3,3,3,3,3,3,3,3,3,3,3,3,3
1512,3,3,3,3,3,3,3,3,3,3,3,3,3,3,3,3,3,3,3,3,3,3,3,3
1518,3,3,3,3,3,3,3,3,3,3,3,3,3,3,3,3,3,3,3,3,3,3,3,3
1519,3,3,3,3,3,3,3,3,3,3,3,3,3,3,3,3,3,3,3,3,3,3,3,3
1520,3,3,3,3,3,3,3,3,3,3,10,10,10,10,10,10,10,10,10,10,10,10,10,10
1521,3,3,3,3,3,3,3,3,3,3,3,3,3,3,3,3,3,3,3,3,3,3,3,3
1522,3,3,3,3,3,3,3,3,3,3,10,10,10,10,10,10,10,10,10,10,10,10,10,10
1523,6,6,8,6,6,6,6,6,6,6,6,6,6,6,6,6,6,6,6,6,6,6,6,6
1525,6,6,8,6,6,6,6,6,6,6,4,4,4,4,4,4,4,4,4,4,4,4,4,4
1526,5,5,5,3,3,3,3,3,4,4,4,4,3,3,3,3,3,3,3,3,3,3,3,3
1527,6,6,8,6,6,3,3,3,3,4,4,4,4,4,4,4,4,4,4,4,4,4,4,4
1528,0,0,0,0,0,0,0,2,2,2,2,2,2,0,0,0,0,0,0,0,0,0,0,0
1529,0,0,0,0,0,0,0,0,0,0,0,0,0,0,0,0,0,0,0,0,0,0,0,0
1530,2,2,2,9,9,9,9,2,2,0,0,0,0,0,0,0,0,0,0,0,0,0,0,0
1532,1,1,1,1,1,1,1,1,1,1,1,1,1,1,1,1,1,1,1,1,1,2,2,2
1533,0,0,0,0,0,9,9,9,9,9,9,0,0,0,0,0,0,0,0,0,0,0,0,0
1534,2,2,0,0,0,0,0,0,0,0,0,0,0,0,0,0,0,0,0,0,0,0,0,0
1535,1,1,1,0,0,0,0,0,1,9,0,0,0,0,0,1,1,0,0,0,0,0,0,0
1536,0,0,0,0,0,0,0,0,0,0,0,0,0,0,0,0,0,0,0,0,0,0,0,0
1537,0,0,0,0,0,1,1,1,1,1,1,1,1,1,1,1,1,1,1,1,1,1,1,1
1539,8,0,0,0,0,3,3,3,4,4,4,4,3,3,3,3,3,3,3,3,3,3,3,3
1540,5,8,8,8,8,3,3,3,3,4,4,4,4,4,4,4,4,4,4,4,4,3,3,3
1541,2,2,2,2,2,2,2,2,2,2,2,2,2,2,2,2,2,2,2,2,2,2,2,2
1542,0,0,0,0,0,0,0,0,0,0,0,0,0,0,0,0,0,0,0,0,0,0,0,0
1543,2,2,1,1,1,1,1,1,1,1,1,1,1,1,1,1,1,1,1,1,1,1,1,1
1544,1,1,1,1,1,1,1,1,1,1,1,1,1,1,1,1,1,1,1,1,1,1,1,1
1545,1,1,1,1,1,1,1,1,1,1,1,1,1,1,1,1,1,1,1,1,1,1,1,1
1546,2,2,0,0,0,0,0,0,0,0,0,0,0,0,0,0,0,0,0,0,0,0,0,0
1547,1,1,1,1,1,1,1,1,1,1,1,1,1,1,1,1,1,1,1,1,1,1,1,1
1548,2,2,2,2,2,2,2,2,2,2,2,2,2,2,2,2,2,2,2,2,2,2,2,2
1549,4,3,3,3,3,3,0,3,3,0,0,0,0,0,3,3,3,3,3,3,3,3,3,3
1550,2,2,2,0,0,0,0,0,0,0,0,0,0,0,0,0,0,0,0,0,0,0,0,0
1551,1,1,1,1,1,1,1,1,1,1,1,1,1,1,1,1,1,1,1,1,1,1,1,1
1552,2,2,2,2,2,2,1,1,1,1,1,1,1,1,2,2,2,2,2,2,1,1,1,2
1553,7,7,8,0,0,0,8,8,4,4,4,4,3,3,3,3,3,3,3,3,3,3,3,3
1554,0,0,0,0,0,0,1,1,0,0,0,1,1,1,0,0,0,0,0,0,0,0,0,0
1555,2,2,2,2,2,2,9,9,9,2,2,2,2,2,2,2,2,2,0,0,0,0,2,2
1556,2,0,0,0,1,1,0,0,0,0,0,0,0,0,0,0,0,0,0,0,0,0,0,0
1557,0,0,0,0,0,9,9,0,0,0,0,1,1,1,0,0,0,0,0,0,0,0,0,0
1558,1,1,1,1,1,1,1,1,1,1,7,7,7,7,1,1,1,1,1,1,1,1,1,1
1559,2,2,2,2,2,2,2,2,2,2,2,2,2,2,2,2,2,2,2,2,2,2,2,2
1560,6,6,6,6,6,6,6,6,6,6,4,4,4,4,4,4,4,4,4,4,6,6,4,4
1561,2,2,2,2,2,2,2,2,2,2,2,2,2,2,2,2,2,2,2,2,2,2,2,2
1562,0,0,0,0,0,9,9,9,2,2,2,0,0,0,0,0,0,0,0,3,0,0,0,0
1563,7,7,9,9,8,8,8,8,8,8,4,4,3,3,3,3,3,3,3,4,4,8,3,3
1564,2,2,9,9,2,2,2,2,2,2,2,2,2,2,2,2,2,2,2,2,2,2,2,2
1565,5,5,9,9,9,9,9,9,9,9,2,2,2,2,2,2,2,0,0,0,2,2,2,1
1566,2,2,2,2,1,1,1,1,1,1,1,1,1,1,1,2,2,1,1,1,1,1,1,1
1567,2,2,2,2,2,2,2,2,2,2,2,2,2,2,2,2,2,2,2,2,2,2,2,2
1568,7,2,2,9,9,9,9,0,0,0,0,0,0,0,0,0,0,2,2,2,2,2,2,2
1569,2,2,2,2,2,2,2,1,1,0,2,2,2,2,2,2,2,2,2,2,2,2,2,2
1570,2,2,1,1,1,1,1,1,1,1,1,1,1,1,1,1,1,1,1,1,1,1,2,2
1571,1,1,1,1,1,1,1,1,1,1,1,1,1,1,1,1,1,1,1,1,1,1,1,1
1572,1,1,1,1,1,7,7,7,7,7,7,7,7,7,1,1,1,1,1,1,1,1,1,1
1573,1,1,1,1,1,1,1,1,1,1,1,1,1,1,1,1,1,1,1,1,1,1,1,1
1574,0,0,0,0,0,0,0,0,0,0,0,0,0,0,0,0,0,0,0,0,0,0,0,0
1575,8,8,8,8,6,6,4,4,4,6,4,4,4,4,4,4,4,4,4,4,4,4,4,4
1577,8,8,8,8,8,8,4,4,4,4,4,4,3,3,3,3,3,3,3,3,3,3,3,3
1578,0,0,0,3,3,3,3,0,0,0,0,0,0,0,0,0,0,10,3,3,3,3,0,0
1579,2,2,9,9,9,9,9,9,9,9,9,9,9,9,2,2,2,2,0,0,0,0,0,0
1580,1,1,1,1,1,1,1,1,1,1,1,1,1,1,1,1,1,1,1,1,1,1,1,1
1581,1,1,1,1,1,1,1,1,1,1,1,1,1,1,1,1,1,1,1,1,1,1,1,1
1582,1,1,1,1,1,1,1,1,1,1,1,1,1,1,1,1,1,1,1,1,1,1,1,1
1583,1,0,0,0,0,0,0,0,0,0,0,0,0,0,0,0,0,0,0,0,0,0,0,0
1584,1,1,1,1,1,1,1,1,1,1,1,1,1,1,1,1,1,1,1,1,1,1,1,1
1585,1,1,1,1,1,1,1,1,1,1,1,1,1,1,1,1,1,1,1,1,1,1,1,1
1586,4,4,4,4,3,3,3,3,3,4,4,4,4,4,4,4,4,4,4,4,4,4,4,4
1587,1,1,1,0,0,0,0,1,1,1,1,1,1,1,1,1,1,1,1,1,1,1,1,1
1588,1,1,0,0,0,0,0,0,3,0,0,0,0,0,0,0,0,0,0,0,0,0,0,0
1589,7,2,2,2,0,0,0,0,0,0,0,0,0,0,3,3,3,3,3,3,3,3,0,0
1590,1,1,1,1,1,1,0,0,1,1,1,1,1,1,1,1,1,1,1,1,1,1,1,2
1591,1,1,1,1,1,1,1,1,1,1,1,1,1,1,1,1,1,1,1,1,0,0,0,1
1592,8,8,8,0,0,0,0,0,0,0,0,0,0,0,0,0,3,3,3,3,3,0,0,0
1593,1,1,1,1,1,1,1,1,1,1,1,1,1,1,1,1,1,1,1,0,0,0,0,1
1594,1,1,1,1,1,1,0,0,0,0,0,0,1,0,0,0,1,1,1,1,1,1,1,0
1595,0,0,0,0,0,0,0,0,0,0,0,0,0,0,3,3,3,3,3,3,3,0,0,0
1596,1,1,1,1,1,1,1,1,1,1,0,1,1,1,1,1,1,3,3,0,0,0,0,0
1597,6,6,8,6,6,6,6,6,6,6,6,6,6,6,6,6,6,6,6,6,6,6,6,6
1598,6,6,8,6,6,6,6,6,6,6,6,6,6,6,6,6,6,6,6,6,6,6,6,6
1599,7,7,7,7,5,5,8,8,8,8,4,4,4,4,4,4,4,4,4,4,4,4,4,4
1600,8,8,8,8,8,3,3,3,3,4,4,4,4,4,4,4,4,4,4,4,4,4,4,4
1601,6,6,6,6,6,6,6,6,6,6,6,6,6,6,6,6,6,6,6,6,6,6,6,6
1602,1,1,1,1,1,1,1,1,1,1,1,1,1,1,1,1,1,1,1,1,1,1,1,1
1603,7,7,7,1,5,5,5,7,7,7,7,7,7,7,1,3,3,3,3,3,3,3,3,1
1604,7,2,9,9,9,9,9,9,7,7,7,9,9,8,8,2,3,3,3,3,3,7,7,10
1605,1,1,1,1,1,1,1,1,1,1,1,1,1,1,1,1,1,1,1,1,1,1,1,1
1606,1,2,1,1,1,1,0,0,1,1,1,1,2,0,0,0,0,0,0,0,1,1,1,1
1607,2,2,1,1,1,1,1,1,1,1,1,1,1,1,1,1,1,1,1,1,1,1,1,1
1608,0,0,0,0,9,9,9,5,5,5,0,0,0,0,0,3,3,3,3,0,0,0,0,0
1609,1,1,1,1,7,7,7,7,7,7,7,7,7,7,7,7,7,7,7,7,7,1,1,1
1610,1,1,1,1,1,1,0,0,0,0,0,7,7,1,1,1,1,3,1,1,1,10,1,1
1611,1,1,1,1,1,1,9,9,9,9,1,1,1,1,1,1,1,1,1,1,1,1,1,1
1612,1,1,1,1,0,0,3,3,3,3,10,7,1,1,1,10,10,10,10,10,10,10,10,10
1613,1,1,1,1,1,1,1,1,1,1,1,1,1,1,1,1,1,1,1,1,1,1,1,1
1614,1,1,1,1,1,1,1,1,1,1,1,1,1,1,1,1,1,1,1,1,1,1,1,1
1615,7,7,7,7,7,7,7,8,8,8,8,7,7,7,7,3,3,3,3,3,3,3,3,3
1616,2,2,2,1,1,1,1,1,1,0,0,1,1,1,2,1,1,1,1,1,1,1,1,1
1617,2,2,2,2,2,2,1,1,1,1,1,1,1,1,2,2,2,2,2,2,2,2,2,1
1618,2,2,2,2,2,2,7,7,0,0,0,1,1,1,1,1,1,1,1,3,3,3,0,1
1619,1,1,1,1,1,1,3,3,3,3,7,7,7,1,1,3,3,3,3,3,3,3,3,3
1620,8,8,8,6,6,6,6,6,6,6,4,4,4,4,4,6,6,4,4,6,6,6,6,4
1621,1,1,1,1,1,1,1,1,1,1,1,1,1,1,1,1,1,1,1,1,1,1,1,1
1622,1,1,1,1,1,1,1,1,1,1,1,1,1,1,1,1,1,1,1,1,1,1,1,1
1623,7,7,1,5,5,3,3,7,7,7,7,7,7,7,1,10,10,3,3,3,3,3,3,3
1624,0,0,0,0,0,9,9,9,9,9,0,0,0,0,0,10,10,10,10,10,10,10,10,10
1625,1,1,1,1,1,1,1,9,9,9,9,1,1,1,1,1,1,1,1,1,1,1,1,1
1626,1,1,1,1,1,2,1,1,1,1,1,1,1,1,1,1,1,1,1,1,1,1,1,1
1627,2,2,1,0,0,0,0,0,9,9,0,0,0,0,1,1,1,1,0,1,0,1,1,1
1628,2,2,1,1,1,1,1,1,1,1,1,1,1,1,2,1,1,1,1,10,10,1,1,1
1629,1,1,1,1,1,1,1,1,1,1,1,1,1,1,1,1,1,1,1,3,3,3,1,1
1630,2,2,9,9,9,9,9,9,9,9,9,9,2,2,2,2,2,2,1,2,1,1,1,1
1631,1,1,1,1,1,1,3,7,7,7,7,7,0,1,1,1,3,1,1,1,1,1,1,1
1632,8,8,8,8,8,8,8,8,8,8,8,8,8,8,8,8,8,8,6,6,6,6,6,6
1633,7,7,7,9,9,9,9,9,0,0,0,0,0,0,0,0,0,0,0,0,0,0,0,0
1634,1,1,1,1,0,7,0,0,0,0,0,0,0,0,0,0,0,0,0,7,7,1,1,1
1635,2,2,9,9,9,1,1,1,1,1,1,1,1,1,1,1,1,1,1,1,1,1,1,1
1636,8,5,9,9,9,9,9,9,9,9,9,9,9,9,9,0,0,0,0,0,0,0,0,0
1637,2,2,9,9,9,9,9,9,9,1,1,1,1,1,2,2,2,1,2,2,1,1,1,1
1638,7,7,9,9,9,9,9,9,9,9,9,9,9,9,9,0,0,0,0,0,0,0,0,0
1639,7,7,9,9,9,9,9,9,9,9,9,0,0,9,9,0,0,0,0,0,0,0,0,0
1640,1,1,1,1,1,1,1,1,1,1,9,1,9,1,2,2,2,2,2,2,2,2,2,2
1641,8,8,9,9,9,9,9,9,9,9,9,9,9,9,9,0,0,0,0,0,0,0,0,0
1642,2,2,2,2,2,2,2,2,2,2,2,2,2,2,2,2,2,2,2,2,2,2,2,2
1643,8,8,9,0,0,0,0,0,0,0,0,0,0,0,0,0,0,0,0,0,0,0,0,0
1644,5,5,9,9,9,9,9,9,9,9,0,0,0,0,0,0,0,0,0,0,0,0,0,0
1645,7,7,9,9,9,9,9,9,9,9,9,9,9,9,9,0,0,0,0,0,0,0,0,0
1646,1,1,1,1,0,0,9,1,1,1,1,1,1,1,1,1,1,1,1,1,1,1,1,1
1647,2,2,1,9,9,9,9,9,9,9,9,9,9,9,2,2,2,2,2,2,2,2,2,2
1648,2,2,9,9,9,9,9,9,2,2,9,9,9,9,2,2,2,2,2,2,2,2,2,2
1649,5,5,9,9,9,9,9,9,9,9,9,9,9,9,9,0,0,0,0,0,0,0,0,0
1650,2,2,9,9,9,9,9,9,9,9,9,9,9,9,2,2,0,0,2,2,2,2,0,0
1651,2,2,9,9,9,9,9,9,9,9,9,9,9,9,2,2,2,2,2,2,2,2,2,2
1652,8,7,7,8,8,8,8,8,8,8,8,8,8,8,8,8,8,8,8,8,8,8,8,8
1653,5,5,9,9,9,9,9,9,9,9,9,9,9,9,9,0,0,0,0,0,0,2,2,2
1654,7,7,7,7,9,9,9,9,9,9,9,9,0,0,1,1,2,2,2,2,2,2,2,2
1655,1,1,1,1,0,9,9,9,9,9,9,9,9,1,1,1,0,0,0,0,0,2,2,2
1656,7,7,7,0,0,9,9,9,9,9,9,9,1,0,0,0,1,1,1,1,1,1,1,1
1657,5,5,9,9,9,9,1,1,1,1,1,1,1,1,1,1,1,1,2,2,1,1,1,1
1658,8,8,9,9,9,9,9,9,0,0,0,0,0,0,0,0,0,0,0,0,0,0,0,0
1659,7,7,7,9,9,9,7,7,7,7,7,7,7,1,1,1,1,3,3,3,3,7,10,10
1660,2,2,1,1,1,1,1,1,1,1,1,1,1,1,1,1,1,1,1,1,1,1,1,1
1661,7,7,9,9,9,9,9,9,9,9,9,9,9,2,2,2,2,2,2,2,2,2,2,2
1662,7,7,7,7,7,7,7,5,9,9,9,9,9,9,2,1,1,1,1,1,1,1,2,2
1663,2,2,9,9,9,9,9,9,9,9,9,9,9,9,9,0,0,0,0,0,0,2,2,2
1664,5,0,9,0,0,9,9,9,9,9,0,0,0,0,0,0,2,0,0,0,0,0,0,0
1665,8,8,8,8,8,8,8,8,8,8,8,8,8,8,8,8,8,8,8,8,8,8,8,8
1666,7,7,2,2,2,2,2,2,2,2,2,2,2,2,2,2,7,7,2,2,2,2,2,2
1667,7,7,8,8,8,8,8,8,8,8,4,4,3,3,3,3,3,3,3,3,3,3,3,3
1668,8,8,8,8,8,8,8,8,8,8,8,8,8,8,8,6,6,4,4,8,8,8,8,4
1669,0,0,0,0,0,0,0,0,0,0,0,0,0,0,0,0,0,0,0,0,0,0,0,0
1670,0,0,0,0,0,0,0,0,0,0,0,0,0,0,0,0,0,0,0,0,0,0,0,0
1671,0,0,0,0,0,0,0,0,0,0,0,0,0,0,0,0,0,0,0,0,0,0,0,0
1672,0,0,0,0,0,0,0,3,3,3,3,3,3,3,3,3,3,3,3,3,3,3,3,3
1673,8,8,8,8,0,0,0,3,3,3,3,3,3,3,3,3,3,3,3,3,3,3,3,3
1674,8,8,9,9,0,0,0,0,3,3,8,8,8,8,8,0,0,0,0,0,3,3,8,8
1675,7,7,7,9,9,7,7,7,7,7,7,7,7,7,7,7,7,3,3,3,3,3,2,2
1676,0,0,0,3,0,0,0,3,3,0,0,0,0,0,0,0,3,3,3,0,0,0,0,0
1678,2,2,9,9,9,9,9,2,2,2,9,9,9,9,9,0,0,0,0,2,2,2,2,2
1679,0,0,0,0,0,0,0,0,0,0,0,0,0,0,0,0,0,0,0,0,0,0,0,0
1680,2,2,2,2,2,2,2,2,2,2,7,7,7,2,2,2,2,2,2,2,2,2,2,2
1681,2,2,9,9,9,2,2,2,2,2,2,2,2,2,2,2,2,2,2,2,2,2,2,2
1682,8,8,9,9,9,9,9,9,0,0,0,0,0,0,0,0,0,0,0,0,0,0,0,0
1683,8,8,8,8,8,8,8,8,8,8,8,8,8,8,8,8,8,3,3,7,8,8,3,3
1685,2,2,9,9,9,9,9,2,2,2,2,0,9,9,9,0,0,0,0,0,0,0,0,0
1686,0,0,0,0,0,0,0,0,0,0,0,0,0,0,0,0,0,0,0,0,0,0,0,0
1687,7,2,9,9,9,9,9,9,9,9,9,9,9,9,9,0,0,0,2,2,2,2,2,2
1688,2,2,9,9,9,9,9,9,9,9,9,9,9,9,9,0,0,2,2,2,2,0,0,0
1689,2,2,9,9,9,9,2,2,2,2,2,2,2,2,2,2,2,2,2,2,2,2,2,2
1690,2,2,9,9,9,9,9,2,2,2,2,2,2,2,2,0,0,0,0,0,2,2,2,2
1691,7,2,9,2,2,2,2,2,2,2,2,2,2,2,2,2,2,2,2,2,2,2,2,2
1692,0,0,0,0,0,0,0,0,0,0,0,0,0,0,0,0,0,0,0,0,0,0,0,0
1693,7,5,9,9,9,9,9,9,7,7,7,9,9,9,9,0,0,0,0,0,0,2,2,2
1694,8,8,9,9,9,9,9,0,0,0,0,0,0,0,0,0,0,0,0,0,0,0,0,0
1696,7,2,9,9,9,9,9,9,9,9,9,2,2,2,2,2,2,2,2,0,2,2,2,0
1697,7,7,7,7,7,7,7,7,7,9,9,0,0,0,0,0,0,0,0,0,0,0,0,0
1698,2,2,2,2,2,2,2,2,2,2,2,2,2,2,2,2,2,2,2,2,2,2,2,2
1699,7,8,9,9,9,9,9,0,0,0,0,0,0,0,0,0,0,0,0,0,0,0,0,0
1700,8,8,9,9,0,0,0,0,0,0,0,0,0,0,0,0,0,0,0,0,0,0,0,0
1701,0,0,0,0,0,0,0,0,0,0,0,0,0,0,0,0,0,0,0,0,0,0,0,0
1702,2,2,2,2,2,2,2,2,2,2,2,2,2,0,0,2,2,2,2,0,0,2,2,2
1703,7,7,7,7,7,7,7,7,7,7,7,7,7,7,0,0,0,7,7,7,7,7,2,2
1704,8,8,8,8,0,0,0,3,3,3,3,3,3,3,3,3,3,3,3,3,3,3,3,3
1705,2,2,9,9,9,9,9,9,0,0,0,0,0,0,0,0,0,0,0,0,0,0,0,0
1706,7,2,2,9,9,7,7,7,7,7,0,0,0,0,0,0,0,0,8,8,2,2,2,2
1707,8,8,8,8,8,8,8,8,8,8,8,8,8,4,4,4,4,4,4,4,4,4,4,4
1708,8,8,8,0,0,0,0,0,0,0,0,0,0,0,0,0,0,3,3,3,3,3,0,0
1709,0,0,0,0,0,3,3,3,3,0,0,0,3,3,3,3,3,3,3,3,3,3,3,3
1710,2,2,2,2,2,0,0,0,0,0,0,0,2,2,2,0,0,0,0,0,0,0,0,2
1711,2,2,2,2,0,0,0,0,0,0,0,0,0,0,0,0,0,0,0,0,0,0,0,0
1712,2,2,2,2,2,0,0,0,0,0,0,0,0,0,0,0,0,0,0,0,0,0,0,0
1714,2,2,2,2,2,2,2,2,2,2,2,2,2,2,2,2,2,2,2,2,2,2,2,2
1715,0,0,0,0,0,0,9,0,0,0,0,0,0,0,0,0,0,0,0,0,0,0,0,0
1717,7,7,7,2,2,2,2,2,0,0,0,0,0,0,0,0,0,0,0,0,0,0,2,2
1718,2,2,2,2,2,1,0,0,0,0,9,1,1,1,0,2,2,2,1,1,1,1,1,1
1719,7,7,7,1,1,1,1,2,2,0,0,0,1,0,0,0,0,0,0,0,0,0,0,0
1722,2,2,2,2,2,2,1,1,1,2,2,2,2,2,2,2,2,2,2,2,1,1,1,1
1724,1,1,1,1,1,1,1,1,1,1,1,1,1,1,1,1,1,1,1,1,1,1,1,1
1725,2,2,2,2,2,1,1,1,1,0,0,1,2,0,0,2,1,1,1,1,2,2,2,2
1726,8,8,8,8,8,8,8,8,8,8,8,8,4,4,4,4,4,8,8,8,8,4,4,4
1727,1,1,1,1,1,1,1,1,0,0,1,1,1,1,1,1,1,1,1,1,1,1,1,1
1728,0,0,0,0,0,0,0,0,0,0,0,0,0,0,0,0,0,0,0,0,0,0,0,0
1730,5,5,9,9,9,9,9,9,9,9,9,9,9,9,9,0,0,0,0,0,2,2,2,0
1731,8,2,2,2,2,0,0,0,0,0,0,0,0,0,0,0,0,0,0,0,0,0,0,0
1732,2,2,2,2,2,2,2,2,2,2,2,2,2,2,2,2,2,2,2,2,2,1,1,1
1733,0,2,0,0,0,9,9,0,0,0,0,0,9,9,9,0,0,2,2,2,2,2,0,0
1737,2,2,2,2,1,1,0,0,0,0,0,2,2,2,2,2,1,1,1,1,1,1,1,0
1738,2,2,2,2,2,2,2,2,2,2,2,2,0,0,0,0,0,2,0,0,0,0,0,0
1739,2,2,2,2,2,2,2,2,2,2,2,2,2,2,2,2,2,2,2,2,2,2,2,2
1740,7,7,2,2,2,7,7,8,8,8,8,8,8,8,8,8,8,8,8,7,8,8,8,8
1741,2,2,2,2,2,2,2,2,2,2,2,2,2,2,2,2,2,2,2,2,1,1,1,2
1742,8,8,8,8,8,8,8,8,8,0,0,0,8,8,8,8,8,8,8,8,8,8,8,8
1743,2,2,2,2,2,2,2,2,2,2,2,2,2,2,2,2,2,2,2,2,2,2,2,2
1744,2,2,2,2,2,2,2,2,2,2,2,2,2,2,2,2,2,2,2,2,2,2,2,2
1745,2,2,9,9,2,2,2,2,2,2,2,2,9,9,9,2,2,2,2,2,2,2,2,0
1746,2,2,9,2,2,2,2,2,2,2,2,2,2,2,2,2,2,2,2,2,2,2,2,2
1747,2,2,2,2,2,2,2,2,2,2,2,2,2,2,2,2,2,2,2,2,2,2,2,2
1749,2,2,2,2,2,2,2,2,2,2,2,2,2,2,2,2,2,2,2,2,2,2,2,2
1750,2,2,2,2,2,2,2,2,2,2,2,2,2,2,2,2,2,2,2,2,2,2,2,2
1751,2,2,9,2,2,2,2,2,2,2,2,2,2,2,2,2,2,2,2,2,2,2,2,2
1752,8,2,2,2,2,2,2,2,2,0,0,0,0,0,0,0,0,0,0,0,0,0,0,0
1753,2,2,2,2,2,2,2,2,2,2,2,2,2,2,2,2,2,2,2,2,2,2,2,2
1754,7,7,9,7,7,2,2,2,2,2,2,2,2,2,2,2,2,7,7,7,2,2,2,2
1755,2,2,2,2,2,2,2,2,2,0,2,2,2,2,2,2,2,0,0,0,0,0,0,0
1756,2,2,2,2,2,2,2,2,2,2,2,2,2,2,2,2,2,2,2,2,2,2,2,2
1757,2,2,2,2,2,2,2,2,2,2,2,2,2,2,2,2,2,0,0,0,0,2,2,2
1758,8,8,8,8,8,8,8,8,8,8,8,8,8,8,8,8,8,8,8,8,8,8,8,8
1759,2,2,9,9,2,2,2,2,2,2,2,0,9,9,9,0,0,0,0,0,0,0,0,0
1760,7,7,2,2,2,2,2,2,2,2,2,2,2,2,2,2,2,2,2,2,2,8,8,8
1761,2,2,2,2,2,2,2,2,2,2,2,2,2,2,2,2,2,2,2,2,2,2,2,2
1762,2,2,2,2,2,2,2,2,2,2,2,2,2,2,2,2,2,2,2,2,2,2,2,2
1764,3,3,3,3,3,3,3,3,3,4,4,4,4,4,4,4,4,4,4,4,4,4,4,4
1765,8,8,8,8,8,8,8,8,8,8,4,4,3,3,3,3,3,4,4,4,4,3,3,3
1766,1,1,1,1,1,1,1,1,1,1,1,1,1,1,1,1,1,1,1,3,10,10,1,1
1768,1,1,1,1,1,1,0,0,0,0,0,0,0,1,1,3,3,3,3,3,3,3,0,0
1769,1,1,1,0,0,0,1,1,1,1,1,1,1,1,1,1,1,1,1,1,1,1,1,1
1770,1,1,0,0,0,0,0,0,3,3,10,0,0,0,10,10,10,10,10,10,10,10,10,10
1771,1,1,1,1,1,1,1,1,1,1,1,1,1,1,1,1,1,1,1,1,1,1,1,1
1773,2,2,2,2,2,1,0,0,0,0,0,0,0,0,0,2,1,1,1,1,1,1,1,1
1774,2,2,2,2,2,2,9,9,9,2,2,2,2,2,2,2,2,2,7,8,0,0,0,2
1775,1,1,1,1,1,1,1,1,1,1,1,1,1,1,1,1,1,1,1,1,1,1,1,1
1776,0,0,0,0,0,0,0,0,0,0,0,0,0,0,0,0,0,0,0,0,0,0,0,0
1777,1,1,1,1,1,1,1,1,1,1,1,1,1,1,1,1,1,1,1,1,1,1,1,1
1778,1,8,8,0,0,3,3,0,0,0,0,0,0,0,0,3,3,3,3,3,3,3,3,0
1780,0,0,0,0,0,0,0,0,0,0,0,0,0,0,0,0,0,0,0,0,0,0,0,0
1781,1,1,1,1,1,0,0,1,1,1,1,1,1,1,1,1,1,1,1,1,1,1,1,1
1782,1,1,1,1,0,0,0,0,1,0,0,0,0,0,10,10,10,10,0,10,10,0,0,0
1783,4,4,4,4,4,4,4,4,4,4,4,4,4,4,4,4,4,4,4,4,4,4,4,4
1784,2,2,1,1,1,1,1,1,1,1,9,9,1,1,2,2,2,2,2,2,2,2,2,2
1785,1,1,1,0,0,1,0,0,0,0,0,0,1,1,1,1,1,1,3,3,3,2,1,1
1786,3,3,3,3,3,3,3,0,0,0,0,0,0,0,10,10,3,3,3,3,3,3,0,0
1787,1,1,1,1,1,1,1,7,7,7,7,1,7,7,1,1,1,1,1,1,1,1,1,1
1788,1,1,1,1,1,1,0,0,0,0,0,0,0,1,1,3,3,3,3,3,3,3,10,10
1845,6,6,6,6,6,6,6,6,6,6,4,4,4,4,4,4,4,4,4,4,4,4,4,4
1846,1,1,1,1,1,1,0,0,0,0,0,0,1,1,0,3,3,3,3,3,3,3,0,0
1848,2,2,2,2,2,2,0,0,0,0,0,2,2,2,2,2,2,2,2,2,2,2,2,2
1849,2,2,2,2,2,2,1,1,0,0,0,0,0,0,0,0,0,0,0,0,0,0,0,0
1850,1,1,1,1,1,1,0,0,0,0,0,0,0,0,0,0,0,0,0,0,0,0,0,0
1851,1,2,2,2,1,1,0,0,1,2,2,2,2,2,2,2,2,2,2,2,2,2,2,2
1852,1,1,1,1,1,1,0,0,0,0,0,1,1,1,1,1,0,0,0,0,0,0,0,0
1853,1,1,1,1,1,1,0,0,0,0,0,1,1,1,1,1,1,0,0,0,1,1,1,1
1854,1,1,1,1,1,1,0,2,2,0,0,0,1,2,2,2,2,1,1,1,1,1,1,2
1855,2,2,2,2,1,1,0,0,0,0,0,1,1,1,1,1,1,1,2,2,1,1,1,1
1856,1,1,1,2,2,2,0,0,0,0,0,1,1,1,2,2,2,2,2,2,2,2,1,1
1857,1,1,1,1,1,1,0,0,0,0,0,0,1,1,1,1,1,2,1,1,1,1,1,1
1858,0,0,0,0,0,0,0,0,0,0,0,0,0,0,0,0,0,0,0,0,0,1,1,1
1859,1,1,1,1,1,1,0,0,0,0,0,0,0,0,0,0,0,0,0,0,0,0,0,0
1860,2,1,1,1,1,1,0,0,0,0,0,1,1,1,1,1,1,1,1,1,1,1,1,1
1861,1,1,1,1,0,0,0,0,0,0,0,0,0,0,3,3,3,3,3,3,3,3,3,3
1862,1,1,1,1,1,1,0,0,0,0,0,0,1,1,0,0,1,1,1,1,1,1,1,1
1863,8,6,8,4,4,4,4,4,4,4,4,4,4,4,4,4,4,4,4,4,4,4,4,3
1864,2,2,2,2,2,2,1,1,1,1,1,1,1,2,2,2,1,1,2,2,2,2,2,2
1865,1,1,1,1,1,1,0,1,1,1,1,1,1,1,1,1,1,1,1,1,1,1,1,1
1868,1,1,1,1,0,0,0,0,0,0,0,1,1,1,1,0,0,0,0,0,1,1,1,1
1869,1,1,1,1,1,1,0,0,0,0,0,0,0,0,0,0,0,0,0,0,0,0,0,0
1870,2,2,2,2,2,2,2,2,2,2,2,2,2,2,2,2,2,2,2,2,2,2,2,2
1871,0,0,0,0,0,0,0,0,0,0,0,0,0,0,0,0,0,0,0,0,0,2,0,0
1872,2,2,2,2,2,2,2,2,2,0,0,1,1,1,2,2,2,2,2,2,2,2,2,2
1873,2,2,2,2,0,0,0,0,0,0,0,0,0,1,0,0,0,0,0,0,0,0,0,0
1874,6,6,6,6,6,6,6,6,6,6,6,6,8,8,8,8,6,6,6,6,6,6,6,6
1875,8,8,8,3,3,3,3,3,3,3,4,4,3,3,3,3,3,3,3,3,3,3,3,3
1876,8,8,8,0,3,3,3,3,3,4,4,4,3,4,4,4,4,4,3,3,3,3,3,3
1877,8,8,8,8,8,8,8,8,8,6,6,8,8,4,4,4,4,4,4,4,4,4,4,4
1878,0,0,0,0,0,0,0,0,0,0,0,0,0,0,0,0,0,0,0,0,0,0,0,0
1879,0,0,0,0,3,3,3,3,3,4,4,4,3,3,3,3,3,3,3,3,3,3,3,3
1880,1,1,1,1,1,1,1,1,2,0,0,0,1,1,0,0,0,0,0,3,0,0,0,0
1881,8,8,8,8,8,8,8,8,8,8,8,4,4,4,4,4,4,4,4,4,4,4,4,4
1883,1,1,1,1,1,1,4,4,4,4,4,4,3,3,3,3,3,3,3,3,3,3,3,3
1884,2,2,2,2,0,1,1,1,1,1,1,1,1,1,1,1,2,0,0,0,1,1,1,1
1885,1,1,0,0,0,0,0,0,0,0,0,0,0,0,3,3,3,3,3,3,3,0,0,0
1886,0,0,0,0,0,0,0,0,0,0,0,0,0,0,0,0,0,0,0,0,0,0,0,0
1887,2,2,2,2,2,2,2,2,2,2,2,2,2,2,2,2,2,2,2,2,2,2,2,2
1888,2,2,2,2,2,2,9,9,9,2,2,2,2,2,2,0,0,0,0,0,0,0,2,2
1889,2,2,0,0,0,0,0,0,0,0,0,0,0,0,0,0,0,0,0,0,0,0,0,0
1890,8,4,4,4,4,8,8,8,8,4,4,4,4,4,4,4,4,4,4,4,4,4,4,4
1891,2,2,2,2,1,9,1,1,1,1,2,2,2,1,2,2,2,2,2,2,2,2,2,2
1892,2,2,1,1,1,1,1,1,1,1,1,1,1,1,2,1,1,1,1,1,1,1,1,1
1893,8,8,8,8,8,8,2,2,2,2,2,2,2,2,2,2,8,8,2,2,2,2,2,8
1894,1,1,0,0,0,0,0,0,0,0,0,0,0,0,0,0,0,0,0,0,0,0,0,0
1895,0,0,0,0,0,0,0,0,0,0,0,0,0,0,0,0,0,0,0,0,0,0,0,0
1896,1,1,1,1,1,1,1,1,1,2,1,1,1,1,1,1,1,1,2,2,2,1,1,1
1897,1,1,1,1,1,1,1,1,1,1,1,1,1,1,1,1,1,1,1,1,1,1,1,1
1898,1,1,1,1,1,1,0,0,0,0,0,0,0,0,0,0,0,0,0,0,0,0,0,0
1899,8,8,8,0,0,0,0,0,0,0,0,0,0,0,0,0,0,3,0,0,0,0,0,0
1900,0,0,0,0,0,0,0,0,0,0,0,0,0,0,0,0,0,0,0,0,0,0,0,0
1901,2,2,2,2,0,9,9,9,9,9,9,9,2,2,2,0,0,0,0,0,0,0,0,0
1902,2,2,2,2,2,2,9,2,2,2,1,2,2,2,2,2,0,0,0,0,0,0,0,0
1903,2,2,0,0,0,0,0,0,0,0,0,0,0,0,0,0,0,0,0,0,0,0,1,2
1904,7,7,7,7,7,7,7,7,0,0,0,0,0,0,0,0,0,0,0,0,0,0,0,0
1905,8,8,8,8,8,8,8,8,8,8,8,4,4,4,4,4,3,3,3,3,3,3,3,8
1906,7,7,7,7,7,7,7,8,8,8,8,8,8,8,8,8,8,3,3,3,3,3,8,8
1907,1,1,1,1,1,1,1,1,1,1,1,1,1,1,1,1,1,1,1,1,1,1,1,1
1908,0,0,0,0,0,1,1,1,1,1,1,1,1,1,1,1,0,1,1,2,1,1,2,2
1909,2,1,1,1,1,1,1,1,1,1,1,1,1,1,1,1,1,2,2,2,2,2,1,1
1910,2,2,2,2,2,1,0,0,0,0,0,1,1,2,0,0,0,0,0,0,0,0,0,0
1912,0,0,0,0,0,0,0,0,0,0,0,0,0,0,0,3,3,3,3,3,1,1,1,1
1915,2,2,2,2,2,2,2,2,2,2,2,2,2,2,2,2,2,2,2,2,2,2,2,2
1916,2,2,2,2,2,2,2,2,2,2,2,2,2,2,2,2,2,2,2,2,2,2,2,2
1917,2,2,2,2,2,2,2,2,2,0,0,0,0,0,0,0,0,0,0,0,0,0,0,0
1918,2,2,2,2,2,2,2,2,2,2,2,2,2,2,2,2,2,2,2,2,1,1,1,1
1919,8,8,8,8,8,8,8,8,8,8,8,8,8,4,4,4,4,4,4,4,4,3,3,3
1920,2,2,2,2,2,2,2,2,2,8,8,8,8,8,8,8,8,2,2,2,2,8,3,3
1921,2,2,2,2,2,2,2,2,2,2,2,2,2,2,2,2,2,2,2,2,2,2,2,2
1922,7,7,0,0,0,7,7,7,7,7,0,0,0,0,0,3,3,3,3,3,3,3,3,3
1923,0,0,0,0,0,0,0,0,0,0,0,0,0,0,0,0,0,0,0,0,0,0,0,0
1924,2,2,2,2,2,2,2,2,2,2,2,2,2,2,2,2,2,2,2,2,2,2,2,2
1925,0,0,0,0,0,1,1,1,1,1,1,2,2,0,0,0,0,0,0,0,0,0,0,1
1926,2,2,2,2,2,2,2,2,2,2,2,2,2,2,2,2,2,2,2,2,2,2,2,2
1927,2,2,2,2,2,2,2,2,2,2,2,2,2,2,2,2,2,2,2,2,2,2,2,2
1928,2,2,2,2,2,2,2,2,2,2,2,2,2,2,2,2,2,2,2,2,2,2,2,2
1929,2,2,2,2,2,2,2,2,2,2,2,2,2,2,2,2,2,2,2,2,2,2,2,2
1930,2,2,2,2,2,2,2,2,2,2,0,0,0,0,0,0,0,0,0,0,0,0,2,2
1931,2,2,2,2,2,2,2,2,2,0,0,0,0,0,0,0,0,0,0,0,0,0,0,0
1932,2,2,2,2,2,2,2,2,2,0,0,0,0,0,0,0,0,0,0,0,0,0,1,1
1933,2,2,2,2,2,2,2,2,2,2,2,2,2,2,2,2,2,2,2,2,2,2,2,2
1934,7,2,2,2,2,2,2,2,2,0,0,0,0,0,0,0,0,0,0,0,0,0,0,0
1935,2,2,2,2,2,2,2,2,2,2,2,2,0,0,0,2,2,2,2,2,2,2,2,2
1936,8,8,8,8,8,8,8,8,8,8,8,8,8,8,8,8,8,8,8,8,8,8,8,8
1937,0,0,0,0,0,0,2,2,2,2,2,2,2,8,8,2,2,2,2,2,2,2,2,2
1938,8,8,9,9,9,9,9,2,2,2,9,9,9,9,2,2,2,2,2,2,2,2,2,2
1939,8,2,2,2,2,2,2,2,2,0,0,0,0,0,0,0,0,0,0,0,0,0,0,0
1940,2,2,2,2,2,2,2,2,2,2,2,2,2,2,2,2,2,2,2,2,2,2,2,2
1941,2,2,2,2,2,2,2,2,2,2,2,2,2,2,2,2,2,2,2,2,2,2,2,2
1942,2,2,2,2,2,2,2,2,2,2,2,2,2,0,0,0,0,2,2,2,2,2,2,2
1943,2,2,2,2,2,2,2,2,2,2,2,2,2,2,2,2,2,2,2,2,2,2,2,2
1944,2,2,2,2,2,2,2,2,2,2,2,2,2,2,2,2,2,2,2,0,2,2,2,2
1945,2,2,2,2,2,2,2,2,2,2,2,2,2,2,2,2,2,2,2,2,2,2,2,2
1947,0,0,0,0,0,0,0,0,0,0,0,0,0,0,0,0,0,0,0,0,0,0,0,0
1948,7,7,7,9,9,9,9,9,9,0,0,0,0,0,0,0,0,0,0,0,0,0,0,0
1949,2,2,2,2,2,2,2,2,2,2,2,2,2,2,2,2,2,2,2,2,2,2,2,2
1950,2,2,9,9,9,9,9,0,0,0,0,0,0,0,0,0,0,0,0,0,0,0,0,0
1951,0,0,0,0,0,0,0,0,0,0,0,0,0,0,0,0,0,0,0,0,0,0,0,0
1952,8,8,8,8,8,8,8,8,8,8,8,8,8,8,8,8,8,8,8,8,8,8,8,8
1954,3,3,5,5,5,5,5,5,5,5,5,5,5,5,5,5,5,5,5,5,5,5,5,5
1955,3,3,5,5,5,5,5,5,5,5,5,5,5,5,5,5,5,5,5,5,5,5,5,5
1956,3,3,5,5,5,5,5,5,5,5,5,5,5,5,5,5,5,5,5,5,5,5,5,5
1957,3,3,5,5,5,5,5,5,5,5,5,5,5,5,5,5,5,5,5,5,5,5,5,5
1958,3,3,3,3,3,3,5,5,5,5,5,5,5,5,5,5,5,5,5,5,5,5,5,5
1959,3,3,5,5,5,5,5,5,5,5,5,5,5,5,5,5,5,5,5,5,5,5,5,5
1960,3,3,5,5,5,5,5,5,5,5,5,5,5,5,5,5,5,5,5,5,5,5,5,5
1961,3,3,3,3,3,3,3,5,5,5,5,5,5,5,5,5,5,5,5,5,5,5,5,5
1962,3,3,5,5,5,5,5,5,5,5,5,5,5,5,5,5,5,5,5,5,5,5,5,5
1963,3,3,5,5,5,5,5,5,5,5,5,5,5,5,5,5,5,5,5,5,5,5,5,5
1965,3,3,5,5,5,5,5,5,5,5,5,5,5,5,5,5,5,5,5,5,5,5,5,5
1966,3,3,5,5,5,5,5,5,5,5,5,5,5,5,5,5,5,5,5,5,5,5,5,5
1967,3,3,5,5,5,5,5,5,5,5,5,5,5,5,5,5,5,5,5,5,5,5,5,5
1968,3,3,5,5,5,5,5,5,5,5,5,5,5,5,5,5,5,5,5,5,5,5,5,5
1969,3,3,5,5,5,5,5,5,5,5,5,5,5,5,5,5,5,5,5,5,5,5,5,5
1970,3,3,3,3,3,3,3,5,5,5,5,5,5,5,5,5,5,5,5,5,5,5,5,5
1971,6,6,8,6,6,6,6,6,6,6,6,6,6,6,6,6,6,6,6,6,6,6,6,6
1972,5,5,5,5,3,3,5,5,5,5,5,0,0,0,0,0,5,5,3,3,3,3,3,3
1973,5,8,9,9,3,3,3,5,0,0,0,0,0,0,0,0,0,0,0,0,0,0,0,0
1974,8,8,8,8,3,3,3,3,3,3,3,3,3,3,3,3,3,3,3,3,3,3,3,3
1975,0,0,3,3,3,3,3,3,0,0,0,0,0,0,0,0,0,10,10,0,0,0,0,0
1976,0,0,0,3,3,3,3,0,0,0,0,0,0,0,0,0,0,0,0,0,0,0,0,0
1977,6,6,8,6,6,6,6,6,6,6,6,6,6,6,6,6,6,6,6,6,6,6,6,6
1978,8,8,8,8,3,3,3,3,3,3,3,3,3,3,3,3,3,3,3,3,3,3,3,3
1979,6,6,6,6,6,6,6,6,6,6,6,6,6,6,6,6,6,6,6,6,6,6,6,6
1980,6,6,8,8,8,3,3,3,3,3,4,4,3,3,3,3,3,3,3,3,3,3,3,3
1981,3,3,3,3,3,3,3,3,3,3,3,3,3,3,3,3,3,3,3,3,3,3,3,3
1982,8,8,8,8,3,3,3,3,3,3,3,4,3,3,3,3,3,3,3,3,3,3,3,3
1983,1,1,1,1,1,3,4,4,4,4,4,4,3,3,3,3,3,3,3,3,3,3,3,3
1984,1,1,1,1,0,1,0,0,0,0,0,0,10,0,10,10,10,10,0,3,1,10,10,10
1985,5,5,5,3,3,5,5,3,3,3,3,3,3,3,3,3,3,3,3,3,3,3,3,3
1986,8,8,8,8,8,8,8,8,8,6,6,6,6,4,4,4,4,4,4,4,4,3,3,3
1987,5,5,5,5,5,5,5,7,7,7,7,10,10,10,10,10,10,10,3,3,3,10,10,10
1988,3,3,3,3,3,3,3,3,3,0,0,0,0,0,0,0,10,10,10,10,0,0,0,10
1989,0,0,0,0,0,0,0,0,0,0,0,0,0,0,0,0,0,0,0,0,0,0,0,0
1990,3,8,8,3,3,3,3,3,3,3,3,3,3,3,3,3,3,3,3,3,3,3,3,3
1991,8,8,8,8,0,0,0,3,3,0,0,0,0,0,0,0,3,3,3,3,0,0,0,0
1992,0,0,0,0,0,0,0,0,0,0,0,0,0,0,0,0,3,3,3,0,0,0,0,0
1993,3,3,3,3,3,3,3,3,3,3,3,3,3,3,3,3,3,3,3,3,3,3,3,3
1994,0,0,0,0,0,0,0,0,0,0,0,0,0,0,0,0,0,0,0,0,0,0,0,0
1995,8,8,8,8,8,8,8,8,8,8,8,4,4,4,4,4,4,3,3,3,3,3,3,3
1996,8,8,8,8,0,0,0,3,3,0,0,0,0,0,0,0,3,3,3,0,0,0,0,0
1997,3,3,3,3,3,3,0,0,0,0,0,0,0,0,0,0,3,3,3,0,0,0,0,0
1999,8,8,8,8,8,3,3,3,3,3,3,3,3,3,3,3,3,3,3,3,3,3,3,3
2000,8,8,8,8,8,8,8,8,8,6,6,6,6,6,6,6,6,4,4,4,4,4,4,4
2001,8,8,3,3,3,3,3,0,0,0,0,0,3,3,3,3,3,3,3,0,0,0,0,3
2002,8,8,8,8,8,3,3,3,3,3,3,3,3,3,3,3,3,3,3,3,3,3,3,3
2004,8,8,8,8,8,8,8,8,8,6,6,6,6,6,6,4,4,4,4,4,4,4,4,4
2005,8,8,8,3,3,3,3,3,3,3,3,3,3,3,3,3,3,3,3,3,3,3,3,3
2006,3,3,3,3,3,3,3,3,3,3,3,3,3,3,3,3,3,3,3,3,3,3,3,3
2007,5,5,5,3,3,3,3,0,0,0,0,0,0,0,0,0,0,0,0,0,0,0,0,0
2008,5,8,8,8,3,3,5,3,3,3,3,3,3,3,3,3,3,3,3,3,3,3,3,3
2009,0,0,0,0,3,3,3,5,5,0,0,0,0,0,0,0,0,0,0,0,0,0,0,0
2010,8,8,8,8,8,3,3,3,3,3,3,3,3,3,3,3,3,3,3,3,3,3,3,3
2011,8,8,8,8,3,3,3,3,3,3,3,3,3,3,3,3,3,3,3,3,3,3,3,3
2012,5,5,5,5,3,3,5,5,5,5,0,0,0,0,0,0,0,0,0,0,0,0,0,0
2015,5,5,0,0,0,0,1,1,1,0,0,0,0,10,10,10,10,0,0,0,0,0,0,10
2017,5,5,5,5,5,5,1,1,1,1,1,1,1,1,1,1,1,1,1,1,1,1,1,0
2018,5,5,9,9,9,9,9,9,9,9,9,9,9,9,0,0,0,0,0,0,0,0,0,0
2019,5,5,5,5,5,3,3,3,3,3,3,7,7,7,3,10,10,10,3,3,3,3,3,3
2021,1,1,1,1,5,5,3,3,7,7,7,7,1,1,1,1,1,1,1,1,10,10,10,10
2022,1,1,1,1,1,1,1,1,1,1,1,1,1,1,1,1,1,1,0,1,1,1,1,1
2023,5,5,5,5,3,3,3,1,1,1,1,1,1,1,1,1,1,1,1,1,1,1,1,1
2024,5,5,5,5,5,5,5,5,5,5,5,3,3,3,5,5,5,5,3,3,3,3,3,3
2025,5,5,5,5,5,5,5,7,7,7,7,7,7,7,7,7,7,3,3,3,3,3,10,7
2027,1,1,1,9,3,3,3,3,3,3,10,10,10,10,10,10,10,10,3,3,10,10,10,10
2028,2,2,9,9,0,9,9,9,1,1,1,0,0,0,0,0,0,0,0,0,0,0,1,2
2030,5,5,5,5,5,9,9,9,9,9,9,9,9,9,9,0,0,0,0,0,10,10,10,10
2031,1,1,0,0,0,0,0,0,3,3,10,10,10,10,10,10,10,10,0,0,10,10,10,10
2032,8,8,8,8,3,3,3,3,3,4,4,4,4,4,4,4,4,3,4,4,4,4,4,4
2033,8,8,8,8,8,8,3,3,3,4,4,4,4,4,4,4,4,4,4,4,4,4,4,4
2034,5,5,5,5,5,5,5,7,7,7,9,9,9,9,9,0,0,10,10,10,10,1,1,1
2035,5,5,9,9,0,0,0,0,0,0,0,0,0,0,0,0,0,0,0,0,0,0,0,0
2036,5,5,5,0,0,0,1,1,1,0,0,0,0,0,0,0,0,0,0,10,10,0,0,0
2037,1,1,1,1,1,1,1,1,1,1,1,1,1,1,1,0,0,0,0,0,0,0,1,1
2039,5,5,5,5,5,3,3,3,3,3,10,10,10,10,10,10,10,10,10,0,0,0,10,10
2040,3,3,3,3,3,3,3,3,3,3,3,3,3,3,3,3,3,3,3,3,3,3,3,3
2041,5,5,5,9,9,9,9,9,7,9,0,0,0,2,0,0,0,0,0,0,0,0,0,0
2042,5,5,5,0,0,0,1,1,1,1,1,1,0,0,0,0,0,0,0,0,0,0,0,0
2043,1,1,1,1,1,1,1,1,1,1,1,1,1,1,1,1,1,1,1,1,1,1,1,1
2044,6,6,6,6,6,6,6,8,8,6,4,4,4,4,4,4,4,4,4,4,4,4,4,4
2045,1,0,0,3,3,3,3,3,3,0,0,0,0,0,3,3,3,3,3,3,3,3,3,3
2046,2,2,2,2,2,9,9,9,9,2,2,2,2,2,2,2,2,2,2,0,0,0,0,0
2047,3,3,3,3,3,3,4,4,4,4,4,4,3,3,3,3,4,3,3,3,3,3,3,3
2048,1,1,1,3,3,3,4,4,4,4,4,4,3,3,3,3,3,3,3,3,3,3,3,3
2049,1,1,1,1,1,1,1,1,1,1,1,1,1,1,1,1,2,0,2,2,1,1,1,1
2050,1,1,2,2,2,2,2,2,2,2,2,2,2,2,0,0,0,2,2,2,2,0,2,2
2051,0,0,0,0,0,0,0,0,0,0,0,0,0,0,0,0,0,0,0,0,0,0,0,0
2052,0,0,0,0,0,0,0,0,0,0,0,0,0,0,0,0,0,0,1,1,1,1,0,2
2053,1,2,1,2,1,1,1,1,1,1,1,0,1,1,1,1,1,1,1,1,1,1,1,1
2054,1,1,1,1,1,1,1,1,1,1,1,1,1,1,1,1,1,1,1,1,1,1,1,1
2055,0,0,0,0,0,0,0,0,0,0,0,0,0,0,0,0,0,0,0,0,0,0,0,0
2056,2,2,2,2,2,2,2,2,2,2,2,2,2,2,2,2,2,2,2,2,2,2,2,2
2057,1,1,1,1,1,1,1,1,1,1,1,0,0,0,0,1,1,1,0,2,1,1,1,1
2058,1,1,1,1,1,1,0,0,0,0,0,1,1,1,1,1,1,1,1,1,1,1,1,1
2059,1,1,1,0,0,1,0,0,0,0,0,0,0,0,0,0,0,0,0,0,0,0,0,0
2060,8,8,8,5,5,5,5,3,7,7,4,0,0,0,0,3,3,3,3,3,3,3,3,3
2061,7,2,2,2,2,2,2,2,2,2,2,2,2,2,2,2,2,2,2,2,2,2,2,2
2062,0,0,0,0,0,0,0,3,3,0,0,0,0,0,3,3,3,3,3,3,3,3,0,0
2063,4,8,4,4,8,8,8,8,8,4,4,4,4,4,4,4,4,4,4,4,4,4,4,4
2064,1,1,1,1,0,0,0,0,0,0,0,0,0,0,10,10,10,1,1,1,1,1,1,1
2065,1,1,1,1,1,1,0,0,0,0,0,0,2,0,1,1,1,1,1,1,1,1,1,2
2066,1,1,1,1,1,1,0,0,0,0,9,1,1,1,1,1,1,1,1,1,1,1,10,10
2067,1,1,1,1,2,2,1,1,1,1,1,1,1,1,1,1,1,1,1,1,1,1,1,1
2068,2,2,2,2,1,1,0,0,0,0,0,1,1,1,1,1,1,1,1,1,1,1,1,1
2069,2,2,2,2,7,7,0,0,0,0,0,0,0,0,0,0,0,0,0,0,0,0,0,0
2070,0,0,0,0,0,0,0,0,0,0,0,0,0,0,0,0,3,3,3,3,3,0,0,0
2072,2,2,2,2,2,2,2,2,2,2,2,2,2,2,2,2,2,2,2,2,2,2,2,2
2073,0,0,0,0,0,0,0,0,0,0,0,0,0,0,0,0,0,0,0,0,0,0,0,0
2074,8,8,8,8,8,8,8,8,8,8,8,8,8,8,8,8,8,8,8,7,3,3,3,3
2075,2,2,2,2,2,2,2,2,2,2,2,2,2,2,2,2,2,2,2,2,2,2,2,2
2076,2,2,2,2,2,2,2,2,2,2,2,2,2,2,2,2,2,2,2,2,2,2,2,2
2077,2,2,2,2,2,2,2,2,2,2,2,2,2,9,9,2,2,2,2,2,2,2,2,2
2078,2,2,2,2,2,2,2,2,2,2,2,2,2,9,9,2,2,2,2,2,2,2,2,2
2079,2,2,2,2,2,2,2,2,2,2,2,2,2,2,2,2,2,2,2,2,2,2,2,2
2080,2,2,2,2,2,2,2,2,2,2,2,2,2,2,2,2,1,1,2,2,2,2,2,2
2081,2,2,2,2,2,2,2,2,2,2,0,0,0,0,0,0,0,2,2,2,0,1,1,0
2082,2,2,2,2,2,2,2,2,2,2,2,2,2,2,2,2,2,2,2,2,2,2,2,2
2085,2,2,2,2,2,2,2,2,2,2,2,2,2,2,2,2,2,2,2,2,2,2,2,2
2087,2,2,2,2,2,2,2,2,2,2,2,2,2,2,2,2,2,2,2,2,2,2,2,2
2088,2,2,2,2,2,2,2,2,2,0,0,0,0,0,0,0,0,0,0,0,0,0,0,0
2089,2,2,2,2,2,2,2,2,2,2,2,2,2,2,2,2,2,2,2,2,2,2,2,2
2090,2,2,2,2,2,2,2,2,2,2,2,2,2,2,2,2,2,2,2,2,2,2,2,2
2091,2,2,2,2,2,2,2,2,2,2,9,9,9,9,9,2,2,2,2,2,2,2,2,2
2093,2,2,2,2,2,2,2,2,2,2,2,2,2,2,2,2,2,2,2,2,2,2,2,2
2094,2,2,2,2,1,1,1,1,1,1,1,1,1,0,0,0,0,0,1,1,1,1,1,1
2095,2,2,2,2,2,2,2,2,2,2,2,2,2,2,2,2,2,2,2,2,2,2,2,2
2096,2,2,2,2,2,2,2,2,2,2,2,2,2,2,2,2,2,2,2,2,2,2,2,2
2098,2,2,2,2,2,2,2,2,2,2,2,2,2,2,2,2,2,2,2,2,2,2,2,2
2100,2,2,2,2,2,2,0,0,0,0,0,0,0,0,0,3,3,3,2,2,2,2,2,2
2101,4,4,4,4,4,4,4,4,4,4,4,4,4,4,4,4,4,4,4,4,4,4,4,4
2105,1,0,0,3,3,3,0,0,0,0,0,0,0,0,3,3,3,3,3,3,3,3,3,0
2108,1,1,1,1,3,3,4,4,4,4,4,4,3,3,3,3,3,3,3,3,3,3,3,3
2109,3,3,3,3,3,3,4,4,4,0,0,0,3,3,3,3,3,3,3,3,3,3,3,3
2110,1,1,1,1,1,1,0,0,0,0,0,0,1,1,1,1,1,1,1,1,1,1,1,1
2111,1,0,0,0,0,0,0,0,0,0,0,0,0,0,0,3,3,3,3,3,3,3,0,0
2112,1,1,1,1,1,0,0,0,0,0,0,1,1,1,1,1,1,1,1,1,1,1,1,1
2113,1,1,1,1,1,1,0,0,0,0,0,1,1,1,1,1,1,1,1,1,1,1,3,3
2114,1,1,1,1,1,1,0,0,0,0,0,0,1,1,1,3,3,3,3,1,1,1,1,1
2116,1,2,2,2,1,1,0,0,0,0,0,1,1,1,1,1,1,1,1,1,1,1,1,1
2117,1,1,1,1,1,1,0,0,0,0,0,1,1,1,1,1,1,1,1,1,1,1,1,1
2118,1,1,1,1,1,1,0,0,0,0,0,0,1,1,1,1,1,1,1,1,1,1,1,1
2119,4,4,4,4,4,4,4,4,4,4,4,4,4,4,4,4,4,4,4,4,4,4,4,4
2120,1,1,1,1,1,1,0,0,0,0,0,0,1,1,1,1,3,3,3,3,3,10,1,1
2121,0,0,0,0,0,0,0,0,0,0,0,0,0,0,0,0,0,0,0,0,0,0,0,0
2122,2,2,2,2,0,0,9,9,9,2,2,2,2,8,8,2,0,0,0,0,0,0,0,0
2124,3,3,3,3,3,3,4,4,4,4,4,4,3,3,3,3,3,3,3,3,3,3,3,3
2125,1,1,1,1,1,1,0,0,0,0,0,1,1,1,1,1,1,1,1,1,1,1,1,1
2126,1,1,1,1,1,1,0,0,0,0,0,0,1,1,1,1,3,3,3,3,3,3,1,1
2127,1,1,1,1,1,1,1,1,1,1,1,1,1,1,1,1,1,1,1,1,1,1,1,1
2128,1,1,1,1,1,1,1,1,1,1,1,1,1,1,1,1,1,1,1,1,1,1,1,1
2129,1,1,1,1,1,1,0,0,0,0,0,1,1,1,1,1,1,1,1,1,1,1,1,1
2130,1,1,1,1,1,1,9,9,7,7,7,7,7,7,1,1,1,1,1,1,1,10,10,10
2131,1,1,1,3,3,0,0,0,0,0,0,0,0,0,3,3,3,3,3,3,10,10,10,10
2132,2,2,2,2,2,9,9,9,9,9,9,9,1,1,1,1,1,1,1,1,1,1,1,1
2133,1,1,1,1,1,1,0,0,0,0,0,1,1,1,1,1,1,1,1,1,1,1,1,1
2134,1,1,1,1,1,0,0,0,0,0,0,0,0,0,0,0,0,0,0,0,0,0,0,0
2136,1,1,1,1,1,1,1,1,1,7,7,7,7,7,1,1,1,1,1,1,1,1,10,1
2137,1,1,1,1,1,1,0,0,0,0,0,1,1,1,1,1,1,1,1,1,2,2,2,2
2138,1,1,1,1,1,1,1,1,1,1,1,1,1,1,1,1,1,1,1,1,1,1,1,1
2139,2,2,2,2,2,0,0,0,0,0,1,1,1,1,1,1,1,1,1,1,1,1,1,1
2140,1,1,1,1,1,1,0,0,0,0,0,1,1,1,1,1,1,1,1,0,1,1,1,1
2142,1,1,1,1,1,1,1,1,1,1,1,1,1,1,1,1,1,1,1,1,1,1,1,1
2143,1,1,1,1,1,1,0,0,0,0,0,0,1,1,1,1,1,1,1,1,1,1,1,1
2144,8,8,8,8,8,6,6,6,6,6,6,6,6,6,6,6,6,6,6,6,6,6,6,6
2145,1,1,0,0,0,0,0,0,0,0,0,0,0,0,0,0,0,0,0,0,0,0,0,0
2146,3,3,3,3,3,3,3,3,3,3,3,3,3,3,3,3,3,3,3,3,5,3,3,3
2148,3,3,3,3,3,3,3,5,5,5,5,5,5,5,5,5,5,3,3,0,0,0,0,3
2149,5,5,5,5,5,5,5,5,5,5,5,1,1,1,1,1,1,0,0,5,5,0,0,0
2150,1,1,1,1,1,1,1,9,9,9,9,9,1,1,2,2,2,0,0,0,0,0,2,2
2151,3,3,3,3,3,3,3,3,3,3,10,10,10,10,10,10,10,10,10,10,10,10,10,10
2152,1,1,1,1,1,1,1,1,1,1,1,1,1,1,1,1,1,1,1,1,1,1,1,1
2153,0,0,0,0,0,0,0,0,0,0,0,0,0,0,0,0,0,0,0,0,0,0,0,0
2154,0,0,0,0,0,0,9,9,9,9,0,0,0,1,0,0,0,0,0,1,1,1,1,1
2155,5,5,5,0,0,0,5,5,5,5,0,0,10,10,10,10,10,10,10,10,10,10,10,10
2156,1,1,1,1,1,1,1,1,1,1,1,1,1,1,1,1,1,1,1,1,1,1,1,1
2157,1,1,1,0,0,0,0,9,9,0,0,1,1,1,1,0,0,0,0,0,1,1,1,1
2158,1,0,0,3,3,3,3,0,0,0,0,10,10,0,10,10,10,10,10,10,10,10,10,10
2159,1,1,1,1,1,1,1,1,1,1,1,1,1,1,1,1,1,1,1,1,1,1,1,1
2160,1,1,1,0,0,0,0,1,1,1,1,1,1,1,1,1,1,1,1,1,1,1,1,1
2161,6,6,8,6,6,6,6,6,6,6,6,6,6,6,6,6,6,6,6,6,6,6,6,6
2162,1,1,1,1,1,1,1,1,1,1,1,1,1,1,1,1,1,1,1,1,1,1,1,1
2163,5,5,5,0,0,5,5,5,5,5,0,0,0,0,0,0,0,0,0,0,0,0,0,0
2164,6,6,6,6,6,6,4,4,4,4,4,4,4,4,4,4,4,4,4,4,4,4,4,4
2165,0,0,0,0,3,3,3,3,3,4,4,4,3,3,3,3,3,3,3,3,3,3,3,3
2167,8,8,0,0,0,0,8,8,8,8,4,4,3,3,3,3,3,3,3,3,3,3,3,3
2168,2,0,0,0,0,0,4,4,4,4,4,4,3,3,3,3,3,3,3,3,3,3,3,3
2169,6,6,6,6,6,6,8,8,8,4,4,4,4,4,4,4,4,4,4,4,4,4,4,4
2171,2,2,2,2,1,1,0,0,0,0,0,0,0,0,0,3,3,3,3,3,3,1,1,1
2172,2,2,2,2,2,2,2,2,2,2,2,2,2,0,0,0,2,0,0,0,2,2,2,2
2173,2,2,2,9,0,0,9,8,8,2,2,0,0,0,0,0,0,0,0,3,3,0,0,0
2174,0,0,0,0,0,0,0,0,0,0,0,0,0,0,0,0,0,0,0,0,0,0,0,0
2175,2,1,2,2,1,1,0,0,0,0,0,1,1,1,0,0,1,1,1,1,1,1,1,1
2176,2,2,0,0,0,0,0,0,0,0,0,0,0,0,0,0,0,0,0,0,0,0,0,0
2177,5,5,5,3,3,3,3,4,4,4,4,4,3,3,3,3,3,3,3,3,3,3,3,3
2178,2,0,0,0,0,0,0,0,0,0,0,0,0,0,0,0,0,0,0,0,0,0,0,2
2179,2,2,9,9,0,0,9,9,9,2,0,0,0,0,0,0,0,0,0,0,0,0,0,0
2180,0,0,0,0,0,0,0,0,0,0,0,0,0,0,0,0,0,0,0,0,0,0,0,0
2181,2,2,2,2,0,0,0,0,0,0,0,2,2,0,0,2,2,1,1,1,1,1,1,2
2182,1,1,1,1,1,1,0,0,0,0,0,0,0,0,0,3,3,3,3,1,1,1,1,1
2183,1,1,0,0,0,0,0,0,0,0,0,0,1,0,10,10,10,10,3,3,3,10,10,10
2184,2,2,2,2,2,2,0,0,0,0,0,0,0,0,0,0,0,0,1,1,1,1,1,2
2185,2,2,2,2,2,2,0,0,0,0,0,2,2,2,2,0,2,2,1,2,2,1,1,1
2186,0,0,0,0,0,0,3,3,3,4,4,4,3,3,3,3,3,3,3,3,3,3,3,3
2187,5,5,5,9,9,9,9,9,7,7,0,10,10,10,10,0,0,0,1,1,10,10,10,10
2188,0,0,0,0,3,3,3,3,4,4,4,4,3,3,3,3,3,3,3,3,3,3,3,3
2189,3,3,3,3,3,3,0,0,0,0,0,0,0,0,3,3,3,3,3,3,3,3,3,0
2190,6,6,6,6,6,6,6,6,6,6,6,6,6,6,6,6,6,6,6,6,6,6,6,6
2191,5,5,5,5,5,5,7,7,7,7,7,7,7,7,7,7,7,1,1,3,3,3,3,10
2192,5,5,5,5,5,5,5,8,8,8,8,7,7,7,4,3,3,3,3,3,3,3,3,3
2193,3,3,3,3,3,3,3,3,3,3,4,4,4,4,3,3,3,3,3,3,4,4,4,4
2194,5,5,5,5,5,5,7,7,7,7,7,7,7,7,7,7,5,5,3,3,3,3,3,3
2195,2,2,9,9,9,9,1,1,1,1,1,7,7,7,2,1,1,1,1,1,1,1,2,2
2196,2,2,2,2,2,2,2,2,2,2,2,2,2,2,2,2,2,2,2,2,2,2,2,2
2197,2,2,9,9,1,1,1,1,1,1,1,1,1,1,2,2,1,1,1,1,1,1,1,1
2198,1,1,1,1,1,1,1,1,1,1,1,1,1,1,2,2,2,1,1,1,1,1,2,2
2199,5,5,5,9,9,9,9,9,7,7,9,9,9,9,9,0,0,2,2,2,2,2,0,0
2200,1,1,1,1,1,1,1,1,1,1,1,1,7,7,1,1,1,1,1,1,1,1,1,1
2201,5,2,9,9,9,9,9,9,9,9,7,7,1,1,2,2,2,1,1,1,2,2,2,2
2202,5,5,5,5,5,5,7,7,7,7,7,9,9,9,2,2,2,2,2,2,2,2,0,0
2203,5,5,7,7,7,7,7,7,7,7,7,7,7,7,7,7,7,7,7,1,1,3,3,10
2204,2,2,9,9,9,9,9,9,9,9,9,9,7,9,2,2,0,0,0,0,1,1,2,2
2205,1,1,1,1,5,5,1,1,1,1,1,1,1,1,1,1,1,1,1,1,1,1,10,10
2206,2,2,9,9,9,9,9,9,9,9,9,9,9,9,2,2,2,2,2,2,2,2,2,2
2207,1,1,1,1,1,1,1,1,1,1,1,1,1,1,1,1,1,1,1,2,1,1,1,1
2208,1,1,1,1,9,9,9,9,7,7,7,7,7,7,1,1,1,1,1,1,1,1,1,1
2210,8,8,8,8,8,8,8,8,8,8,4,4,4,4,4,4,4,4,4,6,6,6,6,4
2211,3,3,3,3,3,3,3,3,3,3,10,10,10,10,10,10,10,10,10,10,10,10,10,10
2212,5,5,5,5,5,5,1,1,1,1,1,9,9,1,2,2,0,1,1,1,1,1,1,1
2213,2,2,1,1,1,1,1,1,9,9,9,9,9,1,2,2,2,2,2,1,1,1,1,1
2215,5,5,5,5,5,5,9,9,9,9,9,9,9,9,10,10,10,10,10,10,10,10,10,10
2216,4,4,4,4,3,3,3,3,3,3,3,3,3,3,3,3,3,3,3,3,3,3,4,4
2217,3,3,3,3,3,3,3,3,3,3,3,3,3,3,3,3,3,3,3,3,3,3,3,3
2218,3,3,3,3,3,3,3,3,3,3,3,3,3,3,3,3,3,3,3,3,3,3,3,3
2219,3,3,3,3,3,3,3,3,3,3,3,3,3,3,3,3,3,3,3,3,3,3,3,3
2220,3,3,3,3,3,3,3,3,3,3,3,3,3,3,3,3,3,3,3,3,3,3,4,4
2221,3,3,3,3,3,3,3,3,3,3,3,3,3,3,3,3,3,3,3,3,3,3,4,4
2222,3,3,3,3,3,3,3,3,3,3,3,3,3,3,3,3,3,3,3,3,3,3,3,3
2223,3,3,3,3,3,3,3,3,3,3,3,3,3,3,3,3,3,3,3,3,3,3,3,3
2224,3,3,3,3,3,3,3,3,3,3,3,3,3,3,3,3,3,3,3,3,3,3,3,3
2225,3,3,3,3,3,3,3,3,3,3,3,3,3,3,3,3,3,3,3,3,3,3,3,3
2226,3,3,3,3,3,3,3,3,3,3,3,3,3,3,3,3,3,3,3,3,3,4,4,4
2227,3,3,3,3,3,3,3,3,3,3,3,3,3,3,3,3,3,3,3,3,3,3,3,3
2228,4,4,3,3,3,3,3,3,3,3,3,3,3,3,3,3,3,3,3,3,3,3,3,3
2229,3,3,3,3,3,3,3,3,3,3,3,3,3,3,3,3,3,3,3,3,3,3,3,3
2230,3,3,3,3,3,3,3,3,3,3,5,5,3,3,3,10,10,10,10,10,10,10,10,3
2231,3,3,3,3,3,3,3,3,3,3,3,3,3,3,3,3,3,3,3,3,3,3,3,3
2232,3,3,3,3,3,3,3,3,3,3,3,3,3,3,3,3,3,3,3,3,3,3,3,3
2233,3,3,3,3,3,3,3,3,3,3,3,3,3,3,3,3,3,3,3,3,3,3,3,3
2234,3,3,3,3,3,3,3,3,3,3,10,10,10,10,10,10,10,10,10,10,10,10,10,10
2235,3,3,3,3,3,3,3,3,3,3,3,3,3,3,3,3,3,3,3,3,3,3,3,3
2236,3,3,3,3,3,3,3,3,3,3,3,3,3,3,3,3,3,3,3,3,3,3,3,3
2237,3,3,3,3,3,3,3,3,3,3,7,7,7,7,7,7,7,3,3,3,3,3,3,3
2238,3,3,3,3,3,3,3,3,3,3,5,5,5,5,5,5,5,5,5,5,5,5,5,5
2241,3,3,3,3,3,3,3,3,3,3,3,3,3,3,3,3,3,3,3,3,3,3,3,3
2242,3,3,3,3,3,3,3,3,3,3,3,3,3,3,3,3,3,3,3,3,3,4,4,4
2243,3,3,3,3,3,3,3,3,3,3,3,3,3,3,3,3,3,3,3,3,3,3,3,3
2244,3,3,3,3,3,3,3,5,5,5,5,5,5,5,5,5,5,5,5,5,5,5,5,5
2245,3,3,3,3,3,3,3,3,3,3,3,3,3,3,3,3,3,3,3,3,3,3,3,3
2248,3,3,3,3,3,3,3,3,3,3,3,3,3,3,3,3,3,3,3,3,3,3,3,3
2249,3,3,5,5,5,5,5,5,5,5,5,5,5,5,5,5,5,5,5,5,5,5,5,5
2250,3,3,3,3,3,3,3,5,5,5,5,5,5,5,5,5,5,5,5,5,5,5,5,5
2251,8,8,8,8,8,8,8,8,8,8,8,8,8,8,8,8,8,8,8,8,8,8,8,8
2252,8,8,8,8,8,8,8,8,8,8,4,4,3,3,3,3,3,4,4,4,4,3,3,3
2253,0,0,0,0,0,0,0,0,0,0,0,0,0,0,0,0,0,0,0,0,0,0,0,0
2254,2,2,2,2,2,2,2,2,2,2,2,1,1,1,2,2,1,1,1,1,2,2,1,1
2255,2,2,2,2,2,2,2,2,2,2,2,2,2,2,2,2,2,2,2,2,2,2,2,2
2256,2,2,2,2,2,2,2,2,2,2,2,2,2,2,2,2,2,2,2,2,2,2,2,2
2257,2,2,2,1,1,1,1,1,1,1,1,1,1,1,1,1,1,1,1,1,1,1,1,1
2258,2,2,2,2,2,2,2,2,2,2,2,2,2,2,2,2,2,2,2,2,2,2,2,2
2259,2,2,2,2,2,1,1,1,1,1,1,1,1,1,1,1,2,2,2,2,2,2,2,2
2260,2,2,1,1,1,1,1,1,1,9,9,1,1,1,1,1,1,1,2,2,1,1,1,1
2262,2,2,2,2,2,2,2,2,2,2,2,2,2,2,2,2,2,2,2,2,2,2,2,2
2264,3,3,3,3,3,0,0,0,0,0,0,2,2,2,2,2,2,2,0,0,0,0,2,0
2265,2,2,2,2,2,2,2,2,2,2,2,2,2,2,2,2,2,2,2,2,2,2,2,2
2266,2,2,2,2,2,2,2,2,2,2,2,2,2,2,2,2,2,2,2,2,2,2,2,2
2267,2,2,2,2,2,2,2,2,0,0,0,2,2,0,0,0,0,0,0,0,0,0,0,0
2268,1,2,2,2,2,2,1,1,1,1,2,2,1,1,1,1,2,2,2,2,1,1,1,1
2269,2,2,2,2,2,9,9,2,2,9,9,9,9,9,9,0,0,0,0,2,2,2,2,0
2270,2,2,2,2,2,2,2,2,2,0,0,0,0,0,0,2,2,2,2,2,2,2,2,2
2271,2,2,2,2,2,2,1,2,2,2,9,9,9,9,9,2,2,2,2,2,1,1,1,2
2272,7,7,7,7,7,7,0,0,0,0,0,0,0,0,0,0,0,0,0,0,0,0,0,0
2274,7,7,7,7,7,7,7,7,7,0,0,0,0,0,0,0,0,7,0,0,0,0,0,0
2275,8,8,8,8,8,8,8,6,6,6,6,6,6,6,6,6,6,6,6,6,6,6,6,6
2276,0,0,0,0,0,0,0,0,0,0,0,0,0,0,0,0,0,0,0,0,0,0,0,0
2278,3,3,3,0,0,0,0,0,3,0,0,0,0,0,0,0,0,0,0,0,0,0,0,0
2279,8,8,8,8,8,8,8,8,8,6,6,6,6,6,6,6,3,3,3,3,3,4,4,4
2280,8,8,8,8,8,8,8,8,8,6,4,4,3,3,3,3,3,3,3,3,3,3,3,3
2281,8,8,8,8,8,8,8,8,8,8,8,8,8,8,8,8,8,8,8,8,8,8,8,8
2282,8,8,8,8,8,8,8,8,8,6,6,6,6,6,6,4,4,4,4,4,4,4,4,4
2286,7,7,7,7,7,7,7,8,8,8,8,8,8,8,8,8,8,8,8,8,8,8,3,3
2287,0,0,0,0,0,7,7,0,0,0,0,0,0,0,0,3,3,3,3,3,3,3,0,0
2288,8,8,8,8,8,3,3,8,8,6,3,3,3,3,3,3,3,3,3,3,3,3,3,3
2289,8,8,8,8,8,8,8,8,8,8,6,3,3,3,3,3,3,3,4,4,4,3,3,3
2292,7,7,7,9,9,9,9,9,9,9,9,9,9,9,9,0,0,0,0,0,0,0,0,0
2293,0,0,0,0,0,0,0,0,0,0,0,0,0,0,0,0,0,0,0,0,0,0,0,0
2294,2,2,9,9,9,9,9,9,9,9,9,9,9,9,9,0,0,0,0,0,0,0,2,0
2295,7,7,9,9,9,7,7,7,7,7,7,2,2,2,2,2,2,2,2,2,2,2,2,2
2296,8,8,9,9,9,9,9,7,7,0,0,0,0,0,0,0,0,0,0,0,0,0,0,0
2297,0,0,0,0,0,0,0,0,0,0,0,0,0,0,0,0,0,0,0,0,0,0,0,0
2298,0,0,0,0,0,0,0,0,0,0,0,0,0,0,0,0,0,0,0,0,0,0,0,0
2299,8,8,9,9,9,9,9,7,7,0,0,0,0,0,0,0,0,0,0,0,0,0,0,0
2300,5,0,0,0,0,5,5,5,1,1,1,0,0,0,0,0,0,0,0,0,0,0,0,0
2301,0,0,0,0,1,1,1,7,7,0,0,1,1,1,0,0,0,0,1,1,1,1,1,1
2302,8,8,9,9,9,9,9,9,9,9,9,9,9,9,9,0,0,0,0,0,0,0,0,0
2303,0,0,0,0,0,0,9,9,9,0,0,0,0,0,0,0,0,0,0,0,0,0,0,0
2304,5,5,9,9,9,9,9,9,9,9,0,0,0,0,0,0,0,0,0,0,0,0,0,0
2305,1,5,9,9,9,1,1,1,1,1,9,9,9,1,2,2,2,2,2,2,2,2,2,2
2307,7,7,9,9,9,9,9,7,7,7,7,9,9,9,9,0,0,0,0,0,0,0,0,0
2308,0,0,0,0,0,0,0,0,0,9,9,0,0,0,0,0,0,0,2,2,0,0,0,0
2309,0,0,0,0,0,0,0,0,0,2,2,2,0,0,0,0,0,0,0,0,0,0,0,0
2310,0,0,0,0,0,0,0,0,0,0,0,0,0,0,0,0,0,0,0,0,0,0,0,0
2311,0,0,0,0,3,5,5,3,3,4,4,4,3,3,3,3,3,3,3,3,3,3,3,3
2312,8,8,8,8,8,8,8,8,8,8,8,8,4,4,4,4,4,4,4,8,8,8,8,8
2314,5,5,9,9,9,9,9,9,9,9,9,0,0,0,0,0,0,0,0,0,0,0,0,0
2315,2,0,0,0,0,9,9,0,9,0,0,0,0,0,0,0,0,0,0,0,0,0,2,0
2316,8,8,9,9,9,9,9,9,9,9,0,0,0,0,0,0,0,0,0,0,0,0,10,3
2317,5,2,9,9,9,9,9,9,9,9,9,9,9,9,9,0,0,0,0,2,2,2,2,2
2318,3,3,3,3,8,8,8,8,8,4,4,6,6,6,6,6,4,4,4,4,4,4,4,4
2320,8,8,8,8,8,8,8,8,8,6,6,3,3,3,3,3,3,4,4,4,4,3,3,3
2321,0,0,0,0,0,0,0,0,0,0,0,0,0,0,0,0,0,0,0,0,0,0,0,0
2322,0,1,0,0,0,0,0,0,0,0,0,0,0,0,0,0,0,1,1,1,1,1,1,1
2323,1,1,1,1,1,1,0,0,0,0,0,1,1,1,1,1,1,1,1,1,2,2,1,1
2324,0,0,0,0,0,0,0,0,0,0,0,0,0,0,0,0,0,0,0,0,0,0,0,0
2325,0,0,0,0,0,0,0,0,0,0,0,0,0,0,0,0,0,0,0,0,0,0,0,0
2326,0,0,0,0,0,0,0,0,0,0,0,0,0,0,0,0,0,0,0,0,0,0,0,0
2327,3,3,3,3,3,3,0,0,0,0,0,0,0,0,0,0,0,0,0,0,0,0,0,0
2328,2,2,9,9,0,0,9,9,9,9,9,9,9,9,9,0,0,0,0,0,0,0,0,0
2329,0,0,0,0,0,0,0,0,0,0,0,0,0,0,0,0,0,0,0,0,0,0,0,0
2330,0,0,0,0,0,0,0,0,0,0,0,0,0,0,0,0,0,0,0,0,0,0,0,0
2332,2,2,9,9,9,9,9,9,9,9,9,9,9,9,9,0,0,0,0,0,0,0,0,0
2333,0,0,0,0,3,3,3,4,4,4,4,4,3,3,3,3,3,3,3,3,3,3,3,3
2334,3,3,3,3,3,0,0,0,3,3,10,10,10,10,10,10,10,10,10,3,3,3,3,4
2335,0,0,0,0,0,0,0,0,3,3,3,3,3,3,3,3,3,3,3,3,3,3,3,3
2336,3,3,3,3,3,3,3,3,3,3,3,3,3,3,3,3,3,3,3,3,3,3,3,3
2337,3,3,3,3,3,3,3,3,3,4,4,4,4,4,4,4,4,4,4,4,4,4,4,4
2338,3,3,3,3,3,3,5,5,5,5,5,5,5,5,5,5,5,5,5,5,5,5,5,5
2339,3,5,5,5,5,5,5,5,5,5,5,5,5,5,5,5,5,5,5,5,5,5,5,5
2340,3,3,3,3,3,3,3,3,3,3,5,5,5,5,5,5,5,10,10,10,10,5,5,5
2341,3,3,5,5,5,5,5,5,5,5,5,5,5,5,5,5,5,5,5,5,5,5,5,5
2342,5,5,5,5,5,5,5,5,5,5,5,5,5,5,5,5,5,5,5,5,5,5,5,1
2343,5,5,5,5,5,5,5,5,5,5,5,5,5,5,5,5,5,5,5,5,5,5,5,5
2344,3,3,3,3,3,3,3,6,6,6,6,6,6,5,5,5,5,5,5,6,6,6,6,5
2345,3,3,3,3,3,3,3,5,5,5,5,5,5,5,5,5,5,5,5,5,5,5,5,5
2348,3,3,3,3,3,3,3,5,5,5,5,5,5,5,5,5,5,5,5,5,5,5,5,5
2349,3,3,3,3,3,3,3,5,5,5,5,5,5,5,5,5,5,5,5,5,5,5,5,5
2351,6,6,6,6,6,6,6,6,6,6,6,6,6,6,6,6,6,6,6,6,6,6,6,6
2352,6,6,6,6,6,6,6,6,6,6,6,6,6,6,6,6,6,6,6,6,6,6,6,6
2353,6,6,6,6,6,6,6,6,6,6,6,6,6,6,6,6,6,6,6,6,6,6,6,6
2354,6,6,6,6,6,6,6,6,6,6,6,6,6,6,6,6,6,6,6,6,6,6,6,6
2355,6,6,6,6,6,6,6,6,6,6,6,6,6,6,6,6,6,6,6,6,6,6,6,6
2356,6,6,6,6,6,6,6,6,6,6,6,6,6,6,6,6,6,6,6,6,6,6,6,6
2357,6,6,6,6,6,6,6,6,6,6,6,6,6,6,6,6,6,6,6,6,6,6,6,6
2358,6,6,6,6,6,6,6,6,6,6,6,6,6,6,6,6,6,6,6,6,6,6,6,6
2359,6,6,6,6,6,6,6,6,6,6,6,6,6,6,6,6,6,6,6,6,6,6,6,6
2360,6,6,6,6,6,6,6,6,6,6,6,6,6,6,6,6,6,6,6,6,6,6,6,6
2361,6,6,6,6,6,6,6,6,6,6,6,6,6,6,6,6,6,6,6,6,6,6,6,6
2362,4,4,4,4,4,4,4,4,4,4,4,4,4,4,4,4,4,4,4,4,4,4,4,4
2363,6,6,6,6,6,6,6,6,6,6,4,4,4,4,4,6,6,6,6,6,6,6,6,6
2364,6,6,6,6,6,6,6,6,6,6,6,6,6,6,6,6,6,6,6,6,6,6,6,6
2365,6,6,6,6,6,6,6,6,6,6,6,6,6,6,6,6,6,6,6,6,6,6,6,6
2366,6,6,6,6,6,6,6,6,6,6,6,6,6,6,6,6,6,6,6,6,6,6,6,6
2367,6,6,6,6,6,6,6,6,6,6,6,6,6,6,6,6,6,6,6,6,6,6,6,6
2368,6,6,6,6,6,6,6,6,6,6,6,6,6,6,6,6,6,6,6,6,6,6,6,6
2369,6,6,6,6,6,6,6,6,6,6,6,6,6,6,6,6,6,6,6,6,6,6,6,6
2370,4,4,4,4,4,4,4,4,4,4,4,4,6,6,6,6,6,6,6,6,6,4,6,6
2371,4,4,4,4,4,4,4,4,4,4,4,4,4,4,4,4,4,4,4,6,6,6,6,4
2372,6,6,6,6,6,6,6,6,6,6,6,6,6,6,6,6,6,6,6,6,6,6,6,6
2373,6,6,6,6,6,6,6,6,6,6,6,6,6,6,6,6,6,6,6,6,6,6,6,6
2374,6,6,6,6,6,6,6,6,6,6,6,6,6,6,6,6,6,6,6,6,6,6,6,6
2375,6,6,6,6,6,6,6,6,6,6,6,6,6,6,6,6,6,6,6,6,6,6,6,6
2376,6,6,6,6,6,6,6,6,6,6,6,6,6,6,6,6,6,6,6,6,6,6,6,6
2377,6,6,6,6,6,6,6,6,6,6,6,6,6,6,6,6,6,6,6,6,6,6,6,6
2378,6,6,6,6,6,6,6,6,6,6,6,6,6,6,6,6,6,6,6,6,6,6,6,6
2379,6,6,6,6,6,6,6,6,6,6,6,6,6,6,6,6,6,6,6,6,6,6,6,6
2380,6,6,6,6,6,6,6,6,6,6,6,6,6,6,6,6,6,6,6,6,6,6,6,6
2381,6,6,6,6,6,6,6,6,6,6,6,6,6,6,6,6,6,6,6,6,6,6,6,6
2382,6,6,6,6,6,6,6,6,6,6,6,6,6,6,6,6,6,6,6,6,6,6,6,6
2383,6,6,6,6,6,6,6,6,6,6,4,4,4,4,4,6,6,6,4,6,6,6,6,6
2384,6,6,6,6,6,6,6,6,6,6,6,6,6,6,6,6,6,6,6,6,6,6,6,6
2385,6,6,6,6,6,6,6,6,6,6,6,6,6,6,6,6,6,6,6,6,6,6,6,6
2386,6,6,6,6,6,6,6,6,6,6,4,6,6,6,6,6,6,6,6,6,6,6,6,6
2387,6,6,6,6,6,6,6,6,6,6,6,6,6,6,6,6,6,6,6,6,6,6,6,6
2388,6,6,6,6,6,6,6,6,6,6,6,6,6,6,6,6,6,6,6,6,6,6,6,6
2389,6,6,6,6,6,6,6,6,6,6,6,6,6,6,6,6,6,6,6,6,6,6,6,6
2390,6,6,6,6,6,6,6,6,6,6,6,6,6,6,6,6,6,6,6,6,6,6,6,6
2391,6,6,6,6,6,6,8,8,8,8,4,4,4,4,4,4,4,6,6,6,6,4,4,4
2392,6,4,4,6,6,4,4,4,4,4,4,4,4,4,4,4,4,4,4,4,4,4,4,4
2393,4,4,4,4,4,4,4,4,4,4,4,4,4,4,4,4,4,4,4,4,4,4,4,4
2395,4,4,4,4,4,4,4,4,4,4,4,4,4,4,4,4,4,4,4,4,4,4,4,4
2398,6,6,6,6,6,6,6,6,6,6,4,4,4,4,4,6,6,6,6,6,6,6,6,6
2399,6,6,6,6,6,6,6,6,6,6,6,6,6,6,6,6,6,6,6,6,6,6,6,6
2400,6,6,6,6,6,6,6,6,6,6,6,6,6,6,6,6,6,6,6,6,6,6,6,6
2401,6,6,6,6,6,6,6,6,6,6,6,6,6,6,6,6,6,6,6,6,6,6,6,6
2402,6,6,6,6,6,6,6,6,6,6,4,6,6,6,6,6,6,6,6,6,6,6,6,6
2403,4,4,4,4,4,4,4,4,4,4,4,4,4,4,4,4,4,4,4,4,4,4,4,4
2404,6,6,6,6,6,6,6,6,6,6,6,6,6,6,6,6,6,6,6,6,6,6,6,6
2405,6,6,6,6,6,6,6,6,6,6,6,6,6,6,6,6,6,6,6,6,6,6,6,6
2406,6,6,6,6,6,6,6,6,6,6,4,4,4,4,4,4,4,4,4,6,6,6,6,4
2407,6,6,6,6,6,6,6,6,6,6,4,4,4,4,6,6,6,6,6,6,6,6,6,6
2408,6,6,6,6,6,6,6,6,6,6,4,4,4,4,4,6,4,4,4,4,4,4,6,6
2409,4,4,4,4,4,4,4,4,4,4,4,4,4,4,4,4,4,4,4,4,4,4,4,4
2410,4,4,4,4,4,4,4,4,4,4,4,4,4,4,4,4,4,4,4,4,4,4,4,4
2411,4,4,4,4,4,4,4,4,4,4,4,4,4,4,4,4,4,4,4,4,4,4,4,4
2412,4,4,4,4,4,4,4,4,4,4,4,4,4,4,4,6,6,6,6,6,6,6,6,6
2416,4,4,4,4,6,6,6,6,6,6,4,4,4,4,4,6,4,4,4,6,6,6,6,4
2422,4,4,4,4,4,4,4,4,4,4,4,4,4,4,4,4,4,4,4,4,4,4,4,4
2423,6,6,6,6,6,6,6,6,6,6,6,6,6,6,6,6,6,6,6,6,6,6,6,6
2424,6,6,6,6,6,6,6,6,6,6,6,6,6,6,6,6,6,6,6,6,6,6,6,6
2425,6,6,6,6,6,6,6,6,6,6,6,6,6,6,6,6,6,6,6,6,6,6,6,6
2426,6,6,6,6,6,6,6,6,6,6,6,6,6,6,6,6,6,6,6,6,6,6,6,6
2427,6,6,6,6,6,6,6,6,6,6,6,6,6,6,6,6,6,6,6,6,6,6,6,6
2428,6,6,6,6,6,6,6,6,6,6,6,6,6,6,6,6,6,6,6,6,6,6,6,6
2429,6,6,6,6,6,6,6,6,6,6,6,6,6,6,6,6,6,6,6,6,6,6,6,6
2430,6,6,6,6,6,6,6,6,6,6,4,6,6,6,6,6,6,6,6,6,6,6,6,6
2431,6,6,6,6,6,6,6,6,6,6,4,4,4,4,4,6,6,6,6,6,6,6,6,6
2432,4,4,4,4,6,6,6,6,6,6,4,4,4,4,4,4,4,4,4,4,4,4,4,4
2433,6,6,6,6,6,6,6,6,6,6,4,4,4,6,6,6,6,6,6,6,6,6,6,6
2434,6,6,6,6,6,6,6,6,6,6,6,6,6,6,6,6,6,6,6,6,6,6,6,6
2435,6,6,6,6,6,6,6,6,6,6,6,6,6,6,6,6,6,6,6,6,6,6,6,6
2436,6,6,6,6,6,6,6,6,6,6,6,6,6,6,6,6,6,6,6,6,6,6,6,6
2437,4,4,4,4,4,4,4,4,4,4,4,4,4,4,4,4,4,4,4,4,4,4,4,4
2439,6,6,6,6,6,6,6,6,6,6,6,6,6,6,6,6,6,6,6,6,6,6,6,6
2440,6,6,6,6,6,6,6,6,6,6,6,6,6,6,6,6,6,6,6,6,6,6,6,6
2441,6,6,6,6,6,6,6,6,6,6,6,6,6,6,6,6,6,6,6,6,6,6,6,6
2442,6,6,6,6,6,6,6,6,6,6,6,6,6,6,6,6,6,6,6,6,6,6,6,6
2443,6,6,6,6,6,6,6,6,6,6,6,6,6,6,6,6,6,6,6,6,6,6,6,6
2444,6,6,6,6,6,6,6,6,6,6,6,6,6,6,6,6,6,6,6,6,6,6,6,6
2445,4,4,4,4,4,4,4,6,6,6,4,4,4,4,4,4,4,4,4,6,6,6,6,4
2446,4,4,6,6,6,6,6,6,6,6,4,4,4,4,4,6,6,6,6,6,6,6,6,6
2447,4,4,4,4,6,6,6,6,6,6,4,4,4,6,6,6,6,6,6,6,6,6,6,6
2449,4,4,4,4,4,4,4,4,4,4,4,4,4,4,4,4,4,4,4,4,4,4,4,4
2450,6,6,6,6,6,6,6,6,6,6,6,6,6,6,6,6,6,6,6,6,6,6,6,6
2451,6,6,6,6,6,6,6,6,6,6,6,6,6,6,6,6,6,6,6,6,6,6,6,6
2452,6,6,6,6,6,6,6,6,6,6,6,6,6,6,6,6,6,6,6,6,6,6,6,6
2453,6,6,6,6,6,6,6,6,6,6,6,6,6,6,6,6,6,6,6,6,6,6,6,6
2454,6,6,6,6,6,6,6,6,6,6,6,6,6,6,6,6,6,6,6,6,6,6,6,6
2455,6,6,6,6,6,6,6,6,6,6,6,6,6,6,6,6,6,6,6,6,6,6,6,6
2456,6,6,6,6,6,6,6,6,6,6,6,6,6,6,6,6,6,6,6,6,6,6,6,6
2457,6,6,6,6,6,6,6,6,6,6,6,6,6,6,6,6,6,6,6,6,6,6,6,6
2458,6,6,6,6,6,6,6,6,6,6,6,6,6,6,6,6,6,6,6,6,6,6,6,6
2459,6,6,6,6,6,6,6,6,6,6,6,6,6,6,6,6,6,6,6,6,6,6,6,6
2460,6,6,6,6,6,6,6,6,6,6,6,6,6,6,6,6,6,6,6,6,6,6,6,6
2461,6,6,6,6,6,6,6,6,6,6,6,6,6,6,6,6,6,6,6,6,6,6,6,6
2462,4,4,4,4,4,4,4,4,4,4,4,4,4,4,4,4,4,4,4,4,4,4,4,4
2463,4,4,4,4,4,4,4,4,4,4,4,4,4,4,4,4,4,4,4,4,4,4,4,4
2464,4,4,4,4,4,4,4,4,4,4,4,4,4,4,4,4,4,4,4,4,4,4,4,4
2465,4,4,4,4,4,4,4,4,4,4,4,4,4,4,4,4,4,4,4,4,4,4,4,4
2466,4,4,4,4,4,4,4,4,4,4,4,4,4,4,4,4,4,4,4,4,4,4,4,4
2467,4,4,4,4,4,4,4,4,4,4,4,4,4,4,4,4,4,4,4,4,4,4,4,4
2468,4,4,4,4,6,6,6,6,6,6,6,6,6,6,6,6,6,6,6,6,6,6,6,6
2469,4,4,4,4,4,4,4,4,4,4,4,4,4,4,4,4,4,4,4,4,4,4,4,4
2470,4,4,4,4,4,4,4,4,4,4,4,4,4,4,4,4,4,4,4,4,4,4,4,4
2471,4,4,4,4,4,4,4,4,4,4,4,4,4,4,4,4,4,4,4,4,4,4,4,4
2472,4,4,4,4,4,4,4,4,4,4,4,4,4,4,4,4,4,4,4,4,4,4,4,4
2473,4,4,4,4,4,4,4,4,4,4,4,4,4,4,4,4,4,4,4,4,4,4,4,4
2474,4,4,4,4,4,6,6,6,6,6,4,4,4,4,4,4,4,6,6,6,4,4,4,4
2475,4,4,4,4,6,6,6,6,6,6,6,6,6,6,6,6,6,6,6,6,6,6,6,6
2476,6,6,6,6,6,6,6,6,6,6,6,6,6,6,6,6,6,6,6,6,6,6,6,6
2477,4,4,4,4,6,6,6,6,6,6,6,6,6,6,6,6,6,6,6,6,6,6,6,6
2478,4,4,4,4,4,4,4,4,4,4,4,4,4,4,4,4,4,4,4,4,4,4,4,4
2479,6,6,6,6,6,6,6,6,6,6,6,6,6,6,6,6,6,6,6,6,6,6,6,6
2480,6,6,6,6,6,6,6,6,6,6,6,6,6,6,6,6,6,6,6,6,6,6,6,6
2481,6,6,6,6,6,6,6,6,6,6,6,6,6,6,6,6,6,6,6,6,6,6,6,6
2482,4,4,4,4,4,4,4,4,4,4,4,4,4,4,4,4,4,4,4,4,4,4,4,4
2483,4,4,4,4,4,4,4,4,4,4,4,4,4,4,4,4,4,4,4,4,4,4,4,4
2484,4,4,4,4,4,4,4,4,4,4,4,4,4,4,4,6,6,6,4,4,4,4,4,4
2485,6,6,6,6,6,6,6,6,6,6,6,6,6,6,6,6,6,6,6,6,6,6,6,6
2486,6,6,6,6,6,6,6,6,6,6,6,6,6,6,6,6,6,6,6,6,6,6,6,6
2487,4,4,4,4,4,4,4,4,4,4,4,4,4,4,4,4,4,4,4,4,4,4,4,4
2488,6,6,6,6,6,6,6,6,6,6,6,6,6,6,6,6,6,6,6,6,6,6,6,6
2489,4,6,6,6,6,6,6,6,6,6,6,6,6,6,6,6,6,6,6,6,6,6,6,6
2490,6,6,6,6,6,6,6,6,6,6,6,6,6,6,6,6,6,6,6,6,6,6,6,6
2491,4,4,4,4,4,4,4,4,4,4,4,4,4,4,4,4,4,4,4,4,4,4,4,4
2492,4,4,4,4,4,4,4,4,4,4,4,4,4,4,4,4,4,4,4,4,4,4,4,4
2493,4,4,4,4,4,4,4,4,4,4,4,4,4,4,4,4,4,4,4,4,4,4,4,4
2494,6,6,6,6,6,6,6,6,6,6,6,6,6,6,6,6,6,6,6,6,6,6,6,6
2495,6,6,6,6,6,6,6,6,6,6,6,6,6,6,6,6,6,6,6,6,6,6,6,6
2496,4,4,4,4,4,4,4,4,4,4,4,4,4,4,4,4,4,4,4,4,4,4,4,4
2497,6,6,6,6,6,6,6,6,6,6,6,6,6,6,6,6,6,6,6,6,6,6,6,6
2498,4,4,4,4,4,4,4,4,4,4,4,4,4,4,4,4,4,4,4,4,4,4,4,4
2499,4,4,4,4,4,4,4,4,4,4,4,4,4,4,4,4,4,4,4,4,4,4,4,4
2500,4,4,4,4,4,4,4,4,4,4,4,4,4,4,4,4,4,4,4,4,4,4,4,4
2501,4,4,4,4,4,4,4,4,4,4,4,4,4,4,4,4,4,4,4,4,4,4,4,4
2502,4,4,4,4,6,6,6,6,6,6,6,6,6,4,4,4,4,4,4,4,4,4,4,6
2503,6,6,6,6,6,6,6,6,6,6,6,6,6,6,6,6,6,6,6,6,6,6,6,6
2504,4,4,4,4,4,4,4,4,4,4,4,4,4,4,4,4,4,4,4,4,4,4,4,4
2505,4,4,4,4,6,6,6,6,6,6,6,6,6,6,6,6,6,6,6,6,6,6,6,6
2506,6,6,6,6,6,6,6,6,6,6,6,6,6,6,6,6,6,6,6,6,6,6,6,6
2507,4,4,4,4,6,6,6,6,6,6,6,6,6,6,6,6,6,6,6,6,6,6,6,6
2508,4,4,4,4,6,6,6,6,6,6,6,6,6,6,6,6,6,4,4,6,6,6,6,6
2509,6,6,6,6,6,6,6,6,6,6,6,6,6,6,6,6,6,6,6,6,6,6,6,6
2510,4,4,4,6,6,6,6,6,6,6,6,6,6,6,6,6,6,6,6,6,6,6,6,6
2511,4,4,4,4,4,4,4,4,4,4,4,4,4,4,4,4,4,4,4,4,4,4,4,4
2512,4,6,6,6,6,6,6,6,6,6,6,6,6,6,6,6,6,6,4,4,6,6,6,6
2513,4,4,4,4,4,4,4,4,4,4,4,4,4,4,4,4,4,4,4,4,4,4,4,4
2514,4,4,4,4,6,6,6,6,6,6,6,6,6,6,6,6,6,6,6,6,6,6,6,6
2515,4,4,4,4,4,4,4,4,4,4,4,4,4,4,4,4,4,4,4,4,4,4,4,4
2516,4,4,4,4,4,4,4,4,4,4,4,4,4,4,4,4,4,4,4,4,4,4,4,4
2517,4,4,4,4,4,4,4,4,4,4,4,4,4,4,4,4,4,4,4,4,6,6,6,6
2518,4,4,4,4,6,6,6,6,6,6,6,6,6,6,6,6,6,6,6,6,6,6,6,6
2519,4,4,4,6,6,6,6,6,6,6,6,6,6,6,6,6,6,6,6,6,6,6,6,6
2520,4,4,4,4,4,4,4,4,4,4,4,4,4,4,4,4,4,4,4,4,4,4,4,4
2521,4,4,4,4,4,4,4,4,4,4,4,4,4,4,4,6,6,6,6,4,4,4,4,4
2522,6,6,6,6,6,6,6,6,6,6,6,6,6,6,6,6,6,6,6,6,6,6,6,6
2523,4,4,4,4,4,4,4,4,4,4,4,4,4,4,4,4,4,4,4,4,4,4,4,4
2524,4,4,4,4,4,4,4,4,4,4,4,4,4,4,4,4,4,4,4,4,4,4,4,4
2525,4,4,4,4,4,4,4,4,4,4,4,4,4,4,4,4,4,4,4,4,4,4,4,4
2526,4,4,4,4,4,4,4,4,4,4,4,4,4,4,4,4,4,4,4,4,4,4,4,4
2527,6,6,6,6,6,6,6,6,6,6,6,6,6,6,6,6,6,6,6,6,6,6,6,6
2528,4,4,4,4,4,4,4,4,4,4,4,4,4,4,4,4,4,4,4,4,4,4,4,4
2529,4,4,4,4,6,6,6,6,6,6,6,6,6,6,6,6,6,6,6,6,6,6,6,6
2530,4,4,4,4,4,4,4,4,4,4,4,4,4,4,4,4,4,4,4,4,4,4,4,4
2531,4,4,4,4,4,4,4,4,4,4,4,4,4,4,4,4,4,4,4,4,4,4,4,4
2532,4,4,4,4,6,6,6,6,6,6,6,6,6,6,6,6,6,6,6,6,6,6,6,6
2533,6,6,6,6,6,6,6,6,6,6,6,6,6,6,6,6,6,6,6,6,6,6,6,6
2534,4,4,4,4,4,4,4,4,4,4,4,4,4,4,4,4,4,4,4,4,4,4,4,4
2535,6,6,6,6,6,6,6,6,6,6,6,6,6,6,6,6,6,6,6,6,6,6,6,6
2536,6,6,6,6,6,6,6,6,6,6,6,6,6,6,6,6,6,6,6,6,6,6,6,6
2537,6,6,6,6,6,6,6,6,6,6,6,6,6,6,6,6,6,6,6,6,6,6,6,6
2538,4,4,4,4,4,4,4,4,4,4,4,4,4,4,4,4,4,4,4,4,6,6,6,4
2539,6,6,6,6,6,6,6,6,6,6,6,6,6,6,6,6,6,6,6,6,6,6,6,6
2540,6,6,6,6,6,6,6,6,6,6,6,6,6,6,6,6,6,6,6,6,6,6,6,6
2541,6,6,6,6,6,6,6,6,6,6,6,6,6,6,6,6,6,6,6,6,6,6,6,6
2542,6,6,6,6,6,6,6,6,6,6,6,6,6,6,6,6,6,6,6,6,6,6,6,6
2543,6,6,6,6,6,6,6,6,6,6,6,6,6,6,6,6,6,6,6,6,6,6,6,6
2544,6,6,6,6,6,6,6,6,6,6,6,6,6,6,6,6,6,6,6,6,6,6,6,6
2545,6,6,6,6,6,6,6,6,6,6,6,6,6,6,6,6,6,6,6,6,6,6,6,6
2546,4,4,4,4,4,4,4,4,4,4,4,4,4,4,4,4,4,4,4,4,4,4,4,4
2547,4,4,4,4,4,4,4,4,4,4,4,4,4,4,4,4,4,4,4,4,4,4,4,4
2548,4,4,4,4,4,4,4,4,4,4,4,4,4,4,4,4,6,6,4,4,4,4,4,4
2549,4,4,4,4,4,6,6,6,6,6,6,6,6,6,6,6,6,6,6,6,6,6,6,6
2550,4,4,4,4,4,4,4,4,4,4,4,4,4,4,4,4,4,4,4,4,4,4,4,4
2551,4,4,4,4,4,4,4,4,4,4,4,4,4,4,4,4,4,4,4,4,4,4,4,4
2552,4,4,4,4,4,4,4,4,4,4,4,4,4,4,4,4,4,4,4,4,4,4,4,4
2553,4,4,4,4,4,4,4,4,4,4,4,4,4,4,4,4,4,4,4,4,4,4,4,4
2554,4,4,4,4,4,4,4,4,4,4,4,4,4,4,4,4,4,4,4,4,4,4,4,4
2555,4,4,4,4,4,4,4,4,4,4,4,4,4,4,4,4,4,4,4,4,4,4,4,4
2556,4,4,4,4,4,4,4,4,4,4,4,4,4,4,4,4,4,4,4,4,4,4,4,4
2557,6,6,6,6,6,6,6,6,6,6,6,6,6,6,6,6,6,6,6,6,6,6,6,6
2558,6,6,6,6,6,6,6,6,6,6,6,6,6,6,6,6,6,6,6,6,6,6,6,6
2559,6,6,6,6,6,6,6,6,6,6,6,6,6,6,6,6,6,6,6,6,6,6,6,6
2560,4,4,4,4,6,6,6,6,6,6,6,6,6,6,6,6,6,4,4,4,6,6,6,6
2561,4,4,4,4,6,6,6,6,6,6,6,6,6,6,6,6,6,6,6,6,6,6,6,6
2562,4,4,4,4,4,4,4,4,4,4,4,4,4,4,4,4,4,4,4,4,4,4,4,4
2563,6,6,6,6,6,6,6,6,6,6,6,6,6,6,6,6,6,6,6,6,6,6,6,6
2564,6,6,6,6,6,6,6,6,6,6,6,6,6,6,6,6,6,6,6,6,6,6,6,6
2565,4,4,4,4,4,4,4,4,4,4,4,4,4,4,4,4,4,4,4,4,4,4,4,4
2566,4,6,6,6,6,6,6,6,6,6,6,6,6,6,6,6,6,6,6,6,6,6,6,6
2567,6,6,6,6,6,6,6,6,6,6,6,6,6,6,6,6,6,6,6,6,6,6,6,6
2568,4,4,4,4,4,4,4,4,4,4,4,4,4,4,4,4,4,4,4,4,4,4,4,4
2569,4,4,4,4,4,4,4,4,4,4,4,4,4,4,4,4,4,4,4,4,4,4,4,4
2570,4,4,4,4,4,4,4,4,4,4,4,4,4,4,4,4,4,4,4,4,4,4,4,4
2571,4,4,4,4,4,4,4,4,4,4,4,4,4,4,4,4,4,4,4,4,4,4,4,4
2572,4,4,4,4,4,4,4,4,4,4,4,4,4,4,4,4,4,4,4,4,4,4,4,4
2573,6,6,6,6,6,6,6,6,6,6,6,6,6,6,6,6,6,6,6,6,6,6,6,6
2574,4,4,4,4,6,6,6,6,6,6,6,6,6,6,6,6,6,6,6,6,6,6,6,6
2575,4,4,4,4,4,4,4,4,4,4,4,4,4,4,4,4,4,4,4,4,4,4,4,4
2576,4,4,4,4,4,4,4,4,4,4,4,4,4,4,4,4,4,4,4,4,4,4,4,4
2577,4,4,4,4,6,6,6,6,6,6,6,6,6,6,6,6,6,6,6,6,6,6,6,6
2578,4,4,4,4,4,6,6,6,6,6,6,6,6,6,4,4,4,4,4,4,6,6,6,6
2579,4,4,4,4,6,6,6,6,6,6,6,6,6,6,6,6,6,6,6,6,6,6,6,6
2580,4,4,4,4,4,4,4,4,4,4,4,4,4,4,4,4,4,4,4,4,4,4,4,4
2581,4,4,4,4,4,4,4,4,4,4,4,4,4,4,4,4,4,4,4,4,4,4,4,4
2582,4,4,4,4,4,4,4,4,4,4,4,4,4,4,4,4,4,4,4,4,4,4,4,4
2583,6,6,6,6,6,6,6,6,6,6,6,6,6,6,6,6,6,6,6,6,6,6,6,6
2584,4,4,4,4,4,4,4,4,4,4,4,4,4,4,4,4,4,4,4,4,4,4,4,4
2585,4,4,4,4,4,4,4,4,4,4,4,4,4,4,4,4,4,4,4,4,4,4,4,4
2586,4,4,4,4,4,4,4,4,4,4,4,4,4,4,4,4,4,4,4,4,4,4,4,4
2587,4,4,4,4,4,4,4,4,4,4,4,4,4,4,4,4,4,4,4,4,4,4,4,4
2588,4,4,4,4,4,4,4,4,4,4,4,4,4,4,4,4,4,4,4,4,4,4,4,4
2589,4,4,4,4,4,4,4,4,4,4,4,4,4,4,4,4,4,4,4,4,4,4,4,4
2590,4,4,4,4,4,4,4,4,4,4,4,4,4,4,4,4,4,4,4,4,4,4,4,4
2591,4,4,4,4,4,4,4,4,4,4,4,4,4,4,4,4,4,4,4,4,4,4,4,4
2592,4,4,4,4,4,4,4,4,4,4,4,4,4,4,4,4,4,4,4,4,4,4,4,4
2593,3,3,3,3,3,3,0,0,0,0,0,0,0,0,3,3,3,3,3,3,3,3,3,3
2595,4,4,4,4,4,4,4,4,4,4,4,4,3,3,3,3,4,4,4,4,4,4,4,4
2596,4,4,4,4,4,4,4,4,4,4,4,4,4,4,4,4,4,4,4,4,4,4,4,4
2597,4,4,4,4,4,4,4,4,4,4,4,4,4,4,4,4,4,4,4,4,4,4,4,4
2598,4,4,4,4,4,4,4,4,4,4,4,4,3,3,3,3,4,4,4,3,3,3,3,3
2599,4,4,4,4,4,4,4,4,4,4,4,4,4,4,4,6,4,4,4,4,4,4,4,4
2600,4,4,4,4,4,6,6,6,4,4,4,4,4,4,4,4,4,4,4,4,4,4,4,4
2601,4,4,4,4,4,4,4,4,4,4,4,4,4,4,4,4,4,4,4,4,4,4,4,4
2602,4,4,4,4,4,4,4,4,4,4,4,4,4,4,4,4,4,4,4,4,4,4,4,4
2604,4,4,4,4,4,4,4,4,4,4,4,4,4,4,4,4,4,4,4,4,4,4,4,4
2605,4,4,4,4,4,4,4,4,4,4,4,4,6,6,6,6,6,6,6,6,6,6,6,6
2606,4,4,4,4,4,4,4,4,4,4,4,4,4,4,4,4,4,4,4,4,4,4,4,4
2607,4,4,4,4,4,4,4,4,4,4,4,4,4,4,4,4,4,4,4,4,4,4,4,4
2618,1,1,1,0,0,0,0,1,1,1,1,1,1,1,1,1,1,1,1,1,1,1,1,1
2619,3,3,3,3,3,3,4,4,4,4,4,4,3,3,3,3,3,3,3,3,3,3,3,3
2620,3,3,3,3,3,3,3,3,3,3,3,3,3,3,3,3,3,3,3,3,3,3,3,3
2621,3,3,3,3,3,3,3,3,3,3,3,3,3,3,3,3,3,3,3,3,3,3,3,3
2644,4,4,4,4,4,4,4,4,4,4,4,4,4,4,4,4,4,4,4,4,4,4,4,4
2646,6,6,6,6,6,6,6,6,6,6,4,4,4,4,4,4,4,4,4,6,6,4,4,4
2647,4,4,4,4,4,4,4,4,4,4,4,4,4,4,4,4,4,4,4,4,4,3,3,3
2648,4,4,4,4,4,4,4,4,4,4,4,4,4,4,4,4,4,4,4,4,4,4,4,4
2649,4,4,4,4,4,4,4,4,4,4,4,4,4,4,4,4,4,4,4,4,4,4,4,4
2651,4,4,4,4,4,4,4,4,4,4,4,4,4,4,4,4,4,4,4,4,4,4,4,4
2652,4,4,4,4,4,4,4,4,4,4,4,4,4,4,4,4,4,4,4,4,4,4,4,4
2710,1,1,1,1,1,1,4,4,4,4,4,4,3,3,3,3,3,3,3,3,3,3,3,3
2808,4,4,4,4,4,4,4,4,4,4,4,4,4,4,4,4,4,4,4,4,4,4,4,4
2809,8,8,8,8,8,8,8,8,8,8,8,8,8,8,8,8,8,3,3,3,3,3,3,3
2813,3,3,3,3,3,3,3,3,3,3,3,3,3,3,3,3,3,3,3,3,3,3,3,3
2814,4,4,4,4,4,4,4,4,4,4,4,4,4,4,4,4,4,4,4,4,4,4,4,4
2872,3,3,3,3,3,3,5,5,5,5,5,5,5,5,5,5,5,5,5,5,5,5,5,5
2876,8,8,8,8,8,8,8,8,8,8,8,8,8,8,8,8,8,8,8,8,8,8,8,8
2879,3,3,3,3,3,3,3,3,3,3,3,3,3,3,3,3,3,3,3,3,3,3,3,3
2880,3,3,3,3,3,3,3,5,5,5,5,5,5,5,5,5,5,5,5,5,5,5,5,5
2881,8,8,8,8,8,8,8,8,8,8,8,8,8,8,8,8,8,8,8,8,8,8,8,8
2882,3,3,3,3,3,3,3,3,3,3,3,3,3,3,3,3,3,3,3,3,3,3,3,3
2883,3,3,3,3,3,3,4,4,4,4,4,4,3,3,3,3,3,3,3,3,3,3,3,3
2884,8,8,8,8,8,8,8,8,4,4,4,4,4,4,4,4,4,3,3,3,3,3,3,3
2885,7,7,7,8,8,8,5,8,8,7,7,7,7,7,7,3,3,3,3,3,3,3,3,3
2886,3,3,3,3,3,3,3,3,3,3,0,3,3,3,3,3,3,3,3,3,10,10,10,10
2887,8,8,8,8,8,8,8,8,8,8,8,8,8,8,8,8,8,8,8,8,8,8,8,8
3005,5,5,7,7,5,5,8,8,8,4,4,4,4,4,4,4,4,4,4,4,4,4,4,3
3007,1,1,1,1,1,7,7,7,7,7,1,1,1,1,1,3,3,3,3,3,3,3,3,3
3009,8,8,8,8,8,8,8,8,8,8,8,8,8,8,8,8,8,8,8,4,4,4,4,4
3011,8,8,8,8,8,8,8,8,8,8,8,6,6,3,3,3,3,4,4,4,4,3,3,3
3012,0,0,0,0,0,0,0,0,0,0,0,0,0,0,0,0,0,0,0,0,0,0,0,0
3013,4,4,4,4,4,4,4,4,4,4,4,4,4,4,4,4,4,4,4,4,4,4,4,4
