,2023-01,2023-02,2023-03,2023-04,2023-05,2023-06,2023-07,2023-08,2023-09,2023-10,2023-11,2023-12,2024-01,2024-02,2024-03,2024-04,2024-05,2024-06,2024-07,2024-08,2024-09,2024-10,2024-11,2024-12
1,14,14,14,14,14,14,14,14,14,14,6,6,6,6,6,6,6,6,6,16,16,16,16,16
2,14,14,14,14,14,14,14,14,14,14,14,6,6,6,6,6,6,6,6,6,6,6,6,6
3,14,14,2,11,11,11,11,11,5,5,4,4,11,0,0,0,5,5,0,0,0,0,0,0
4,14,14,2,2,14,14,14,14,14,14,14,7,6,6,6,6,6,6,6,6,6,6,6,6
5,14,14,2,2,2,2,14,14,14,14,2,2,2,2,2,2,2,6,6,6,6,6,6,6
6,14,14,7,7,7,7,7,6,8,8,8,6,6,6,6,6,6,6,6,16,16,16,16,16
7,1,1,1,1,1,6,6,6,6,6,6,6,1,1,1,1,1,1,1,1,16,15,15,15
8,7,7,7,7,7,7,7,6,8,8,6,6,6,6,6,6,6,6,16,16,16,16,16,16
9,7,7,7,7,7,7,7,7,7,7,7,7,7,7,7,7,2,6,6,6,6,6,6,6
10,7,4,4,4,4,6,6,6,6,6,6,6,6,6,6,6,6,6,16,16,16,16,16,16
11,7,7,7,7,7,7,7,8,8,8,8,8,8,7,7,7,7,6,7,6,7,7,7,7
12,7,7,7,7,7,7,7,8,8,8,6,6,6,6,6,6,6,6,1,1,16,15,15,15
13,7,7,7,7,7,7,7,8,8,8,8,8,8,7,7,7,7,7,7,6,7,7,7,7
14,7,7,7,7,7,7,7,8,8,8,8,8,8,8,8,8,7,7,7,7,7,7,7,13
15,7,7,7,7,7,7,7,8,8,8,8,8,8,7,7,7,7,7,7,6,7,7,7,7
16,7,7,7,7,7,7,7,8,8,8,8,8,8,7,7,7,7,6,7,6,7,7,7,7
17,7,7,7,7,7,7,7,8,8,8,8,8,8,7,7,7,7,7,7,6,7,7,7,7
18,11,9,9,9,7,11,11,8,8,8,8,8,8,8,8,8,7,7,7,7,7,7,7,13
19,11,11,9,9,9,9,9,9,11,11,11,4,5,5,5,8,8,5,7,7,4,4,12,13
20,11,7,7,7,7,7,7,8,8,8,8,8,8,7,7,7,7,7,7,6,7,7,7,7
21,4,4,4,4,4,6,6,6,6,6,6,6,6,6,6,6,6,6,16,16,16,16,16,16
22,4,7,7,11,11,11,7,11,11,14,14,11,11,0,0,0,0,2,0,0,0,0,0,0
23,4,7,7,4,4,6,6,6,6,6,6,6,6,6,6,6,6,6,16,16,16,16,16,16
25,4,4,4,4,4,6,6,6,6,6,6,6,6,6,6,6,6,6,16,16,16,16,16,16
26,4,4,4,4,4,6,6,6,6,6,6,6,6,6,6,6,6,6,16,16,16,16,16,16
27,4,4,4,4,4,6,6,6,6,6,6,6,6,6,6,6,6,6,16,16,16,16,16,16
28,4,4,4,4,4,6,6,6,6,6,6,6,6,6,6,6,6,6,16,16,16,16,16,16
29,4,4,4,4,4,6,6,6,6,6,6,6,6,6,6,6,6,6,16,16,16,16,16,16
30,7,7,7,7,7,7,7,7,7,7,7,7,7,7,7,7,7,6,6,6,6,7,7,7
31,7,7,7,7,7,7,7,7,7,7,7,7,7,7,7,7,2,6,6,6,6,6,6,6
32,7,7,7,7,11,11,11,11,11,11,11,11,11,2,2,2,2,2,2,12,12,12,12,0
33,7,7,7,7,7,7,7,7,7,7,7,7,2,7,7,7,2,6,6,6,6,6,6,6
34,7,7,7,7,7,7,7,7,7,7,7,7,7,7,7,7,2,12,12,12,6,6,6,6
35,7,7,7,7,4,6,6,6,7,7,7,6,6,6,6,6,6,6,6,6,6,6,6,6
36,7,7,7,7,7,7,7,7,7,7,7,7,7,7,7,7,2,12,6,6,6,6,4,12
37,7,7,7,7,7,7,7,7,7,7,7,7,7,7,7,7,2,6,6,6,6,6,6,6
38,4,4,4,4,4,6,6,6,6,6,6,6,6,6,6,6,6,6,16,16,16,16,16,16
39,7,7,7,7,7,7,7,7,7,7,7,7,7,7,7,7,2,2,2,12,6,6,6,6
40,7,7,7,7,4,7,7,6,8,8,8,8,6,6,6,6,6,6,16,16,16,16,16,16
41,7,7,7,7,7,7,7,7,7,7,7,7,7,7,7,7,2,5,6,6,6,6,4,6
42,4,4,4,4,4,6,6,6,6,6,6,6,6,6,6,6,6,6,16,16,16,16,16,16
43,7,7,7,7,11,11,11,11,7,7,7,7,7,7,7,5,5,5,5,5,6,6,4,8
44,4,4,4,4,4,6,6,6,6,6,6,6,6,6,6,0,0,0,16,3,1,1,1,15
45,7,7,7,7,7,7,7,7,7,7,7,7,7,7,7,7,2,6,6,6,6,6,6,6
46,7,7,7,7,7,7,7,7,7,7,7,8,8,7,7,7,7,6,6,6,6,6,6,6
47,7,7,7,7,7,7,7,7,7,7,7,7,7,6,6,6,6,6,6,6,6,6,6,6
48,7,7,7,7,7,7,7,7,7,7,7,7,7,7,7,7,2,2,12,6,6,6,6,6
49,4,4,4,4,4,7,7,6,6,14,14,6,6,6,6,0,0,7,7,7,7,0,0,6
50,7,7,7,7,7,7,7,7,7,7,7,7,7,7,7,7,2,6,6,6,6,6,6,6
51,7,7,7,4,4,6,6,6,6,6,6,6,6,6,6,6,6,6,16,16,16,16,16,16
52,7,7,7,7,7,7,7,7,7,7,7,7,7,7,7,7,5,12,12,0,0,12,12,12
53,7,7,7,7,7,7,7,7,7,7,7,7,7,7,7,7,7,6,6,6,6,6,6,6
54,7,7,7,7,7,7,7,7,7,7,7,7,6,6,6,6,6,6,6,6,6,6,6,6
55,7,7,3,3,4,7,7,8,8,8,8,8,8,7,6,7,7,7,7,7,7,7,7,7
56,7,7,7,7,7,7,7,7,7,7,7,7,7,7,7,7,2,6,6,6,6,6,6,6
57,4,4,4,4,4,6,6,6,6,6,6,6,6,6,6,6,6,6,16,16,16,16,10,16
58,7,7,7,11,11,11,11,11,7,7,11,11,4,4,4,13,13,2,2,5,5,0,0,0
59,7,7,7,7,7,7,7,7,7,7,7,7,7,7,7,7,6,6,6,6,6,6,6,6
60,7,7,7,7,7,7,7,7,7,7,7,7,7,7,7,7,2,6,6,6,6,6,6,6
61,7,7,7,7,7,7,7,7,7,7,7,7,7,7,7,7,2,6,6,6,6,6,6,6
62,7,7,7,7,7,7,7,7,7,7,7,7,7,7,7,7,2,6,6,6,6,6,6,6
63,7,7,7,7,7,7,7,7,7,7,7,7,7,7,7,7,2,2,12,12,6,6,6,6
65,7,7,7,7,7,7,7,11,7,7,7,11,11,7,7,7,5,5,5,0,0,0,6,6
66,4,4,4,4,4,6,6,6,6,6,6,6,6,6,6,6,6,6,16,16,16,16,16,16
67,7,7,7,7,7,7,7,7,7,7,7,7,7,7,7,7,2,2,2,12,6,6,6,6
68,7,7,7,7,7,7,7,7,7,7,7,7,7,7,7,7,2,6,6,6,6,6,6,6
69,7,7,7,7,7,7,7,7,7,7,7,7,7,7,7,7,2,2,12,12,6,6,6,6
70,7,7,7,11,11,11,11,11,11,14,14,2,5,5,5,5,5,5,5,5,5,0,0,0
71,7,7,7,7,7,7,7,7,7,7,7,7,7,7,7,7,2,6,6,6,6,6,6,6
72,7,7,7,7,7,7,7,7,7,7,7,7,7,7,7,7,2,12,12,12,6,6,6,6
73,4,4,4,4,4,6,6,6,6,6,6,6,6,6,6,6,6,6,16,16,16,16,16,16
74,7,7,7,7,7,7,7,7,7,7,7,7,7,7,7,7,2,6,6,6,6,6,6,6
75,4,4,4,4,4,6,6,6,6,6,6,6,6,6,6,6,6,6,16,16,16,16,16,16
76,4,4,4,4,4,6,6,6,6,6,6,6,6,6,6,6,6,6,16,16,16,16,16,16
77,4,4,4,4,4,6,6,6,6,6,6,6,6,6,6,6,6,6,16,16,16,16,16,16
78,7,7,7,7,7,7,11,11,7,7,7,11,11,2,2,2,2,2,12,12,6,6,6,6
79,7,7,7,7,7,7,7,7,7,7,7,7,7,7,7,7,6,6,6,6,6,6,6,6
80,7,7,7,7,7,7,7,7,7,7,7,7,7,7,7,7,2,2,12,12,6,6,6,6
81,7,7,7,4,4,7,7,6,8,6,6,6,6,6,6,6,6,6,16,16,16,16,16,16
82,7,7,7,7,7,7,7,7,7,7,7,7,7,7,7,7,2,6,6,6,6,6,4,6
83,7,7,7,7,7,7,7,6,7,7,7,7,6,6,6,6,6,6,6,6,6,6,6,6
167,14,14,14,14,14,14,14,14,14,14,14,6,6,6,6,6,6,6,6,6,6,6,6,6
168,14,14,14,14,14,14,14,14,14,14,14,6,6,6,6,6,6,6,6,6,6,6,6,6
169,14,14,14,14,14,14,14,14,14,14,14,6,6,6,6,6,6,6,6,6,6,6,6,6
173,14,14,2,2,2,14,14,14,14,14,14,2,2,2,2,2,2,6,6,6,6,6,6,6
181,14,14,2,2,2,2,2,2,2,2,2,2,2,2,2,2,2,12,12,12,12,12,12,12
184,2,11,11,11,11,11,11,11,2,2,2,11,11,2,2,2,2,2,0,0,13,0,12,12
185,14,14,14,14,14,14,14,14,14,14,14,2,2,2,2,2,2,6,6,6,6,6,6,6
188,14,2,2,2,2,2,2,2,2,2,5,5,5,5,5,8,12,12,6,6,4,4,4,12
191,14,14,2,2,2,14,14,14,2,2,2,2,2,2,7,7,2,6,6,6,6,12,12,12
194,14,14,14,14,14,14,14,14,14,14,14,6,6,6,6,6,6,6,6,6,6,6,6,6
195,14,14,14,14,14,14,14,14,14,14,14,6,6,6,6,6,6,6,6,6,6,6,6,6
196,14,14,14,14,14,14,14,14,14,14,14,6,6,6,6,6,6,6,6,6,6,6,6,6
198,14,14,14,14,14,14,14,14,14,14,14,2,6,6,6,6,6,6,6,6,6,6,6,6
201,14,14,14,14,14,14,14,14,14,14,14,6,6,6,6,6,6,6,6,6,6,6,6,6
203,14,14,14,14,11,11,11,14,14,14,14,2,2,2,2,2,5,5,6,6,6,6,6,6
204,14,14,2,14,14,14,14,14,14,14,14,6,6,6,6,6,6,6,6,6,6,6,6,6
205,14,14,14,14,14,14,14,14,14,14,14,6,6,6,6,6,6,6,6,6,6,6,6,6
206,0,0,0,0,0,0,0,0,0,1,1,1,1,1,0,0,0,0,3,3,17,15,15,15
207,0,0,0,0,0,0,0,0,0,0,0,0,0,0,0,0,0,0,3,3,1,1,1,1
208,0,0,0,0,0,4,4,4,4,4,4,4,4,4,4,4,4,4,4,4,4,4,4,4
209,9,9,9,9,9,9,4,4,8,8,8,8,8,8,8,8,7,7,7,7,7,7,7,13
210,0,0,0,0,0,4,4,4,4,4,4,4,4,4,4,4,4,4,4,13,13,4,4,4
211,0,0,0,0,0,0,0,4,4,0,0,0,0,0,0,0,0,0,0,0,0,1,1,1
212,0,9,9,5,5,4,4,5,5,5,5,5,4,4,4,4,4,4,4,4,1,1,1,4
213,0,0,0,0,5,4,4,4,4,4,4,4,4,4,4,4,4,4,4,4,4,4,4,4
214,0,0,0,0,5,4,4,4,4,4,4,4,4,4,4,4,4,4,4,4,4,4,4,4
215,9,9,9,9,5,4,4,4,4,4,9,9,9,4,4,4,4,4,4,4,4,4,4,4
216,0,0,0,0,5,4,4,4,4,4,4,4,4,4,4,4,4,4,4,4,4,4,4,4
217,0,0,0,0,5,4,4,4,4,4,4,4,4,4,4,4,4,4,4,4,4,4,4,4
218,0,0,1,1,1,0,0,0,0,0,0,0,0,0,1,1,1,1,1,7,7,15,15,15
219,0,0,0,0,5,4,4,4,4,4,4,4,4,4,4,4,4,4,4,13,13,4,4,4
220,0,0,0,3,3,3,9,9,9,3,4,4,4,4,4,4,4,4,4,7,4,13,13,13
221,0,0,0,0,0,4,4,4,4,4,4,4,4,4,4,4,4,4,4,4,4,4,4,4
222,0,0,0,0,0,0,0,0,0,0,0,0,0,0,0,0,0,0,3,3,3,1,1,1
223,0,0,0,0,5,4,4,4,4,4,4,4,4,4,4,4,4,4,4,13,13,4,4,0
224,0,0,0,0,0,0,0,0,0,0,0,0,0,0,0,0,0,0,3,3,3,3,15,15
225,0,0,0,0,0,0,0,3,3,0,0,0,0,0,0,0,0,0,3,3,3,1,1,1
226,0,0,0,0,0,4,4,0,0,0,0,0,0,0,0,0,0,0,0,0,0,1,1,1
227,0,0,0,0,0,4,3,3,3,3,3,0,0,4,4,4,0,0,0,0,3,3,3,3
228,0,0,0,0,0,0,0,0,0,0,0,0,0,0,0,0,0,0,3,3,3,1,1,1
229,0,0,0,0,0,0,0,0,0,0,0,0,0,0,0,0,0,0,3,3,3,1,1,1
230,0,0,0,3,3,4,4,4,4,4,4,4,4,3,3,3,4,4,4,4,4,13,13,13
231,0,0,0,0,5,4,4,4,4,4,9,4,4,4,4,4,4,4,4,4,4,4,4,4
232,9,9,9,3,3,3,9,9,9,9,9,9,9,8,8,8,8,8,8,7,4,13,13,13
233,0,0,0,5,5,3,4,11,4,4,4,4,4,4,4,4,4,4,2,2,13,13,13,13
234,0,0,0,0,0,0,0,3,3,0,0,0,0,0,0,0,0,0,0,0,3,1,1,1
235,0,9,9,3,3,3,9,9,9,9,9,9,9,8,8,4,4,8,4,7,4,13,8,13
236,0,0,0,0,0,4,0,0,0,0,0,0,0,0,4,0,0,0,0,0,0,1,1,1
237,0,0,0,3,3,3,7,8,4,0,3,3,3,3,3,3,3,4,4,4,4,1,1,1
238,9,9,9,9,9,9,9,9,9,9,9,9,9,8,8,8,8,8,8,8,8,8,8,13
239,9,9,5,5,5,5,4,4,4,4,4,4,4,4,4,13,13,13,13,13,13,13,13,0
240,0,0,0,0,5,4,4,4,4,4,4,4,4,4,4,4,4,4,4,4,4,13,13,4
241,0,0,0,0,5,4,4,4,4,4,4,4,4,4,4,4,4,4,4,13,13,4,4,4
242,11,11,11,3,3,11,11,11,11,8,8,9,9,8,8,13,2,2,2,12,12,12,12,13
243,11,11,11,3,3,3,9,3,3,3,3,3,3,8,8,8,3,3,3,3,4,13,3,3
269,4,4,4,4,4,6,6,6,6,6,6,6,6,6,6,6,6,6,16,16,16,16,16,16
270,0,0,0,0,0,0,0,0,0,5,4,4,0,0,0,0,0,0,0,0,0,0,0,1
271,7,7,7,11,11,11,11,11,5,5,4,4,11,4,4,13,13,2,2,5,5,0,0,0
272,7,7,7,11,11,7,7,8,8,8,8,11,8,2,7,7,7,7,7,6,7,6,6,6
273,7,7,7,7,7,7,7,7,7,7,7,7,7,7,7,7,7,7,6,6,6,4,4,6
274,7,7,7,11,11,11,7,7,7,7,5,2,2,2,2,5,5,5,5,4,4,4,0,0
275,9,9,9,5,5,9,9,9,9,9,8,9,9,8,8,8,8,7,7,7,4,13,13,0
276,7,7,7,11,11,11,11,11,11,11,11,11,11,2,2,13,2,2,2,5,5,0,0,0
277,7,7,7,11,11,11,11,11,11,11,11,11,11,2,2,2,2,2,2,5,12,12,12,12
278,4,4,4,4,4,6,6,6,6,6,6,6,6,6,6,6,6,6,16,16,16,16,16,16
279,7,7,7,11,11,11,11,4,4,8,8,11,11,4,4,13,13,2,2,5,5,0,0,0
280,7,11,11,11,5,5,4,11,11,11,11,11,8,2,2,13,2,2,2,5,4,13,0,0
281,7,7,7,11,11,11,11,11,11,11,11,11,8,2,2,13,2,2,2,5,5,0,0,0
282,7,7,7,11,11,11,11,11,11,11,11,11,11,2,2,2,2,2,2,5,5,0,0,0
283,7,7,7,11,11,7,7,4,4,8,8,4,5,5,0,0,0,7,7,7,7,0,0,0
284,7,7,7,11,11,11,11,8,8,8,11,11,11,0,0,0,0,7,7,7,7,0,0,0
285,9,9,9,9,9,9,9,9,9,9,9,9,9,8,8,8,8,8,8,8,8,4,8,8
287,2,2,2,2,2,2,2,2,2,2,5,2,2,5,5,2,12,12,12,12,12,12,12,12
288,2,2,2,2,2,2,2,2,2,2,2,2,9,7,2,8,12,12,12,12,12,12,4,12
289,2,2,2,2,2,2,2,2,2,2,5,2,2,5,5,2,12,12,12,12,12,12,12,12
290,2,2,2,2,2,2,2,2,2,2,2,9,2,2,2,2,2,12,12,12,12,8,8,12
292,2,14,2,2,2,2,2,2,2,2,2,2,2,2,2,2,2,12,12,12,12,12,12,12
293,2,11,2,2,2,2,2,2,2,2,2,2,2,2,2,2,12,12,12,12,12,12,12,12
294,2,2,2,2,2,2,2,2,2,2,5,2,9,7,2,8,12,12,12,12,12,12,4,12
295,2,2,2,2,2,2,2,2,9,2,2,2,2,5,2,8,12,12,12,12,12,12,12,12
296,11,2,9,9,2,2,2,2,2,2,2,9,2,2,2,8,12,12,12,12,12,8,8,12
297,2,11,11,2,2,2,2,2,2,2,2,2,2,2,2,2,2,12,12,12,12,12,12,12
298,9,9,9,9,9,9,2,5,2,2,5,5,5,5,5,5,5,5,5,8,5,0,0,12
300,2,2,2,2,2,2,2,2,2,2,5,2,2,2,2,2,12,5,5,5,5,0,0,12
301,7,7,7,7,7,7,7,7,7,7,7,7,7,7,7,7,7,6,7,6,7,6,6,6
302,2,2,2,2,2,2,2,2,2,5,5,2,2,2,2,2,12,12,12,5,5,0,0,12
303,7,7,7,11,0,0,0,0,11,14,4,4,11,0,0,0,0,2,0,0,0,0,0,1
304,11,2,2,2,2,2,2,2,2,5,5,2,2,2,2,2,12,12,12,12,12,12,12,12
305,2,2,2,2,2,2,2,2,2,2,2,2,9,7,2,8,12,12,12,12,12,12,4,12
306,2,2,2,2,2,2,2,2,2,2,2,2,2,2,2,2,2,12,12,12,12,12,12,12
307,11,2,2,2,2,9,9,5,9,5,5,2,2,5,2,2,12,8,5,8,12,4,8,8
308,9,9,9,9,9,9,2,5,2,2,5,5,5,5,5,5,5,5,5,5,5,0,0,0
309,0,0,0,0,4,6,6,6,6,3,3,3,3,3,3,3,3,3,3,3,3,3,3,3
312,0,0,0,3,3,3,3,3,3,3,3,3,3,3,3,3,0,0,3,3,3,3,3,3
314,3,3,3,3,4,7,7,3,3,3,3,3,3,3,3,3,3,3,3,3,3,3,3,3
316,0,0,0,0,0,4,3,3,3,3,3,3,3,3,3,3,3,3,3,3,3,3,3,3
317,3,3,3,3,4,7,7,3,3,3,3,3,3,3,3,3,3,3,3,3,3,3,3,3
318,0,0,0,3,3,3,3,3,3,3,3,3,3,3,3,3,3,3,3,3,3,3,3,3
319,0,0,0,3,3,3,3,3,3,3,3,3,3,3,3,3,3,3,3,3,3,3,3,3
320,3,3,3,3,4,7,7,3,3,3,3,3,3,3,3,3,3,3,3,3,3,3,3,3
321,3,3,3,3,4,7,7,8,8,8,8,3,3,3,3,3,3,3,3,3,3,3,3,3
323,0,0,0,0,0,4,3,3,3,3,3,3,3,3,3,3,3,3,3,3,3,3,3,3
324,3,3,3,3,4,7,7,3,3,3,3,3,3,3,3,3,3,3,3,3,3,3,3,3
325,0,0,0,0,0,4,3,3,3,3,3,3,0,0,0,3,3,3,3,3,3,3,3,3
326,3,3,3,3,4,7,7,8,3,3,3,3,3,3,3,3,3,3,3,3,3,3,3,3
327,0,0,0,0,0,0,0,0,0,0,0,0,0,0,0,0,0,0,3,3,3,1,1,1
329,3,3,3,3,4,7,7,8,3,8,3,3,3,3,3,3,3,3,3,3,3,3,3,3
330,0,0,0,0,0,4,3,3,3,3,3,3,3,3,0,3,3,3,3,3,3,3,3,3
331,0,0,0,0,0,4,3,3,3,3,3,3,3,3,3,3,3,3,3,3,3,3,3,3
332,0,0,0,3,3,3,3,3,3,3,3,3,3,3,3,3,3,3,3,3,3,3,3,3
333,0,0,0,0,0,0,3,3,3,3,3,3,0,0,0,0,0,0,3,3,3,3,3,3
334,0,0,0,3,3,4,3,3,3,3,3,3,3,3,3,3,3,3,3,3,3,3,3,3
335,0,0,0,3,3,4,3,3,3,3,3,3,3,3,3,3,3,3,3,3,3,3,3,3
336,3,3,3,3,3,3,3,3,3,3,3,3,3,3,3,3,3,3,3,3,3,3,3,3
337,3,3,3,3,4,7,7,3,3,3,3,3,3,3,3,3,3,3,3,3,3,3,3,3
338,0,0,0,3,3,3,7,3,3,3,3,3,3,3,3,3,3,3,3,3,3,3,3,3
339,3,3,3,3,4,7,7,3,3,3,3,3,3,3,3,3,3,3,3,3,3,3,3,3
340,3,3,3,3,3,3,3,3,3,3,3,3,3,3,3,3,3,3,3,3,3,3,3,3
341,0,0,0,0,0,4,3,3,3,3,3,3,3,3,3,3,3,3,3,3,3,3,3,3
342,0,0,0,3,3,3,7,8,8,8,3,3,3,3,3,3,3,7,7,3,3,3,3,3
343,3,3,3,3,4,7,7,3,3,3,3,3,3,3,3,3,3,3,3,3,3,3,3,3
345,14,14,14,14,14,14,14,14,14,14,14,6,6,6,6,6,6,6,6,6,6,6,16,16
346,14,14,14,14,14,14,14,14,14,14,14,6,6,6,6,6,6,6,6,6,6,6,6,6
347,14,14,14,14,14,14,14,14,14,14,14,6,6,6,6,6,6,6,6,6,6,6,6,6
348,14,14,14,14,14,14,14,14,14,14,14,6,6,6,6,6,6,6,6,6,6,6,6,6
349,14,14,2,2,2,2,14,14,14,14,14,2,2,7,2,6,6,6,6,6,6,6,6,6
351,14,14,14,14,14,14,14,14,14,14,14,6,6,6,6,6,6,6,6,6,6,6,6,6
352,14,14,14,14,14,14,14,14,14,14,14,6,6,6,6,6,6,6,6,6,6,6,6,6
354,4,4,4,4,4,6,6,6,6,6,6,6,6,6,6,6,6,6,16,16,16,16,16,16
355,4,4,4,4,4,6,6,6,6,6,6,6,6,6,6,6,6,6,16,16,16,16,16,16
356,7,7,7,11,11,11,11,11,11,14,14,11,11,0,0,0,0,2,0,0,0,0,0,0
357,4,4,4,4,4,7,7,6,7,7,7,7,7,7,6,7,7,6,6,6,6,6,6,6
358,11,11,11,7,7,7,7,7,7,7,11,11,8,7,7,7,2,6,6,6,6,6,6,6
359,7,7,7,7,7,7,7,7,7,7,7,7,7,7,7,7,7,6,6,6,6,6,6,6
360,7,7,7,11,7,7,7,8,8,8,11,11,8,2,4,13,2,2,2,2,4,13,13,0
361,7,7,7,7,7,7,7,7,7,7,7,7,7,7,7,7,2,12,12,6,6,6,4,12
362,4,4,4,4,4,6,6,6,6,6,6,6,6,6,6,6,6,6,16,16,16,16,16,16
363,7,7,7,7,7,7,7,7,7,7,7,7,7,7,7,7,7,5,6,6,6,6,4,6
364,7,7,7,7,7,7,7,7,7,7,7,7,7,7,7,7,7,6,6,6,6,6,6,6
365,7,7,7,7,7,7,7,7,7,7,7,7,7,7,7,7,5,5,5,5,6,0,0,6
366,7,7,7,7,7,7,7,7,7,7,7,7,7,2,2,2,2,6,6,6,6,6,6,0
367,7,7,7,7,7,7,7,7,7,7,7,7,7,7,7,7,2,6,6,6,6,6,6,6
368,4,4,4,4,4,6,6,6,6,6,6,6,6,6,6,0,0,0,16,16,1,1,15,15
369,7,7,7,7,7,7,7,7,7,7,7,7,7,7,7,7,7,6,6,6,6,6,6,6
370,4,4,4,4,4,6,6,6,0,8,14,6,6,6,6,0,0,0,4,4,7,1,1,6
371,7,7,7,7,7,7,7,6,6,8,6,6,6,6,6,6,6,6,16,16,16,16,16,16
372,7,7,7,7,7,2,2,2,2,7,7,7,7,7,7,7,2,6,6,6,6,6,6,6
373,4,4,4,4,4,6,6,6,6,6,6,6,6,6,6,6,6,6,16,16,16,16,16,16
374,7,7,7,7,4,7,7,6,7,6,6,6,5,5,5,6,6,7,4,4,1,1,1,1
375,4,4,4,4,4,6,6,6,6,6,6,6,6,6,6,6,6,6,16,16,16,16,16,16
376,7,7,7,11,11,11,11,11,11,11,8,11,8,7,7,7,2,12,12,6,12,12,6,6
377,2,5,9,9,2,11,2,2,9,11,9,9,2,2,2,8,8,8,2,2,8,8,13,12
378,7,7,7,7,7,7,7,7,7,7,7,7,7,7,7,7,2,6,6,6,6,6,6,6
379,7,7,7,7,7,6,6,6,6,6,6,6,6,6,6,6,6,6,16,16,16,16,16,16
380,4,4,4,4,4,6,6,6,6,6,6,6,6,6,6,0,0,0,16,16,1,16,16,15
381,7,7,7,7,7,7,7,7,7,7,7,7,9,8,8,7,5,5,6,6,6,6,4,6
382,4,4,4,4,4,7,7,6,0,14,14,4,11,0,0,0,0,2,0,0,0,0,0,0
383,7,7,7,7,7,7,7,6,7,7,7,5,5,7,5,5,5,5,5,7,7,0,0,0
384,7,7,7,7,7,7,7,7,7,7,8,8,8,7,7,7,7,7,6,6,6,6,6,6
385,4,4,4,4,4,6,6,6,6,6,6,6,6,6,6,6,6,6,16,16,16,16,16,16
386,11,7,7,7,7,7,7,7,8,8,8,8,8,8,8,8,7,7,6,6,6,4,4,12
387,7,7,7,7,7,7,7,7,7,7,7,7,7,7,5,5,5,5,6,6,6,6,4,12
388,7,7,7,7,7,7,7,6,6,6,6,6,6,6,6,6,6,6,16,16,16,16,16,16
390,7,7,7,7,7,7,7,7,7,7,7,7,7,7,7,7,7,6,6,6,6,6,6,6
391,7,7,7,7,7,7,7,7,7,7,5,2,11,7,7,7,5,5,6,6,6,6,4,6
392,2,2,2,2,2,2,2,5,5,5,5,2,2,2,13,5,5,5,5,5,5,0,0,0
393,7,14,2,11,11,11,11,7,7,14,14,2,2,2,2,2,2,2,2,12,12,12,12,0
395,7,7,7,7,7,7,7,7,7,7,7,7,7,7,7,7,2,12,12,6,6,6,4,6
396,7,7,7,7,7,7,7,7,7,7,7,7,7,7,7,7,7,6,6,6,6,6,6,6
397,7,7,7,7,7,7,7,6,8,8,6,8,8,7,6,6,6,7,7,7,1,1,1,1
398,7,7,7,11,11,11,11,11,11,11,11,11,11,2,2,2,2,2,0,0,0,12,12,0
401,7,7,7,7,7,7,7,8,8,8,8,8,8,7,7,7,7,7,7,7,7,7,7,7
402,7,7,7,7,7,7,7,8,8,8,8,8,8,7,7,7,7,6,7,6,7,7,7,7
403,7,7,7,7,7,7,7,8,8,8,8,8,8,7,7,7,7,7,7,6,7,7,7,7
404,14,7,7,7,7,7,7,8,8,8,8,8,8,7,7,7,7,7,7,7,7,7,7,7
405,7,7,7,7,7,7,7,6,8,8,8,8,8,7,7,6,6,6,16,16,16,7,7,7
408,11,9,9,9,9,9,4,4,8,9,8,8,8,8,8,8,8,7,7,7,7,7,7,13
410,7,7,7,7,7,7,7,8,8,8,8,8,8,7,7,7,7,6,7,16,7,7,7,7
413,7,7,7,7,7,7,7,8,8,8,8,8,8,7,7,7,7,7,7,7,7,7,7,7
414,14,7,7,7,7,7,7,6,8,8,8,6,6,6,6,6,6,6,7,6,7,7,7,7
416,14,7,7,7,7,7,7,8,8,8,8,8,8,7,7,7,7,6,7,6,7,7,7,7
418,4,4,4,4,4,6,6,6,6,6,6,6,6,6,6,6,6,6,16,16,16,16,16,10
419,4,4,4,4,4,6,6,6,6,6,6,6,6,6,6,0,0,0,16,16,1,16,16,15
420,4,4,4,4,4,6,6,6,6,6,6,6,6,6,6,0,0,0,16,16,16,16,16,15
421,7,7,7,7,4,7,7,6,7,7,7,6,6,6,6,6,6,6,16,16,16,16,16,16
422,4,4,4,4,4,6,6,6,6,6,6,6,6,6,6,0,0,0,16,16,1,16,16,15
423,7,7,7,7,7,7,7,7,7,7,7,7,7,7,7,5,5,5,6,6,6,6,4,12
424,7,7,7,7,11,7,7,11,11,9,9,4,4,5,5,5,5,13,5,5,5,8,8,8
425,7,7,7,9,9,9,9,9,9,9,9,9,9,8,8,8,8,5,8,8,8,8,8,8
428,11,9,9,9,9,9,9,9,9,9,9,9,9,8,8,8,8,5,8,8,8,8,8,8
429,5,9,9,9,9,9,9,9,9,9,9,9,9,8,8,8,8,8,8,8,8,8,8,8
430,4,4,4,4,4,6,6,6,6,6,6,6,6,6,6,6,6,6,16,16,16,16,16,16
431,7,7,7,7,7,7,7,11,7,7,7,7,7,7,5,5,5,5,6,6,6,6,4,12
432,5,9,9,9,9,9,9,9,9,9,9,4,5,5,5,5,5,5,13,13,13,0,8,8
433,5,5,9,9,9,9,9,9,9,9,9,9,9,8,8,8,8,8,8,8,8,8,8,8
434,11,9,9,9,9,9,9,9,9,9,9,9,9,8,8,8,8,8,8,8,8,8,8,8
435,7,7,7,7,7,7,7,7,7,7,7,7,2,2,2,2,5,5,6,6,6,6,12,12
436,7,7,7,7,9,9,7,7,7,9,9,5,5,5,5,5,5,5,6,6,6,6,4,12
437,5,9,9,9,9,9,9,9,9,9,9,9,9,8,8,8,8,8,8,8,8,8,8,8
438,7,7,7,7,7,7,7,7,7,7,7,7,7,7,7,7,5,5,6,6,6,6,4,12
440,7,7,7,7,7,7,7,6,0,0,0,0,0,0,0,0,0,7,7,7,7,1,1,1
441,11,9,9,9,9,9,9,9,9,9,9,9,9,8,8,8,8,8,8,8,8,8,4,8
442,5,5,9,3,3,3,3,9,9,11,11,9,8,8,2,8,8,8,8,8,8,8,8,13
443,7,7,7,7,11,7,7,7,7,7,7,7,7,7,5,5,5,5,6,6,6,6,4,1
444,7,7,7,9,9,9,9,9,9,9,9,9,9,8,8,8,8,5,6,6,4,4,4,8
445,5,9,9,9,9,9,9,9,9,9,9,4,4,4,4,13,13,13,8,8,8,8,8,8
446,7,7,7,7,7,7,7,11,7,7,7,7,2,2,2,2,12,12,12,12,12,12,12,12
447,5,9,9,9,9,9,9,9,9,9,9,9,9,5,5,8,5,5,5,5,5,8,8,8
448,4,4,4,4,4,6,6,6,6,6,6,6,1,1,1,1,6,6,1,1,16,15,15,15
449,11,9,9,5,5,9,9,11,11,11,4,4,4,4,4,4,4,4,4,7,4,13,13,13
450,3,0,0,0,0,4,7,8,8,0,0,0,0,0,0,0,0,7,7,7,7,1,1,1
451,9,9,0,0,5,9,9,5,9,9,4,4,4,4,4,4,4,5,4,4,4,4,4,4
452,4,3,3,3,4,6,7,8,8,8,1,8,8,7,1,1,1,7,7,7,7,15,15,15
453,11,11,11,7,7,7,7,8,8,8,8,8,8,7,7,7,7,7,7,7,7,7,7,7
455,11,11,11,3,7,7,7,8,8,8,8,8,8,7,7,7,7,7,7,7,7,7,7,13
456,9,9,9,9,7,11,11,11,11,11,8,8,8,8,8,8,8,8,8,8,8,8,13,13
457,11,9,9,9,9,9,9,9,9,11,4,9,9,8,8,8,8,8,8,8,8,8,8,13
458,7,7,7,7,7,7,7,8,8,8,8,8,8,7,7,7,7,7,7,7,7,7,7,7
459,3,3,3,3,7,7,7,8,8,8,8,8,8,7,7,7,7,7,7,7,7,7,7,7
460,11,11,11,11,11,11,11,11,8,8,8,8,8,7,7,2,2,2,2,12,12,12,12,13
478,4,4,4,4,4,6,6,6,6,6,6,6,6,6,6,6,6,6,16,16,16,16,16,16
479,2,14,2,2,2,2,2,2,2,2,2,2,2,2,2,2,12,12,12,12,12,12,12,12
480,7,7,7,7,7,7,7,6,7,7,7,6,6,6,6,6,6,6,6,6,6,6,6,6
481,4,4,4,4,4,6,6,6,6,6,6,6,6,6,6,6,6,6,16,16,16,16,16,16
482,5,5,5,5,5,5,5,5,2,2,5,5,11,0,0,0,0,13,5,5,5,0,0,0
484,7,7,7,7,7,7,7,7,7,7,7,7,7,7,7,7,2,12,12,12,6,6,6,6
485,7,7,7,7,7,7,7,7,7,7,7,7,7,7,7,7,2,6,6,6,6,6,6,6
486,7,7,7,7,7,7,7,7,7,7,7,7,7,7,7,7,5,5,6,6,6,6,6,6
487,7,7,7,7,7,7,7,7,7,7,7,7,7,7,7,7,5,5,6,6,6,6,4,6
489,7,7,7,11,11,11,11,9,9,9,9,9,4,4,2,13,5,2,2,5,5,0,0,0
490,7,7,7,7,7,7,7,7,7,7,7,7,7,7,7,7,2,6,6,6,6,6,6,6
491,7,7,7,7,7,7,7,7,7,7,7,7,11,7,7,7,2,2,2,12,6,12,12,6
492,7,7,7,7,7,7,14,14,7,7,7,7,7,7,7,7,6,6,6,6,6,6,6,6
493,5,9,9,5,5,9,9,9,9,9,9,4,4,4,4,13,13,13,13,5,5,8,8,8
494,7,7,7,7,7,7,7,11,11,7,14,11,11,0,0,0,0,2,5,0,7,0,0,0
495,2,2,2,2,2,2,2,9,9,9,5,9,4,4,13,13,5,5,5,12,12,8,8,8
496,7,7,7,7,7,7,2,9,7,7,7,7,7,7,7,7,12,12,2,5,5,6,12,12
497,7,7,7,7,11,7,7,5,5,9,9,4,5,5,5,5,5,5,5,5,5,0,0,8
498,7,7,7,7,7,7,7,6,7,7,6,6,6,6,6,6,6,6,16,16,16,16,16,16
499,7,14,7,7,7,7,7,7,7,7,7,7,7,7,7,7,2,6,6,6,6,6,6,6
501,7,7,7,7,11,7,7,7,7,7,7,7,11,7,7,7,5,5,5,5,5,0,0,0
502,7,7,7,7,7,7,7,7,7,7,7,7,7,7,7,7,2,12,12,6,6,6,4,12
503,7,7,7,11,11,11,11,11,11,11,11,7,11,2,2,2,2,2,2,12,6,12,12,0
504,4,4,4,4,4,6,6,6,6,6,6,6,6,6,6,6,6,6,16,16,16,16,10,10
505,7,3,3,3,3,3,7,8,8,8,8,4,5,5,5,5,4,7,7,7,7,7,7,4
506,4,4,4,4,4,6,6,6,6,6,6,6,6,6,6,6,6,6,1,1,1,15,15,15
507,4,4,4,4,4,6,6,6,6,6,6,6,6,6,6,6,6,1,1,1,16,15,15,15
508,4,4,4,0,0,0,0,0,0,0,0,0,0,5,0,0,0,0,16,3,1,1,1,1
509,4,4,4,4,4,6,6,6,6,6,6,10,6,6,6,0,0,0,16,3,1,1,1,15
510,4,4,4,4,4,6,6,6,6,6,6,6,6,6,6,6,6,6,16,16,16,16,16,16
511,7,7,7,11,11,11,11,8,8,8,8,8,5,5,5,4,7,7,7,7,7,7,7,7
512,2,11,11,11,11,11,11,11,11,11,11,11,11,2,2,2,2,2,2,2,13,13,13,0
515,7,7,7,7,7,7,7,8,8,8,8,8,8,7,7,7,7,7,7,6,7,7,7,7
516,9,9,9,9,2,9,9,9,9,9,9,9,9,8,8,8,8,8,12,12,8,8,8,13
517,7,7,7,7,7,7,7,7,8,8,8,8,8,7,7,7,7,7,7,7,7,7,7,7
518,5,5,9,5,5,3,4,4,4,8,8,2,2,5,5,4,8,5,4,4,4,4,8,8
519,11,5,9,9,9,9,9,9,9,9,9,9,9,8,8,8,8,8,8,8,12,12,8,8
520,2,2,2,2,2,2,2,2,2,2,2,2,2,2,2,2,2,12,12,12,12,12,12,12
521,2,2,2,9,2,11,11,11,11,2,2,2,2,2,2,8,12,8,2,12,12,12,12,12
522,2,2,9,9,2,11,11,11,11,11,11,11,11,2,2,0,0,2,0,0,0,0,0,0
523,5,9,9,9,2,2,2,2,2,2,5,5,5,5,5,5,5,5,5,4,4,4,4,8
524,7,11,11,11,11,11,11,11,7,7,11,11,2,2,2,2,2,2,2,12,12,12,12,12
525,5,5,9,9,2,9,9,9,9,11,11,9,9,8,8,8,8,13,13,13,13,0,0,8
527,9,9,9,9,9,9,7,5,5,9,9,4,5,5,5,5,5,5,4,4,4,0,8,8
528,7,9,9,9,9,9,9,9,9,9,9,4,5,5,5,13,13,13,13,13,5,0,0,0
529,11,9,9,9,7,7,7,7,7,7,8,8,9,8,8,8,8,8,8,6,6,7,8,13
530,2,11,11,11,11,11,11,11,11,7,5,2,2,5,5,5,5,5,5,6,6,6,4,8
531,5,5,5,11,11,11,11,11,11,11,11,11,11,2,2,13,5,2,0,0,0,0,0,0
532,9,9,9,9,9,9,9,9,9,9,9,9,9,8,8,8,8,8,8,8,8,8,8,13
533,9,9,9,9,9,9,9,9,9,9,9,9,9,8,8,8,8,5,8,8,8,8,8,8
534,2,11,11,2,11,11,11,11,11,11,11,11,8,2,2,2,2,2,2,12,12,12,12,12
535,11,11,11,11,11,11,11,8,8,8,8,8,8,8,8,8,8,7,7,7,7,7,7,13
536,5,9,9,9,9,9,9,9,9,9,9,9,9,8,8,8,8,8,12,12,12,8,8,8
537,11,11,11,11,11,11,11,11,11,11,11,11,8,2,2,2,2,2,2,12,12,12,12,13
538,5,5,5,5,5,5,5,5,5,5,4,4,4,4,13,13,13,13,13,13,5,0,0,8
539,2,5,9,9,7,7,7,7,7,7,7,7,2,2,2,2,2,12,12,12,12,8,8,8
540,2,11,11,11,11,11,11,11,7,7,2,2,2,8,8,8,12,12,12,12,12,12,4,12
541,5,9,9,9,2,9,9,9,9,9,9,9,9,8,8,8,8,5,5,8,8,8,8,8
542,5,9,9,9,9,9,9,9,9,9,9,4,5,5,5,5,5,13,13,13,13,0,0,0
543,7,7,7,7,11,7,7,11,11,7,9,4,5,5,5,5,5,5,5,5,4,0,8,8
544,11,2,9,9,2,11,11,11,11,11,11,9,9,8,8,8,8,8,7,7,4,8,8,13
545,7,7,7,11,11,11,11,11,11,11,7,2,2,5,5,5,5,2,2,2,5,0,0,0
546,2,11,11,2,2,11,11,11,11,11,11,11,2,2,2,2,2,2,2,12,12,12,12,6
547,2,2,9,9,2,9,9,9,2,2,2,2,9,8,8,8,8,8,8,12,12,12,4,8
548,2,2,2,11,11,11,11,11,7,7,7,4,4,4,13,13,13,2,2,5,5,8,8,8
549,11,2,9,9,2,9,9,9,9,11,11,9,8,8,8,8,8,8,8,8,8,8,8,8
550,5,5,9,9,7,7,7,7,7,7,7,7,2,2,2,2,12,12,12,12,6,6,12,12
552,5,5,9,11,11,11,11,11,11,11,11,11,11,2,2,2,2,2,2,0,0,12,12,0
553,9,5,9,9,2,2,2,2,9,9,9,9,9,8,8,8,8,8,8,8,8,8,13,8
554,5,5,9,11,11,11,11,11,11,11,11,8,8,8,7,7,7,7,7,6,7,7,7,13
555,2,2,2,2,2,2,2,2,2,2,2,2,2,7,2,8,2,12,12,12,12,12,12,12
556,11,5,9,11,11,11,11,11,11,11,11,11,8,2,2,8,2,12,12,12,12,12,12,12
557,5,5,9,9,9,9,9,9,9,9,9,9,9,8,8,8,8,8,8,8,8,8,8,13
558,11,11,11,11,11,11,11,11,11,11,11,8,8,2,2,8,12,12,12,12,12,12,12,13
559,7,7,7,7,11,7,7,11,11,14,9,4,5,5,5,5,5,5,5,5,5,0,0,0
560,5,5,9,9,2,11,9,9,9,9,9,9,9,8,8,8,12,5,5,5,5,12,4,12
561,5,9,9,9,9,9,9,11,11,11,9,4,5,5,5,5,5,5,5,4,4,0,0,8
562,2,2,2,2,2,9,9,9,9,5,5,2,5,5,8,8,5,5,5,5,5,0,8,8
563,2,2,9,9,2,9,9,9,9,9,9,9,9,8,8,8,8,8,12,12,12,8,8,8
564,2,2,9,9,11,11,11,11,11,11,11,9,9,8,8,8,8,8,8,12,12,12,12,8
565,2,2,2,2,2,2,2,2,2,14,5,2,2,5,5,5,5,5,5,5,5,12,4,12
566,9,9,9,9,2,9,9,9,2,2,2,9,2,2,2,2,12,12,12,12,12,12,12,8
567,5,5,9,9,9,9,9,9,9,9,9,9,9,8,8,8,8,8,8,8,8,8,8,8
568,7,11,11,11,11,11,11,11,11,11,11,11,2,5,8,8,8,5,5,5,6,6,4,8
569,9,9,9,9,2,9,9,9,9,11,11,9,9,8,8,8,8,8,8,8,8,8,8,8
570,2,2,9,9,2,9,9,9,9,11,5,2,5,5,5,8,8,5,5,8,4,4,4,8
571,2,2,9,9,2,9,9,9,9,11,11,9,9,8,8,8,8,5,8,6,6,6,4,8
572,9,9,9,9,9,9,9,9,11,11,9,9,9,8,8,8,8,8,2,2,13,13,13,13
574,11,11,11,11,5,3,3,3,3,11,11,11,8,8,2,13,0,0,0,0,0,1,0,0
578,14,14,4,4,4,6,6,6,6,6,6,6,6,6,6,6,6,7,8,8,8,8,8,13
579,4,3,3,3,4,7,7,3,3,3,3,3,3,3,3,3,3,3,3,3,3,3,3,3
580,4,3,3,3,4,7,7,3,3,3,3,3,3,3,3,3,3,3,3,3,3,3,3,3
581,3,3,3,3,3,3,0,6,0,8,8,8,8,7,7,1,1,7,7,7,3,3,15,15
582,0,0,0,0,0,0,3,3,3,3,3,3,0,0,0,0,0,0,3,3,3,1,1,1
583,11,11,11,3,7,3,3,3,3,3,3,3,3,3,8,8,8,8,8,8,8,8,8,13
584,7,7,3,3,3,3,3,0,0,0,3,3,3,5,5,5,0,3,3,3,3,3,1,1
585,0,5,5,0,0,4,3,3,3,3,3,3,0,0,0,0,0,0,0,3,3,3,3,1
586,7,7,7,7,7,3,3,3,8,8,8,8,8,8,8,8,8,7,7,7,7,7,7,13
587,7,7,7,7,7,7,7,7,7,7,7,7,7,7,7,7,2,2,2,12,6,12,12,6
588,0,0,0,0,0,4,3,3,3,3,3,3,3,3,3,3,3,3,3,3,3,3,3,3
589,11,11,11,3,7,7,7,3,8,8,3,3,3,3,3,3,3,3,3,3,3,3,3,3
591,5,11,11,3,3,3,3,3,3,3,3,3,3,3,3,3,3,3,8,8,8,8,8,13
592,11,11,11,11,7,7,7,7,7,7,7,7,8,7,7,7,2,2,2,12,3,3,12,13
593,11,11,11,7,7,7,7,7,8,8,8,8,8,7,7,7,7,6,7,6,7,7,7,7
594,5,3,3,3,3,3,3,3,3,3,3,3,3,3,3,3,3,3,3,3,3,8,8,13
595,11,11,11,3,3,3,3,3,3,3,3,3,3,8,8,8,8,8,8,8,8,8,8,13
598,11,9,9,9,7,9,9,9,9,11,8,8,8,8,8,8,8,8,8,8,8,8,8,13
599,11,9,9,9,9,7,7,8,8,8,8,8,8,8,8,8,5,7,7,7,7,1,1,1
600,3,3,3,3,3,3,3,3,3,3,3,3,3,3,3,3,3,3,3,3,3,3,3,3
601,7,7,7,7,7,7,7,6,8,8,8,8,8,7,7,7,7,7,7,7,7,7,7,7
602,11,11,9,3,7,3,3,3,3,3,3,3,3,8,8,8,8,8,8,8,8,8,8,13
603,0,3,3,3,3,3,3,3,3,3,3,3,3,3,3,3,3,3,3,3,3,3,3,3
604,7,7,7,7,7,7,7,6,8,8,8,8,8,7,7,7,6,6,16,16,7,7,7,7
605,7,7,7,7,7,7,7,7,8,8,7,8,8,7,7,7,7,6,6,6,3,3,7,7
606,11,7,7,7,7,7,7,7,8,8,8,8,8,8,8,8,7,7,7,7,7,7,7,13
607,7,7,7,7,7,7,7,7,8,8,8,8,8,7,7,7,7,7,7,7,7,7,7,7
608,0,0,0,0,0,0,0,0,0,0,3,3,3,3,3,3,3,3,3,3,3,3,3,3
612,0,0,0,0,0,0,0,0,0,0,3,3,3,3,3,3,3,3,3,3,3,3,3,3
613,0,0,0,3,3,3,3,3,3,3,3,3,3,3,3,3,3,3,3,3,3,3,3,3
614,0,0,0,3,3,3,3,3,3,3,3,3,3,3,3,3,3,3,3,3,3,3,3,3
615,0,0,0,3,3,3,3,3,3,3,3,3,3,3,3,3,3,3,3,3,3,3,3,3
616,0,0,0,3,3,3,3,3,3,3,3,3,3,3,3,3,3,3,3,3,3,3,3,3
618,0,0,0,0,5,4,3,3,3,3,3,3,3,3,3,3,3,3,3,3,3,3,3,3
619,0,0,0,0,5,4,3,3,3,3,3,3,3,3,3,3,3,3,3,3,3,3,3,3
621,0,0,0,0,5,4,3,3,3,3,3,3,3,3,3,3,3,3,3,3,3,3,3,3
666,4,4,4,4,4,6,6,6,6,6,6,10,10,10,10,10,10,10,10,10,17,17,17,17
667,0,0,0,0,0,0,0,0,0,0,0,0,0,0,0,0,0,7,7,7,7,15,15,15
668,5,5,5,5,5,5,4,11,11,11,4,4,4,4,13,13,13,13,2,2,13,13,13,0
669,3,7,7,11,0,11,11,11,11,11,11,11,4,0,0,0,0,2,2,2,13,13,13,0
670,0,0,0,0,0,0,0,0,0,0,0,0,0,0,0,0,0,0,0,0,1,1,1,1
671,3,3,3,0,0,4,3,3,3,3,3,3,3,3,4,4,4,4,4,4,4,4,4,4
674,4,4,0,0,0,0,0,0,0,0,0,0,0,0,0,0,0,7,7,7,7,15,15,15
675,0,0,0,0,0,4,3,3,3,3,3,3,0,0,0,0,0,0,3,3,3,1,1,1
676,4,4,4,4,4,6,6,6,6,6,6,1,1,1,1,1,1,1,1,1,1,15,15,15
677,3,3,3,11,11,11,11,8,8,8,11,4,4,4,4,4,4,4,4,7,7,1,1,4
678,0,0,0,0,0,4,3,3,3,3,3,3,3,3,3,3,3,3,3,3,3,3,3,3
679,4,4,4,0,0,0,0,0,0,1,1,1,1,1,0,0,0,0,3,3,1,15,15,15
680,0,0,0,0,0,0,0,0,0,0,0,0,0,0,0,0,0,0,4,4,1,1,1,1
683,2,9,9,9,9,9,9,9,9,9,9,9,9,8,8,8,8,5,8,8,8,8,8,8
685,11,11,9,9,2,9,9,9,7,7,6,5,5,5,5,5,5,7,4,4,1,1,1,1
686,7,7,7,4,4,6,6,6,6,6,6,6,1,1,1,1,1,1,1,1,1,15,15,15
687,2,2,2,5,5,11,11,2,2,2,2,11,2,2,13,13,13,13,13,13,13,12,12,12
689,4,0,0,0,0,4,3,4,4,4,4,4,4,4,4,4,4,4,4,4,4,4,4,4
690,5,11,11,11,11,11,11,11,11,11,11,11,8,2,2,8,13,13,13,8,8,12,12,13
691,11,9,9,9,2,9,11,11,11,11,11,11,4,4,13,5,5,5,4,4,5,4,0,0
692,2,9,9,9,2,2,2,9,9,11,8,8,8,8,8,8,8,8,8,12,8,8,8,13
693,4,4,4,4,4,6,6,6,6,6,6,6,1,1,1,1,1,1,1,1,1,15,15,15
694,3,3,3,5,5,5,4,3,3,3,4,4,4,4,4,4,13,13,2,3,13,13,13,0
695,2,2,11,2,2,2,11,11,11,11,11,8,8,5,5,8,8,2,2,2,4,12,4,13
696,11,9,9,9,7,9,9,11,11,11,8,8,8,8,8,8,2,8,8,12,12,12,12,13
697,9,9,0,0,5,4,4,4,4,4,4,4,4,4,4,4,4,4,2,2,13,13,13,13
698,2,11,11,2,2,2,11,11,11,11,11,11,8,2,2,2,2,2,2,12,12,12,12,13
699,9,9,9,9,9,9,9,9,9,9,9,9,9,8,8,8,8,8,8,8,8,8,8,8
701,9,9,9,9,9,9,9,9,9,11,8,8,8,8,8,8,8,8,8,8,8,8,8,13
702,0,5,5,0,0,4,3,3,3,3,3,4,4,4,4,4,4,4,4,4,3,4,4,4
703,11,5,5,5,5,3,11,11,11,11,11,11,8,8,8,8,13,13,2,8,13,8,13,13
704,5,3,3,3,11,11,11,11,11,11,11,11,8,2,2,2,2,13,2,2,12,12,12,13
705,11,11,11,2,2,11,11,11,11,11,11,8,8,8,2,13,13,13,2,2,4,13,13,13
706,2,2,2,9,2,9,9,9,9,9,9,9,8,8,8,8,8,5,5,8,8,4,13,8
708,3,3,3,3,3,3,3,3,3,3,3,3,3,3,4,4,4,4,4,4,4,4,4,4
710,9,9,9,9,9,9,9,9,9,9,9,9,9,8,8,8,8,8,8,8,8,8,13,13
711,2,11,11,11,11,11,11,11,11,11,11,11,8,2,2,2,2,2,2,12,12,12,12,13
712,2,11,11,2,11,11,11,11,11,11,11,11,8,2,2,2,2,2,2,12,12,12,12,13
713,11,11,9,9,2,9,9,9,9,11,9,9,8,8,2,8,8,13,8,8,8,8,13,13
714,3,3,3,3,11,11,11,11,11,11,11,11,8,4,2,13,2,2,2,12,12,12,12,13
715,2,2,2,5,5,5,11,11,11,11,11,11,2,4,13,13,13,8,8,8,12,12,12,13
716,4,0,0,0,0,0,3,3,3,3,3,0,0,0,0,0,0,0,3,3,3,1,1,1
717,11,11,11,11,11,11,11,11,11,11,11,11,8,2,2,13,13,13,2,2,13,12,13,13
718,0,0,0,0,0,4,3,3,3,3,3,3,3,3,3,3,3,3,3,3,3,3,3,3
719,9,9,9,9,9,9,9,9,9,9,9,9,9,8,8,8,8,8,8,8,8,8,8,13
720,0,0,0,0,0,4,3,3,3,3,3,3,3,3,3,3,3,3,3,3,3,3,3,3
721,9,9,9,9,9,9,9,9,8,8,8,8,9,8,8,8,8,8,8,8,8,8,8,13
722,11,11,11,3,7,11,11,11,8,8,11,11,8,8,8,8,7,7,7,7,7,7,7,13
723,2,11,11,5,5,11,11,11,11,11,11,11,8,4,13,13,13,13,2,2,13,13,13,13
725,3,3,3,3,3,3,7,8,8,8,8,8,8,3,3,3,4,4,4,7,7,7,7,13
726,0,0,0,0,0,4,3,3,3,3,3,3,3,3,3,3,3,3,3,3,3,3,3,3
727,4,4,4,4,4,6,6,6,6,6,6,10,10,10,10,10,10,10,10,10,10,10,10,10
731,4,4,4,0,0,6,6,6,6,6,0,0,0,0,0,0,0,0,16,16,1,1,1,1
734,5,5,5,5,5,5,5,5,5,5,4,4,4,4,4,13,13,13,13,13,13,0,0,0
735,7,7,7,7,7,7,7,7,7,7,7,7,7,7,7,7,2,6,6,6,6,6,6,6
736,7,3,3,3,11,11,11,11,11,11,11,11,4,4,4,13,2,2,2,2,13,13,13,13
737,7,7,7,9,9,7,9,9,9,9,9,9,9,8,8,8,8,8,8,8,8,8,8,13
738,7,3,3,3,3,3,3,3,3,3,3,3,9,8,8,3,3,8,8,7,8,8,8,13
739,0,0,0,0,0,4,4,4,4,4,4,4,4,4,4,4,4,4,4,4,4,4,4,4
741,4,4,4,0,0,0,0,0,0,0,0,0,0,0,0,0,0,0,0,0,1,1,1,1
742,7,7,7,11,11,11,11,11,11,11,11,11,8,2,2,2,2,2,2,12,12,12,12,12
743,7,7,7,11,11,11,11,11,11,11,11,11,11,2,2,13,2,2,0,0,13,0,13,0
744,7,7,7,7,11,11,11,11,11,11,11,11,8,8,8,8,8,8,2,7,4,4,8,8
745,0,0,0,0,5,5,4,4,9,9,4,4,4,4,4,4,4,13,13,13,13,0,0,4
746,5,5,11,11,11,11,9,11,11,11,11,11,9,8,8,8,13,2,2,5,8,8,8,8
747,5,5,5,5,5,3,4,9,9,9,9,4,4,4,4,13,13,13,13,8,8,8,8,8
748,4,4,4,4,4,6,0,0,0,6,6,0,6,6,6,0,0,0,16,3,1,1,15,15
749,5,11,11,11,11,11,11,11,11,11,11,11,8,2,2,2,2,2,8,12,12,12,12,12
751,3,3,3,5,5,5,11,11,11,5,4,4,4,4,4,13,13,13,13,13,13,0,0,0
752,7,7,11,11,11,11,11,11,11,11,11,11,8,2,2,13,13,2,2,5,4,4,4,13
753,5,11,3,3,11,11,11,11,11,11,11,11,8,2,2,2,2,2,2,2,13,8,13,13
754,4,4,4,4,4,7,7,3,3,3,0,4,0,0,0,0,0,3,3,3,4,0,0,0
755,7,7,7,11,11,11,11,11,11,11,4,4,4,4,4,13,13,2,2,2,13,13,13,13
756,7,7,7,7,3,7,7,6,3,3,9,9,9,8,8,13,13,13,8,7,4,4,8,8
757,4,4,4,4,4,6,6,6,6,6,6,6,1,1,1,1,1,1,1,1,1,15,15,15
758,9,9,9,9,9,9,9,9,9,9,9,9,9,8,8,8,8,8,8,8,8,8,8,13
760,11,9,9,9,2,9,9,9,9,11,11,9,8,8,8,8,8,8,8,8,8,8,8,8
761,11,9,9,9,9,9,9,9,9,9,9,9,9,8,8,8,8,8,8,8,8,8,8,13
763,4,4,4,4,4,6,6,6,6,6,6,10,6,6,6,0,0,0,16,3,1,15,15,15
764,9,9,9,9,9,9,9,9,9,9,8,8,8,8,8,8,8,8,8,8,13,13,13,0
765,9,9,9,9,9,9,9,9,9,9,9,9,9,8,8,8,8,8,8,8,8,8,8,13
766,7,7,7,11,0,0,7,3,3,3,3,0,0,3,6,0,0,7,7,7,7,15,15,1
767,7,3,3,0,0,4,7,8,4,3,3,4,4,3,3,0,4,4,7,7,7,1,1,1
769,11,2,11,5,5,11,11,11,11,11,4,4,4,4,8,13,13,13,8,8,8,8,8,13
770,5,11,11,7,11,11,11,11,11,11,11,11,8,8,8,8,8,8,8,7,8,8,8,13
771,7,7,7,7,11,11,11,11,9,9,9,4,9,8,8,8,8,8,8,8,8,8,13,13
773,5,9,9,3,3,3,9,11,9,9,9,9,9,8,8,8,8,8,8,7,8,8,8,13
774,7,7,7,11,11,11,11,11,9,9,4,4,4,8,8,4,8,13,13,13,13,0,13,13
775,4,4,4,4,4,6,6,6,6,6,3,3,3,3,3,3,10,10,10,10,10,10,17,17
776,3,3,3,3,4,7,7,3,3,3,3,3,3,3,3,3,3,3,3,3,3,3,3,3
777,4,4,4,4,4,6,6,6,6,3,3,3,3,3,3,3,3,3,3,3,3,3,3,3
778,4,4,0,0,0,4,3,3,3,3,3,3,3,3,3,3,3,3,3,3,3,3,3,3
779,3,3,3,3,3,3,3,3,3,3,3,3,3,3,3,3,3,3,3,3,3,3,3,3
780,3,3,3,3,3,7,7,3,3,3,3,3,3,3,3,3,3,3,3,3,3,3,3,3
781,3,3,3,3,3,7,7,3,3,3,3,3,3,3,3,3,3,3,3,3,3,3,3,3
782,4,4,4,4,4,6,6,6,6,3,3,3,3,3,3,3,3,3,3,3,3,3,17,17
783,3,3,3,3,3,3,3,3,3,3,3,3,3,3,3,3,3,3,3,3,3,3,3,3
784,3,3,3,3,3,3,3,3,3,3,3,3,3,3,3,3,3,3,3,3,3,3,3,3
785,4,4,4,4,4,6,6,6,6,3,3,3,3,3,3,3,3,3,3,3,3,3,17,17
787,5,3,3,3,3,3,3,3,3,3,3,3,3,3,3,3,13,13,13,8,3,3,13,13
788,11,11,11,11,11,7,7,6,6,6,6,6,6,3,3,3,3,7,7,7,7,15,15,15
789,3,3,3,3,3,3,3,3,3,3,3,3,3,3,3,3,3,3,3,3,3,3,3,13
790,5,3,3,3,3,3,3,3,3,3,3,3,3,3,3,3,3,7,7,7,7,7,7,13
791,3,3,3,3,3,3,3,3,3,3,3,3,3,2,2,2,2,2,2,3,3,3,13,13
792,3,3,3,11,11,11,3,3,3,3,3,3,3,2,2,2,3,3,3,3,3,3,13,0
793,3,3,3,3,3,3,3,3,3,3,3,3,4,3,3,13,13,13,13,13,13,0,0,0
794,4,3,3,3,4,7,7,3,3,3,3,3,3,3,3,3,3,3,3,3,3,3,3,3
795,3,3,3,3,3,3,3,3,3,3,3,3,3,3,3,3,3,3,3,3,3,3,3,3
796,5,3,3,3,3,3,3,3,3,3,3,3,3,3,3,3,8,8,8,8,8,8,8,13
797,3,3,3,3,3,3,3,3,3,3,3,3,3,3,3,3,3,3,3,3,3,3,3,3
798,3,3,3,3,3,4,3,3,3,3,3,3,3,3,3,3,3,3,3,3,3,3,3,3
799,0,0,0,0,0,4,3,3,3,3,3,3,3,3,3,3,3,3,3,3,3,3,3,3
800,3,3,3,3,3,3,3,3,3,3,3,3,3,3,3,3,3,3,3,3,3,3,3,3
801,5,3,3,3,3,3,3,3,3,3,3,3,3,3,3,3,3,3,3,3,3,3,13,13
802,5,3,3,3,3,3,3,3,3,3,3,3,3,3,3,3,3,3,3,3,3,3,3,3
803,3,3,3,3,3,3,3,3,3,3,3,3,3,3,3,3,3,3,3,3,3,3,3,3
804,3,3,3,3,11,11,3,3,3,3,3,3,3,3,3,3,3,13,2,3,3,3,3,3
805,3,3,3,3,3,3,3,3,3,3,3,3,3,3,3,3,3,3,3,3,3,3,3,3
806,7,3,3,3,3,3,3,3,3,3,3,3,3,3,8,3,3,3,3,3,3,3,3,13
807,3,3,3,3,0,4,3,3,3,3,3,3,3,3,3,3,3,3,3,3,3,3,3,3
808,5,3,9,3,9,9,9,9,3,3,3,9,9,8,8,4,3,13,13,13,8,8,13,13
809,4,4,4,4,4,6,6,6,6,6,6,6,6,6,6,6,6,6,16,16,16,16,16,16
810,14,14,2,2,2,2,14,14,14,14,14,2,2,2,2,2,2,6,6,6,6,6,6,6
811,14,14,14,14,14,14,14,14,14,14,14,6,6,6,6,6,6,6,6,6,6,6,6,6
812,14,4,4,4,14,14,14,14,14,6,6,6,6,6,6,6,6,6,16,16,16,16,16,16
813,14,14,14,14,14,14,14,14,14,14,6,6,6,6,6,6,6,6,16,16,16,16,16,16
814,2,14,2,2,2,2,2,2,2,2,5,5,5,5,5,5,5,5,5,4,1,1,4,12
815,14,14,2,2,2,2,14,14,14,14,14,2,2,2,2,2,2,6,6,6,6,6,6,6
817,14,14,5,11,11,11,11,11,11,14,14,11,6,2,2,2,0,6,6,6,6,6,6,6
818,14,14,14,14,14,14,14,14,14,14,6,6,6,6,6,6,6,0,16,16,1,1,1,15
819,14,14,14,14,14,14,14,14,14,14,6,6,6,6,6,6,6,6,16,16,16,16,16,16
820,4,4,4,4,4,6,6,6,6,6,6,6,6,6,6,6,6,6,16,16,1,15,15,15
821,14,14,2,2,2,2,14,14,14,14,14,2,2,2,2,2,2,6,6,6,6,6,6,6
822,2,14,2,2,2,2,2,2,2,2,2,2,2,2,2,2,2,12,6,6,6,12,12,12
823,14,14,2,2,2,2,14,14,14,14,14,2,2,2,2,2,6,6,6,6,6,12,12,6
824,4,4,4,4,4,14,14,14,6,6,6,6,6,6,6,6,6,6,16,16,16,16,16,16
825,14,14,2,2,2,14,14,14,14,14,14,2,2,2,2,2,2,6,6,6,6,6,6,6
826,14,14,2,2,2,2,2,2,14,14,2,2,2,2,2,2,2,6,6,6,6,6,6,6
827,14,14,2,2,2,2,2,2,2,2,2,2,2,2,2,2,12,12,12,12,12,12,12,12
828,2,11,11,2,2,2,2,2,2,2,2,2,2,2,2,2,2,12,12,12,12,12,12,12
829,2,11,11,2,2,2,2,2,2,2,2,2,2,2,2,2,2,12,12,12,12,12,12,12
830,14,14,14,14,14,14,14,14,14,14,14,6,6,6,6,6,6,6,6,6,6,6,6,6
831,14,14,2,2,2,2,2,2,2,2,5,2,2,2,2,2,12,5,5,5,0,0,6,6
832,14,14,2,2,2,2,2,2,2,2,2,2,2,2,2,2,12,12,6,6,12,12,4,12
833,2,14,2,2,2,2,2,2,2,2,5,5,2,5,5,5,5,5,5,5,5,0,0,12
834,14,14,2,2,2,14,14,14,14,14,14,2,2,2,2,2,2,6,6,6,6,6,6,6
835,14,14,2,2,2,2,14,14,14,14,2,2,2,2,2,2,2,6,6,6,12,12,12,6
836,14,14,2,2,2,2,2,2,2,2,2,2,2,2,2,2,12,12,12,12,12,12,12,6
838,2,14,2,2,2,2,2,2,14,14,2,2,2,2,2,2,2,6,6,6,6,6,6,6
839,14,14,2,2,2,2,2,2,2,2,2,2,2,2,2,2,12,12,12,12,12,12,12,12
840,14,14,2,2,2,2,2,2,14,14,2,2,2,2,2,2,2,12,6,6,6,6,6,6
841,4,4,4,4,4,6,6,6,6,6,6,6,6,6,6,6,6,6,16,16,16,16,16,16
842,4,4,4,4,4,6,6,6,6,3,3,3,3,3,3,3,3,3,3,3,3,3,17,17
843,0,0,0,0,0,0,0,0,0,0,3,3,3,3,3,3,3,3,3,3,3,3,3,3
844,0,0,0,0,0,4,3,3,3,3,3,3,3,3,3,3,0,0,0,0,3,3,3,1
846,0,0,0,3,3,3,3,3,3,3,3,3,3,3,3,3,3,3,3,3,3,3,3,3
847,0,0,0,0,3,3,3,3,3,3,3,3,3,3,3,3,3,3,3,3,3,3,3,3
848,0,0,0,0,0,4,3,3,3,3,3,3,3,3,3,3,3,3,3,3,3,3,3,3
849,3,3,3,3,3,3,3,3,3,3,3,3,3,3,3,3,3,3,3,3,3,3,3,3
851,3,3,3,3,3,3,3,3,3,3,3,3,3,3,3,3,3,3,3,3,3,3,13,3
852,3,3,3,3,3,3,3,3,3,3,3,3,3,8,8,8,3,13,13,13,13,0,0,4
853,0,0,0,0,0,4,3,3,3,3,3,3,3,3,3,3,3,3,3,3,3,3,3,3
854,0,0,0,3,3,3,3,3,3,3,3,3,3,3,3,3,3,3,3,3,3,3,3,3
855,0,0,0,3,3,3,3,3,3,3,3,3,3,3,3,3,3,3,3,3,3,3,3,3
856,0,0,0,0,0,4,3,3,3,3,3,3,3,3,3,3,3,3,3,3,3,3,3,3
857,0,0,0,0,0,4,3,3,3,3,3,3,3,3,3,3,3,3,3,3,3,3,3,3
859,0,0,0,3,3,3,3,3,3,3,3,3,3,3,3,3,3,3,3,3,3,3,4,4
860,4,4,3,3,4,6,6,6,6,3,3,3,3,3,3,3,3,3,3,3,3,3,3,3
870,3,3,3,3,3,3,3,3,3,3,3,3,3,3,3,3,3,3,3,3,3,3,3,3
871,3,3,3,3,4,7,7,3,3,3,3,3,3,3,3,3,3,3,3,3,3,3,3,3
872,4,4,4,4,4,6,6,6,6,3,3,3,3,3,3,3,3,3,3,3,3,3,3,3
873,3,3,0,0,0,4,3,3,3,3,3,3,3,3,3,3,3,3,3,3,3,3,3,3
874,3,3,3,3,3,3,3,3,3,3,3,3,3,3,3,3,3,3,3,3,3,3,3,3
875,0,0,0,0,0,4,3,3,3,3,3,3,3,3,3,3,3,3,3,3,3,3,3,3
876,3,3,3,3,4,7,7,3,3,3,3,3,3,3,3,3,3,3,3,3,3,3,3,3
877,3,3,3,3,3,3,3,3,3,3,3,3,3,3,3,3,3,3,3,3,3,3,3,3
878,0,0,0,0,0,4,3,3,3,3,3,3,3,3,3,3,3,3,3,3,3,3,3,3
879,3,3,3,3,4,7,3,3,3,3,3,3,3,3,3,3,3,3,3,3,3,3,3,3
880,3,3,3,3,3,3,3,3,3,3,3,3,3,3,3,3,3,3,3,3,3,3,3,3
881,7,3,3,3,3,3,3,3,3,3,3,3,3,3,3,3,3,3,3,3,3,3,3,3
882,3,3,7,7,3,3,3,3,3,3,3,3,3,3,3,3,3,13,13,13,13,8,13,13
883,0,0,0,0,0,0,0,0,0,0,0,0,0,0,0,0,0,0,0,0,3,1,1,1
884,0,0,0,0,0,4,3,3,3,3,3,3,3,3,3,3,3,3,3,3,3,3,3,3
885,3,3,3,3,3,3,3,3,3,3,3,3,3,3,3,3,3,3,3,3,3,3,3,3
886,3,3,0,0,0,4,3,3,3,3,3,3,3,3,3,3,3,3,3,3,3,3,3,3
888,3,0,0,0,0,4,3,3,3,3,3,3,3,3,3,3,3,3,3,3,3,3,3,3
889,3,0,3,3,3,3,3,3,3,3,3,3,3,3,3,3,3,3,3,3,3,3,3,3
890,0,0,0,0,0,0,0,0,0,0,0,0,0,0,0,0,0,0,3,3,3,3,15,15
891,0,0,0,0,0,0,0,0,0,0,0,0,0,0,0,0,0,0,0,0,0,1,1,1
892,0,0,0,0,0,0,0,0,0,0,0,0,0,0,0,0,0,0,3,3,3,1,1,1
895,0,0,0,0,0,4,4,5,5,5,4,4,0,0,4,0,0,0,0,0,0,0,0,1
896,0,0,0,0,0,0,0,0,0,0,0,0,0,0,0,0,0,0,3,3,3,3,15,15
897,0,0,0,0,5,4,4,4,4,4,4,4,4,0,5,5,5,7,4,4,1,1,1,1
898,5,5,5,5,5,3,9,9,9,9,4,4,4,4,13,13,13,13,2,2,13,0,0,0
899,7,7,7,5,11,11,7,8,8,8,2,2,2,2,13,5,5,5,5,4,4,4,0,0
900,9,9,9,9,9,9,9,9,9,9,9,9,9,8,8,8,8,8,8,8,8,8,8,13
901,9,9,9,9,9,9,9,9,9,9,9,9,9,8,8,8,8,5,4,4,4,4,4,4
902,0,0,0,0,5,4,4,4,4,4,4,4,4,4,4,4,4,4,4,4,4,4,4,4
903,0,0,0,0,0,4,4,4,4,4,4,4,4,0,4,4,4,4,2,2,13,13,13,0
904,9,9,9,9,9,9,9,9,9,9,9,9,9,8,8,8,8,8,8,7,8,8,8,8
905,0,0,0,0,5,4,4,4,4,4,4,4,4,4,4,4,4,4,4,4,4,4,4,4
907,5,5,3,3,3,3,3,3,3,3,3,3,3,8,8,13,13,13,13,13,13,0,0,8
908,0,0,0,0,5,4,4,4,4,4,4,4,4,4,4,4,4,4,4,4,4,4,4,4
909,0,0,0,0,5,4,4,4,4,4,4,4,4,4,4,4,4,4,4,13,13,4,4,4
911,0,0,0,0,5,4,4,4,4,4,4,4,4,4,4,4,4,4,4,4,4,4,4,4
912,0,0,0,0,0,0,0,0,0,0,0,0,0,0,0,0,0,7,7,7,7,15,15,15
913,0,0,0,0,5,4,4,4,4,4,4,4,5,5,5,5,4,4,4,4,4,4,1,1
914,9,9,9,9,9,9,4,9,9,9,9,9,9,4,4,4,8,13,13,13,13,0,0,8
915,5,5,5,5,5,3,4,9,9,11,4,4,4,4,4,13,13,13,13,8,8,8,0,8
916,0,0,0,0,0,4,3,3,3,3,3,3,3,3,3,3,3,3,3,3,3,3,3,3
917,0,0,0,0,0,4,3,3,3,3,3,3,3,3,3,3,3,3,3,3,3,3,3,3
918,4,4,4,4,4,6,6,6,6,6,6,6,6,6,6,6,6,6,16,16,16,16,16,16
920,9,9,9,9,9,9,9,5,2,2,5,5,5,5,5,5,5,5,5,4,4,4,4,0
922,2,2,2,9,2,2,2,2,2,2,5,2,9,7,2,8,12,12,6,6,12,12,4,12
923,2,2,2,2,2,5,5,5,5,5,5,2,2,5,5,5,5,5,5,5,5,0,0,0
924,2,2,2,2,2,2,2,2,2,2,2,2,2,2,2,2,2,12,5,5,12,12,6,12
925,7,2,9,2,2,2,2,2,5,5,5,2,2,5,2,2,5,5,5,5,5,0,4,12
926,2,2,2,2,2,2,2,2,2,2,2,2,2,2,2,2,2,12,12,12,12,12,12,12
927,7,7,14,14,7,7,7,6,6,6,6,6,6,6,6,6,6,6,16,16,16,16,16,16
928,7,7,7,7,7,7,7,6,6,6,6,6,6,6,6,6,6,6,16,16,16,16,16,16
929,2,2,2,2,2,2,2,2,2,2,5,2,2,7,2,8,12,12,6,6,12,12,12,6
930,2,2,2,2,2,2,2,2,2,2,2,2,2,2,2,2,2,2,5,12,12,12,6,12
986,4,4,4,4,4,6,6,6,6,6,6,1,1,1,1,1,1,1,1,1,1,15,15,15
987,0,5,5,5,0,0,0,0,0,0,5,5,5,5,0,0,0,0,4,4,1,1,1,1
988,6,6,4,4,4,6,6,6,6,6,6,10,10,10,10,0,0,0,16,1,1,15,15,15
989,4,4,4,4,4,6,6,6,6,6,6,1,1,1,1,10,1,1,1,1,1,15,15,15
991,4,0,0,0,0,1,1,1,1,1,1,5,5,1,1,1,1,1,1,1,1,1,1,1
992,7,7,7,11,11,11,11,8,8,7,5,5,5,5,5,5,5,5,7,4,1,4,4,8
993,11,11,11,5,5,9,4,11,11,11,4,4,4,4,4,13,13,13,2,2,13,13,13,13
994,9,9,5,5,5,5,5,5,5,5,4,4,4,4,4,4,4,13,13,13,13,0,0,4
995,0,5,5,5,5,5,5,5,5,5,4,4,4,4,4,4,13,13,13,13,13,0,0,0
996,0,0,0,0,0,0,0,0,0,0,5,5,5,5,5,5,5,7,4,4,1,1,1,1
998,0,5,5,5,0,4,3,3,3,0,4,4,0,0,0,0,0,0,0,0,1,1,1,1
999,5,5,5,5,5,5,5,5,5,5,4,4,4,4,4,13,13,13,13,13,13,0,0,0
1001,0,0,0,0,0,0,0,5,5,5,5,5,5,5,5,5,5,7,4,4,1,1,1,1
1002,9,5,5,5,5,5,5,5,5,5,4,4,4,4,4,13,13,13,13,13,13,0,0,0
1003,0,0,0,0,5,5,5,5,5,5,4,4,4,4,4,4,13,13,13,13,13,4,4,4
1004,5,5,9,5,5,3,9,11,5,5,4,4,4,4,4,13,13,13,8,13,13,0,0,8
1005,9,9,9,9,9,9,9,5,5,5,5,5,5,5,5,5,5,7,4,4,1,1,1,1
1006,5,5,5,5,5,5,5,5,5,5,4,4,4,4,4,13,13,13,13,13,13,0,0,0
1007,4,4,4,4,4,6,6,6,6,6,6,6,6,6,6,6,6,6,16,16,16,16,16,16
1008,4,4,4,4,4,6,6,6,6,6,6,6,6,6,6,6,6,6,16,16,16,16,16,16
1009,4,0,7,4,4,6,6,6,6,6,6,5,5,0,6,0,0,0,16,16,1,1,1,1
1010,14,14,7,7,7,14,14,14,14,14,14,6,6,6,6,6,6,6,6,6,6,6,6,6
1011,14,14,2,2,2,2,14,14,14,14,2,2,2,7,2,2,6,6,6,6,6,12,12,12
1012,11,11,11,11,11,11,11,2,2,2,2,2,2,2,2,2,12,12,12,12,12,12,12,12
1013,2,11,11,2,2,2,2,2,2,2,2,2,2,2,2,2,2,12,12,12,12,12,12,12
1014,11,2,2,2,2,2,2,2,2,2,5,2,9,7,2,8,12,12,12,12,12,12,4,12
1015,7,14,2,2,11,5,5,5,5,5,5,5,5,5,5,5,5,5,0,0,0,0,6,6
1016,2,2,11,2,2,2,2,2,2,2,2,2,2,2,2,2,2,12,12,12,12,12,4,12
1017,9,9,9,9,9,9,5,5,2,2,5,5,5,5,5,5,5,5,5,5,5,0,0,12
1018,14,14,2,2,2,2,2,2,2,2,2,2,2,7,2,2,2,12,12,12,12,12,12,12
1019,2,11,2,2,2,2,11,2,2,2,5,2,5,5,2,2,2,5,5,4,4,4,4,12
1020,14,14,2,11,11,11,11,11,11,14,14,5,5,5,5,5,5,2,5,5,5,0,0,0
1021,7,14,14,2,14,2,2,2,2,2,5,2,5,5,5,2,12,5,6,6,4,4,4,12
1023,2,14,2,2,2,2,2,2,2,2,2,2,2,2,2,2,2,12,12,12,12,12,12,12
1024,2,11,11,2,2,2,2,2,2,2,2,2,2,2,2,2,2,2,12,12,12,12,12,12
1025,2,2,2,2,2,9,2,2,2,2,5,2,5,5,2,2,12,5,5,5,4,4,4,12
1026,5,5,5,5,5,5,5,5,2,2,5,5,5,5,5,5,5,5,5,5,5,0,0,0
1027,2,2,2,2,2,2,2,2,2,2,2,2,9,7,2,2,12,12,12,12,12,12,4,12
1028,2,2,2,2,2,2,2,2,2,2,2,2,2,2,2,2,12,12,12,12,12,12,12,12
1029,2,11,11,2,2,2,2,2,2,2,2,2,2,2,2,2,2,12,12,12,12,12,12,12
1030,2,2,2,2,2,2,2,2,2,2,5,2,2,5,2,2,12,12,6,6,12,12,4,12
1031,2,11,11,2,2,2,2,2,2,2,2,2,2,7,2,2,2,12,6,6,12,12,12,12
1032,2,14,11,2,2,2,2,2,2,2,2,2,2,2,2,2,2,12,12,12,12,12,12,12
1033,2,2,2,2,2,9,9,9,9,9,5,2,9,7,8,8,8,8,8,8,8,4,4,12
1034,2,2,2,2,2,2,5,5,5,5,5,2,5,5,5,5,5,5,5,5,5,0,0,12
1035,11,2,2,2,2,2,2,2,2,2,5,2,2,2,2,2,12,5,5,5,5,0,0,12
1036,2,14,2,2,2,2,2,2,2,2,2,2,2,2,2,2,2,6,6,6,12,12,12,12
1037,14,14,2,2,2,2,2,5,2,14,5,5,5,5,5,5,12,12,6,6,6,6,6,6
1038,2,14,11,2,2,2,2,2,2,2,2,2,2,7,2,2,2,12,12,12,12,12,12,12
1039,7,7,7,7,14,14,14,14,14,14,14,6,5,5,6,6,6,0,16,4,1,1,1,16
1040,14,14,2,2,2,2,2,2,14,14,2,2,2,2,2,2,2,6,6,6,6,6,6,6
1041,11,2,2,2,2,2,2,2,2,2,2,2,2,7,2,2,12,12,12,12,12,12,12,12
1044,2,2,2,2,2,2,2,2,9,2,2,2,2,2,2,8,12,12,12,12,12,12,4,12
1047,0,0,0,0,5,4,4,4,4,4,4,4,4,4,4,4,4,4,4,7,4,7,7,4
1048,11,11,11,3,7,11,11,8,8,8,8,8,8,8,8,8,4,7,7,7,7,7,7,13
1049,0,0,0,0,0,0,0,0,0,6,6,6,6,6,6,0,0,0,16,3,1,1,1,1
1051,3,3,3,3,3,7,7,8,8,8,8,8,4,3,3,3,3,7,7,7,7,7,7,15
1052,11,11,11,3,3,3,9,9,9,11,4,9,8,8,8,4,4,4,4,7,4,13,13,13
1053,0,0,0,3,5,3,9,9,9,9,9,4,4,4,4,4,4,4,4,7,8,13,13,13
1054,4,4,0,0,4,0,0,0,8,8,1,1,1,0,1,1,1,7,1,7,1,15,15,15
1055,0,0,0,3,3,3,9,9,9,9,9,9,3,3,3,3,8,8,7,7,4,7,7,13
1056,0,0,0,0,5,3,4,4,9,9,4,4,4,4,4,13,13,13,13,13,13,0,0,0
1057,0,0,0,0,5,4,4,4,4,4,4,4,4,4,4,4,4,4,4,7,4,13,13,4
1058,3,3,3,11,11,11,11,11,11,11,11,11,8,2,2,2,2,2,2,12,12,12,12,0
1059,11,11,11,11,7,11,11,8,8,8,8,8,8,2,2,7,7,7,7,7,7,7,7,7
1060,9,9,9,5,5,5,5,5,5,5,4,4,4,4,4,13,13,13,13,13,13,0,0,0
1061,11,11,11,9,7,11,11,8,8,8,8,8,8,8,8,8,7,7,7,7,7,7,7,13
1062,11,11,11,3,7,11,11,8,8,8,8,8,8,8,8,8,7,7,7,7,7,12,12,13
1063,0,0,0,0,0,4,4,4,4,4,4,4,4,4,4,4,4,4,4,4,4,4,4,4
1064,11,11,11,3,9,9,9,9,9,11,8,9,9,8,8,8,8,8,8,8,8,8,8,13
1065,11,11,9,9,9,9,9,9,9,11,8,8,8,8,8,8,8,8,7,7,8,8,8,13
1066,0,0,0,0,5,4,4,4,4,4,4,4,4,4,4,4,4,4,4,4,4,4,4,4
1067,9,9,9,9,9,9,9,9,9,9,9,9,9,8,8,8,8,8,8,8,8,8,13,13
1068,9,0,0,0,5,9,4,4,4,4,8,8,5,5,4,4,4,7,4,4,4,4,4,4
1069,0,0,0,0,5,3,4,9,9,9,4,4,4,4,4,3,3,3,8,8,8,8,13,13
1070,3,0,0,11,11,11,11,11,11,14,11,11,8,2,4,4,4,2,2,12,7,12,12,0
1071,0,0,0,3,3,7,7,8,8,8,8,8,8,7,7,7,7,7,7,7,7,7,15,15
1072,0,0,0,3,5,4,4,4,4,4,4,4,4,4,4,4,4,4,4,4,4,4,4,4
1107,4,4,4,4,4,6,6,6,6,6,6,10,6,6,6,0,0,0,16,1,1,15,15,15
1108,9,9,5,5,5,5,5,5,5,5,4,4,4,4,13,13,13,13,13,13,13,0,0,0
1109,7,7,7,11,11,7,7,8,8,8,8,8,5,5,5,6,7,7,7,7,7,7,7,1
1110,0,0,0,0,0,0,0,0,0,0,4,4,0,0,0,0,0,0,0,0,0,1,1,1
1111,9,9,0,0,0,0,4,0,0,5,4,4,5,5,4,4,4,4,4,4,4,4,0,1
1112,4,5,5,0,0,0,0,0,0,5,4,4,5,0,0,0,0,0,0,0,0,0,0,1
1113,9,9,5,5,5,5,5,5,5,5,4,4,4,4,13,13,13,13,13,13,13,0,0,0
1115,9,9,9,5,5,5,5,5,5,5,4,4,4,4,13,13,13,13,13,13,13,0,13,0
1116,9,2,2,2,2,2,11,2,2,5,5,2,2,5,5,2,12,5,5,5,5,0,0,0
1117,4,4,4,4,4,6,6,6,6,6,6,6,1,1,1,1,6,6,16,16,16,16,16,16
1118,9,9,9,5,5,5,5,5,5,5,4,4,4,4,13,13,13,13,13,13,13,0,0,0
1119,9,9,5,5,5,5,4,11,4,4,4,4,4,4,5,13,13,2,2,2,13,13,13,0
1120,5,5,5,5,5,5,5,5,5,5,4,4,4,4,4,13,13,13,13,13,13,0,0,0
1121,5,5,5,5,5,5,5,5,5,5,4,4,4,4,4,13,13,13,13,13,13,0,13,0
1122,9,9,9,5,5,9,4,11,11,11,4,4,4,4,4,13,2,2,2,2,13,13,13,13
1123,9,9,5,5,5,5,4,11,5,5,4,4,4,4,4,13,13,13,13,13,13,0,0,0
1124,9,9,9,9,9,9,9,9,11,11,4,9,4,8,4,4,2,2,2,2,13,13,13,13
1125,9,9,5,5,5,5,5,5,5,5,4,4,4,4,5,13,13,13,2,4,13,0,0,0
1126,9,2,2,2,2,5,5,5,5,5,5,2,4,4,13,13,13,13,13,13,12,0,0,0
1127,9,5,5,5,5,5,5,5,5,5,4,4,4,4,4,0,0,13,13,13,13,0,0,0
1128,9,9,5,5,5,5,5,11,5,11,4,4,4,4,4,4,13,13,13,13,13,0,0,0
1129,5,5,5,5,5,5,5,5,5,5,4,4,4,4,4,13,2,2,2,2,13,13,13,0
1130,9,5,5,5,5,5,5,5,5,5,4,4,4,4,4,0,0,13,13,13,13,0,0,0
1131,7,7,7,11,4,7,7,6,0,14,4,4,5,5,0,0,0,7,7,7,7,1,1,1
1132,9,9,5,5,5,5,5,5,5,5,4,4,4,4,5,13,13,13,13,13,13,0,13,0
1133,9,9,9,9,9,9,9,5,5,5,4,4,4,4,5,13,8,5,5,8,5,0,0,0
1134,4,4,4,4,4,6,6,6,6,6,6,10,10,10,10,10,10,10,10,10,10,10,10,10
1135,4,4,4,4,4,6,6,6,6,6,6,10,10,10,10,0,0,0,16,1,1,15,15,15
1136,0,0,0,0,0,0,0,0,0,0,0,0,0,0,0,0,0,0,3,3,3,3,15,15
1137,11,11,11,3,7,11,11,8,8,8,8,8,8,8,8,8,7,7,7,7,7,7,7,13
1138,3,7,7,11,0,7,7,8,8,3,3,4,4,0,0,0,0,0,7,7,7,1,1,1
1139,11,11,11,3,7,11,11,8,8,8,8,8,8,8,8,8,7,7,7,7,7,7,7,13
1140,4,4,4,4,4,6,6,6,6,6,6,10,10,10,6,10,10,0,16,1,1,10,10,15
1141,0,0,0,0,0,0,0,0,0,0,0,0,0,0,0,0,0,7,7,7,3,1,1,1
1142,7,3,3,3,4,7,7,8,8,8,8,8,8,7,7,7,7,7,7,7,7,7,7,15
1143,0,0,0,0,0,4,4,4,4,4,4,4,4,4,4,4,4,4,4,2,13,13,13,0
1144,11,11,11,9,2,9,11,11,11,11,11,11,8,8,2,8,8,13,2,8,8,8,13,13
1146,0,0,0,0,5,4,4,4,4,4,4,4,4,4,4,4,4,4,4,2,13,4,4,4
1147,7,3,7,7,7,7,7,8,8,8,8,8,8,5,5,5,1,7,7,1,1,15,15,1
1148,11,7,7,7,7,11,11,8,8,8,8,8,8,8,7,8,7,7,7,7,7,7,7,13
1149,11,11,3,3,7,7,7,8,8,8,8,8,8,8,8,8,7,7,7,7,7,7,7,13
1150,4,4,4,4,4,6,6,6,6,6,6,6,1,1,1,1,1,1,1,1,17,15,15,15
1151,3,3,3,3,0,4,3,3,3,3,3,4,4,4,4,4,4,4,4,4,4,4,4,4
1152,0,0,0,0,0,4,3,3,3,3,3,3,3,3,3,3,3,3,3,3,3,3,3,3
1153,14,14,14,14,14,14,14,6,8,14,14,6,6,6,6,6,7,6,6,6,6,6,6,6
1154,3,3,3,0,0,4,3,3,3,3,4,4,4,4,4,4,4,4,0,0,0,4,4,4
1155,11,11,11,11,11,11,11,11,8,8,11,11,8,2,2,2,2,2,2,12,12,12,12,13
1157,0,0,0,0,5,4,4,4,4,4,4,4,4,4,4,4,4,4,4,4,4,4,4,4
1158,5,11,11,5,5,11,4,4,4,8,8,4,4,4,5,4,4,4,4,4,4,4,4,4
1159,11,7,7,7,7,9,9,9,8,8,8,8,8,7,7,7,7,7,7,7,7,7,7,13
1160,7,7,4,4,11,11,11,8,8,14,14,4,0,0,0,0,0,0,4,4,7,1,1,1
1161,3,3,3,3,3,4,7,8,4,0,3,4,4,4,4,4,4,4,4,4,7,1,4,4
1163,7,4,4,4,11,11,11,11,11,14,14,11,6,6,6,2,0,2,7,7,7,6,6,6
1164,0,0,0,0,5,4,11,11,11,11,11,11,8,2,4,4,4,2,2,12,7,12,12,0
1165,0,0,0,0,0,0,0,0,0,0,0,0,0,0,0,0,0,0,3,3,3,1,1,1
1166,2,11,11,2,2,11,11,11,11,11,11,11,8,2,2,2,2,2,2,12,12,12,12,13
1167,11,11,11,11,11,11,11,11,11,11,11,11,8,2,2,2,2,2,2,12,12,12,12,13
1168,7,5,5,5,5,4,4,4,4,8,8,8,8,8,5,4,4,4,4,4,4,4,4,4
1169,4,4,4,4,0,6,6,6,6,6,10,10,10,10,6,0,0,0,3,3,1,15,15,15
1170,7,7,7,7,7,7,7,8,8,8,8,8,8,7,7,8,7,7,7,7,7,7,7,7
1171,7,7,7,7,7,7,7,6,8,8,8,8,8,7,7,7,7,7,7,6,7,7,7,7
1172,7,7,7,7,7,7,7,8,8,8,8,8,8,7,7,7,7,7,7,6,7,7,7,6
1173,11,9,9,9,7,9,9,9,9,11,8,8,8,8,8,8,7,7,7,7,7,7,7,13
1174,7,7,7,7,7,7,7,8,8,8,8,8,7,7,7,7,7,7,7,7,7,7,6,6
1175,7,7,7,7,7,7,7,7,8,8,7,7,7,7,7,7,7,6,6,6,7,7,6,6
1176,4,4,4,4,4,6,6,6,6,6,6,10,10,10,10,10,10,10,10,10,10,10,10,10
1178,7,3,3,3,4,7,7,7,7,11,7,11,8,2,0,0,0,7,7,6,4,4,4,0
1179,4,4,4,0,0,0,0,0,0,0,0,0,0,0,0,0,0,0,0,0,0,1,1,1
1180,0,0,0,0,0,0,0,0,5,5,4,0,0,0,0,0,0,0,0,0,0,0,0,1
1181,4,4,4,4,4,6,6,6,0,0,0,0,0,0,0,0,0,0,16,16,1,1,1,1
1184,0,0,0,0,0,0,0,0,0,0,0,0,0,0,0,0,0,0,0,0,0,1,1,1
1185,4,4,4,3,3,4,3,3,3,3,4,4,4,0,4,4,4,4,0,0,0,0,0,1
1186,4,4,4,4,4,6,6,6,6,6,6,6,6,6,6,6,6,6,10,10,10,10,10,15
1187,4,4,4,4,4,6,6,6,0,0,0,0,0,0,0,0,0,0,0,0,0,1,1,1
1188,4,4,4,4,4,6,6,6,6,6,6,10,10,10,10,10,10,10,10,10,10,10,10,10
1189,11,11,11,3,3,3,9,9,9,9,8,8,8,5,5,5,4,7,4,7,4,4,4,4
1190,4,4,4,4,4,6,6,6,6,6,6,10,10,10,10,10,10,0,10,10,10,10,10,10
1191,3,7,7,11,4,7,7,3,3,3,3,3,3,3,3,3,3,7,7,7,7,7,7,4
1192,7,7,7,3,7,7,7,9,8,8,8,8,8,7,7,7,7,7,7,7,7,7,7,4
1193,7,7,7,11,11,7,7,11,3,8,8,4,5,5,4,4,7,7,7,7,7,4,4,4
1194,7,7,7,7,7,7,2,2,2,2,7,5,5,5,5,5,5,5,6,4,7,1,1,1
1195,7,7,9,7,7,9,9,9,2,9,9,9,9,5,5,5,5,5,5,5,5,0,0,0
1196,7,7,7,3,3,7,7,9,9,9,9,9,9,8,8,8,8,8,8,8,8,8,8,8
1197,4,4,4,4,4,6,6,6,6,6,6,6,6,0,0,0,0,0,16,3,1,1,1,1
1198,6,6,1,1,1,1,1,1,1,1,1,1,1,1,1,1,1,1,1,1,1,15,15,15
1200,0,5,5,5,5,5,5,5,5,5,5,5,5,5,0,0,5,5,4,4,4,0,0,0
1201,9,9,9,9,9,9,9,9,9,9,9,9,9,8,8,8,8,8,8,8,8,8,8,8
1203,9,9,9,9,9,9,9,5,5,5,5,5,5,4,5,4,4,5,5,4,4,4,4,8
1204,2,11,11,2,2,11,11,11,11,11,2,11,8,2,2,2,2,12,12,12,12,12,12,12
1205,9,9,9,9,9,9,9,9,9,9,9,9,9,5,13,13,8,8,8,8,4,4,8,8
1206,5,5,5,5,5,5,5,5,5,5,5,5,5,5,0,0,5,5,4,4,4,4,0,1
1207,9,9,9,9,9,9,9,5,2,2,5,5,5,5,5,5,5,7,4,4,1,4,1,1
1208,9,9,9,9,9,9,9,9,9,9,9,9,9,8,8,8,8,8,8,8,8,8,8,13
1209,9,2,2,2,9,9,9,5,5,5,5,5,5,5,5,5,5,5,5,8,4,4,8,8
1210,2,2,2,2,2,9,9,5,2,2,5,2,5,5,2,8,12,12,6,6,12,12,4,12
1211,9,9,9,9,9,9,5,5,5,5,5,5,5,5,4,0,0,5,4,4,4,1,1,1
1212,4,4,4,0,0,0,0,1,1,1,5,5,5,5,0,0,0,0,4,4,1,1,1,1
1213,9,9,9,2,2,9,9,5,5,5,5,2,2,5,5,8,8,8,8,8,4,0,0,0
1214,11,9,9,9,2,9,9,11,11,11,4,4,4,4,4,13,13,13,2,13,13,0,13,13
1215,9,9,9,9,9,9,9,5,9,5,5,9,5,5,5,5,8,5,8,8,4,4,8,8
1217,9,9,9,9,9,9,9,9,9,9,5,5,5,5,5,5,8,5,5,8,4,4,8,8
1218,9,9,9,9,9,9,9,9,9,5,5,9,5,4,13,13,13,5,5,8,4,4,8,8
1219,5,5,5,5,5,5,5,5,5,5,5,5,4,4,13,13,13,13,5,5,5,0,0,0
1220,2,9,2,9,9,9,9,9,9,9,9,9,9,5,5,5,8,5,8,8,4,4,8,8
1221,9,9,9,9,9,9,9,5,5,5,5,5,5,5,5,5,5,7,4,4,1,1,1,1
1222,2,2,2,2,2,2,9,5,5,5,5,2,2,5,2,8,8,8,8,12,12,12,8,8
1223,2,9,2,2,2,2,2,5,9,5,5,2,2,5,13,13,12,12,12,12,12,12,8,12
1224,4,4,4,4,4,6,6,6,6,6,6,1,1,1,1,1,1,10,10,10,17,10,10,10
1225,11,9,9,3,3,3,7,6,8,8,8,8,8,8,5,5,5,7,4,7,1,15,15,1
1226,4,3,4,4,4,6,0,0,0,0,1,1,1,1,1,5,5,1,1,1,1,1,1,15
1227,0,0,0,0,0,4,3,3,3,3,3,4,4,4,4,0,0,0,0,3,1,1,1,1
1228,9,9,9,9,9,9,3,3,9,9,9,9,5,5,5,5,5,5,4,4,4,1,1,1
1229,4,4,4,0,0,0,0,0,0,0,0,0,0,0,0,0,0,0,16,3,1,1,1,1
1230,4,3,3,3,4,6,6,6,6,3,3,3,3,1,1,1,1,1,1,1,1,15,15,15
1231,0,0,0,0,0,0,0,0,0,0,0,0,0,0,0,0,0,0,3,3,3,3,1,1
1232,0,0,0,0,3,3,7,8,4,0,3,4,4,0,0,0,0,0,4,7,7,1,1,1
1233,4,4,4,4,4,6,6,6,6,6,6,1,1,1,1,1,1,1,1,1,17,15,15,15
1234,4,4,4,0,0,6,6,0,0,0,0,0,0,5,0,0,0,0,16,3,1,1,1,1
1235,7,3,3,3,3,3,7,6,6,3,0,4,5,5,5,5,5,7,4,3,1,1,1,1
1236,4,4,4,4,4,6,6,6,6,6,6,10,6,6,6,0,0,0,16,3,1,15,15,15
1237,9,9,9,9,9,9,4,4,4,9,9,4,5,5,5,5,5,5,4,4,4,4,1,1
1238,4,4,4,0,0,6,6,6,6,6,6,0,6,6,6,0,0,0,16,3,1,1,1,15
1240,11,7,9,9,7,7,7,8,8,8,8,8,8,8,8,8,7,7,7,7,7,7,7,13
1241,5,9,9,9,9,3,3,3,3,3,9,9,9,5,8,5,5,5,4,4,1,1,1,1
1242,9,9,9,9,9,9,9,9,9,9,9,9,9,8,8,8,8,8,8,8,8,8,8,13
1243,4,4,4,4,4,6,6,6,6,6,6,6,1,1,1,1,1,1,1,1,10,10,10,10
1244,5,5,5,5,5,9,9,9,9,9,4,4,4,4,4,13,13,13,13,13,13,0,0,8
1246,11,9,9,9,7,7,7,7,8,8,8,8,8,8,8,8,8,7,7,7,7,7,8,13
1249,11,11,9,9,7,7,7,8,8,8,8,8,8,8,8,8,8,7,7,7,7,7,7,13
1250,1,1,1,1,1,0,0,0,0,0,0,0,8,1,1,1,1,7,7,7,7,7,15,15
1251,11,11,9,9,9,9,9,9,9,11,8,8,8,8,8,8,8,8,8,12,12,12,12,13
1252,5,3,3,9,3,3,3,3,3,3,3,4,5,5,5,5,0,0,0,3,1,1,1,1
1253,9,2,9,9,2,9,9,9,9,9,9,9,9,8,8,8,8,8,8,8,8,8,8,13
1254,11,11,11,7,7,7,7,8,8,8,8,8,8,8,8,8,8,7,7,7,7,7,7,13
1256,11,11,9,9,11,11,11,11,11,11,11,11,8,8,2,8,13,5,7,7,7,7,4,4
1257,11,11,11,11,11,11,11,11,11,11,11,11,11,2,2,2,13,13,2,2,13,13,13,13
1258,4,4,4,4,4,6,6,6,6,6,6,1,1,10,10,10,1,1,1,1,1,15,10,10
1259,5,5,5,0,0,0,0,0,0,14,4,4,11,0,0,0,0,0,0,0,0,0,0,1
1260,0,0,0,0,0,0,0,0,0,0,0,0,0,0,0,0,0,0,16,3,1,1,1,1
1261,3,3,3,11,11,3,9,9,9,9,9,4,4,4,4,13,13,13,13,8,8,8,8,8
1262,4,4,4,4,11,7,7,5,5,9,9,4,5,0,0,0,0,5,5,4,4,0,0,0
1264,11,11,9,7,7,7,7,7,7,7,8,8,8,8,7,7,7,7,8,8,8,8,8,13
1265,7,7,7,7,11,7,7,4,4,9,9,4,5,5,5,5,5,5,5,4,4,4,0,8
1266,9,9,9,9,9,9,9,9,9,9,9,9,9,8,8,8,8,8,8,8,8,8,8,8
1267,5,9,9,9,9,9,9,9,9,9,9,3,9,8,8,8,8,8,8,8,8,8,8,8
1268,9,9,9,3,5,9,9,9,9,9,9,9,9,8,8,8,8,8,8,8,8,8,13,13
1269,9,9,9,9,9,9,9,9,9,9,9,9,9,8,8,8,8,8,8,8,8,8,13,13
1270,5,5,5,5,5,5,5,5,5,5,4,4,11,0,0,0,0,13,0,0,0,0,0,0
1271,5,5,9,9,2,9,9,9,9,9,9,9,9,8,8,8,8,8,12,12,12,8,8,8
1272,5,5,5,5,5,5,9,9,9,9,4,4,4,4,4,13,13,13,8,8,13,0,0,0
1273,5,5,9,9,9,9,9,9,9,9,9,9,9,8,8,8,12,12,12,12,12,8,8,8
1274,11,11,9,9,7,9,9,9,9,11,8,8,9,8,8,8,8,8,8,12,12,12,12,13
1275,4,4,3,3,4,7,7,8,8,8,8,8,8,7,7,7,7,7,7,7,7,7,7,7
1276,3,3,3,11,11,11,11,11,11,11,11,11,11,2,2,2,2,2,2,5,5,13,13,0
1277,5,5,5,5,5,3,5,9,9,9,4,4,4,4,4,13,13,13,13,13,13,0,0,0
1278,5,5,5,11,11,11,11,11,11,11,11,9,2,8,2,2,2,2,2,12,12,12,12,12
1279,9,9,9,9,9,9,9,9,9,9,9,9,9,8,8,8,8,8,8,8,8,8,8,13
1280,2,11,11,11,11,11,11,11,11,11,11,11,11,2,2,2,2,2,2,12,12,12,12,8
1281,9,9,9,9,9,9,9,9,9,9,9,4,4,4,5,4,4,13,13,13,13,0,0,8
1282,7,7,7,3,7,3,3,3,3,3,3,9,9,8,8,8,8,8,8,8,8,8,8,8
1284,5,5,5,5,5,3,9,11,9,9,4,4,4,4,4,13,13,13,13,13,5,0,0,0
1285,0,0,0,0,0,4,4,4,4,4,4,4,4,4,4,4,4,4,4,4,4,0,0,4
1286,2,11,11,11,11,11,11,11,11,11,4,9,9,4,4,13,13,13,2,8,13,8,13,13
1287,3,3,3,5,5,5,4,4,9,9,9,4,4,4,4,13,13,13,13,13,13,0,0,8
1288,9,9,9,5,5,9,9,9,9,9,9,9,9,4,4,13,13,13,13,8,13,13,13,8
1289,5,5,3,3,3,3,3,9,9,9,9,9,7,8,8,8,8,8,8,8,8,8,8,8
1290,3,3,3,11,11,11,11,11,11,11,11,11,11,2,2,13,2,2,2,2,13,13,13,13
1291,5,5,9,3,9,9,9,9,9,9,9,9,9,8,8,8,8,8,8,8,8,8,8,8
1292,5,5,9,5,5,3,9,11,11,11,11,9,4,4,13,13,13,5,2,5,5,0,0,0
1293,4,4,4,0,0,0,7,5,9,9,9,4,4,4,4,0,0,13,13,13,5,0,0,0
1294,5,4,4,7,11,7,7,5,5,9,9,4,5,5,5,5,5,5,13,4,5,0,8,8
1295,5,5,5,11,5,5,11,11,11,5,4,4,4,4,4,13,13,13,13,13,13,0,0,0
1296,5,5,9,11,11,11,11,11,11,11,11,9,2,8,2,8,8,8,8,12,12,12,12,12
1297,5,3,3,3,3,3,3,3,3,3,3,9,9,8,8,8,8,8,8,8,8,8,13,13
1298,5,5,5,5,5,3,9,11,11,11,11,9,9,8,8,13,13,2,2,8,12,8,0,8
1299,5,5,9,9,9,9,9,9,9,9,9,9,9,8,8,8,8,8,8,8,8,8,8,8
1300,5,11,11,11,11,11,11,11,11,11,11,11,11,2,2,2,5,5,5,5,5,6,4,8
1301,5,5,5,5,5,9,9,9,9,9,9,4,4,4,4,13,13,13,13,13,13,8,0,8
1302,7,7,7,11,11,7,7,6,7,7,14,4,11,0,0,0,0,5,5,5,7,0,0,0
1303,4,4,4,4,4,6,6,6,6,6,6,1,6,6,6,0,0,0,16,16,1,15,15,15
1304,5,5,5,5,5,5,5,5,5,5,4,4,4,4,4,4,13,13,13,13,13,0,0,0
1305,0,5,5,5,0,0,5,5,5,5,4,4,4,0,0,0,0,2,0,0,0,0,0,0
1306,9,9,5,5,5,5,4,9,9,5,4,4,4,4,4,13,13,13,13,13,13,0,0,8
1308,0,0,0,5,5,9,9,5,9,9,9,9,4,4,4,13,4,4,4,7,4,4,4,4
1309,9,9,9,9,9,9,9,9,9,9,9,9,9,8,8,8,8,8,8,8,8,8,13,8
1310,11,11,11,5,5,9,9,9,9,11,9,4,4,4,4,13,4,4,4,7,4,13,13,13
1311,9,9,9,9,9,9,9,9,9,9,9,9,9,8,8,8,8,8,8,8,8,8,8,8
1312,11,11,11,5,5,9,4,11,11,11,4,4,4,4,4,13,2,2,2,2,13,13,13,13
1313,9,9,9,9,9,9,9,9,9,9,9,9,9,8,8,8,8,8,8,8,8,8,8,8
1314,11,9,9,9,9,9,9,9,9,9,9,9,9,8,8,8,8,8,8,8,8,8,8,8
1315,4,4,4,4,4,7,7,6,8,8,6,1,1,1,1,1,1,6,1,1,1,15,15,15
1316,5,5,5,11,5,5,5,5,5,5,5,5,5,5,13,0,5,5,4,4,4,4,0,0
1317,9,9,9,9,9,9,9,9,9,9,9,9,9,8,8,8,8,8,8,8,8,8,8,8
1319,9,9,9,9,9,9,9,9,9,9,9,9,9,8,8,8,8,8,8,8,8,8,8,13
1320,9,9,9,9,9,9,9,9,9,9,9,9,9,8,8,8,8,8,8,8,8,8,8,13
1321,0,5,5,5,0,0,5,5,5,5,4,4,0,0,0,0,0,0,0,13,13,0,0,0
1322,9,9,9,9,9,9,9,9,9,9,9,9,9,8,8,8,8,8,8,8,8,8,8,8
1323,9,9,9,9,2,9,9,9,9,9,9,9,9,8,8,8,8,8,12,12,12,8,8,8
1324,2,11,11,11,11,11,11,11,11,11,11,9,9,8,8,8,8,8,8,8,8,8,8,13
1325,11,9,9,9,2,9,9,9,11,11,4,2,8,8,2,8,8,13,12,12,8,8,13,12
1326,3,3,3,3,11,11,11,11,11,11,11,11,4,4,4,13,13,2,2,2,13,0,8,8
1327,9,9,9,9,9,9,9,9,9,9,9,9,9,8,8,8,8,8,8,8,8,8,8,8
1328,9,9,9,9,9,9,9,5,9,5,5,9,5,5,5,8,8,5,5,8,4,4,8,8
1329,9,9,9,9,9,9,5,5,5,5,4,4,4,4,4,13,13,13,13,13,13,0,0,8
1330,9,5,5,5,9,9,5,5,9,9,9,9,9,4,13,13,13,13,8,8,8,8,8,8
1331,11,9,9,9,9,9,9,9,9,2,9,2,9,8,8,8,8,8,8,8,8,8,13,13
1333,4,4,4,4,4,6,6,6,6,6,6,10,10,10,10,0,0,0,3,3,1,15,15,15
1334,4,4,4,0,0,0,0,0,0,0,0,0,0,0,0,0,0,0,0,0,0,1,1,1
1335,11,11,9,9,2,9,9,9,9,11,11,9,8,8,8,8,2,12,12,12,12,12,12,12
1336,11,2,9,9,2,9,9,9,9,11,11,9,8,8,2,8,2,12,12,12,12,12,12,12
1337,5,5,11,11,11,11,11,11,11,11,11,11,11,2,2,2,2,2,2,0,0,12,12,12
1338,5,5,5,5,5,5,5,5,5,5,4,4,4,4,13,13,13,13,13,13,13,0,0,0
1339,11,11,9,9,11,11,9,9,11,11,11,11,8,2,2,2,2,2,7,12,12,12,12,12
1340,9,9,9,9,9,9,9,9,9,9,9,9,9,8,8,8,13,13,13,13,13,8,8,8
1341,5,5,5,5,5,3,9,9,9,9,9,4,4,4,13,13,13,13,13,13,13,0,0,0
1343,11,11,11,11,11,11,11,11,11,11,11,11,11,2,2,2,2,12,12,12,12,12,12,12
1344,2,2,2,2,2,2,2,2,2,2,2,9,2,4,13,13,12,12,12,12,12,8,8,8
1345,11,9,9,9,9,9,9,9,9,9,9,9,9,8,8,8,8,8,12,12,12,8,8,8
1346,11,2,9,9,2,9,9,9,9,9,9,9,9,8,8,8,8,8,8,8,8,8,8,8
1347,5,5,5,5,5,5,5,5,5,5,4,11,11,2,13,13,13,13,13,13,13,0,0,0
1348,9,2,9,9,2,2,2,9,9,9,9,9,9,8,8,8,8,12,12,12,12,12,12,12
1349,11,9,9,9,2,2,9,9,9,2,9,9,9,8,8,8,8,8,12,12,12,12,12,12
1350,9,2,9,9,2,9,9,9,11,11,2,9,2,8,2,8,12,12,12,12,12,8,8,8
1351,7,7,7,7,7,7,7,7,2,7,7,7,7,7,7,7,2,12,12,12,6,6,6,6
1352,11,11,11,11,11,11,11,11,11,11,11,11,8,8,2,8,2,2,8,12,12,12,12,12
1353,14,14,2,2,2,2,2,2,2,2,2,2,2,7,2,2,12,12,12,12,12,12,12,12
1355,11,2,9,9,2,9,9,9,9,11,11,9,9,8,8,8,8,5,5,5,12,8,8,8
1356,5,5,9,11,11,3,11,11,11,11,11,9,9,8,8,13,13,13,13,13,12,8,8,8
1357,5,11,11,11,11,11,11,11,11,11,11,11,8,2,2,2,2,2,2,2,13,12,12,0
1358,11,9,9,9,7,9,9,9,9,11,11,9,8,8,8,8,8,8,8,8,12,8,8,8
1392,0,0,0,0,0,4,4,0,0,4,4,4,4,4,4,4,4,4,4,4,4,4,4,1
1393,0,0,0,0,0,4,4,4,4,4,4,4,4,4,4,4,4,4,4,4,7,1,1,1
1394,0,0,0,0,0,0,0,0,0,0,0,0,0,0,0,0,0,0,4,4,1,1,1,1
1395,1,1,1,1,1,1,1,1,1,1,1,1,1,1,1,1,1,1,1,1,17,15,15,15
1396,1,1,1,1,1,1,1,1,1,1,1,1,1,1,1,1,1,1,1,1,1,15,15,15
1397,1,1,1,1,1,1,1,1,1,1,1,1,1,1,1,1,1,1,1,1,1,15,15,15
1398,0,0,0,0,0,0,0,0,0,0,0,0,0,0,0,0,0,0,3,3,3,1,1,1
1399,0,0,0,0,0,0,0,0,0,0,0,0,0,0,0,0,0,0,4,3,1,1,1,1
1400,1,1,1,1,1,1,1,1,1,1,1,1,1,1,1,1,1,1,1,1,1,15,15,15
1401,0,0,0,0,0,0,0,4,4,4,0,0,0,0,0,0,0,7,4,4,1,1,1,1
1402,1,1,1,1,1,1,1,1,1,1,1,1,1,1,1,1,1,1,1,1,1,15,15,15
1403,1,1,1,1,1,1,1,1,1,1,1,1,1,1,1,1,1,1,1,1,1,15,15,15
1404,0,0,0,0,5,4,4,4,4,4,4,4,4,4,4,4,4,4,4,4,4,1,1,1
1405,0,0,0,0,0,0,0,0,5,5,5,5,5,5,0,0,0,0,4,4,1,1,1,1
1406,0,0,0,0,0,4,4,4,4,4,0,0,0,0,0,0,4,4,4,4,4,4,1,1
1407,0,0,0,0,0,0,0,0,0,0,0,0,0,0,0,0,0,0,3,3,3,1,1,1
1408,1,1,1,1,1,1,1,1,1,1,1,1,1,1,1,1,1,1,1,1,1,15,15,15
1409,1,1,1,1,1,1,1,1,1,1,1,1,1,1,1,1,1,1,1,1,17,15,15,15
1410,4,4,4,4,4,6,6,6,6,6,6,1,1,1,1,1,1,1,1,1,1,15,15,15
1411,4,4,4,4,4,7,7,6,1,1,1,1,1,1,1,1,1,1,1,1,1,15,15,15
1412,2,2,2,2,2,2,2,2,2,2,2,2,2,2,2,2,12,12,12,12,12,12,12,12
1413,4,7,7,11,0,0,0,0,0,14,5,5,5,0,0,0,0,0,4,4,4,4,0,1
1414,5,5,5,5,5,9,9,9,9,5,5,2,4,4,13,13,13,5,8,8,4,4,8,8
1415,2,2,2,2,2,9,9,5,2,2,5,2,5,5,2,8,8,8,8,8,8,12,4,12
1416,2,2,9,9,2,9,9,9,9,9,9,9,5,5,13,8,8,8,8,13,12,4,8,8
1417,2,14,2,2,2,2,2,2,2,2,5,2,2,5,13,5,12,12,12,12,12,12,4,12
1419,2,2,2,2,2,2,2,2,2,2,2,2,2,2,2,2,8,8,5,8,12,12,4,12
1420,2,2,2,2,2,2,2,2,9,2,9,2,2,2,2,2,12,12,12,12,12,8,8,8
1421,2,11,11,11,11,11,9,9,9,11,2,11,8,2,2,2,2,12,12,12,12,12,12,12
1422,7,14,2,2,9,9,9,5,2,2,5,5,5,5,5,5,5,5,5,8,4,4,8,8
1423,9,9,9,9,9,9,9,9,9,9,9,9,9,5,5,8,8,8,8,8,8,4,8,8
1425,14,14,14,2,2,2,2,5,5,5,5,5,5,5,5,5,5,5,5,5,4,4,6,0
1426,2,2,2,2,2,2,2,2,2,2,5,2,2,5,2,2,12,12,12,12,12,12,4,12
1427,14,14,2,2,2,2,2,5,2,2,5,5,5,5,5,5,5,5,5,5,5,0,0,12
1428,14,14,2,2,2,2,2,2,2,2,2,2,2,7,2,2,12,12,12,12,12,12,4,12
1429,2,2,2,2,2,9,9,5,9,5,5,2,2,4,13,13,13,13,8,8,12,4,8,8
1430,0,0,0,0,0,4,3,3,3,3,3,3,3,3,3,3,3,3,3,3,3,3,3,3
1431,0,0,0,0,5,4,3,3,3,3,3,3,3,3,3,3,3,3,3,3,3,3,3,3
1438,0,0,0,0,5,4,3,3,3,3,3,3,3,3,4,3,3,3,3,3,3,3,3,3
1439,1,1,1,1,1,1,1,1,1,1,1,1,1,1,1,1,1,1,1,1,17,15,15,15
1440,1,1,1,1,1,1,1,1,1,1,1,1,1,1,1,1,1,1,1,1,1,15,15,15
1443,1,1,1,1,1,1,1,1,1,1,1,1,1,1,1,1,1,1,1,1,17,15,15,15
1444,1,1,1,1,1,1,1,1,1,1,1,1,1,1,1,10,1,10,10,10,17,17,17,17
1445,1,1,1,1,1,1,1,1,1,1,1,1,1,1,1,1,1,1,1,1,1,15,15,15
1446,1,1,1,1,1,1,1,1,1,1,1,1,1,1,1,1,1,1,1,1,17,15,15,15
1447,1,1,1,1,1,1,1,1,1,1,1,1,1,1,1,1,1,1,1,1,1,15,15,15
1448,1,1,1,1,1,1,1,1,1,1,1,1,1,1,1,1,1,1,1,1,17,17,17,17
1449,9,9,0,3,3,4,4,4,4,4,4,4,4,4,5,4,4,4,4,4,4,1,1,1
1453,1,1,1,1,1,1,1,1,1,1,1,1,1,1,1,1,1,1,1,1,17,15,15,15
1454,1,1,1,1,1,1,1,1,1,1,1,1,1,1,1,1,1,1,1,1,1,15,15,15
1456,1,1,1,1,1,1,1,1,1,1,1,1,1,1,1,1,1,10,10,10,17,17,17,17
1457,1,1,1,1,1,1,1,1,1,1,1,1,1,1,1,1,1,1,1,1,17,15,15,15
1459,1,1,1,1,1,1,1,1,1,1,1,1,1,1,1,1,1,1,1,1,17,15,15,15
1461,1,1,1,1,1,1,1,1,1,1,1,1,1,1,1,1,1,1,1,1,17,15,15,15
1463,1,1,1,1,1,1,1,1,1,1,1,1,1,1,1,1,1,1,1,1,1,15,15,15
1464,1,1,1,1,1,1,1,1,1,1,1,1,1,1,1,1,1,1,1,1,17,15,15,15
1465,1,1,1,1,1,1,1,1,1,1,1,1,1,1,1,1,1,1,1,1,17,15,15,15
1467,1,1,1,1,1,1,1,1,1,1,1,1,1,1,1,1,1,1,1,1,17,15,15,15
1468,1,1,1,1,1,1,1,1,1,1,1,1,1,1,1,1,1,1,1,1,1,15,15,15
1472,1,1,1,1,1,1,1,1,1,1,1,1,1,1,1,1,1,1,1,1,1,15,15,15
1473,0,0,0,0,0,0,0,0,0,0,5,5,0,0,0,0,0,0,4,4,1,1,1,1
1474,0,0,0,0,0,0,0,0,0,5,5,4,0,0,0,0,0,0,0,4,0,0,0,1
1475,1,1,1,1,1,1,1,10,10,1,1,1,10,10,10,10,10,10,10,10,17,17,17,17
1477,1,1,1,1,1,1,1,1,1,1,1,1,1,1,1,1,1,1,1,1,1,15,15,15
1478,9,9,9,9,1,1,0,5,5,5,5,5,5,5,5,5,5,7,4,4,1,1,1,1
1480,1,1,1,1,1,1,1,1,1,1,1,1,1,1,1,1,1,1,1,1,1,15,15,15
1481,1,1,1,1,1,1,1,1,1,1,1,1,1,1,1,1,1,1,1,1,17,15,15,15
1483,0,0,0,0,0,0,0,0,0,0,5,5,5,5,0,0,0,0,4,4,1,1,1,1
1484,1,1,1,1,1,1,1,1,1,1,1,1,1,1,1,1,1,1,1,1,1,15,15,15
1486,9,9,9,9,1,1,1,1,5,5,5,5,5,5,5,5,5,7,4,4,1,1,1,1
1488,1,1,1,1,1,1,1,1,1,1,1,1,1,1,1,1,1,1,1,1,17,15,15,15
1489,1,1,1,1,1,1,1,1,1,1,1,1,1,1,1,1,1,1,1,4,1,1,1,15
1490,1,1,1,1,1,1,1,1,1,1,1,1,1,1,1,1,1,1,1,1,1,15,15,15
1491,1,1,1,1,1,1,1,1,1,1,1,1,1,1,1,1,1,1,1,1,1,15,15,15
1492,1,1,1,1,1,1,1,1,1,1,1,1,1,1,1,1,1,1,1,1,1,15,15,15
1493,1,1,1,1,1,1,1,1,1,1,1,1,1,1,1,1,1,1,1,1,17,15,15,15
1494,9,9,9,9,9,9,9,5,5,5,5,5,5,5,5,5,5,5,4,4,4,4,0,1
1495,1,1,1,1,1,1,1,1,1,1,1,1,1,1,1,1,1,1,1,1,1,15,15,15
1496,1,1,1,1,1,1,1,1,1,1,1,1,1,1,1,1,1,1,1,1,1,15,15,15
1500,1,1,1,1,1,1,1,1,1,1,1,1,1,1,1,1,1,1,1,1,1,15,15,15
1501,1,1,1,1,1,1,1,1,1,1,1,1,1,1,1,1,1,1,1,1,1,15,15,15
1504,9,9,9,9,1,1,1,1,5,5,5,5,5,5,5,5,5,7,4,4,1,1,1,1
1506,0,0,0,1,0,0,0,0,0,0,0,0,0,0,0,0,0,0,3,3,3,3,15,15
1507,0,0,0,0,0,0,0,0,0,0,0,0,0,0,0,0,0,0,3,3,3,1,1,1
1508,0,0,0,0,0,0,0,0,0,0,0,0,0,0,0,0,0,0,3,3,3,1,1,1
1509,0,0,0,0,0,0,0,0,0,0,0,0,0,0,0,0,0,0,3,3,3,1,1,1
1510,0,0,0,0,0,0,0,0,0,0,0,0,0,0,0,0,0,0,0,0,3,1,1,1
1511,0,0,0,0,0,0,0,0,0,0,0,0,0,0,0,0,0,0,3,3,3,1,1,1
1512,0,0,0,0,0,0,0,0,0,0,0,0,0,0,0,0,0,0,3,3,3,1,1,1
1518,0,0,0,0,0,0,0,0,0,0,0,0,0,0,0,0,0,0,3,3,3,1,1,1
1519,0,0,0,0,0,0,0,0,0,0,0,0,0,0,0,0,0,0,0,0,0,1,1,1
1520,0,0,0,0,5,4,4,4,4,4,4,4,4,4,4,4,4,4,4,4,4,4,4,4
1521,0,0,0,0,0,0,0,0,0,0,0,0,0,0,0,0,0,0,3,3,3,1,1,1
1522,0,0,0,0,5,4,4,4,4,4,4,4,4,4,4,4,4,4,4,4,4,4,4,4
1523,4,4,4,4,4,6,6,6,6,6,10,10,10,10,10,10,10,10,10,10,10,10,10,10
1525,4,4,4,4,4,6,6,6,6,6,6,1,1,1,1,1,1,1,1,1,1,15,15,15
1526,7,3,3,0,0,4,0,0,1,1,1,5,5,5,5,5,5,7,4,4,1,1,1,1
1527,4,4,4,4,4,6,0,0,0,1,1,1,1,1,1,1,1,1,1,1,17,15,17,15
1528,5,11,5,5,5,5,5,2,2,2,5,2,2,5,13,13,13,13,5,5,5,0,0,0
1529,5,5,5,5,5,5,5,5,5,5,4,4,4,4,13,13,13,13,13,13,13,0,0,0
1530,2,2,11,11,11,11,11,2,2,5,5,2,4,4,13,13,13,13,13,13,13,0,0,0
1532,11,9,9,9,2,9,9,9,9,9,5,2,9,8,8,8,8,8,5,8,4,12,4,12
1533,5,5,5,5,5,3,11,11,11,11,4,4,4,4,13,13,13,13,13,13,13,0,0,0
1534,2,11,11,5,5,5,5,5,5,5,5,2,4,4,13,13,13,13,13,13,13,0,0,0
1535,9,5,9,5,5,3,4,11,11,11,4,4,4,4,4,4,4,13,2,2,13,13,13,0
1536,5,5,5,5,5,5,5,5,5,5,5,2,4,4,13,13,13,13,13,13,13,0,0,0
1537,5,5,5,5,5,9,9,9,9,9,9,9,9,8,8,8,8,8,8,8,8,8,8,8
1539,4,5,5,5,5,4,3,0,1,1,5,5,5,5,0,0,0,0,4,4,1,1,1,1
1540,4,4,4,4,0,0,0,0,0,1,1,5,1,1,1,1,1,1,1,1,1,1,1,1
1541,2,2,2,2,2,2,2,2,2,2,2,2,2,2,2,2,12,12,12,12,12,12,12,12
1542,5,5,5,5,5,5,5,5,5,5,5,2,4,4,13,13,13,13,13,13,13,0,0,0
1543,11,2,9,9,2,9,9,9,9,9,9,9,9,8,8,8,8,8,8,8,8,8,8,8
1544,11,11,11,9,2,9,9,9,9,11,8,8,8,8,8,8,8,8,8,8,8,8,13,13
1545,9,9,9,9,9,9,9,9,9,11,8,8,9,8,8,8,8,8,8,8,8,8,8,13
1546,2,2,5,5,5,5,5,5,5,5,4,4,4,4,13,13,13,13,13,13,13,0,0,0
1547,9,9,9,9,9,9,9,9,9,9,9,9,9,8,8,8,8,8,8,8,8,8,8,13
1548,2,11,11,2,2,2,2,2,2,2,2,2,2,2,2,2,2,12,12,12,12,12,12,12
1549,1,0,0,0,0,0,0,0,0,5,4,4,5,0,0,0,0,0,0,0,0,1,1,1
1550,2,14,2,5,5,5,5,9,5,5,5,5,5,5,5,5,5,5,5,5,5,0,0,0
1551,9,9,9,9,9,9,9,9,9,9,9,9,9,8,8,8,8,8,8,8,8,8,8,8
1552,2,2,2,2,2,2,2,2,9,2,9,9,9,8,2,8,12,12,12,12,12,8,8,12
1553,7,14,4,5,5,0,0,6,1,1,5,5,5,5,5,5,5,7,4,4,1,1,1,1
1554,5,5,5,5,5,5,9,9,9,5,5,2,5,5,5,13,13,13,5,5,4,0,0,0
1555,2,11,11,2,2,2,11,11,2,2,2,2,2,2,13,2,12,12,13,13,0,0,6,6
1556,2,5,5,5,9,9,5,5,5,5,5,5,5,5,5,5,5,5,5,5,5,0,0,0
1557,5,5,5,5,5,11,11,11,5,5,9,9,5,5,5,13,13,5,5,5,5,0,0,12
1558,9,9,9,9,9,9,9,9,9,9,8,8,8,8,8,8,8,7,7,7,4,4,4,8
1559,2,2,2,2,2,2,2,2,2,2,2,2,2,2,2,2,12,12,12,12,12,12,12,12
1560,4,4,6,6,6,6,6,6,6,6,6,1,1,1,1,1,1,1,1,1,10,10,15,15
1561,11,2,11,9,2,2,2,2,2,2,2,2,2,2,2,2,12,12,12,12,12,12,12,12
1562,5,5,5,5,5,11,11,11,2,2,2,2,2,4,5,13,13,13,5,4,5,0,0,0
1563,7,7,7,11,11,11,6,6,6,14,5,5,5,5,5,0,0,0,4,1,1,1,1,15
1564,2,11,11,2,2,2,2,2,2,2,2,2,2,2,2,2,12,12,12,12,12,12,12,8
1565,7,11,11,11,11,11,11,11,11,11,2,2,2,2,2,2,2,2,2,2,12,12,12,8
1566,11,2,9,9,2,9,9,9,9,9,9,2,9,8,8,8,12,8,8,8,8,8,8,8
1567,2,11,11,2,2,2,2,2,2,2,2,2,2,2,2,2,2,12,12,12,12,12,12,12
1568,7,14,2,11,11,11,11,5,5,5,5,5,5,5,5,5,5,5,5,5,12,12,6,12
1569,2,2,2,2,2,2,2,2,9,5,5,2,2,5,5,2,12,12,12,12,12,12,12,12
1570,11,2,9,9,2,9,9,9,9,11,8,8,9,8,8,8,8,8,8,8,8,12,12,12
1571,9,9,9,9,9,9,9,9,9,9,9,9,9,8,8,8,8,8,8,8,8,8,8,13
1572,11,9,9,9,7,7,7,8,8,8,8,8,8,8,8,8,7,7,7,7,7,7,7,13
1573,9,9,9,9,9,9,9,9,9,9,9,9,9,8,8,8,8,8,8,8,8,8,8,13
1574,5,5,5,5,5,5,5,5,5,5,4,4,4,4,13,13,13,13,13,13,13,0,0,0
1575,4,4,4,0,0,1,1,1,1,10,1,1,1,1,1,1,1,1,1,1,17,15,15,15
1577,4,4,4,0,0,0,0,5,5,5,5,5,5,5,0,0,0,0,4,4,1,1,1,1
1578,0,0,0,0,5,4,4,5,5,5,5,5,4,4,4,0,0,4,4,4,4,4,1,1
1579,2,11,11,5,5,11,11,11,11,5,4,11,8,2,2,2,2,2,2,0,0,12,12,0
1580,9,9,9,9,9,9,9,9,9,9,9,9,9,8,8,8,8,8,8,8,8,4,8,8
1581,9,9,9,9,9,9,9,9,9,9,9,9,9,5,5,5,8,5,8,8,4,4,8,8
1582,9,9,9,9,9,9,9,9,9,9,9,9,9,8,8,8,8,8,8,8,8,8,8,8
1583,9,5,5,5,5,5,5,5,5,5,4,4,4,4,4,13,13,13,13,13,13,0,0,0
1584,9,9,9,9,9,9,9,9,9,9,9,9,9,8,8,8,8,7,7,7,4,4,4,8
1585,9,9,9,9,9,9,9,9,9,9,9,9,9,8,8,8,8,5,8,8,8,8,8,8
1586,1,1,4,4,0,0,0,0,0,1,1,1,1,1,1,1,1,1,1,1,1,15,15,15
1587,11,9,9,5,5,9,9,9,9,9,9,9,4,4,8,8,8,8,8,8,8,8,8,8
1588,9,9,5,5,5,5,4,11,4,5,4,4,4,4,4,13,13,2,2,2,13,13,13,0
1589,14,14,14,14,11,11,0,5,5,5,5,5,5,5,0,0,0,0,4,4,4,4,0,1
1590,11,9,9,9,9,9,9,5,11,11,8,9,9,8,8,8,8,8,2,2,4,4,4,13
1591,9,9,9,9,9,9,9,9,9,9,9,9,9,8,8,8,8,5,8,8,13,0,0,8
1592,4,4,4,0,0,0,0,0,0,5,4,4,11,0,0,0,0,0,0,4,4,0,0,1
1593,9,9,9,9,9,9,9,9,9,9,9,9,9,8,8,8,8,5,8,13,13,0,8,8
1594,9,9,9,9,9,9,9,9,5,11,4,2,4,4,13,13,8,8,8,8,8,8,8,8
1595,0,5,5,5,5,5,5,5,5,5,4,5,5,5,4,0,0,0,4,4,4,0,0,1
1596,9,9,9,9,9,9,9,9,9,9,9,9,9,8,8,5,8,5,4,4,4,4,0,0
1597,4,4,4,4,6,6,6,6,6,6,6,10,10,10,10,10,10,10,10,10,10,10,10,10
1598,4,4,4,4,4,6,6,6,6,6,6,10,1,1,10,10,10,10,10,10,10,10,10,10
1599,7,7,7,7,4,6,6,6,6,6,6,1,1,1,1,1,1,1,1,1,1,15,15,15
1600,4,4,4,4,4,0,0,0,0,1,1,1,1,1,1,1,1,1,1,1,1,15,15,15
1601,6,6,6,6,6,6,10,10,10,10,10,10,10,10,6,10,10,10,10,10,10,10,10,10
1602,9,9,9,9,9,9,9,9,9,11,8,8,8,8,8,8,7,7,7,8,8,8,8,13
1603,7,7,7,9,3,7,7,8,8,8,8,8,8,8,5,5,5,7,7,7,7,7,7,13
1604,7,11,11,11,11,11,11,11,8,8,8,11,2,2,2,2,7,7,7,7,7,7,7,4
1605,9,9,9,9,2,9,9,9,9,11,9,9,9,8,8,8,8,8,8,8,8,8,8,13
1606,5,2,9,9,9,9,9,9,9,9,9,9,2,5,5,5,5,5,5,5,12,8,8,8
1607,11,2,9,9,2,9,9,9,9,11,8,8,9,8,8,8,8,8,8,8,8,8,8,13
1608,5,5,5,5,11,11,11,3,3,3,4,4,4,5,5,0,0,0,0,0,0,0,0,1
1609,11,11,9,9,7,7,7,8,8,8,8,8,8,7,7,7,7,7,7,7,7,7,7,13
1610,9,9,9,9,9,9,5,5,5,5,9,4,5,5,5,5,5,5,4,4,4,4,8,8
1611,11,9,9,9,9,9,9,11,11,11,4,9,9,8,8,8,8,5,4,4,4,4,8,8
1612,11,9,9,9,5,9,4,4,4,4,4,4,5,5,5,4,4,7,4,4,4,4,4,4
1613,9,9,9,9,9,9,9,9,9,9,9,9,9,8,8,8,8,8,8,8,8,8,8,13
1614,9,9,9,9,9,9,9,9,9,9,9,9,9,8,8,8,8,8,8,8,8,8,8,13
1615,7,7,7,7,7,7,7,6,8,8,6,8,8,8,5,5,5,7,7,7,1,15,15,1
1616,2,2,9,9,2,9,9,9,8,8,5,2,9,7,2,8,8,8,7,7,12,12,7,13
1617,2,2,2,2,2,2,9,9,9,11,8,8,8,8,2,8,8,12,8,12,12,12,12,13
1618,2,2,2,2,2,2,7,8,8,8,5,8,5,5,5,8,8,5,5,4,4,4,0,8
1619,9,9,9,9,9,9,4,4,4,4,8,8,5,5,5,5,5,7,4,4,1,1,1,1
1620,4,4,4,6,6,6,6,6,6,6,6,1,1,1,1,10,1,1,1,10,10,10,10,10
1621,11,11,9,9,9,9,9,9,9,11,8,8,8,8,8,8,8,8,8,8,8,8,8,13
1622,9,9,9,9,9,9,9,9,9,9,9,9,9,8,8,8,8,5,7,8,4,4,8,8
1623,7,7,9,3,3,7,4,8,8,8,8,8,8,8,8,4,4,7,7,4,7,1,1,1
1624,5,5,5,5,5,11,11,11,11,11,4,4,4,4,4,4,4,4,4,4,4,13,13,13
1625,11,9,9,9,9,9,9,11,11,11,11,9,9,8,8,8,8,8,7,7,4,4,4,13
1626,9,9,9,9,9,2,2,9,9,9,9,9,9,8,8,8,8,5,8,8,8,8,8,8
1627,2,2,9,5,5,5,5,11,11,11,4,4,4,4,5,4,4,13,2,8,13,8,8,8
1628,11,2,9,9,2,9,9,9,9,11,8,8,8,8,2,8,8,5,7,7,4,4,4,8
1629,11,9,9,9,9,9,9,9,9,9,9,9,5,5,8,8,8,5,4,4,4,4,4,8
1630,11,11,11,11,11,11,11,11,11,11,11,11,2,2,2,8,5,5,7,12,12,12,7,13
1631,9,9,9,9,9,9,4,4,4,8,8,4,5,5,5,5,5,7,7,7,4,4,4,8
1632,4,4,4,4,4,6,6,6,6,6,6,6,6,6,6,6,6,6,10,10,10,10,10,10
1633,7,7,7,11,11,11,11,11,11,14,14,11,11,0,0,0,2,2,0,0,0,12,12,0
1634,9,9,9,9,0,0,0,5,5,9,4,4,5,5,5,5,5,5,5,4,4,4,8,8
1635,11,11,11,11,11,9,9,9,9,11,8,8,8,8,8,8,8,8,8,8,8,8,8,13
1636,7,7,7,11,11,11,11,11,11,11,11,11,11,2,2,2,2,2,0,0,0,12,12,0
1637,11,11,11,11,11,11,11,11,11,11,11,8,8,8,2,8,8,8,8,12,8,8,8,13
1638,7,7,7,11,11,11,11,11,11,11,11,11,8,2,2,2,2,2,0,0,0,12,12,0
1639,7,7,7,11,11,11,11,11,11,11,11,11,11,2,2,2,2,2,0,0,0,12,12,0
1640,5,5,9,9,2,9,9,9,9,11,11,9,8,8,2,8,2,12,12,12,12,12,12,12
1641,7,7,7,11,11,11,11,11,11,11,11,11,11,2,2,2,2,2,0,0,0,12,12,0
1642,14,14,2,2,2,2,2,2,2,2,2,2,2,2,2,2,2,12,12,12,12,12,12,12
1643,4,7,7,0,0,0,0,0,11,14,14,4,11,0,0,0,0,2,0,0,0,0,0,0
1644,3,3,3,11,11,11,11,11,11,11,4,4,4,4,13,13,13,13,2,2,13,13,13,0
1645,7,7,7,11,11,11,11,11,11,11,11,11,11,2,2,2,2,2,0,0,0,12,0,0
1646,9,5,9,9,5,3,9,9,9,11,9,9,9,8,8,8,8,8,7,7,4,4,4,13
1647,11,2,11,11,11,11,11,11,11,11,11,11,8,2,2,2,2,2,2,12,12,12,12,13
1648,2,11,11,2,11,11,11,11,2,2,11,11,11,2,2,2,2,12,12,12,12,12,12,12
1649,3,3,3,11,11,11,11,11,11,11,11,11,11,2,2,2,2,2,0,0,0,0,12,0
1650,11,11,11,11,11,11,11,11,11,11,11,11,8,2,2,2,2,2,2,12,12,12,12,0
1651,11,11,11,11,11,11,11,11,11,11,11,11,8,2,2,2,2,2,2,12,12,12,12,13
1652,4,7,7,4,4,6,6,6,6,6,6,6,6,6,6,6,6,6,16,16,16,16,16,16
1653,7,11,11,11,11,11,11,11,11,11,11,11,11,2,2,2,2,2,2,0,13,12,12,12
1654,7,7,7,3,11,11,11,11,11,11,11,11,5,5,8,8,8,8,8,12,12,12,12,13
1655,11,9,9,9,5,11,11,11,11,11,4,4,8,8,8,8,2,2,2,2,13,12,12,13
1656,5,7,7,5,11,3,11,11,11,11,11,11,9,5,5,5,8,5,8,8,8,8,8,8
1657,5,5,9,11,11,11,9,9,9,11,8,8,8,8,8,8,8,8,8,12,8,8,8,13
1658,7,7,7,11,11,11,11,11,11,14,14,11,11,0,0,0,0,2,0,0,0,0,12,0
1659,7,7,7,11,11,11,11,8,8,8,8,8,8,8,8,8,8,7,7,7,7,7,7,4
1660,11,11,11,9,2,9,9,9,9,11,9,9,9,8,8,8,8,5,8,8,8,8,8,13
1661,7,7,7,11,11,11,11,11,11,11,11,11,11,2,2,2,2,2,2,12,12,12,12,0
1662,7,7,7,7,4,7,7,3,11,11,11,11,8,2,2,8,8,8,8,12,12,12,12,13
1663,2,11,11,11,11,11,11,11,11,11,11,11,11,2,2,2,2,2,0,0,0,12,12,12
1664,5,5,9,5,5,3,9,11,11,11,4,4,4,4,13,13,8,13,2,13,13,0,13,0
1665,4,4,4,4,4,6,6,6,6,6,6,6,6,6,6,6,6,6,16,16,16,16,16,16
1666,7,14,2,2,2,2,2,2,2,7,2,2,2,7,2,2,2,6,6,6,6,6,4,12
1667,7,7,4,0,0,6,6,6,6,5,5,5,5,5,5,5,5,7,16,16,1,1,1,1
1668,4,4,4,4,4,6,6,6,6,6,6,6,6,6,6,10,6,6,16,16,16,16,16,15
1669,0,5,5,5,0,0,0,0,11,5,4,4,0,0,0,0,0,0,0,0,0,0,0,1
1670,5,5,5,11,11,11,11,11,11,14,14,4,11,0,0,0,0,2,0,0,0,0,0,0
1671,0,5,5,5,0,0,0,0,11,14,14,4,11,0,0,0,0,2,0,0,0,0,0,0
1672,0,5,5,0,0,0,0,0,0,0,0,0,0,0,0,0,0,0,0,0,0,1,1,1
1673,0,0,0,0,0,0,0,0,0,0,0,0,0,0,0,0,0,0,0,0,0,1,1,1
1674,7,7,7,11,0,0,0,0,0,14,14,6,6,6,6,0,0,2,0,0,0,6,6,6
1675,7,7,7,11,11,7,7,6,7,7,7,5,7,7,7,7,7,7,7,4,1,4,4,0
1676,0,5,5,0,0,0,0,0,0,5,4,4,0,0,0,0,0,0,0,0,0,0,0,1
1678,2,11,11,11,11,11,11,2,2,2,2,11,11,2,2,2,2,2,0,12,12,12,12,12
1679,5,5,5,11,11,0,0,0,11,14,14,4,11,0,0,0,0,2,0,0,0,0,0,0
1680,2,11,11,2,2,2,2,2,2,7,7,7,7,7,2,2,2,12,12,12,12,12,12,12
1681,2,11,11,2,11,2,2,2,2,2,2,2,2,2,2,2,2,12,12,12,12,12,12,12
1682,7,7,7,11,11,11,11,11,11,14,14,11,11,0,0,0,0,2,0,0,0,0,0,0
1683,14,14,14,7,14,7,7,6,14,14,14,6,6,6,6,6,6,6,6,6,6,6,4,12
1685,2,11,11,11,11,11,11,2,2,2,2,2,11,2,2,2,2,13,13,13,13,0,0,0
1686,5,5,5,5,5,5,5,5,5,5,4,4,11,0,0,13,2,2,0,0,0,12,12,0
1687,7,11,11,11,11,11,11,11,11,11,11,11,8,2,2,2,2,2,2,12,12,12,6,13
1688,2,11,11,11,11,11,11,11,11,11,11,11,8,2,2,2,2,2,2,12,12,12,12,0
1689,11,11,11,11,11,11,2,7,2,2,2,2,2,2,2,2,2,12,12,12,12,12,12,12
1690,2,11,11,11,11,11,11,2,2,2,5,2,2,2,2,13,12,13,13,12,12,12,12,12
1691,7,11,11,2,2,2,2,2,2,2,2,2,2,2,2,2,2,12,12,12,12,12,12,12
1692,5,5,5,5,5,5,11,11,11,14,14,11,11,0,0,0,0,2,0,0,0,0,0,0
1693,7,7,7,11,11,11,11,11,7,7,7,11,11,2,2,2,2,2,0,0,0,12,12,12
1694,7,7,7,11,11,11,11,11,11,14,5,4,11,0,0,0,0,2,0,0,0,0,0,0
1696,7,11,11,11,11,11,11,11,11,14,11,2,2,2,2,2,2,2,5,5,12,12,6,0
1697,7,7,7,7,11,11,11,11,11,11,11,2,2,4,13,13,5,5,5,5,5,0,0,0
1698,2,14,2,2,2,2,2,2,2,2,2,2,2,2,2,2,2,2,12,12,12,12,12,12
1699,7,7,7,11,11,11,11,5,11,14,14,11,11,0,0,0,0,2,0,0,0,0,0,0
1700,14,7,7,11,0,0,0,11,11,14,14,4,11,0,0,0,0,2,0,0,0,0,0,0
1701,5,5,5,5,5,5,5,5,5,5,4,4,11,0,0,0,0,13,0,0,0,0,0,0
1702,2,2,2,2,2,2,2,2,2,2,5,2,2,5,5,2,12,5,5,5,5,12,12,12
1703,7,7,7,7,11,7,7,7,7,7,7,2,7,7,5,5,5,5,5,6,6,6,4,0
1704,0,0,0,0,0,0,0,0,0,14,14,0,0,0,0,0,0,0,0,0,0,1,1,1
1705,14,14,5,11,11,11,11,11,11,14,14,11,11,0,0,0,0,2,0,0,0,0,0,0
1706,7,14,2,11,11,7,7,7,7,14,5,5,11,5,5,5,0,2,6,6,6,6,12,12
1707,4,4,4,4,4,6,6,6,6,6,6,6,6,6,6,6,6,6,16,16,1,15,15,15
1708,14,14,14,11,11,11,0,5,5,5,5,5,5,0,0,0,5,5,4,4,4,4,0,1
1709,5,5,5,5,0,0,0,0,0,5,4,4,0,0,0,0,0,0,0,4,4,1,0,1
1710,14,14,2,2,2,2,2,5,5,5,5,2,2,2,2,5,5,5,5,5,0,0,0,12
1711,2,2,2,2,2,5,5,5,5,5,5,2,4,4,13,13,13,13,13,13,13,0,0,0
1712,2,2,2,2,2,5,5,5,5,5,5,2,11,4,13,5,5,13,13,13,5,0,0,0
1714,2,2,2,2,2,2,2,2,2,2,2,2,2,2,2,2,2,12,12,12,12,12,12,12
1715,5,5,5,5,5,5,11,2,5,5,4,4,11,0,0,13,13,13,13,13,13,0,0,0
1717,7,7,7,2,2,2,2,2,5,5,5,2,2,2,2,2,2,5,5,5,5,0,6,12
1718,2,2,2,2,2,9,9,5,5,11,11,8,5,5,13,13,12,13,8,8,8,8,8,8
1719,7,9,9,9,7,7,9,2,2,2,5,5,5,5,5,5,5,5,5,5,5,0,0,1
1722,11,2,2,2,2,2,9,9,9,2,2,2,2,2,2,2,12,12,12,12,8,8,8,8
1724,9,9,9,9,9,9,9,9,9,9,9,9,9,8,8,8,8,8,8,8,8,8,8,13
1725,2,2,2,2,2,2,2,2,9,5,5,2,2,5,5,2,8,8,8,8,12,12,12,12
1726,4,4,4,4,4,6,6,6,6,6,6,6,1,1,1,1,6,6,16,16,16,15,15,15
1727,9,9,9,9,9,9,9,9,9,9,9,9,9,8,8,8,8,5,8,8,8,8,8,8
1728,5,5,5,5,5,5,5,5,5,5,5,5,5,5,13,13,13,13,13,13,13,0,0,0
1730,7,11,11,11,11,11,11,11,11,11,11,11,11,2,2,2,2,2,2,0,12,12,12,0
1731,14,14,2,2,11,11,11,5,5,5,5,4,11,0,0,0,5,5,5,5,0,0,0,0
1732,2,2,2,2,2,2,2,2,9,2,2,2,2,5,2,2,12,12,12,12,12,8,12,8
1733,5,11,5,5,5,11,11,5,5,5,4,4,11,2,2,2,2,2,12,12,12,12,0,0
1737,2,2,2,2,2,9,9,5,9,5,5,2,2,5,2,2,12,5,5,12,12,12,0,12
1738,2,2,2,2,2,2,2,2,2,2,5,2,2,5,5,5,5,5,5,5,5,0,0,12
1739,2,2,2,2,2,2,2,2,2,2,2,2,2,2,2,2,12,12,12,12,12,12,12,12
1740,7,14,2,2,2,7,14,14,14,14,14,6,6,6,6,6,6,6,6,6,6,6,6,6
1741,11,2,2,2,2,2,2,2,9,2,2,11,2,2,2,2,2,12,12,12,8,8,8,12
1742,14,14,14,14,14,14,14,14,14,14,14,6,6,6,6,6,6,5,6,6,6,6,6,6
1743,2,2,2,2,2,2,2,2,2,2,2,2,2,2,2,2,2,12,12,12,12,12,12,12
1744,14,14,2,2,2,2,2,2,2,2,2,2,2,2,2,2,12,12,12,12,12,12,12,12
1745,2,11,11,2,2,2,2,2,2,2,2,2,11,2,2,2,12,12,12,12,12,12,12,0
1746,2,11,11,2,2,2,2,2,2,2,2,2,2,2,2,2,2,12,12,12,12,12,12,12
1747,2,2,2,2,2,2,2,2,2,2,2,2,2,2,2,2,12,12,12,12,12,12,12,12
1749,2,14,2,2,2,2,2,2,2,2,2,2,2,2,2,2,12,12,12,12,12,12,12,12
1750,2,2,2,2,2,2,2,2,2,2,2,2,2,2,2,2,12,12,12,12,12,12,12,12
1751,2,11,11,2,2,2,2,2,2,2,2,2,2,2,2,2,2,12,12,12,12,12,12,12
1752,14,14,2,2,2,2,2,5,2,14,5,2,2,5,5,5,5,5,5,5,5,0,0,0
1753,2,2,2,2,2,2,2,2,2,2,2,2,2,2,2,2,12,12,12,12,12,12,12,12
1754,7,7,7,7,7,2,2,2,2,2,2,2,2,2,2,2,2,6,6,6,6,12,6,6
1755,2,2,2,2,2,2,2,2,2,5,5,2,2,4,13,2,12,5,5,5,5,0,0,12
1756,2,2,2,2,2,2,2,2,2,2,5,2,2,2,2,2,12,12,12,12,12,12,12,12
1757,2,2,2,2,2,2,2,2,2,2,5,2,2,2,2,2,12,5,5,5,5,12,12,12
1758,4,4,4,4,4,6,6,6,6,6,6,6,6,6,6,6,6,6,16,16,16,16,16,16
1759,2,11,11,11,2,2,2,2,2,2,2,2,11,2,2,2,2,13,13,13,0,0,0,0
1760,7,7,2,2,2,2,2,2,2,2,2,2,2,7,2,8,12,12,6,6,6,6,6,6
1761,2,2,2,2,2,2,2,2,2,2,2,2,2,2,2,2,12,12,12,12,12,12,12,12
1762,2,14,2,2,2,2,2,2,2,2,2,2,2,2,2,2,12,12,12,12,12,12,12,12
1764,0,0,0,4,4,0,0,0,0,1,1,1,1,1,1,1,1,1,1,1,1,15,15,15
1765,4,4,4,0,0,6,6,6,6,6,6,5,5,5,0,0,0,0,16,16,1,1,1,1
1766,9,9,9,9,9,9,9,9,9,9,9,9,9,5,8,4,8,5,4,4,4,4,8,8
1768,9,9,9,9,9,9,9,5,5,5,5,5,5,5,5,5,5,7,4,4,4,4,0,1
1769,11,9,9,5,5,9,9,9,9,9,9,9,9,5,5,5,5,5,5,8,4,4,8,8
1770,9,9,5,5,5,5,4,4,4,4,4,4,4,4,4,4,4,4,4,4,4,4,4,4
1771,9,9,9,9,9,9,9,9,9,9,9,9,9,8,5,8,8,5,8,8,8,4,8,8
1773,2,2,2,2,2,9,9,5,5,5,5,2,4,4,13,13,8,8,8,8,8,12,8,12
1774,2,11,11,2,2,2,11,11,11,2,2,2,2,2,2,2,2,2,6,6,6,6,12,6
1775,9,9,9,9,9,9,9,9,9,9,9,9,9,8,8,8,8,5,8,8,4,4,8,8
1776,5,5,5,5,5,5,5,5,5,5,4,4,11,4,4,13,13,13,13,13,13,0,0,0
1777,9,9,9,9,9,9,9,9,9,9,9,9,9,8,8,8,8,5,8,8,8,8,8,8
1778,9,4,4,0,0,0,4,5,5,5,5,5,5,5,5,5,5,5,4,4,4,4,1,1
1780,5,5,5,5,5,5,5,5,5,5,5,2,4,4,13,13,13,13,13,0,0,0,0,0
1781,9,9,9,9,9,9,9,9,9,9,9,9,9,8,8,8,8,8,8,8,8,8,8,8
1782,9,9,9,9,5,3,4,9,9,9,4,4,4,4,4,4,4,4,4,4,4,4,0,8
1783,1,1,1,1,1,1,1,1,1,1,1,1,1,1,1,1,1,1,1,1,17,15,15,15
1784,11,2,9,9,2,9,9,9,9,11,11,11,8,8,2,8,8,12,12,12,12,12,12,12
1785,9,9,9,5,5,9,9,5,5,5,5,5,5,4,5,13,5,5,5,4,4,4,4,8
1786,0,0,0,0,0,4,4,5,5,5,4,4,5,5,4,4,4,7,4,4,4,4,0,1
1787,9,9,9,9,9,9,9,8,8,8,8,8,8,8,8,8,7,7,7,7,4,4,4,13
1788,9,9,9,9,9,9,9,5,5,5,5,5,5,5,5,5,5,5,4,4,4,4,1,1
1845,6,6,6,6,6,6,6,6,6,6,6,1,1,1,6,1,10,10,1,16,1,15,15,15
1846,9,9,9,9,9,9,9,5,2,2,5,5,5,5,5,5,5,5,5,4,4,4,0,12
1848,2,2,2,2,2,2,2,2,2,5,5,2,2,5,13,2,12,12,12,12,12,12,8,8
1849,2,2,2,2,2,2,2,9,2,2,5,5,5,5,5,5,5,5,5,5,5,0,0,12
1850,9,9,9,9,9,9,5,5,5,5,4,4,4,4,4,13,13,13,13,5,13,0,0,0
1851,9,2,2,2,9,9,9,5,9,2,2,2,2,5,2,2,12,12,12,12,12,12,12,12
1852,9,9,9,9,9,9,5,5,9,5,5,2,9,5,5,8,13,13,5,5,5,0,0,0
1853,9,9,9,9,9,9,5,5,5,5,5,5,5,5,5,5,5,5,5,5,12,4,8,8
1854,11,2,9,2,2,9,9,2,9,2,5,2,2,2,2,2,8,8,8,8,8,8,13,12
1855,2,2,2,2,2,9,9,5,9,5,5,2,8,8,13,8,8,8,12,12,12,8,8,8
1856,9,2,9,2,2,2,2,2,2,5,5,2,9,5,2,8,12,12,12,12,12,12,8,8
1857,9,9,9,9,9,9,9,5,5,5,5,2,5,5,8,8,8,8,5,8,4,4,13,13
1858,5,5,5,5,5,5,5,5,5,5,5,2,4,4,13,13,13,13,13,13,13,12,8,8
1859,9,9,9,9,9,9,5,5,5,5,5,5,5,5,5,5,5,13,5,5,5,0,0,0
1860,2,9,9,9,9,9,9,5,2,2,5,2,9,8,8,8,8,5,5,8,4,4,4,8
1861,9,9,9,5,5,5,5,5,5,5,5,5,5,5,0,0,0,0,4,4,4,1,1,1
1862,9,9,9,9,9,9,9,5,9,5,5,2,5,4,13,13,8,8,5,8,4,4,8,8
1863,4,4,4,1,1,1,1,1,1,1,1,1,1,1,1,1,1,1,1,1,1,15,15,15
1864,2,2,2,2,2,2,2,2,9,9,9,9,2,2,2,8,8,8,12,12,12,12,8,12
1865,9,9,9,9,9,9,9,9,9,9,9,9,9,8,8,8,8,8,8,8,8,8,8,8
1868,9,9,9,9,2,5,5,5,5,5,4,9,9,5,13,13,13,13,8,13,12,12,8,8
1869,9,9,9,9,9,9,5,5,5,5,4,4,4,4,13,13,13,13,13,13,13,0,0,0
1870,2,2,2,2,2,2,2,2,2,2,2,2,2,7,2,2,12,12,12,12,12,12,12,12
1871,5,5,5,5,5,5,5,5,5,5,5,2,4,4,13,13,13,13,13,13,13,12,0,0
1872,2,2,2,2,2,2,2,2,2,2,5,2,9,7,2,8,12,12,12,12,12,12,4,12
1873,2,2,2,2,2,5,5,5,5,5,5,2,4,5,13,13,13,5,5,5,5,0,0,0
1874,4,6,6,6,6,6,6,6,6,6,6,10,6,6,6,6,10,10,10,10,10,10,10,10
1875,4,4,0,0,0,0,0,0,0,0,0,5,5,5,0,0,0,0,4,3,1,1,1,1
1876,4,4,4,0,0,0,0,0,0,1,1,5,5,5,6,1,1,0,4,4,1,1,1,1
1877,6,4,4,4,6,6,6,6,6,6,6,6,6,6,6,6,1,0,16,16,1,15,15,15
1878,5,5,5,5,5,5,5,5,5,5,4,4,11,0,0,0,0,2,0,0,0,0,0,0
1879,5,5,5,5,0,0,0,0,0,0,5,5,5,5,0,0,0,0,4,4,1,1,1,1
1880,9,9,9,9,9,9,9,9,2,2,5,5,5,5,5,5,5,5,5,4,5,0,0,12
1881,4,4,4,4,4,6,6,6,6,6,6,6,6,6,6,1,6,6,16,16,1,15,15,15
1883,9,9,9,9,9,9,0,5,5,5,5,5,5,5,5,5,5,7,4,4,1,1,1,1
1884,2,2,2,2,2,9,9,9,9,9,9,9,9,8,8,8,8,13,8,13,12,12,8,8
1885,9,9,5,5,0,0,0,5,5,5,5,5,5,5,0,0,0,0,4,4,4,0,0,1
1886,5,5,5,5,5,5,5,5,5,5,5,2,4,4,13,13,13,13,13,13,13,0,0,0
1887,2,2,2,2,2,2,2,2,2,2,2,2,2,7,2,2,2,12,12,12,12,12,12,12
1888,2,2,2,2,2,2,11,11,2,2,2,2,2,2,2,2,2,2,0,0,0,0,6,6
1889,2,2,5,5,5,5,5,5,5,5,5,2,4,4,13,13,13,13,13,13,13,0,0,0
1890,4,1,1,1,1,6,6,6,6,1,1,1,1,1,1,1,1,1,16,16,1,15,15,15
1891,11,2,2,9,2,11,9,9,9,2,2,2,2,8,2,2,2,12,12,12,12,12,12,12
1892,11,2,9,9,2,9,9,9,9,9,9,9,9,8,8,8,8,8,8,8,8,8,8,8
1893,14,14,14,14,14,14,2,2,2,2,2,2,2,7,2,2,5,5,6,6,6,6,6,6
1894,9,9,5,5,5,5,5,5,5,5,5,2,5,5,13,5,5,5,13,13,13,0,0,0
1895,5,5,5,5,5,5,5,5,5,5,5,5,5,5,13,13,13,13,13,13,13,0,0,0
1896,11,9,9,9,9,9,9,9,9,2,9,9,2,8,8,8,8,8,8,12,12,8,8,8
1897,9,9,9,9,9,9,9,9,9,9,9,9,9,8,8,8,8,8,8,8,8,8,8,8
1898,9,9,9,9,9,9,5,5,5,5,5,5,5,5,13,13,13,13,13,13,13,0,0,0
1899,4,4,4,5,0,0,0,0,11,5,4,4,5,5,0,0,0,0,0,0,0,0,0,1
1900,5,5,5,5,5,5,5,5,5,5,4,4,4,4,13,13,13,13,13,13,13,0,0,0
1901,2,2,11,5,5,11,11,11,2,2,2,2,2,4,13,13,13,13,2,2,13,0,13,0
1902,2,2,2,2,2,2,11,2,2,2,2,9,2,2,2,2,2,2,13,13,13,0,0,0
1903,2,2,5,5,5,5,5,5,5,5,5,2,4,4,13,13,13,13,13,13,13,0,13,8
1904,7,7,4,7,11,7,7,5,5,9,5,5,5,5,5,5,5,5,5,5,5,0,0,0
1905,4,4,4,4,4,6,6,6,6,6,6,6,1,1,1,1,0,7,7,7,7,15,15,15
1906,7,7,7,7,7,7,7,6,8,8,8,6,6,6,6,6,6,7,7,7,7,16,16,16
1907,9,9,9,9,9,9,9,9,9,9,9,2,9,5,2,8,8,8,8,8,8,8,8,8
1908,5,5,5,5,5,9,9,9,9,9,9,9,9,8,8,8,13,8,8,12,12,12,12,8
1909,2,9,9,9,9,9,9,9,9,9,9,9,9,8,8,8,8,12,12,12,12,8,8,8
1910,2,2,9,9,2,9,9,5,5,5,5,2,5,5,13,13,13,5,5,5,5,0,0,12
1912,5,5,5,5,5,5,5,5,5,2,5,5,5,5,5,5,5,5,4,4,4,4,8,8
1915,2,2,2,2,2,2,2,2,2,2,2,2,2,2,2,2,2,12,12,12,12,12,6,12
1916,2,2,2,2,2,2,2,2,2,2,2,2,2,7,2,2,12,12,12,12,12,12,12,12
1917,2,14,2,2,2,2,2,5,2,2,5,5,2,5,5,5,5,5,5,5,5,0,0,12
1918,2,2,2,2,2,2,2,2,2,2,2,9,2,2,2,2,12,12,12,12,12,8,8,8
1919,4,4,4,4,4,6,6,6,6,6,6,6,6,6,6,0,0,0,16,16,1,1,1,15
1920,14,14,2,2,14,14,14,14,14,14,5,5,5,5,5,5,6,6,6,6,6,6,4,12
1921,2,2,2,2,2,2,2,2,2,2,2,2,2,2,2,2,12,12,12,12,12,12,12,12
1922,7,7,5,0,0,7,7,6,7,7,5,5,5,5,5,5,5,7,4,4,1,1,1,1
1923,5,5,5,5,5,5,5,5,5,5,5,2,4,4,13,13,13,13,13,13,12,12,0,0
1924,2,2,2,2,2,2,2,2,2,2,2,2,2,7,2,7,12,12,12,12,12,12,12,12
1925,5,5,5,5,2,9,9,9,9,9,9,9,2,4,13,13,13,13,5,5,5,0,0,8
1926,2,14,2,2,2,2,2,2,2,2,2,2,2,2,2,2,2,12,12,12,12,12,12,12
1927,14,14,2,2,2,2,2,2,2,2,2,2,2,7,2,8,12,12,6,6,12,12,4,12
1928,2,2,2,2,2,2,2,2,2,2,2,2,2,2,2,2,12,12,12,12,12,12,12,12
1929,2,2,2,2,2,2,2,2,2,2,2,2,2,2,2,2,12,12,12,12,12,12,4,12
1930,11,2,2,2,2,2,2,2,2,2,5,2,2,5,5,5,5,5,5,12,5,0,0,12
1931,2,14,2,2,2,2,2,5,2,2,5,2,2,5,5,5,5,5,5,0,0,0,0,0
1932,14,14,2,2,2,2,2,2,2,2,5,5,5,5,5,5,5,5,5,5,5,0,8,12
1933,2,2,2,2,2,2,2,2,2,2,2,2,2,2,2,2,12,12,12,12,12,12,12,12
1934,7,14,2,2,2,2,2,5,2,14,5,5,5,5,5,5,5,5,5,5,5,0,0,12
1935,2,14,2,2,2,2,2,2,2,2,2,2,2,5,5,2,12,12,12,12,12,12,12,12
1936,14,14,14,14,14,14,14,14,14,14,14,6,6,6,6,6,6,6,6,6,6,6,6,6
1937,5,5,5,11,11,11,11,14,14,14,14,2,2,2,2,2,2,6,6,6,6,6,6,6
1938,7,7,7,11,11,11,11,2,2,2,2,11,2,2,2,2,2,12,12,12,12,12,12,12
1939,14,14,2,2,2,2,2,5,2,14,5,5,5,5,5,5,5,5,5,5,5,0,0,0
1940,2,2,2,2,2,2,2,2,2,2,2,2,2,2,2,2,12,12,12,12,12,12,12,12
1941,2,2,2,2,2,2,2,2,2,2,2,2,2,2,2,2,12,12,12,12,12,12,12,12
1942,2,2,2,2,2,2,2,2,2,2,2,2,2,5,5,5,5,5,5,5,12,12,6,12
1943,2,2,2,2,2,2,2,2,2,2,5,2,2,2,2,2,12,12,12,12,12,12,12,12
1944,2,14,2,2,2,2,2,2,2,2,2,2,2,2,2,2,12,12,12,5,12,12,12,12
1945,2,2,2,2,2,2,2,2,2,2,2,2,2,2,2,2,12,12,12,12,12,12,12,12
1947,5,5,5,5,5,5,5,5,5,5,4,4,11,0,0,0,0,13,13,13,13,0,0,0
1948,7,7,7,11,11,11,11,11,11,5,5,2,2,5,5,5,5,5,5,5,5,0,0,0
1949,2,2,2,2,2,2,2,2,2,2,2,2,2,2,2,2,12,12,12,12,12,12,12,12
1950,2,11,11,11,11,11,11,5,5,14,14,4,11,0,0,5,5,13,0,0,0,0,0,0
1951,5,5,5,5,5,5,5,5,5,5,5,5,2,5,13,5,5,5,5,5,5,0,0,12
1952,4,4,4,4,4,6,6,6,6,6,6,6,6,6,6,6,6,6,16,16,16,16,16,16
1954,0,0,0,3,3,3,3,3,3,3,3,3,3,3,3,3,3,3,3,3,3,3,3,3
1955,0,0,0,3,3,3,3,3,3,3,3,3,3,3,3,3,3,3,3,3,3,3,3,3
1956,0,0,0,3,3,3,3,3,3,3,3,3,3,3,3,3,3,3,3,3,3,3,3,3
1957,0,0,0,3,3,3,3,3,3,3,3,3,3,3,3,3,3,3,3,3,3,3,3,3
1958,0,0,0,0,0,4,3,3,3,3,3,3,3,3,3,3,3,3,3,3,3,3,3,3
1959,0,0,0,3,3,3,3,3,3,3,3,3,3,3,3,3,3,3,3,3,3,3,3,3
1960,0,0,0,3,3,3,3,3,3,3,3,3,3,3,3,3,3,3,3,3,3,3,3,3
1961,0,0,0,0,0,0,3,3,3,3,3,3,3,3,3,3,3,3,3,3,3,3,3,3
1962,0,0,0,3,3,3,3,3,3,3,3,3,3,3,3,3,3,3,3,3,3,3,3,3
1963,0,0,0,3,3,3,3,3,3,3,3,3,3,3,3,3,3,3,3,3,3,3,3,3
1965,0,0,0,3,3,3,3,3,3,3,3,3,3,3,3,3,3,3,3,3,3,3,3,3
1966,0,0,0,3,3,3,3,3,3,3,3,3,3,3,3,3,3,3,3,3,3,3,3,3
1967,0,0,0,3,3,3,3,3,3,3,3,3,3,3,3,3,3,3,3,3,3,3,3,3
1968,0,0,0,3,3,3,3,3,3,3,3,3,3,3,3,3,3,3,3,3,3,3,3,3
1969,0,0,0,3,3,3,3,3,3,3,3,3,3,3,3,3,3,3,3,3,3,3,3,3
1970,0,0,0,0,0,4,3,3,3,3,3,3,3,3,3,3,3,3,3,3,3,3,3,3
1971,4,4,4,4,4,6,6,6,6,6,6,10,10,10,10,10,10,10,10,10,10,10,10,10
1972,3,3,3,3,0,4,3,3,3,3,3,4,4,4,0,0,0,3,0,0,0,1,1,1
1973,3,7,7,0,0,4,3,3,3,5,4,4,4,0,0,0,0,0,0,0,0,0,0,1
1974,4,4,4,0,0,0,0,0,0,0,0,0,0,0,0,0,0,0,16,3,1,1,1,1
1975,0,0,0,0,0,4,3,4,5,5,4,4,4,4,4,13,13,4,4,4,0,0,0,0
1976,0,5,5,0,0,4,3,3,5,5,4,4,4,4,4,0,0,13,0,0,0,0,0,1
1977,4,4,4,4,4,6,6,6,6,6,6,1,1,1,10,10,10,10,10,10,10,10,10,10
1978,4,4,4,0,0,0,0,0,0,0,0,0,0,0,0,0,0,0,0,0,1,1,1,1
1979,4,4,6,6,6,6,6,6,6,6,6,1,1,1,10,10,10,10,10,10,10,10,10,10
1980,4,4,4,0,0,0,0,0,0,0,0,5,5,5,0,0,0,0,4,4,0,1,1,1
1981,0,0,0,0,0,0,0,0,0,0,0,0,0,0,0,0,0,0,0,0,0,1,1,1
1982,4,4,4,0,0,0,0,0,0,0,5,5,5,5,0,0,0,0,4,0,0,1,1,1
1983,9,9,9,9,9,9,0,5,5,5,5,5,5,5,5,5,5,7,4,4,1,1,1,1
1984,9,9,5,5,5,9,9,5,5,5,5,5,4,4,4,4,4,13,13,4,4,4,4,4
1985,4,4,4,0,0,3,7,0,0,0,0,0,0,0,0,0,0,7,4,4,1,1,1,1
1986,4,4,4,4,4,6,6,6,6,6,6,10,6,6,6,0,0,0,16,3,1,1,1,15
1987,3,3,3,3,4,7,7,8,8,8,8,4,4,4,4,4,4,4,4,7,7,4,4,4
1988,0,0,0,0,0,4,4,4,4,5,4,4,4,4,4,4,4,4,4,13,13,4,4,4
1989,0,0,0,0,5,5,5,5,5,5,4,4,4,4,4,4,13,13,13,13,13,4,4,0
1990,0,0,0,0,0,0,0,0,0,0,0,0,0,0,0,0,0,0,0,0,1,1,1,1
1991,4,0,0,0,0,0,0,0,0,5,4,4,0,0,0,0,0,0,0,0,0,0,0,1
1992,0,5,5,0,0,0,0,0,5,5,4,4,0,0,0,0,0,0,0,0,0,0,0,1
1993,0,0,0,0,0,0,0,0,0,0,0,0,0,0,0,0,0,0,3,3,1,1,1,1
1994,0,5,5,5,0,0,5,5,5,5,4,4,0,0,0,0,0,0,0,0,0,0,0,1
1995,4,4,4,4,4,7,6,6,6,6,6,6,6,6,6,0,0,7,7,7,1,1,1,1
1996,0,0,0,0,0,0,0,0,0,5,4,4,0,0,0,0,0,0,0,0,0,0,0,1
1997,0,0,0,0,0,4,5,5,5,5,4,4,4,4,4,0,0,0,0,0,0,0,0,1
1999,4,4,4,4,4,0,0,0,0,0,0,0,0,0,0,0,0,0,0,0,0,1,1,1
2000,4,4,4,4,4,6,6,6,6,6,6,10,10,10,10,10,0,0,16,3,1,15,15,15
2001,4,4,0,0,0,0,0,0,5,5,4,4,0,0,0,0,0,0,0,0,0,0,0,1
2002,4,0,0,0,0,0,0,0,0,0,0,0,0,0,0,0,0,0,0,0,0,1,1,1
2004,4,4,4,4,4,6,6,6,6,6,6,10,10,10,10,0,0,0,16,16,1,1,15,15
2005,4,0,0,0,0,0,0,0,0,0,0,0,0,0,0,0,0,0,3,3,1,1,1,1
2006,0,0,0,0,0,0,0,0,0,0,0,0,0,0,0,0,0,0,16,3,1,1,1,1
2007,7,3,3,0,5,4,4,5,5,5,4,4,4,4,4,0,13,13,13,13,13,0,0,0
2008,3,3,4,0,0,4,3,0,0,0,0,0,0,0,0,0,0,0,0,0,0,1,1,1
2009,0,5,5,5,0,4,3,3,3,5,4,4,4,4,4,0,0,0,0,0,0,0,0,1
2010,4,0,0,0,0,0,0,0,0,0,0,0,0,0,0,0,0,0,3,3,1,1,1,1
2011,4,4,4,0,0,0,0,0,0,0,0,0,0,0,0,0,0,0,0,0,0,1,1,1
2012,3,3,3,3,0,4,3,3,3,3,4,4,4,4,4,13,13,13,2,2,13,13,13,0
2015,5,5,5,5,5,3,4,4,9,9,4,4,4,4,4,4,4,13,13,13,13,0,0,4
2017,5,3,3,3,3,3,3,9,9,9,9,9,9,8,8,8,8,8,8,8,8,8,8,8
2018,5,11,11,11,11,11,11,11,11,11,11,11,4,4,4,13,13,13,2,2,13,13,13,0
2019,4,3,3,3,3,4,4,4,4,0,0,8,8,8,5,4,4,4,4,7,7,1,1,1
2021,11,9,9,3,3,7,4,4,8,8,8,8,5,5,5,5,8,4,4,7,4,4,4,4
2022,9,9,9,9,9,9,9,9,9,9,9,9,9,8,8,8,8,8,13,8,8,8,8,13
2023,3,3,3,3,5,3,4,4,9,9,9,9,9,8,8,8,8,8,8,8,8,8,8,13
2024,3,3,3,3,4,7,7,8,3,3,3,0,0,0,3,3,3,3,3,7,7,15,15,15
2025,3,3,3,3,3,3,7,8,8,8,8,8,8,8,8,7,7,7,7,7,7,7,7,7
2027,11,9,9,11,5,4,4,4,4,4,4,4,4,4,4,4,4,4,4,4,4,4,4,4
2028,5,11,11,5,5,11,11,11,9,11,2,2,4,4,13,13,13,13,13,2,13,0,13,8
2030,3,3,3,3,3,11,11,11,11,11,11,11,8,2,2,13,2,2,2,2,4,13,13,13
2031,9,9,5,5,5,5,4,4,4,4,4,4,4,4,4,4,4,13,13,13,13,4,4,4
2032,4,4,4,4,4,0,0,0,0,1,1,1,1,1,1,1,1,7,1,3,1,15,15,15
2033,4,4,4,4,4,0,0,0,0,1,1,1,1,1,1,1,1,1,16,1,1,15,15,15
2034,3,3,7,11,3,7,7,8,8,8,11,11,8,2,2,13,13,4,4,7,4,4,8,8
2035,3,3,3,5,5,5,5,5,5,5,4,4,4,4,4,13,13,13,13,13,13,0,0,0
2036,5,3,3,5,5,3,4,9,9,9,4,4,4,4,13,13,13,13,13,4,4,0,0,8
2037,9,5,9,5,5,9,9,9,9,9,9,9,9,8,8,13,13,13,13,13,13,0,13,13
2039,11,11,0,3,5,3,4,4,4,11,4,4,4,4,4,4,4,4,4,2,13,13,13,13
2040,0,0,0,0,0,0,0,0,0,0,0,0,0,0,0,0,0,7,7,7,7,15,15,15
2041,11,11,11,11,11,11,11,4,4,11,4,4,4,2,2,13,13,2,2,2,4,4,13,0
2042,5,3,3,5,5,3,4,9,9,9,9,9,4,4,4,13,13,13,13,13,13,0,0,8
2043,11,9,9,9,2,9,9,9,9,9,9,9,9,8,8,8,8,8,8,8,4,4,8,8
2044,6,6,6,6,6,6,6,6,6,6,6,1,1,1,6,1,1,1,16,16,1,15,15,15
2045,9,5,5,0,5,4,4,4,4,5,4,4,4,4,4,0,0,0,4,4,1,1,1,1
2046,2,2,2,2,2,11,11,11,11,2,2,2,2,2,2,2,2,2,5,5,13,0,0,0
2047,0,0,0,0,0,0,0,5,5,5,5,5,5,5,5,5,1,7,4,4,1,1,1,1
2048,9,9,9,0,5,9,0,5,5,5,5,5,5,5,5,5,5,7,4,4,1,1,1,1
2049,9,9,9,9,9,9,9,9,9,9,9,9,9,4,8,8,8,13,12,12,8,8,8,8
2050,11,9,9,9,2,2,2,2,2,2,2,2,2,5,5,5,5,5,5,12,4,0,0,12
2051,0,5,5,5,5,5,5,5,5,5,4,4,4,4,4,0,0,13,13,13,13,0,0,1
2052,5,5,5,5,5,5,5,5,5,5,5,2,4,4,13,13,13,13,8,8,8,8,13,13
2053,9,2,9,9,2,9,9,9,9,9,9,2,4,4,8,8,8,8,8,8,8,8,8,8
2054,9,9,9,9,9,9,9,9,9,9,9,9,9,8,8,8,8,8,8,8,8,8,8,8
2055,5,5,5,5,5,5,5,5,5,5,4,4,4,4,4,13,13,13,13,13,13,0,0,0
2056,11,2,2,2,2,2,2,2,2,2,2,9,2,2,2,2,12,12,12,12,12,12,12,12
2057,9,9,9,9,9,9,9,9,9,9,9,4,5,5,5,5,5,5,5,12,12,8,8,8
2058,9,9,9,9,2,9,9,9,5,5,4,9,9,8,8,8,8,8,8,8,8,8,13,13
2059,9,9,9,9,2,9,9,9,9,11,4,4,4,4,13,13,13,13,13,13,13,0,0,8
2060,4,4,4,3,3,7,7,8,8,8,5,5,5,5,5,5,5,7,4,4,1,1,1,1
2061,14,14,2,2,7,2,2,2,2,2,2,2,2,2,2,2,2,12,12,12,12,12,12,12
2062,0,5,5,0,0,0,0,0,0,5,4,4,0,0,0,0,0,0,4,4,0,0,0,1
2063,1,1,1,1,1,6,6,1,1,1,1,1,1,1,1,1,1,1,1,1,1,15,15,15
2064,11,9,9,9,5,9,4,5,5,5,5,4,4,4,5,4,4,5,4,4,4,4,4,8
2065,9,9,9,2,9,9,9,5,5,5,5,2,2,4,13,8,8,8,5,8,4,8,13,13
2066,9,9,9,9,9,9,9,9,9,11,4,8,8,8,8,8,8,8,8,8,8,4,4,13
2067,9,2,9,9,2,2,2,9,9,9,9,9,9,8,8,8,8,5,8,8,12,8,8,8
2068,2,2,2,2,9,9,9,5,5,5,5,2,5,5,5,8,8,8,8,8,4,4,4,8
2069,14,14,2,2,11,7,0,5,5,14,5,5,5,5,0,0,0,13,13,13,5,0,0,0
2070,0,5,5,5,0,0,0,0,5,5,4,4,0,0,0,0,0,0,0,0,0,0,0,1
2072,2,2,2,2,2,2,2,2,2,2,2,2,9,7,2,8,12,12,12,12,12,12,4,12
2073,5,5,5,5,5,5,5,5,5,5,5,4,11,0,0,0,0,13,13,13,13,0,0,0
2074,14,14,14,14,14,14,14,14,14,14,14,6,6,6,6,6,6,6,6,6,6,6,4,12
2075,2,14,2,2,2,2,2,2,2,2,2,2,2,2,2,2,12,12,12,12,12,12,12,12
2076,14,14,2,2,2,2,2,2,14,14,2,2,2,2,2,2,2,6,6,6,12,12,12,12
2077,2,11,11,2,2,2,2,2,2,2,2,2,2,2,2,2,12,12,12,12,12,12,12,12
2078,2,2,2,2,2,2,2,2,2,2,2,9,2,2,2,2,12,12,12,12,12,12,12,12
2079,2,11,11,2,2,2,2,2,2,2,2,2,2,2,2,2,2,12,12,12,12,12,12,12
2080,2,2,2,2,2,2,2,2,2,2,2,2,2,5,2,2,8,8,12,12,12,12,4,12
2081,2,2,2,2,2,2,2,2,2,2,5,2,4,4,13,5,5,5,5,12,5,12,0,0
2082,2,2,2,2,2,2,2,2,2,2,2,2,2,2,2,2,2,12,12,12,12,12,12,12
2085,2,2,2,2,2,2,2,2,2,2,2,2,2,2,2,2,12,12,12,12,12,12,12,12
2087,2,2,2,2,2,2,2,2,2,2,2,2,2,2,2,2,12,12,12,12,12,12,12,12
2088,2,14,2,2,2,2,2,2,2,2,5,5,5,5,5,5,5,5,5,5,5,0,0,12
2089,2,2,2,2,2,2,2,2,2,2,2,2,2,7,2,2,2,12,12,12,12,12,12,12
2090,2,14,2,2,2,2,2,2,2,2,2,2,2,2,2,2,12,12,12,12,12,12,12,12
2091,2,11,11,2,2,2,2,2,2,2,2,11,11,2,2,2,2,12,12,12,12,12,12,12
2093,11,2,2,2,2,2,2,2,2,2,2,2,2,7,2,2,12,12,6,6,12,12,4,12
2094,2,2,2,9,2,9,9,9,9,9,9,9,9,4,13,13,13,13,8,8,8,8,8,8
2095,2,2,2,2,2,2,2,2,2,2,2,2,2,2,2,2,12,12,12,12,12,12,12,12
2096,2,14,2,2,2,2,2,2,2,2,2,2,2,2,2,2,12,12,12,12,12,12,12,12
2098,2,2,2,2,2,2,2,2,2,2,2,2,2,2,2,2,12,12,12,12,12,12,12,12
2100,2,14,2,2,2,2,9,5,2,2,5,5,5,5,5,5,5,5,5,4,4,4,4,12
2101,1,1,1,1,1,1,1,1,1,1,1,1,1,1,1,1,1,1,1,1,1,15,15,15
2105,9,5,5,5,5,4,5,5,5,5,5,5,5,5,4,0,0,0,4,4,4,4,1,1
2108,9,9,9,9,0,0,0,5,5,5,5,5,5,5,5,5,5,7,4,4,1,1,1,1
2109,0,0,0,0,0,0,0,5,5,5,5,5,5,5,0,0,0,0,4,4,1,1,1,1
2110,9,9,9,9,9,9,9,5,5,5,5,5,5,5,5,5,5,5,5,8,4,4,4,8
2111,9,5,5,5,5,5,5,5,5,5,5,5,5,5,5,5,5,5,4,4,4,4,0,1
2112,9,9,9,9,9,9,5,5,5,5,5,5,5,5,5,8,8,5,5,8,4,4,8,8
2113,9,9,9,9,9,9,9,5,5,5,5,5,5,5,5,8,8,5,5,8,4,4,1,1
2114,9,9,9,9,9,9,9,5,5,5,5,5,5,5,5,5,5,5,5,8,4,4,8,8
2116,9,2,2,2,2,9,9,5,5,5,5,2,9,8,8,8,8,8,8,8,8,8,4,8
2117,9,9,9,9,9,9,9,5,5,5,5,2,5,5,8,8,8,8,7,7,4,4,4,8
2118,9,9,9,9,9,9,9,5,5,5,5,5,5,5,5,5,8,5,5,8,4,4,4,8
2119,1,1,1,1,1,1,1,1,1,1,1,1,1,1,1,1,1,1,1,1,1,15,15,15
2120,9,9,9,9,9,9,9,5,5,5,5,5,5,5,5,5,5,5,4,4,4,4,4,8
2121,5,5,5,5,5,5,5,5,5,5,5,2,4,4,13,13,13,13,5,5,13,0,0,8
2122,2,14,2,11,11,11,11,11,11,14,14,2,2,2,2,2,2,2,0,0,0,0,6,6
2124,9,9,9,9,0,0,0,5,5,5,5,5,5,5,5,5,5,7,4,4,1,1,1,1
2125,9,9,9,9,9,9,9,5,9,5,5,9,9,8,8,8,8,5,8,8,8,8,8,8
2126,9,9,9,9,9,9,9,5,5,5,5,5,5,5,5,5,5,5,4,4,4,4,4,8
2127,9,9,9,9,9,9,9,9,9,9,9,9,9,8,8,8,8,8,8,8,8,8,8,8
2128,9,9,9,9,9,9,9,9,9,9,9,9,9,4,4,4,8,5,8,8,4,4,8,8
2129,9,9,9,9,9,9,9,5,5,5,5,5,5,5,5,5,8,5,5,8,4,4,8,8
2130,9,9,9,9,2,9,11,11,11,11,8,8,8,8,8,8,7,7,7,7,7,7,7,13
2131,9,9,5,5,5,9,9,5,5,5,5,5,5,5,4,5,5,5,4,4,4,4,4,4
2132,2,2,9,2,2,9,9,11,11,11,11,8,8,8,8,8,8,8,2,8,4,4,13,13
2133,9,9,9,9,9,9,9,5,5,5,5,2,5,5,5,8,8,8,5,8,4,4,4,8
2134,9,9,9,9,9,9,9,9,5,5,4,4,4,4,4,13,13,13,8,13,13,13,13,0
2136,9,9,9,9,9,9,9,9,8,8,8,8,8,8,8,8,7,7,7,7,7,7,7,13
2137,9,9,9,2,2,9,9,5,5,5,5,2,5,5,5,8,8,5,5,8,4,12,4,12
2138,9,9,9,9,9,9,9,9,9,9,9,9,9,8,8,8,8,8,8,8,8,8,8,8
2139,2,2,2,2,2,5,5,5,5,5,9,9,9,5,5,8,8,5,8,8,4,4,8,8
2140,9,9,9,9,9,9,9,5,9,5,5,2,5,5,8,8,8,8,5,12,12,4,8,8
2142,9,9,9,9,9,9,9,9,9,9,5,2,9,8,8,8,8,8,8,8,4,4,4,13
2143,9,9,9,9,9,9,9,5,5,5,5,2,5,5,5,8,8,8,5,8,4,4,4,8
2144,4,4,4,4,4,6,6,6,6,6,6,10,10,10,10,10,10,10,10,10,10,10,10,10
2145,9,0,5,5,5,9,4,5,5,5,4,4,4,4,4,4,13,13,13,13,13,0,0,0
2146,0,0,0,0,0,0,0,0,0,0,0,0,0,0,0,0,0,0,0,3,3,1,1,1
2148,3,3,0,0,0,4,3,3,3,3,3,3,3,3,3,3,0,0,0,0,0,0,0,1
2149,5,3,3,3,3,3,3,3,3,3,3,9,9,8,8,8,13,13,13,13,13,0,0,8
2150,9,9,9,9,2,9,9,11,11,11,11,8,8,8,2,8,8,13,2,2,13,13,13,13
2151,0,0,0,0,5,4,4,4,4,4,4,4,4,4,4,4,4,4,4,4,4,13,13,13
2152,9,9,9,9,9,9,9,9,9,9,9,9,9,8,8,8,8,8,8,8,8,8,8,8
2153,5,5,5,5,5,5,5,5,5,5,4,4,11,0,13,13,13,13,13,13,13,0,0,0
2154,5,5,5,5,5,3,11,11,11,11,4,4,4,4,8,13,13,13,13,8,8,8,13,13
2155,3,3,3,5,5,3,3,3,3,3,4,4,4,4,4,4,4,4,4,4,4,13,13,13
2156,9,9,9,9,9,9,9,9,9,9,9,9,9,8,8,8,8,8,8,8,8,8,8,13
2157,11,9,9,5,5,3,11,11,11,9,4,4,9,4,8,13,13,13,8,8,8,8,13,13
2158,9,5,0,0,5,4,4,5,5,5,4,4,4,4,4,4,4,4,4,13,13,4,4,4
2159,5,5,9,9,9,9,9,9,9,9,9,9,9,8,8,8,8,8,8,8,8,8,8,13
2160,9,9,9,5,5,9,9,9,9,9,9,9,9,8,8,8,8,13,8,8,8,8,8,13
2161,4,4,4,4,4,6,6,6,6,6,6,10,10,10,10,10,10,10,10,10,10,10,10,10
2162,9,9,9,9,9,9,9,9,9,9,9,9,9,8,8,8,8,8,8,8,8,8,8,13
2163,5,3,3,5,5,3,3,11,3,3,4,4,4,4,4,13,13,13,13,13,13,0,13,8
2164,6,6,6,6,6,6,1,1,1,1,1,1,1,1,1,1,1,1,1,1,17,15,15,15
2165,0,5,5,5,0,0,0,0,0,0,5,5,5,5,0,0,0,0,4,4,1,1,1,1
2167,4,5,5,11,0,0,0,6,6,14,5,5,5,0,0,0,0,0,4,4,1,1,1,1
2168,14,5,5,5,5,5,1,1,1,1,5,5,5,5,5,5,5,7,4,4,1,1,1,1
2169,6,6,6,6,6,6,6,6,6,1,1,1,1,1,6,1,1,1,16,16,1,15,15,15
2171,2,2,2,2,9,9,9,5,5,5,5,2,4,4,5,5,5,5,4,4,4,4,4,8
2172,2,2,2,2,2,2,2,2,2,2,5,2,2,4,13,13,12,5,5,5,12,12,8,12
2173,14,14,2,11,11,11,11,14,14,14,2,4,11,4,13,13,13,13,0,4,4,0,0,1
2174,5,5,5,5,5,5,5,5,5,5,5,4,4,4,13,13,13,13,13,13,13,0,0,0
2175,2,2,2,2,2,9,9,5,9,5,5,2,9,5,13,13,8,8,5,8,4,4,8,8
2176,2,2,5,5,5,5,5,5,5,5,5,4,4,4,13,13,13,13,13,13,13,0,0,0
2177,3,3,3,5,5,4,4,4,5,5,5,5,5,5,5,5,5,7,4,4,1,1,1,1
2178,2,5,5,5,5,5,5,5,5,5,4,4,4,4,13,13,13,13,13,13,13,0,0,8
2179,2,11,11,11,11,11,11,11,2,2,5,4,4,4,13,13,13,13,5,5,0,0,0,0
2180,5,5,5,5,5,5,5,5,5,5,4,4,4,4,13,13,13,13,13,13,13,0,0,0
2181,2,2,2,2,2,5,5,5,9,5,5,2,4,4,13,13,8,8,8,8,8,8,13,12
2182,9,9,9,2,9,9,9,5,5,5,5,5,5,5,5,5,5,5,5,8,4,4,4,8
2183,11,9,5,5,5,5,9,5,5,5,5,5,5,4,4,4,4,4,4,4,4,4,4,4
2184,2,2,2,2,2,2,5,5,9,5,5,2,4,4,13,13,13,13,5,8,12,12,8,8
2185,2,2,2,2,2,2,2,5,9,5,5,2,2,5,13,13,12,12,5,12,12,12,8,8
2186,0,5,5,5,0,0,0,0,0,0,5,5,0,0,0,0,0,0,4,4,1,1,1,1
2187,11,11,11,11,7,11,11,11,11,11,5,4,4,4,4,13,2,2,2,7,4,4,4,4
2188,0,5,5,5,0,0,0,0,1,1,5,5,5,5,0,0,0,0,4,4,1,1,1,1
2189,0,5,5,0,0,5,5,5,5,5,5,5,5,5,4,4,4,5,4,4,4,4,1,1
2190,6,6,6,6,6,6,6,6,6,6,6,10,10,10,10,10,10,10,10,10,10,10,10,10
2191,3,3,3,3,7,7,7,8,8,8,8,8,8,7,7,7,7,7,7,7,7,7,7,13
2192,3,3,3,3,4,7,7,8,8,8,8,8,8,7,1,0,0,7,7,7,7,15,15,15
2193,0,0,0,0,4,0,0,0,0,0,1,1,1,1,0,0,0,0,3,3,3,15,15,15
2194,3,3,3,3,4,7,7,8,8,8,8,8,8,7,7,7,3,7,7,7,7,7,15,4
2195,11,11,11,11,7,11,11,9,9,11,8,8,8,8,2,8,7,7,8,12,12,12,12,13
2196,2,14,2,2,2,2,2,2,2,2,2,2,2,2,2,2,2,12,12,12,12,12,12,12
2197,11,11,11,11,2,9,9,9,9,11,8,8,8,8,2,8,8,8,8,8,8,8,8,13
2198,11,11,11,9,2,9,9,9,9,11,8,8,8,8,2,8,8,8,8,12,12,12,12,13
2199,11,11,11,11,11,11,11,11,8,8,11,11,8,2,2,2,2,2,2,12,12,12,12,0
2200,11,9,9,9,9,9,9,9,9,9,9,9,8,8,8,8,8,7,7,8,4,4,4,13
2201,11,11,11,11,7,11,11,11,11,11,8,8,8,8,2,2,2,8,8,12,12,12,12,13
2202,3,3,3,3,11,7,7,8,8,8,8,11,8,2,2,2,2,2,2,12,12,12,12,13
2203,3,3,7,7,7,7,7,8,8,8,8,8,8,7,7,7,7,7,7,7,7,7,7,13
2204,2,11,11,11,11,11,11,11,11,11,11,8,8,2,2,2,2,2,2,2,12,12,12,13
2205,11,11,11,3,3,3,9,9,9,9,9,9,9,8,8,8,8,8,8,8,8,8,13,13
2206,11,11,11,11,11,11,11,11,11,11,11,11,8,2,2,2,2,2,2,12,12,12,13,13
2207,11,11,9,9,2,9,9,9,9,9,9,9,8,8,8,8,8,8,8,12,8,8,8,13
2208,11,11,11,3,7,11,11,8,8,8,8,8,8,8,8,8,7,7,7,7,7,7,7,13
2210,4,4,4,4,4,6,6,6,6,6,6,1,1,1,1,1,1,1,1,10,10,10,10,15
2211,0,0,0,0,5,4,4,4,4,4,4,4,4,4,4,4,4,4,4,4,4,4,4,4
2212,11,11,3,3,3,3,9,9,9,11,8,8,8,8,2,2,2,8,8,8,8,8,13,13
2213,11,2,9,9,2,9,9,9,11,11,11,11,8,8,2,8,8,13,12,8,8,8,13,13
2215,3,3,3,3,3,11,11,11,11,8,8,11,4,4,4,4,4,4,4,7,4,7,7,4
2216,1,1,1,1,0,0,0,0,0,0,0,0,0,0,0,0,0,0,3,3,3,3,15,15
2217,0,0,0,0,0,0,0,0,0,0,0,0,0,0,0,0,0,0,3,3,3,1,15,15
2218,0,0,0,0,0,0,0,0,0,0,0,0,0,0,0,0,0,0,0,0,0,1,1,1
2219,0,0,0,0,0,0,0,0,0,0,0,0,0,0,0,0,0,0,3,3,3,1,1,1
2220,0,0,0,0,0,0,0,0,0,0,0,0,0,0,0,0,0,0,3,3,3,3,15,15
2221,0,0,0,0,0,0,0,0,0,0,0,0,0,0,0,0,0,0,3,3,3,3,15,15
2222,0,0,0,0,0,0,0,0,0,0,0,0,0,0,0,0,0,0,3,3,3,1,1,1
2223,0,0,0,0,0,0,0,0,0,0,0,0,0,0,0,0,0,0,3,3,3,1,1,1
2224,0,0,0,0,0,0,0,0,0,0,0,0,0,0,0,0,0,7,3,7,7,15,15,15
2225,0,0,0,0,0,0,0,0,0,0,0,0,0,0,0,0,0,0,0,0,0,1,1,1
2226,0,0,0,0,0,0,0,0,0,0,0,0,0,0,0,0,0,0,3,3,3,3,15,15
2227,0,0,0,0,0,0,0,0,0,0,0,0,0,0,0,0,0,0,3,3,3,1,1,1
2228,1,1,0,0,0,0,0,0,0,0,0,0,0,0,0,0,0,0,3,3,3,15,15,15
2229,0,0,0,0,0,0,0,0,0,0,0,0,0,0,0,0,0,0,3,3,3,1,1,1
2230,0,0,0,0,0,4,0,0,0,0,3,3,0,0,0,4,4,4,4,4,3,1,4,4
2231,0,0,0,0,0,0,0,0,0,0,0,0,0,0,0,0,0,4,4,4,7,1,1,1
2232,0,0,0,0,0,0,0,0,0,0,0,0,0,0,0,0,0,0,3,3,3,1,1,1
2233,0,0,0,0,0,0,0,0,0,0,0,0,0,0,0,0,0,0,0,0,0,1,1,1
2234,0,0,0,0,5,4,4,0,4,4,4,4,4,4,4,4,4,4,4,4,4,4,4,4
2235,0,0,0,0,0,0,0,0,0,0,0,0,0,0,0,0,0,7,7,7,7,1,1,1
2236,0,0,0,0,0,0,0,0,0,0,0,0,0,0,0,0,0,0,3,3,3,1,1,1
2237,0,0,0,0,0,0,0,0,0,8,8,8,8,7,7,7,7,7,7,7,7,15,7,15
2238,0,0,0,0,0,0,0,0,0,0,3,3,3,3,3,3,3,3,3,3,3,3,3,3
2241,0,0,0,0,0,0,0,0,0,0,0,0,0,0,0,0,0,0,3,3,3,1,1,1
2242,0,0,0,0,0,0,0,0,0,0,0,0,0,0,0,0,0,0,3,3,3,3,15,15
2243,0,0,0,0,0,0,0,0,0,0,0,0,0,0,0,0,0,0,3,3,3,3,15,15
2244,0,0,0,0,0,4,3,3,3,3,3,3,3,3,3,3,3,3,3,3,3,3,3,3
2245,0,0,0,0,0,0,0,0,0,0,0,0,0,0,0,0,0,0,3,3,3,1,1,1
2248,0,0,0,0,0,0,0,0,0,0,0,0,0,0,0,0,0,0,3,3,3,1,1,1
2249,0,0,0,3,3,3,3,3,3,3,3,3,3,3,3,3,3,3,3,3,3,3,3,3
2250,0,0,0,0,0,4,3,3,3,3,3,3,3,3,3,3,3,3,3,3,3,3,3,3
2251,4,4,4,4,4,6,6,6,6,6,6,6,6,6,6,6,6,6,16,16,16,16,16,16
2252,4,4,4,4,4,6,6,6,6,6,6,5,5,5,6,0,0,0,16,16,1,1,1,1
2253,5,5,5,5,5,5,5,5,5,5,4,4,11,0,0,0,0,13,13,13,13,0,0,0
2254,2,2,2,2,2,2,2,2,2,2,2,8,8,8,2,8,8,8,8,8,12,8,8,8
2255,2,2,2,2,2,2,2,2,2,2,2,2,2,5,2,8,12,12,12,12,12,12,12,12
2256,2,2,2,2,2,2,2,2,2,2,2,9,2,2,2,8,12,12,12,12,12,12,12,12
2257,11,2,9,9,2,9,9,9,9,9,9,9,9,8,8,8,8,5,8,8,8,8,8,8
2258,2,2,2,2,2,2,2,2,2,2,2,2,9,7,2,8,12,12,12,12,12,12,4,12
2259,2,2,9,9,2,2,2,9,9,9,9,9,9,8,8,8,12,12,12,12,12,12,12,12
2260,11,2,9,9,2,9,9,9,2,11,11,9,9,4,8,8,8,8,12,12,8,8,8,8
2262,11,2,2,2,2,2,2,2,2,2,2,2,2,7,2,2,2,12,12,12,12,12,12,12
2264,9,9,0,0,5,9,4,5,5,5,5,2,2,5,2,2,12,12,5,5,5,0,0,12
2265,2,2,2,2,2,2,2,2,2,2,2,2,2,2,2,2,12,12,12,12,12,12,12,12
2266,2,2,2,2,2,2,2,2,2,2,2,2,2,2,2,2,2,12,12,12,12,12,12,12
2267,2,2,2,2,2,2,2,2,5,5,5,2,2,4,13,13,13,5,5,5,5,0,0,0
2268,9,2,2,2,2,2,2,9,9,9,9,9,9,8,8,8,12,12,12,12,12,8,8,8
2269,2,2,2,2,2,11,11,2,2,2,11,11,11,2,2,2,2,2,13,12,12,12,12,0
2270,2,2,2,2,2,2,2,2,2,2,5,5,5,5,5,5,12,12,12,12,12,12,4,12
2271,2,2,2,2,2,2,2,2,2,2,2,11,11,2,2,2,2,12,12,12,12,8,8,12
2272,7,7,7,11,11,2,2,5,5,5,5,5,5,5,5,5,5,5,5,5,5,0,0,0
2274,7,7,7,7,7,7,7,7,7,14,5,2,2,5,5,5,5,5,5,5,5,0,0,0
2275,4,4,4,4,4,6,6,6,6,6,6,10,10,10,10,10,10,10,10,10,10,10,10,10
2276,5,5,5,5,5,5,5,5,9,9,4,4,4,4,4,13,13,13,13,13,13,0,0,0
2278,0,0,0,5,5,5,4,11,4,5,4,4,4,4,4,0,0,13,13,0,0,0,0,1
2279,4,4,4,4,4,6,6,6,6,6,10,10,10,10,10,0,0,0,3,3,3,3,15,15
2280,4,4,4,0,0,0,0,6,6,6,6,5,5,5,0,0,0,0,4,4,1,1,1,1
2281,4,4,4,4,4,6,6,6,6,6,6,6,6,6,6,6,6,6,16,16,16,16,16,16
2282,4,4,4,4,4,6,6,6,6,6,6,10,10,10,6,0,0,0,16,16,1,15,15,15
2286,7,7,7,7,7,7,7,6,6,6,7,6,6,6,6,6,6,6,16,16,6,6,1,1
2287,5,5,5,5,0,0,7,5,5,5,5,5,5,5,0,0,5,5,4,4,4,0,0,0
2288,4,4,4,0,0,0,0,0,6,0,0,0,0,6,6,0,0,0,16,3,1,1,1,1
2289,4,4,4,0,0,6,6,6,6,6,6,0,0,6,6,0,0,0,16,3,1,1,1,1
2292,7,7,7,11,11,11,11,11,11,11,11,11,11,2,2,2,2,2,0,0,0,0,0,0
2293,5,5,5,5,5,5,5,5,5,5,4,4,4,4,4,0,0,13,13,13,13,0,0,0
2294,2,11,11,11,11,11,11,11,11,11,11,11,11,2,2,2,2,2,0,0,0,12,12,0
2295,7,7,11,11,11,7,7,7,7,7,7,2,2,2,2,2,12,12,6,6,6,12,4,12
2296,7,7,7,11,11,11,11,11,11,14,14,11,11,0,0,0,0,2,0,0,0,0,0,0
2297,5,5,5,5,5,5,5,5,5,5,4,4,4,0,0,0,0,13,0,0,0,0,0,0
2298,5,5,5,5,5,5,5,5,5,5,4,4,4,4,13,13,13,13,13,13,13,0,0,0
2299,7,7,7,11,11,11,11,11,11,14,14,11,11,0,0,0,2,2,2,5,5,0,0,0
2300,3,5,5,5,5,3,3,9,9,9,9,4,4,4,13,13,13,13,13,13,13,0,0,0
2301,5,5,5,5,9,9,9,5,7,9,5,5,5,5,5,5,5,5,5,8,4,4,8,8
2302,7,7,7,11,11,11,11,11,11,11,11,11,11,2,2,2,2,2,0,0,0,12,12,0
2303,5,5,5,5,5,5,11,11,11,5,4,4,4,0,0,0,0,13,0,0,0,0,0,1
2304,3,3,3,11,11,11,11,11,11,11,4,4,4,4,4,13,13,2,2,2,13,13,13,0
2305,11,11,9,3,11,9,9,9,9,11,11,11,8,8,2,8,2,8,12,12,12,12,6,6
2307,7,7,7,11,11,11,11,11,7,7,7,11,11,2,2,0,0,2,0,0,0,0,0,0
2308,5,5,5,5,5,5,5,5,2,5,4,4,4,4,13,13,13,13,12,12,13,0,0,0
2309,5,5,5,5,5,5,5,2,2,2,9,2,4,4,13,13,13,13,13,13,13,0,0,0
2310,5,5,5,5,5,5,5,11,11,5,4,4,4,4,13,13,13,13,13,13,13,0,0,0
2311,0,5,5,0,0,0,7,0,8,5,5,5,5,5,0,0,0,0,4,4,1,1,1,1
2312,4,4,4,4,4,6,6,6,6,6,6,6,1,1,1,1,1,1,1,16,16,16,16,16
2314,3,3,7,11,11,11,11,11,11,11,11,11,11,0,0,0,13,2,2,0,0,0,0,0
2315,2,5,5,5,5,5,11,9,11,5,5,4,4,4,2,13,13,13,13,13,5,0,12,0
2316,7,7,7,11,11,11,11,11,11,11,4,4,4,4,4,13,13,13,13,13,13,4,4,1
2317,11,11,11,11,11,11,11,11,11,11,11,11,11,2,2,2,2,2,2,12,12,12,12,12
2318,0,0,0,4,4,6,6,6,6,1,1,10,10,10,10,0,0,0,16,1,1,15,15,15
2320,0,0,0,4,4,6,6,6,6,6,6,0,0,0,0,0,0,0,16,3,1,1,1,1
2321,5,5,5,5,5,5,5,5,5,5,4,4,4,4,4,13,13,13,13,13,13,0,0,0
2322,2,9,5,5,5,5,9,9,9,11,4,4,4,4,13,13,13,8,8,8,8,8,13,8
2323,9,9,9,9,9,9,9,5,2,2,5,8,8,8,8,8,8,8,8,8,12,12,4,12
2324,0,5,5,5,5,5,5,5,5,5,4,4,4,0,4,0,0,13,13,13,13,0,0,0
2325,5,5,5,5,5,5,5,5,5,5,4,4,4,4,4,13,13,13,13,13,13,0,0,0
2326,5,5,5,5,5,5,5,5,5,5,4,4,4,4,4,13,13,13,13,13,13,0,0,0
2327,0,0,0,0,5,4,4,5,5,5,4,4,4,4,4,13,13,2,13,13,13,0,0,0
2328,2,11,11,11,11,11,11,11,11,11,11,11,8,2,2,2,2,2,0,0,0,12,12,0
2329,5,5,5,5,5,5,5,5,5,5,4,4,4,4,4,13,13,13,13,13,13,0,0,0
2330,5,5,5,5,5,5,5,5,5,5,4,4,4,4,4,13,13,13,13,13,13,0,0,0
2332,2,11,11,11,11,11,11,11,2,5,4,11,11,2,2,2,2,13,13,13,13,0,0,0
2333,0,5,5,5,0,0,0,5,5,5,5,5,5,5,5,5,5,7,4,4,1,1,1,1
2334,0,0,0,0,0,0,5,5,4,4,4,4,4,4,4,4,4,4,4,4,4,1,1,15
2335,0,5,5,5,0,0,0,0,0,0,0,0,0,0,0,0,0,0,0,0,0,1,1,1
2336,0,0,0,0,0,4,4,4,4,4,0,0,0,0,0,0,4,7,4,4,1,1,1,1
2337,0,0,0,0,0,0,0,0,0,1,1,1,1,1,1,1,1,1,1,1,1,15,15,15
2338,0,0,0,0,0,4,3,3,3,3,3,3,3,3,3,3,3,3,3,3,3,3,3,3
2339,0,3,3,3,3,3,7,3,3,3,3,3,3,3,3,3,3,3,3,3,3,3,3,3
2340,0,0,0,3,5,4,4,4,4,3,3,3,3,3,3,3,3,4,4,4,4,3,3,3
2341,0,0,0,3,3,3,3,3,3,3,3,3,3,3,3,3,3,3,3,3,3,3,3,3
2342,0,3,3,3,3,3,3,3,3,3,3,3,3,3,3,3,3,3,8,8,3,3,13,13
2343,3,3,3,3,3,3,3,3,3,3,3,3,3,3,3,3,3,3,3,3,3,3,3,3
2344,0,0,0,0,0,0,0,10,10,10,10,10,10,3,3,3,3,3,3,3,10,10,17,3
2345,0,0,0,0,0,4,3,3,3,3,3,3,3,3,3,3,3,3,3,3,3,3,3,3
2348,0,0,0,0,0,4,3,3,3,3,3,3,3,3,3,3,3,3,3,3,3,3,3,3
2349,0,0,0,0,0,4,3,3,3,3,3,3,3,3,3,3,3,3,3,3,3,3,3,3
2351,6,6,6,6,6,6,6,6,6,6,6,10,10,10,10,10,10,10,10,10,10,10,10,10
2352,6,6,6,6,6,6,10,10,10,10,10,10,10,10,10,10,10,10,10,10,10,10,10,10
2353,6,6,6,6,6,6,10,10,10,10,10,10,10,10,10,10,10,10,10,10,10,10,10,10
2354,6,6,6,6,6,6,6,6,6,6,6,10,10,10,10,10,10,10,10,10,10,10,10,10
2355,6,6,6,6,6,6,10,10,10,10,10,10,10,10,10,10,10,10,10,10,10,10,10,10
2356,6,6,6,6,6,6,6,6,6,6,6,10,10,10,10,10,10,10,10,10,10,10,10,10
2357,6,6,6,6,6,6,10,10,10,10,10,10,10,10,10,10,10,10,10,10,10,10,10,10
2358,6,6,6,6,6,6,10,10,10,10,10,10,10,10,10,10,10,10,10,10,10,10,10,10
2359,6,6,6,6,6,6,10,10,10,10,6,10,10,10,10,10,10,10,10,10,10,10,10,10
2360,6,6,6,6,6,6,10,10,10,10,10,10,10,10,10,10,10,10,10,10,10,10,10,10
2361,6,6,6,6,6,6,10,10,10,10,10,10,10,10,10,10,10,10,10,10,10,10,10,10
2362,1,1,1,1,1,1,1,1,1,1,1,1,1,1,1,1,1,1,1,1,17,15,15,15
2363,6,6,6,6,6,6,6,6,6,6,6,1,1,1,1,10,1,10,10,10,10,10,10,10
2364,6,6,6,6,6,6,10,10,10,10,10,10,10,10,10,10,10,10,10,10,10,10,10,10
2365,6,6,6,6,6,6,10,10,10,10,10,10,10,10,10,10,10,10,10,10,10,10,10,10
2366,6,6,6,6,6,6,10,10,10,10,10,10,10,10,10,10,10,10,10,10,10,10,10,10
2367,6,6,6,6,6,6,6,6,6,6,6,10,10,10,10,10,10,10,10,10,10,10,10,10
2368,6,6,6,6,6,6,6,6,6,6,6,10,10,10,10,10,10,10,10,10,10,10,10,10
2369,6,6,6,6,6,6,10,10,10,10,10,10,10,10,10,10,10,10,10,10,10,10,10,10
2370,1,1,1,1,1,1,1,1,1,1,1,1,10,10,10,10,1,10,10,10,17,17,17,17
2371,1,1,1,1,1,6,6,1,6,6,6,1,1,1,1,1,1,1,1,10,10,10,10,10
2372,6,6,6,6,6,6,10,10,10,10,10,10,10,10,10,10,10,10,10,10,10,10,10,10
2373,6,6,6,6,6,6,10,10,10,10,10,10,10,10,10,10,10,10,10,10,10,10,10,10
2374,6,6,6,6,6,6,10,10,10,10,10,10,10,10,10,10,10,10,10,10,10,10,10,10
2375,6,6,6,6,6,6,10,10,10,10,10,10,10,10,10,10,10,10,10,10,10,10,10,10
2376,6,6,6,6,6,6,6,6,6,6,6,10,10,10,10,10,10,10,10,10,10,10,10,10
2377,1,6,6,6,6,6,10,10,10,10,10,10,10,10,10,10,10,10,10,10,10,10,10,10
2378,6,6,6,6,6,6,10,10,10,10,10,10,10,10,10,10,10,10,10,10,10,10,10,10
2379,6,6,6,6,6,6,10,10,10,10,10,10,10,10,10,10,10,10,10,10,10,10,10,10
2380,6,6,6,6,6,6,6,6,6,6,6,10,10,10,10,10,10,10,10,10,10,10,10,10
2381,6,6,6,6,6,6,6,6,6,6,6,10,10,10,10,10,10,10,10,10,10,10,10,10
2382,6,6,6,6,6,6,6,6,6,6,6,10,10,10,10,10,10,10,10,10,10,10,10,10
2383,6,6,6,6,6,6,6,6,6,6,6,1,1,1,1,10,1,1,1,10,10,10,10,10
2384,6,6,6,6,6,6,6,6,6,6,6,10,10,10,10,10,10,10,10,10,10,10,10,10
2385,6,6,6,6,6,6,6,6,6,6,6,10,10,10,10,10,10,10,10,10,10,10,10,10
2386,6,6,6,6,6,6,6,6,6,6,6,1,1,10,10,10,10,10,10,10,10,10,10,10
2387,6,6,6,6,6,6,6,6,6,6,6,10,10,10,10,10,10,10,10,10,10,10,10,10
2388,6,6,6,6,6,6,6,6,6,6,6,10,10,10,10,10,10,10,10,10,10,10,10,10
2389,6,6,6,6,6,6,6,6,6,6,6,10,10,10,10,10,10,10,10,10,10,10,10,10
2390,6,6,6,6,6,6,6,6,6,6,6,10,10,10,10,10,10,10,10,10,10,10,10,10
2391,6,6,6,6,6,6,6,6,6,6,6,1,1,1,1,1,1,10,10,10,10,15,15,10
2392,6,1,1,6,6,1,1,1,1,1,1,1,1,1,1,1,1,1,1,1,1,15,15,15
2393,1,1,1,1,1,1,1,1,1,1,1,1,1,1,1,1,1,1,1,1,1,15,15,15
2395,1,1,1,1,1,1,1,1,1,1,1,1,1,1,1,1,1,1,1,1,1,15,15,15
2398,6,6,6,6,6,6,6,6,6,6,6,1,1,1,1,10,1,1,10,10,10,10,10,10
2399,6,6,6,6,6,6,6,6,6,6,6,10,10,10,10,10,10,10,10,10,10,10,10,10
2400,6,6,6,6,6,6,10,10,10,10,10,10,10,10,10,10,10,10,10,10,10,10,10,10
2401,6,6,6,6,6,6,6,6,6,6,6,10,10,10,10,10,10,10,10,10,10,10,10,10
2402,6,6,6,6,6,6,6,6,6,6,6,1,1,10,10,10,1,10,10,10,10,10,10,10
2403,1,1,1,1,1,1,1,1,1,1,1,1,1,1,1,1,1,1,1,1,1,15,15,15
2404,6,6,6,6,6,6,6,6,6,6,6,10,10,10,10,10,10,10,10,10,10,10,10,10
2405,6,6,6,6,6,6,10,10,10,10,10,10,10,10,10,10,10,10,10,10,10,10,10,10
2406,6,6,6,6,6,6,6,6,6,6,6,1,1,1,1,1,1,1,1,10,10,10,10,10
2407,6,6,6,6,6,6,6,6,6,6,6,1,1,1,10,10,1,10,10,10,10,10,10,10
2408,6,6,6,6,6,6,6,6,6,6,6,1,1,1,1,10,1,1,1,1,10,15,10,10
2409,1,1,1,1,1,1,1,1,6,6,6,1,1,1,1,1,1,1,1,1,17,15,15,10
2410,1,1,1,1,1,1,1,1,1,1,1,1,1,1,1,1,1,1,1,1,1,15,15,15
2411,1,1,1,1,1,1,1,1,1,1,1,1,1,1,1,1,1,1,1,1,17,15,15,15
2412,1,1,1,1,1,1,1,1,6,6,6,1,1,1,1,10,1,10,10,10,10,10,10,10
2416,1,1,1,1,1,1,10,10,6,6,6,1,1,1,1,10,1,10,10,10,10,10,10,10
2422,1,1,1,1,1,1,1,1,1,1,1,1,1,1,1,1,1,1,1,1,1,15,15,15
2423,6,6,6,6,6,6,10,10,10,10,10,10,10,10,10,10,10,10,10,10,10,10,10,10
2424,6,6,6,6,6,6,10,10,10,10,10,10,10,10,10,10,10,10,10,10,10,10,10,10
2425,6,6,6,6,6,6,10,10,10,10,10,10,10,10,10,10,10,10,10,10,10,10,10,10
2426,6,6,6,6,6,6,10,10,10,10,10,10,10,10,10,10,10,10,10,10,10,10,10,10
2427,6,6,6,6,6,6,10,10,10,10,10,10,10,10,10,10,10,10,10,10,10,10,10,10
2428,6,6,6,6,6,6,6,6,6,6,6,10,10,10,10,10,10,10,10,10,10,10,10,10
2429,6,6,6,6,6,6,6,6,6,6,6,10,10,10,10,10,10,10,10,10,10,10,10,10
2430,6,6,6,6,6,6,6,6,6,6,6,1,1,10,10,10,1,10,10,10,10,10,10,10
2431,6,6,6,6,6,6,6,6,6,6,6,1,1,1,1,10,1,1,10,10,10,10,10,10
2432,1,1,1,1,6,6,6,6,6,6,6,1,1,1,1,1,1,1,1,1,10,15,15,10
2433,6,6,6,6,6,6,6,6,6,6,6,1,1,10,10,10,1,10,10,10,10,10,10,10
2434,6,6,6,6,6,6,6,6,6,6,6,10,10,10,10,10,10,10,10,10,10,10,10,10
2435,6,6,6,6,6,6,6,6,6,6,6,10,10,10,10,10,10,10,10,10,10,10,10,10
2436,6,6,6,6,6,6,6,6,6,6,6,10,10,10,10,10,10,10,10,10,10,10,10,10
2437,1,1,1,1,1,1,1,1,1,1,1,1,1,1,1,1,1,1,1,1,17,15,15,15
2439,6,6,6,6,6,6,6,10,6,6,6,10,10,10,10,10,10,10,10,10,10,10,10,10
2440,6,6,6,6,6,6,10,10,10,10,10,10,10,10,10,10,10,10,10,10,10,10,10,10
2441,6,6,6,6,6,6,10,10,10,10,10,10,10,10,10,10,10,10,10,10,10,10,10,10
2442,6,6,6,6,6,6,10,10,10,10,10,10,10,10,10,10,10,10,10,10,10,10,10,10
2443,6,6,6,6,6,6,10,10,10,10,10,10,10,10,10,10,10,10,10,10,10,10,10,10
2444,6,6,6,6,6,6,10,10,10,10,10,10,10,10,10,10,10,10,10,10,10,10,17,17
2445,1,1,1,1,1,1,1,1,6,6,6,1,1,1,1,1,1,1,1,10,10,10,10,10
2446,1,1,6,6,6,6,6,6,6,6,6,1,1,1,1,10,1,1,1,10,10,10,10,10
2447,1,1,1,1,6,6,6,1,6,6,6,1,1,10,10,10,1,10,10,10,10,10,10,10
2449,1,1,1,1,1,1,1,1,1,1,1,1,1,1,1,1,1,1,1,1,17,15,15,15
2450,6,6,6,6,6,6,6,6,6,6,6,10,10,10,10,10,10,10,10,10,10,10,10,10
2451,6,6,6,6,6,6,6,6,6,6,6,10,10,10,10,10,10,10,10,10,10,10,10,10
2452,6,6,6,6,6,6,6,6,6,6,6,10,10,10,10,10,10,10,10,10,10,10,10,10
2453,6,6,6,6,6,6,6,6,6,6,6,10,10,10,10,10,10,10,10,10,10,10,10,10
2454,6,6,6,6,6,6,6,6,6,6,6,10,10,10,10,10,10,10,10,10,10,10,10,10
2455,6,6,6,6,6,6,6,6,6,6,6,10,10,10,10,10,10,10,10,10,10,10,10,10
2456,6,6,6,6,6,6,10,10,10,10,10,10,10,10,10,10,10,10,10,10,10,10,10,10
2457,6,6,6,6,6,6,10,10,10,10,10,10,10,10,10,10,10,10,10,10,10,10,10,10
2458,6,6,6,6,6,6,10,10,10,10,10,10,10,10,10,10,10,10,10,10,10,10,10,10
2459,6,6,6,6,6,6,10,10,10,10,10,10,10,10,10,10,10,10,10,10,10,10,10,10
2460,6,6,6,6,6,6,10,10,10,10,10,10,10,10,10,10,10,10,10,10,10,10,10,10
2461,6,6,6,6,6,6,10,10,10,10,10,10,10,10,10,10,10,10,10,10,10,10,10,10
2462,1,1,1,1,1,1,1,1,1,1,1,1,1,1,1,1,1,10,10,10,17,17,17,17
2463,1,1,1,1,1,1,1,1,1,1,1,1,1,1,1,1,1,10,10,10,17,17,17,17
2464,1,1,1,1,1,1,1,1,1,1,1,1,1,1,1,1,1,10,10,10,17,17,17,17
2465,1,1,1,1,1,1,1,1,1,1,1,1,1,1,1,1,1,1,1,1,17,15,15,15
2466,1,1,1,1,1,1,1,1,1,1,1,1,1,1,1,1,1,10,10,10,17,17,17,17
2467,1,1,1,1,1,1,1,1,1,1,1,1,1,1,1,1,1,1,10,1,17,17,17,17
2468,1,1,1,1,1,1,10,10,10,10,10,10,10,10,10,10,10,10,10,10,10,10,17,17
2469,1,1,1,1,1,1,1,1,1,1,1,1,1,1,1,1,1,10,10,10,17,17,17,17
2470,1,1,1,1,1,1,1,1,1,1,1,1,1,1,1,1,1,10,10,10,17,17,17,17
2471,1,1,1,1,1,1,1,1,1,1,1,1,1,1,1,1,1,10,10,10,17,17,17,17
2472,1,1,1,1,1,1,1,1,1,1,1,1,1,1,1,1,1,1,1,1,17,15,15,15
2473,1,1,1,1,1,1,1,1,1,1,1,1,1,1,1,1,1,10,10,10,17,17,17,17
2474,6,1,1,1,1,1,6,6,6,6,6,1,1,1,1,1,1,10,10,10,17,17,17,17
2475,1,1,1,1,1,1,10,10,10,10,10,10,10,10,10,10,10,10,10,10,10,10,17,17
2476,1,1,1,1,1,1,10,10,10,10,10,10,10,10,10,10,10,10,10,10,10,10,17,17
2477,1,1,1,1,1,1,10,10,10,10,10,10,10,10,10,10,10,10,10,10,10,10,17,17
2478,1,1,1,1,1,1,1,1,1,1,1,1,1,1,1,1,1,1,1,1,17,15,15,15
2479,1,1,1,1,1,1,10,10,10,10,10,10,10,10,10,10,10,10,10,10,10,10,17,17
2480,1,1,1,1,1,1,10,10,10,10,10,10,10,10,10,10,10,10,10,10,10,10,17,17
2481,1,1,1,1,1,1,10,10,10,10,10,10,10,10,10,10,10,10,10,10,10,10,17,17
2482,1,1,1,1,1,1,1,1,1,1,1,1,1,1,1,1,1,10,10,10,17,17,17,17
2483,1,1,1,1,1,1,1,1,1,1,1,1,1,1,1,1,1,10,10,10,17,17,17,17
2484,1,1,1,1,1,1,1,1,1,1,1,1,10,1,1,10,1,10,10,10,17,17,17,17
2485,1,1,1,1,1,1,10,10,10,10,10,10,10,10,10,10,10,10,10,10,10,10,17,17
2486,1,1,1,1,1,1,10,10,10,10,10,10,10,10,10,10,10,10,10,10,10,10,17,17
2487,1,1,1,1,1,1,1,1,1,1,1,1,1,1,1,1,1,10,10,10,17,17,17,17
2488,1,1,1,1,1,1,10,10,10,10,10,10,10,10,10,10,10,10,10,10,10,10,17,17
2489,1,1,1,1,1,1,10,10,10,10,10,10,10,10,10,10,10,10,10,10,10,10,17,17
2490,1,1,1,1,1,1,10,10,10,10,10,10,10,10,10,10,10,10,10,10,10,10,17,17
2491,1,1,1,1,1,1,1,1,1,1,1,1,1,1,1,1,1,1,1,1,17,17,17,15
2492,1,1,1,1,1,1,1,1,1,1,1,1,1,1,1,1,1,1,1,1,17,17,15,15
2493,1,1,1,1,1,1,1,1,1,1,1,1,1,1,1,1,1,1,1,1,17,17,17,15
2494,1,1,1,1,1,1,10,10,10,10,10,10,10,10,10,10,10,10,10,10,10,10,17,17
2495,1,1,1,1,1,1,10,10,10,10,10,10,10,10,10,10,10,10,10,10,10,10,17,17
2496,1,1,1,1,1,1,1,1,1,1,1,1,1,1,1,1,1,10,10,10,17,17,17,17
2497,1,1,1,1,1,1,10,10,10,10,10,10,10,10,10,10,10,10,10,10,10,10,17,17
2498,1,1,1,1,1,1,1,1,1,1,1,1,1,1,1,1,1,1,1,1,17,15,15,15
2499,1,1,1,1,1,1,1,1,1,1,1,1,1,1,1,1,1,10,10,10,17,17,17,17
2500,1,1,1,1,1,1,1,1,1,1,1,1,1,1,1,1,1,1,1,1,17,15,15,15
2501,1,1,1,1,1,1,1,1,1,1,1,1,1,1,1,1,1,1,10,10,17,17,17,15
2502,1,1,1,1,1,1,10,10,10,10,10,10,10,1,1,1,1,10,10,10,17,17,17,17
2503,1,1,1,1,1,1,10,10,10,10,10,10,10,10,10,10,10,10,10,10,10,10,17,17
2504,1,1,1,1,1,1,1,1,1,1,1,1,1,1,1,1,1,1,1,1,17,15,15,15
2505,1,1,1,1,1,1,10,10,10,10,10,10,10,10,10,10,10,10,10,10,10,10,17,17
2506,1,1,1,1,1,1,10,10,10,10,10,10,10,10,10,10,10,10,10,10,10,10,17,17
2507,1,1,1,1,1,1,10,10,10,10,10,10,10,10,10,10,10,10,10,10,10,10,17,17
2508,1,1,1,1,1,1,10,10,10,10,10,10,10,10,10,10,10,10,10,10,10,10,17,17
2509,1,1,1,1,1,1,10,10,10,10,10,10,10,10,10,10,10,10,10,10,10,10,17,17
2510,1,1,1,1,1,1,10,10,10,10,10,10,10,10,10,10,10,10,10,10,10,10,17,17
2511,1,1,1,1,1,1,1,1,1,1,1,1,1,1,1,1,1,1,1,1,17,15,15,15
2512,1,1,1,1,1,1,10,10,10,10,10,10,10,10,10,10,10,10,10,10,10,17,17,17
2513,1,1,1,1,1,1,1,1,1,1,1,1,1,1,1,1,1,1,10,1,17,17,17,17
2514,1,1,1,1,1,1,10,10,10,10,10,10,10,10,10,10,10,10,10,10,10,10,17,17
2515,1,1,1,1,1,1,1,1,1,1,1,1,1,1,1,1,1,10,10,10,17,17,17,17
2516,1,1,1,1,1,1,1,1,1,1,1,1,1,1,1,1,1,10,10,10,17,17,17,17
2517,1,1,1,1,1,1,1,1,1,1,1,1,1,1,1,1,1,10,10,10,17,17,17,17
2518,1,1,1,1,1,1,10,10,10,10,10,10,10,10,10,10,10,10,10,10,10,10,17,17
2519,1,1,1,1,1,1,10,10,10,10,10,10,10,10,10,10,10,10,10,10,10,10,17,17
2520,1,1,1,1,1,1,1,1,1,1,1,1,1,1,1,1,1,10,10,10,17,17,17,17
2521,1,1,1,1,1,1,1,1,1,1,1,1,1,1,1,10,1,10,10,10,17,17,17,17
2522,1,1,1,1,1,1,10,10,10,10,10,10,10,10,10,10,10,10,10,10,10,10,17,17
2523,1,1,1,1,1,1,1,1,1,1,1,1,1,1,1,1,1,10,10,10,17,17,17,17
2524,1,1,1,1,1,1,1,1,1,1,1,1,1,1,1,1,1,1,1,1,17,15,15,15
2525,1,1,1,1,1,1,1,1,1,1,1,1,1,1,1,1,1,10,10,10,17,17,17,17
2526,1,1,1,1,1,1,1,1,1,1,1,1,1,1,1,1,1,1,1,1,17,15,15,15
2527,1,1,1,1,1,1,10,10,10,10,10,10,10,10,10,10,10,10,10,10,10,10,17,17
2528,1,1,1,1,1,1,1,1,1,1,1,1,1,1,1,1,1,10,10,10,17,17,17,17
2529,1,1,1,1,1,1,10,10,10,10,10,10,10,10,10,10,10,10,10,10,10,10,17,17
2530,1,1,1,1,1,1,1,1,1,1,1,1,1,1,1,1,1,10,10,10,17,17,17,17
2531,1,1,1,1,1,1,1,1,1,1,1,1,1,1,1,1,1,10,10,10,17,17,17,17
2532,1,1,1,1,1,1,10,10,10,10,10,10,10,10,10,10,10,10,10,10,10,10,17,17
2533,1,1,1,1,1,1,10,10,10,10,10,10,10,10,10,10,10,10,10,10,10,10,17,17
2534,1,1,1,1,1,1,1,1,1,1,1,1,1,1,1,1,1,10,10,10,17,17,17,17
2535,1,1,1,1,1,1,10,10,10,10,10,10,10,10,10,10,10,10,10,10,10,10,17,17
2536,1,1,1,1,1,1,10,10,10,10,10,10,10,10,10,10,10,10,10,10,10,10,17,17
2537,6,6,6,1,1,1,10,10,10,10,10,10,10,10,10,10,10,10,10,10,10,10,17,17
2538,1,1,1,1,1,1,1,1,1,1,1,1,1,1,1,1,1,10,10,10,17,17,17,17
2539,6,6,6,1,1,1,10,10,10,10,10,10,10,10,10,10,10,10,10,10,10,10,17,17
2540,1,1,1,1,1,1,10,10,10,10,10,10,10,10,10,10,10,10,10,10,10,10,17,17
2541,1,1,1,1,1,1,10,10,10,10,10,10,10,10,10,10,10,10,10,10,10,10,17,17
2542,1,1,1,1,1,1,10,10,10,10,10,10,10,10,10,10,10,10,10,10,10,10,17,17
2543,1,1,1,1,1,1,10,10,10,10,10,10,10,10,10,10,10,10,10,10,10,10,17,17
2544,1,1,1,1,1,1,10,10,10,10,10,10,10,10,10,10,10,10,10,10,10,10,17,17
2545,1,1,1,1,1,1,10,10,10,10,10,10,10,10,10,10,10,10,10,10,10,10,17,17
2546,1,1,1,1,1,1,1,1,1,1,1,1,1,1,1,1,1,10,10,10,17,17,17,17
2547,1,1,1,1,1,1,1,1,1,1,1,1,1,1,1,1,1,1,1,1,1,15,15,15
2548,1,1,1,1,1,1,1,1,1,1,1,1,1,1,1,1,1,10,10,10,17,17,17,17
2549,1,1,1,1,1,1,10,10,10,10,10,10,10,10,10,10,10,10,10,10,10,10,17,17
2550,1,1,1,1,1,1,1,1,1,1,1,1,1,1,1,1,1,1,1,1,17,15,15,15
2551,1,1,1,1,1,1,1,1,1,1,1,1,1,1,1,1,1,10,10,10,17,17,17,17
2552,1,1,1,1,1,1,1,1,1,1,1,1,1,1,1,1,1,1,1,1,17,15,15,15
2553,1,1,1,1,1,1,1,1,1,1,1,1,1,1,1,1,1,1,1,10,17,17,15,15
2554,1,1,1,1,1,1,1,1,1,1,1,1,1,1,1,1,1,1,1,1,17,15,15,15
2555,1,1,1,1,1,1,1,1,1,1,1,1,1,1,1,1,1,10,10,10,17,17,17,17
2556,1,1,1,1,1,1,1,1,1,1,1,1,1,1,1,1,1,10,10,10,17,17,17,17
2557,1,6,6,6,1,6,10,10,10,10,10,10,10,10,10,10,10,10,10,10,10,10,17,17
2558,1,1,1,1,1,1,10,10,10,10,10,10,10,10,10,10,10,10,10,10,10,10,17,17
2559,1,1,1,1,1,1,10,10,10,10,10,10,10,10,10,10,10,10,10,10,10,10,17,17
2560,1,1,1,1,1,1,10,10,10,10,10,10,10,10,10,10,10,10,10,10,10,17,17,17
2561,1,1,1,1,1,1,10,10,10,10,10,10,10,10,10,10,10,10,10,10,10,10,17,17
2562,1,1,1,1,1,1,1,1,1,1,1,1,1,1,1,1,1,10,10,10,17,17,17,17
2563,1,1,1,1,1,1,10,10,10,10,10,10,10,10,10,10,10,10,10,10,10,10,17,17
2564,1,1,1,1,1,1,10,10,10,10,10,10,10,10,10,10,10,10,10,10,10,10,17,17
2565,1,1,1,1,1,1,1,1,1,1,1,1,1,1,1,1,1,10,10,10,17,17,17,17
2566,1,1,1,1,1,1,10,10,10,10,10,10,10,10,10,10,10,10,10,10,10,10,17,17
2567,1,1,1,1,1,1,10,10,10,10,10,10,10,10,10,10,10,10,10,10,10,10,17,17
2568,1,1,1,1,1,1,1,1,1,1,1,1,1,1,1,1,1,10,10,10,17,17,17,17
2569,1,1,1,1,1,1,1,1,1,1,1,1,1,1,1,1,1,10,10,10,17,17,17,17
2570,1,1,1,1,1,1,1,1,1,1,1,1,1,1,1,1,1,1,1,1,17,15,15,15
2571,1,1,1,1,1,1,1,1,1,1,1,1,1,1,1,1,1,1,1,1,1,15,15,15
2572,1,1,1,1,1,1,1,1,1,1,1,1,1,1,1,1,1,1,10,1,17,15,17,17
2573,1,6,6,1,1,1,10,10,10,10,10,10,10,10,10,10,10,10,10,10,10,10,17,17
2574,1,1,1,1,1,1,10,10,10,10,10,10,10,10,10,10,10,10,10,10,10,10,17,17
2575,1,1,1,1,1,1,1,1,1,1,1,1,1,1,1,1,1,10,10,10,17,17,17,17
2576,1,1,1,1,1,1,1,1,1,1,1,1,1,1,1,1,1,10,10,10,17,17,17,17
2577,1,1,1,1,1,1,10,10,10,10,10,10,10,10,10,10,10,10,10,10,10,10,17,17
2578,1,1,1,1,1,1,10,10,10,10,10,10,10,10,1,1,1,10,10,10,10,10,17,17
2579,1,1,1,1,1,1,10,10,10,10,10,10,10,10,10,10,10,10,10,10,10,10,17,17
2580,1,1,1,1,1,1,1,1,1,1,1,1,1,1,1,1,1,10,10,10,17,17,17,17
2581,1,1,1,1,1,1,1,1,1,1,1,1,1,1,1,1,1,10,10,10,17,17,17,17
2582,1,1,1,1,1,1,1,1,1,1,1,1,1,1,1,1,1,1,10,1,17,15,15,15
2583,1,1,1,1,1,1,10,10,10,10,10,10,10,10,10,10,10,10,10,10,10,10,17,17
2584,1,1,1,1,1,1,1,1,1,1,1,1,1,1,1,1,1,10,10,10,17,17,17,17
2585,1,1,1,1,1,1,1,1,1,1,1,1,1,1,1,1,1,10,10,10,17,17,17,17
2586,1,1,1,1,1,1,1,1,1,1,1,1,1,1,1,1,1,1,1,1,17,15,15,15
2587,1,1,1,1,1,1,1,1,1,1,1,1,1,1,1,1,1,10,10,1,17,17,15,15
2588,1,1,1,1,1,1,1,1,1,1,1,1,1,1,1,1,1,1,1,1,17,15,15,15
2589,1,1,1,1,1,1,1,1,1,1,1,1,1,1,1,1,1,10,10,10,17,17,17,17
2590,1,1,1,1,1,1,1,1,1,1,1,1,1,1,1,1,1,10,10,10,17,17,17,15
2591,1,1,1,1,1,1,1,1,1,1,1,1,1,1,1,1,1,1,1,1,1,15,15,15
2592,1,1,1,1,1,1,1,1,1,1,1,1,1,1,1,1,1,1,1,1,17,15,15,15
2593,0,0,0,0,0,0,0,5,5,5,5,5,5,5,0,0,0,0,4,4,1,1,1,1
2595,1,1,1,1,1,1,0,0,5,5,5,5,5,5,5,1,1,1,1,1,1,15,15,15
2596,1,1,1,1,1,1,1,1,1,1,1,1,1,1,1,1,1,1,1,1,1,15,15,15
2597,1,1,1,1,1,1,1,1,1,1,1,1,1,1,1,1,1,1,1,1,1,15,15,15
2598,1,1,1,1,1,1,1,1,5,5,5,5,5,5,5,1,1,1,1,4,1,1,1,15
2599,1,1,1,1,1,1,1,1,1,1,1,1,10,1,1,10,1,10,10,10,17,17,17,17
2600,1,1,1,1,1,6,6,6,6,6,6,1,1,1,1,1,1,1,1,1,17,15,15,15
2601,1,1,1,1,1,1,1,1,1,1,1,1,1,1,1,1,6,6,1,1,1,15,15,15
2602,1,1,1,1,1,1,1,1,1,1,1,1,1,1,1,1,1,1,1,1,17,15,15,15
2604,1,1,1,1,1,1,1,1,1,1,1,1,1,1,1,1,1,1,1,1,17,15,15,15
2605,1,1,1,1,1,1,1,10,10,1,1,1,10,10,10,10,1,10,10,10,10,10,17,17
2606,1,1,1,1,1,1,1,1,1,1,1,1,1,1,1,1,1,1,1,1,17,15,15,15
2607,1,1,1,1,1,1,1,1,1,1,1,1,1,1,1,1,1,1,1,1,1,15,15,15
2618,9,9,9,5,5,9,9,9,9,9,9,9,9,4,8,8,8,8,8,8,8,8,13,13
2619,0,0,0,0,0,0,0,5,5,5,5,5,5,5,0,0,0,0,4,4,1,1,1,1
2620,0,0,0,0,0,0,0,0,0,0,0,0,0,0,0,0,0,7,7,7,7,15,15,15
2621,0,0,0,0,0,0,0,0,0,0,0,0,0,0,0,0,0,7,7,7,1,15,15,15
2644,1,1,1,1,1,1,1,1,1,1,1,1,1,1,1,1,1,1,1,1,1,15,15,15
2646,1,1,1,1,1,1,6,6,6,6,6,1,1,1,1,1,1,10,1,10,10,15,15,15
2647,1,1,1,1,1,1,1,1,1,1,1,1,1,1,1,1,1,1,1,16,1,15,15,15
2648,1,1,1,1,1,1,1,1,1,1,1,1,1,1,1,1,1,1,1,1,1,15,15,15
2649,1,1,1,1,1,1,1,1,1,1,1,1,1,1,1,1,1,1,1,1,1,15,15,15
2651,1,1,1,1,1,1,1,1,1,1,1,1,1,1,1,1,1,1,1,1,17,15,15,15
2652,1,1,1,1,1,1,1,1,1,1,1,1,1,1,1,1,1,1,1,1,1,15,15,15
2710,9,9,9,9,9,9,0,5,5,5,5,5,5,5,5,5,5,7,4,4,1,1,1,1
2808,1,1,1,1,1,1,1,1,1,1,1,1,1,1,1,1,1,1,1,1,1,15,15,15
2809,4,4,4,4,4,6,6,6,6,6,6,6,6,6,6,6,6,7,7,7,7,15,15,15
2813,0,0,0,0,0,0,0,0,0,0,0,0,0,0,0,0,0,7,4,4,3,1,1,1
2814,1,1,1,1,1,1,1,1,1,1,1,1,1,1,1,1,1,1,1,1,17,15,15,15
2872,0,0,0,3,3,3,3,3,3,3,3,3,3,3,3,3,3,3,3,3,3,3,3,3
2876,14,14,14,14,14,14,14,14,14,14,6,6,6,6,6,6,6,6,16,16,16,16,16,16
2879,0,0,0,0,0,0,0,0,0,0,0,0,0,0,0,0,0,0,3,3,3,1,1,1
2880,0,0,0,0,0,4,3,3,3,3,3,3,3,3,3,3,3,3,3,3,3,3,3,3
2881,14,14,14,14,14,14,14,14,14,14,14,6,6,6,6,6,6,6,6,6,6,6,6,6
2882,0,0,0,0,0,0,0,0,0,0,0,0,0,0,0,0,0,0,3,3,3,1,1,1
2883,0,0,0,0,5,4,0,5,5,5,5,5,5,5,5,5,5,7,4,4,1,1,1,1
2884,7,14,14,14,7,7,7,6,1,1,1,1,1,5,5,5,1,7,4,4,1,1,1,1
2885,7,7,7,4,4,7,7,6,8,8,8,8,8,8,5,5,5,7,7,7,7,7,1,1
2886,0,0,0,0,0,4,4,4,4,4,4,4,0,0,4,0,0,0,4,4,4,4,4,1
2887,4,4,4,4,4,6,6,6,6,6,6,6,6,6,6,6,6,6,16,16,16,16,16,16
3005,3,3,7,7,4,6,6,6,6,6,1,1,1,5,5,5,1,1,1,1,1,15,15,15
3007,11,9,9,9,7,7,7,8,8,8,8,8,5,5,5,5,5,7,7,7,7,1,1,1
3009,4,4,4,4,4,6,6,6,6,6,6,6,6,6,6,6,6,6,16,16,1,15,15,15
3011,4,4,4,4,4,6,6,6,6,6,6,10,10,6,6,0,0,0,16,3,1,1,1,1
3012,5,5,5,5,5,9,9,9,9,5,4,4,4,4,4,13,13,13,13,13,13,0,0,0
3013,1,1,1,1,1,1,1,1,1,1,1,1,1,1,1,1,1,1,1,1,1,15,15,15
