territory_id,name,region,type_start,type_end,switches,kind,level_2023_h1,level_2024_h2,level_change_pct
1,Майкоп,Республика Адыгея,Промышленные и крупные города,Промышленные и крупные города,0,без смен,0.04968926111941071,0.09973459761578862,5.1318758404683695
2,Адыгейск,Республика Адыгея,Районы бюджетной экономики,Районы бюджетной экономики,0,без смен,-0.1657151418890681,-0.19485140363529663,-2.871589341929537
3,Гиагинский,Республика Адыгея,Промышленные и крупные города,Промышленные и крупные города,0,без смен,-0.18456309333682844,-0.19047519854887499,-0.5894663108140019
4,Кошехабльский,Республика Адыгея,Районы бюджетной экономики,Районы бюджетной экономики,0,без смен,-0.1909894010967547,-0.09929110620677732,9.60340931053658
5,Красногвардейский,Республика Адыгея,Районы бюджетной экономики,Районы бюджетной экономики,0,без смен,-0.2020972652508878,-0.17330607832598796,2.9209659601361793
6,Майкопский,Республика Адыгея,Районы бюджетной экономики,Районы бюджетной экономики,0,без смен,-0.09113606249565868,0.009107262701428809,10.543986672676864
7,Тахтамукайский,Республика Адыгея,Столичные агломерации и центры услуг,Столичные агломерации и центры услуг,0,без смен,0.2963903921941394,0.39979218248151166,10.893687964469056
8,Теучежский,Республика Адыгея,Столичные агломерации и центры услуг,Столичные агломерации и центры услуг,0,без смен,0.060762510342591135,0.19544155551595774,14.416949869032326
9,Шовгеновский,Республика Адыгея,Районы бюджетной экономики,Районы бюджетной экономики,0,без смен,-0.29868798338306995,-0.2401914411707257,6.024131959891199
10,Горно-Алтайск,Республика Алтай,Районы бюджетной экономики,Районы бюджетной экономики,1,возвратный,0.13838568736974435,0.21448147992831204,7.9065935693415135
11,Кош-Агачский,Республика Алтай,Районы бюджетной экономики,Районы бюджетной экономики,0,без смен,-0.07299800127201402,0.046195152341731806,12.65875017213216
12,Майминский,Республика Алтай,Районы бюджетной экономики,Ресурсные территории Севера и Востока,2,направленный,0.14882228036000722,0.2791652503044615,13.921903421892212
13,Онгудайский,Республика Алтай,Районы бюджетной экономики,Районы бюджетной экономики,0,без смен,-0.16497155950195333,-0.02718632873302636,14.772902692171863
14,Турочакский,Республика Алтай,Районы бюджетной экономики,Районы бюджетной экономики,0,без смен,-0.05121248124898781,0.04613537801268711,10.224373263067266
15,Улаганский,Республика Алтай,Районы бюджетной экономики,Районы бюджетной экономики,0,без смен,0.03619686157288419,0.13722480001657514,10.630754984284586
16,Усть-Канский,Республика Алтай,Районы бюджетной экономики,Районы бюджетной экономики,0,без смен,-0.22175066068284277,-0.124974687639494,10.16135548429158
17,Усть-Коксинский,Республика Алтай,Районы бюджетной экономики,Районы бюджетной экономики,0,без смен,-0.0795146994803293,0.03371356686837471,11.988753641353744
18,Чемальский,Республика Алтай,Районы бюджетной экономики,Районы бюджетной экономики,0,без смен,0.0717091493018905,0.16204168987300113,9.453820155177883
19,Чойский,Республика Алтай,Районы бюджетной экономики,Районы бюджетной экономики,0,без смен,-0.1666521297945668,-0.15256500165809891,1.4186819296695408
20,Шебалинский,Республика Алтай,Районы бюджетной экономики,Районы бюджетной экономики,0,без смен,-0.17749341129232032,-0.10846952045122205,7.14618069663413
21,Уфа,Республика Башкортостан,Промышленные и крупные города,Промышленные и крупные города,0,без смен,0.2748711584923977,0.2923103827080018,1.7592175308736246
22,Агидель,Республика Башкортостан,Промышленные и крупные города,Районы бюджетной экономики,3,направленный,-0.11008721039796487,-0.2874608826476823,-16.25332120511477
23,Кумертау,Республика Башкортостан,Промышленные и крупные города,Промышленные и крупные города,0,без смен,0.023411560107954383,0.041628755578345,1.8384140793469061
25,Нефтекамск,Республика Башкортостан,Промышленные и крупные города,Промышленные и крупные города,0,без смен,0.1320345670150805,0.16207037442844285,3.0491432525582507
26,Октябрьский,Республика Башкортостан,Промышленные и крупные города,Промышленные и крупные города,0,без смен,0.15262215410958793,0.1582611507880447,0.5654925747473838
27,Салават,Республика Башкортостан,Промышленные и крупные города,Промышленные и крупные города,0,без смен,0.12712228686553542,0.14248646973905674,1.548281873351165
28,Сибай,Республика Башкортостан,Промышленные и крупные города,Промышленные и крупные города,0,без смен,0.060866189854172546,0.09107418183194937,3.0668882520661356
29,Стерлитамак,Республика Башкортостан,Промышленные и крупные города,Промышленные и крупные города,0,без смен,0.12723448258381995,0.17760605770000026,5.166179513827074
30,Абзелиловский,Республика Башкортостан,Районы бюджетной экономики,Районы бюджетной экономики,0,без смен,-0.2853295900097515,-0.39059083721959276,-9.991065396226562
31,Альшеевский,Республика Башкортостан,Транспортные узлы,Транспортные узлы,0,без смен,-0.17679060367298405,-0.2824203862336372,-10.024230758837316
32,Архангельский,Республика Башкортостан,Районы бюджетной экономики,Районы бюджетной экономики,0,без смен,-0.15887589798695453,-0.22061685098209102,-5.987360782385675
33,Аскинский,Республика Башкортостан,Районы бюджетной экономики,Районы бюджетной экономики,0,без смен,-0.250189544342813,-0.296439627591153,-4.519684794303947
34,Аургазинский,Республика Башкортостан,Аграрные районы,Аграрные районы,0,без смен,-0.27899867060741695,-0.46384025487597924,-16.876404572578917
35,Баймакский,Республика Башкортостан,Районы бюджетной экономики,Районы бюджетной экономики,0,без смен,-0.16621041593261351,-0.20311948278693936,-3.62362305641869
36,Бакалинский,Республика Башкортостан,Районы бюджетной экономики,Районы бюджетной экономики,0,без смен,-0.20577755875287126,-0.27962603932169,-7.118758369108291
37,Балтачевский,Республика Башкортостан,Районы бюджетной экономики,Районы бюджетной экономики,0,без смен,-0.2661662664056624,-0.34909878388431803,-7.958674306830227
38,Белебеевский,Республика Башкортостан,Промышленные и крупные города,Промышленные и крупные города,0,без смен,0.0777770361561408,0.08170369785566223,0.39343811361376435
39,Белокатайский,Республика Башкортостан,Районы бюджетной экономики,Районы бюджетной экономики,0,без смен,-0.14614569881379444,-0.16918678680131136,-2.2777669150549906
40,Белорецкий,Республика Башкортостан,Промышленные и крупные города,Промышленные и крупные города,0,без смен,0.010836546556402796,0.06195596507085691,5.244856762361794
41,Бижбулякский,Республика Башкортостан,Районы бюджетной экономики,Районы бюджетной экономики,0,без смен,-0.197040545325429,-0.26913143151608754,-6.955367275408908
42,Бирский,Республика Башкортостан,Промышленные и крупные города,Промышленные и крупные города,0,без смен,0.010746369828185406,0.04733692772209371,3.726823259126011
43,Благоварский,Республика Башкортостан,Аграрные районы,Аграрные районы,0,без смен,-0.17090825049712066,-0.24429014548142783,-7.075411208898141
44,Благовещенский,Республика Башкортостан,Промышленные и крупные города,Промышленные и крупные города,0,без смен,0.0461940220478961,0.14916131778412142,10.84551572733703
45,Буздякский,Республика Башкортостан,Аграрные районы,Аграрные районы,0,без смен,-0.15249190055458595,-0.2575129365542539,-9.969441644089116
46,Бураевский,Республика Башкортостан,Промышленные и крупные города,Промышленные и крупные города,0,без смен,-0.21165967908939307,-0.32208823654607005,-10.454969884873167
47,Бурзянский,Республика Башкортостан,Районы бюджетной экономики,Районы бюджетной экономики,0,без смен,-0.2940151584595269,-0.3345518846083803,-3.9726103298278748
48,Гафурийский,Республика Башкортостан,Районы бюджетной экономики,Районы бюджетной экономики,0,без смен,-0.1676802596036969,-0.2733200534317482,-10.025131525813634
49,Давлекановский,Республика Башкортостан,Промышленные и крупные города,Промышленные и крупные города,0,без смен,-0.08195924375091963,-0.13040248398569965,-4.728858655264778
50,Дуванский,Республика Башкортостан,Районы бюджетной экономики,Районы бюджетной экономики,0,без смен,-0.08375327480013024,-0.10155024661178302,-1.7639541022706817
51,Дюртюлинский,Республика Башкортостан,Транспортные узлы,Транспортные узлы,0,без смен,-0.028937134738176756,-0.02637605717646352,0.2564359922380355
52,Ермекеевский,Республика Башкортостан,Аграрные районы,Аграрные районы,0,без смен,-0.24668967156438062,-0.3260942323586618,-7.633383027234386
53,Зианчуринский,Республика Башкортостан,Районы бюджетной экономики,Районы бюджетной экономики,0,без смен,-0.17317766023624367,-0.22823206114833372,-5.356634030132779
54,Зилаирский,Республика Башкортостан,Районы бюджетной экономики,Районы бюджетной экономики,0,без смен,-0.2390960050864249,-0.18938855391773904,5.09635932274215
55,Иглинский,Республика Башкортостан,Районы бюджетной экономики,Районы бюджетной экономики,0,без смен,0.009111389436549247,0.0680476339481837,6.070761265249325
56,Илишевский,Республика Башкортостан,Аграрные районы,Аграрные районы,0,без смен,-0.24552510051660903,-0.29992466961645253,-5.29463824708748
57,Ишимбайский,Республика Башкортостан,Промышленные и крупные города,Промышленные и крупные города,0,без смен,0.1395236905387991,0.14479352766062922,0.5283747137246442
58,Калтасинский,Республика Башкортостан,Транспортные узлы,Транспортные узлы,0,без смен,-0.1890814147608285,-0.31862480978078683,-12.15035347825676
59,Караидельский,Республика Башкортостан,Районы бюджетной экономики,Районы бюджетной экономики,0,без смен,-0.17335621626154207,-0.2785816696803189,-9.987843577567212
60,Кармаскалинский,Республика Башкортостан,Аграрные районы,Аграрные районы,0,без смен,-0.17579799350982897,-0.2169999431327622,-4.036468761172407
61,Кигинский,Республика Башкортостан,Районы бюджетной экономики,Районы бюджетной экономики,0,без смен,-0.17536529692195865,-0.22907068685603704,-5.2288729342583
62,Краснокамский,Республика Башкортостан,Ресурсные территории Севера и Востока,Ресурсные территории Севера и Востока,0,без смен,-0.20354880699988254,-0.2033109000996222,0.023793520235138033
63,Кугарчинский,Республика Башкортостан,Районы бюджетной экономики,Районы бюджетной экономики,0,без смен,-0.18778468085471042,-0.25422061356932496,-6.427713684030445
65,Кушнаренковский,Республика Башкортостан,Районы бюджетной экономики,Районы бюджетной экономики,0,без смен,-0.1531843550328169,-0.317042517998195,-15.113758653045961
66,Мелеузовский,Республика Башкортостан,Промышленные и крупные города,Промышленные и крупные города,0,без смен,0.07475759345958781,0.11224020464518869,3.8193943963062527
67,Мечетлинский,Республика Башкортостан,Районы бюджетной экономики,Районы бюджетной экономики,0,без смен,-0.14514928846576622,-0.15333352448638848,-0.8150836340067524
68,Мишкинский,Республика Башкортостан,Районы бюджетной экономики,Районы бюджетной экономики,0,без смен,-0.27194632868120444,-0.3230689184467452,-4.983781676677079
69,Миякинский,Республика Башкортостан,Аграрные районы,Аграрные районы,0,без смен,-0.25405533525967944,-0.3195629748405837,-6.340810843723332
70,Нуримановский,Республика Башкортостан,Районы бюджетной экономики,Районы бюджетной экономики,0,без смен,-0.14392769655890802,-0.219338634779661,-7.263768060563924
71,Салаватский,Республика Башкортостан,Районы бюджетной экономики,Районы бюджетной экономики,0,без смен,-0.1841684181514287,-0.18240534627243132,0.17646270040208023
72,Стерлибашевский,Республика Башкортостан,Районы бюджетной экономики,Районы бюджетной экономики,0,без смен,-0.3065705254870365,-0.47059657513450875,-15.128008726228915
73,Стерлитамакский,Республика Башкортостан,Аграрные районы,Аграрные районы,0,без смен,0.1525207000986084,0.1746350864132721,2.236072185752258
74,Татышлинский,Республика Башкортостан,Промышленные и крупные города,Промышленные и крупные города,0,без смен,-0.26888337439175175,-0.26492815213784837,0.39630544680870905
75,Туймазинский,Республика Башкортостан,Промышленные и крупные города,Промышленные и крупные города,0,без смен,0.052669650163453895,0.0824282531847711,3.0205815363516297
76,Уфимский,Республика Башкортостан,Столичные агломерации и центры услуг,Столичные агломерации и центры услуг,0,без смен,0.14243534672462843,0.23609560340523247,9.81865809762783
77,Учалинский,Республика Башкортостан,Ресурсные территории Севера и Востока,Промышленные и крупные города,1,направленный,0.0724892849474464,0.10742123885692904,3.5549241324722036
78,Федоровский,Республика Башкортостан,Районы бюджетной экономики,Районы бюджетной экономики,0,без смен,-0.21838573839325845,-0.4149379693677391,-17.844158062223904
79,Хайбуллинский,Республика Башкортостан,Ресурсные территории Севера и Востока,Ресурсные территории Севера и Востока,0,без смен,-0.11757305968646718,-0.09012001001535452,2.783335686024535
80,Чекмагушевский,Республика Башкортостан,Аграрные районы,Аграрные районы,0,без смен,-0.1882310294945316,-0.32823719672514934,-13.064712611738848
81,Чишминский,Республика Башкортостан,Промышленные и крупные города,Промышленные и крупные города,0,без смен,-0.018115818500968217,0.01077110479437208,2.9308197115330836
82,Шаранский,Республика Башкортостан,Районы бюджетной экономики,Районы бюджетной экономики,0,без смен,-0.2775635000028265,-0.4269123826202031,-13.873141916029553
83,Янаульский,Республика Башкортостан,Ресурсные территории Севера и Востока,Ресурсные территории Севера и Востока,0,без смен,-0.1210690839430703,-0.13297082836110383,-1.1831198807240484
167,Нальчик,Кабардино-Балкарская Республика,Промышленные и крупные города,Промышленные и крупные города,0,без смен,-0.03739426694318423,0.04215140234670015,8.279500887941783
168,Баксан,Кабардино-Балкарская Республика,Районы бюджетной экономики,Районы бюджетной экономики,0,без смен,-0.31185586161343853,-0.2408405977180248,7.35976130249727
169,Прохладный,Кабардино-Балкарская Республика,Транспортные узлы,Транспортные узлы,0,без смен,-0.17785377503456612,-0.13801652497971695,4.064139607948913
173,Майский,Кабардино-Балкарская Республика,Районы бюджетной экономики,Районы бюджетной экономики,0,без смен,-0.2868190984530375,-0.2786071614483567,0.8245747445733587
181,Городовиковский,Республика Калмыкия,Районы бюджетной экономики,Районы бюджетной экономики,0,без смен,-0.31625947300649937,-0.30449192766579297,1.183705528861867
184,Лаганский,Республика Калмыкия,Районы бюджетной экономики,Районы бюджетной экономики,0,без смен,-0.23571629328666818,-0.23544083585099015,0.0275495377561219
185,Малодербетовский,Республика Калмыкия,Районы бюджетной экономики,Районы бюджетной экономики,0,без смен,-0.31626112458972866,-0.3252687303963467,-0.8967158859923052
188,Сарпинский,Республика Калмыкия,Районы бюджетной экономики,Районы бюджетной экономики,0,без смен,-0.23886045068288228,-0.20122871967861666,3.834877079931309
191,Юстинский,Республика Калмыкия,Районы бюджетной экономики,Районы бюджетной экономики,0,без смен,-0.2083294653780694,-0.19356186469529538,1.4877180443316984
194,Черкесский,Карачаево-Черкесская Республика,Промышленные и крупные города,Промышленные и крупные города,0,без смен,-0.05496240359282586,-0.018353774680596107,3.728697725386243
195,Карачаевский,Карачаево-Черкесская Республика,Районы бюджетной экономики,Районы бюджетной экономики,0,без смен,-0.26155314460632884,-0.2159362340930997,4.667336458146254
196,Абазинский,Карачаево-Черкесская Республика,Районы бюджетной экономики,Районы бюджетной экономики,0,без смен,-0.16913437726230374,-0.0823861046679261,9.062210568764439
198,Зеленчукский,Карачаево-Черкесская Республика,Районы бюджетной экономики,Районы бюджетной экономики,0,без смен,-0.1649476934868558,-0.15033053448619604,1.4724512097281206
201,Ногайский,Карачаево-Черкесская Республика,Районы бюджетной экономики,Районы бюджетной экономики,0,без смен,-0.20437653310487006,-0.13907485964727653,6.748100650116817
203,Урупский,Карачаево-Черкесская Республика,Районы бюджетной экономики,Районы бюджетной экономики,0,без смен,-0.17145250974877305,-0.14717268150307236,2.4576983360042215
204,Усть-Джегутинский,Карачаево-Черкесская Республика,Промышленные и крупные города,Промышленные и крупные города,2,возвратный,-0.3733830319963441,-0.26208908788317703,11.772340678735649
205,Хабезский,Карачаево-Черкесская Республика,Районы бюджетной экономики,Районы бюджетной экономики,0,без смен,-0.3902807601510337,-0.28236421254282956,11.395477931671461
206,Петрозаводский,Республика Карелия,Столичные агломерации и центры услуг,Столичные агломерации и центры услуг,0,без смен,0.45229729297991206,0.4779615779382729,2.599644820938507
207,Костомукшский,Республика Карелия,Ресурсные территории Севера и Востока,Ресурсные территории Севера и Востока,0,без смен,0.5313392847615015,0.4641368232771364,-6.499412050601983
208,Беломорский,Республика Карелия,Транспортные узлы,Транспортные узлы,0,без смен,0.3122710966080466,0.23371913139815378,-7.554598076380426
209,Калевальский,Республика Карелия,Районы бюджетной экономики,Районы бюджетной экономики,0,без смен,0.30293010431810696,0.3067447526857068,0.3821933399016375
210,Кемский,Республика Карелия,Транспортные узлы,Транспортные узлы,0,без смен,0.27405570898572823,0.12521450339189144,-13.829406188197934
211,Кондопожский,Республика Карелия,Транспортные узлы,Транспортные узлы,0,без смен,0.20966502997975192,0.10703987093954985,-9.75348089929533
212,Лахденпохский,Республика Карелия,Аграрные районы,Аграрные районы,0,без смен,0.2651915768641704,0.2639964327483752,-0.11944302154993647
213,Лоухский,Республика Карелия,Транспортные узлы,Транспортные узлы,0,без смен,0.3319595701280485,0.32124722187082827,-1.0655175388636584
214,Медвежьегорский,Республика Карелия,Транспортные узлы,Транспортные узлы,0,без смен,0.22142152734069911,0.1657937676294079,-5.410883083225492
215,Муезерский,Республика Карелия,Районы бюджетной экономики,Районы бюджетной экономики,0,без смен,0.21037108247626848,0.1980142524814464,-1.2280797865312998
216,Олонецкий,Республика Карелия,Аграрные районы,Аграрные районы,0,без смен,0.12968203266758316,0.08257063393444941,-4.601888061728054
217,Питкярантский,Республика Карелия,Транспортные узлы,Транспортные узлы,0,без смен,0.2580324379200931,0.21889367048123098,-3.8382741276864474
218,Прионежский,Республика Карелия,Ресурсные территории Севера и Востока,Ресурсные территории Севера и Востока,0,без смен,0.35386000443259835,0.34498167434930505,-0.8839034091013387
219,Пряжинский,Республика Карелия,Районы бюджетной экономики,Районы бюджетной экономики,0,без смен,0.11093001850461803,-0.0027563048595649065,-10.746211974313669
220,Пудожский,Республика Карелия,Районы бюджетной экономики,Районы бюджетной экономики,0,без смен,0.1327063220877361,0.09529697974945635,-3.671825736720935
221,Сегежский,Республика Карелия,Промышленные и крупные города,Промышленные и крупные города,0,без смен,0.2936670531098633,0.2293276717807299,-6.231328783929468
222,Сортавальский,Республика Карелия,Транспортные узлы,Ресурсные территории Севера и Востока,1,направленный,0.3347909053848565,0.4116656167763069,7.990676790015749
223,Суоярвский,Республика Карелия,Транспортные узлы,Транспортные узлы,0,без смен,0.18316134933150666,0.08736438875444048,-9.135151119472983
224,Сыктывкар,Республика Коми,Промышленные и крупные города,Промышленные и крупные города,0,без смен,0.37620106598327513,0.3633202845763159,-1.2798179182894276
225,Воркута,Республика Коми,Ресурсные территории Севера и Востока,Ресурсные территории Севера и Востока,0,без смен,0.5406749001628409,0.5445596475594968,0.389230280827757
226,Вуктыл,Республика Коми,Ресурсные территории Севера и Востока,Ресурсные территории Севера и Востока,0,без смен,0.2402720555566488,0.153101614072883,-8.347913085704594
227,Инта,Республика Коми,Транспортные узлы,Транспортные узлы,0,без смен,0.4126982232984539,0.4093071019619761,-0.338537797849392
228,Усинск,Республика Коми,Ресурсные территории Севера и Востока,Ресурсные территории Севера и Востока,0,без смен,0.4723213654860097,0.44125231844835255,-3.0591364029444956
229,Ухта,Республика Коми,Ресурсные территории Севера и Востока,Ресурсные территории Севера и Востока,0,без смен,0.3882185552837741,0.3840278667542725,-0.41819198475406827
230,Ижемский,Республика Коми,Районы бюджетной экономики,Районы бюджетной экономики,0,без смен,0.13863975994462022,0.061695538970522414,-7.405849971899048
231,Княжпогостский,Республика Коми,Транспортные узлы,Транспортные узлы,0,без смен,0.19204954995532178,0.1230117393197953,-6.670860892957153
232,Койгородский,Республика Коми,Аграрные районы,Аграрные районы,0,без смен,0.03214272260596059,-0.04697089013800474,-7.606505230280181
233,Корткеросский,Республика Коми,Районы бюджетной экономики,Районы бюджетной экономики,0,без смен,-0.05026112693778225,-0.17872404600762218,-12.055382750409194
234,Печора,Республика Коми,Ресурсные территории Севера и Востока,Ресурсные территории Севера и Востока,0,без смен,0.37065380645717916,0.33617668338022,-3.388955893210588
235,Прилузский,Республика Коми,Аграрные районы,Аграрные районы,0,без смен,-0.008813514858754404,-0.11816817302491156,-10.358755887737969
236,Сосногорск,Республика Коми,Транспортные узлы,Транспортные узлы,0,без смен,0.2442811326432226,0.18987900667111468,-5.294880396290658
237,Сыктывдинский,Республика Коми,Аграрные районы,Аграрные районы,0,без смен,0.16601052803736258,0.16482867303618645,-0.11811568856050503
238,Сысольский,Республика Коми,Районы бюджетной экономики,Районы бюджетной экономики,0,без смен,0.006369591663089184,-0.10594280384335135,-10.623499428747197
239,Троицко-Печорский,Республика Коми,Районы бюджетной экономики,Районы бюджетной экономики,0,без смен,0.14330175247540625,0.08048287357026496,-6.088644843902147
240,Удорский,Республика Коми,Районы бюджетной экономики,Районы бюджетной экономики,0,без смен,0.13990062594919225,0.09617625211730552,-4.278224462146129
241,Усть-Вымский,Республика Коми,Транспортные узлы,Транспортные узлы,0,без смен,0.16194978330743068,0.07767149074966007,-8.082457918065057
242,Усть-Куломский,Республика Коми,Районы бюджетной экономики,Районы бюджетной экономики,0,без смен,-0.052438645094281235,-0.11350270166206045,-5.923702420144483
243,Усть-Цилемский,Республика Коми,Районы бюджетной экономики,Районы бюджетной экономики,0,без смен,0.10968319826931931,0.02228375381444832,-8.3688992828735
269,Йошкар-Ола,Республика Марий Эл,Промышленные и крупные города,Промышленные и крупные города,0,без смен,0.08410255495855228,0.13155387111051167,4.859515023166838
270,Волжск,Республика Марий Эл,Промышленные и крупные города,Промышленные и крупные города,0,без смен,0.0028760879664429715,-0.04463429368962579,-4.639942687193999
271,Козьмодемьянск,Республика Марий Эл,Промышленные и крупные города,Промышленные и крупные города,0,без смен,-0.09541558690307698,-0.12347304507185886,-2.76675032485435
272,Волжский,Республика Марий Эл,Транспортные узлы,Транспортные узлы,0,без смен,-0.20289745526003541,-0.23308733189331163,-2.973871388948479
273,Горномарийский,Республика Марий Эл,Районы бюджетной экономики,Районы бюджетной экономики,0,без смен,-0.3627787031874619,-0.3642083338413406,-0.1428609218791732
274,Звениговский,Республика Марий Эл,Промышленные и крупные города,Промышленные и крупные города,0,без смен,-0.10109376265950439,-0.11907060230336934,-1.7816220178989206
275,Килемарский,Республика Марий Эл,Районы бюджетной экономики,Районы бюджетной экономики,0,без смен,-0.24030333218968813,-0.2834697239780928,-4.224798526255502
276,Куженерский,Республика Марий Эл,Районы бюджетной экономики,Районы бюджетной экономики,0,без смен,-0.3165084410688375,-0.41009485165874615,-8.934067658309196
277,Мари-Турекский,Республика Марий Эл,Районы бюджетной экономики,Районы бюджетной экономики,0,без смен,-0.3640966176496911,-0.37222796403393943,-0.8098376411182717
278,Медведевский,Республика Марий Эл,Промышленные и крупные города,Промышленные и крупные города,0,без смен,0.0574216554598701,0.1527550673119681,10.002555554940319
279,Моркинский,Республика Марий Эл,Районы бюджетной экономики,Районы бюджетной экономики,0,без смен,-0.35738791558499994,-0.4323455421839982,-7.221720119177832
280,Новоторъяльский,Республика Марий Эл,Аграрные районы,Аграрные районы,0,без смен,-0.3016189706624095,-0.3609954586975572,-5.76480818593682
281,Оршанский,Республика Марий Эл,Районы бюджетной экономики,Районы бюджетной экономики,0,без смен,-0.2566188143343358,-0.4041720175737045,-13.7183467534292
282,Параньгинский,Республика Марий Эл,Районы бюджетной экономики,Районы бюджетной экономики,2,возвратный,-0.3950199240936394,-0.450218501332239,-5.370278379347104
283,Сернурский,Республика Марий Эл,Аграрные районы,Аграрные районы,0,без смен,-0.2391157270165921,-0.25635966881711497,-1.7096115955809843
284,Советский,Республика Марий Эл,Аграрные районы,Аграрные районы,0,без смен,-0.22286732395264627,-0.2958577533198496,-7.039027306344114
285,Юринский,Республика Марий Эл,Районы бюджетной экономики,Районы бюджетной экономики,0,без смен,-0.29148430022732086,-0.3277849434974354,-3.564967553839249
287,Ардатовский,Республика Мордовия,Районы бюджетной экономики,Аграрные районы,1,направленный,-0.3780380244139243,-0.43474322247325176,-5.5127421418168066
288,Атюрьевский,Республика Мордовия,Районы бюджетной экономики,Районы бюджетной экономики,0,без смен,-0.36196008382009914,-0.35120898432072006,1.08091002404902
289,Атяшевский,Республика Мордовия,Аграрные районы,Аграрные районы,0,без смен,-0.2691248819730377,-0.2842477556592913,-1.5009097296051488
290,Большеберезниковский,Республика Мордовия,Районы бюджетной экономики,Районы бюджетной экономики,0,без смен,-0.37702796831958746,-0.4311227520006087,-5.265769034506851
292,Дубенский,Республика Мордовия,Районы бюджетной экономики,Районы бюджетной экономики,0,без смен,-0.40440576510117676,-0.43466250411761465,-2.9803585702597446
293,Ельниковский,Республика Мордовия,Районы бюджетной экономики,Районы бюджетной экономики,0,без смен,-0.2784743105232037,-0.3028047049457549,-2.4036796315373476
294,Зубово-Полянский,Республика Мордовия,Промышленные и крупные города,Промышленные и крупные города,0,без смен,-0.15679300148595576,-0.15515538328986947,0.16389598250230453
295,Инсарский,Республика Мордовия,Районы бюджетной экономики,Районы бюджетной экономики,0,без смен,-0.24159527106530584,-0.20457926526792627,3.7709630075312583
296,Ичалковский,Республика Мордовия,Аграрные районы,Аграрные районы,0,без смен,-0.24420450834480345,-0.2207687711129207,2.3712512032989963
297,Кадошкинский,Республика Мордовия,Районы бюджетной экономики,Районы бюджетной экономики,0,без смен,-0.25452679163524355,-0.237654438120261,1.701549558623383
298,Ковылкинский,Республика Мордовия,Транспортные узлы,Транспортные узлы,0,без смен,-0.15099797683382357,-0.15867630052688408,-0.7648920669132808
300,Краснослободский,Республика Мордовия,Аграрные районы,Аграрные районы,0,без смен,-0.26067966178607627,-0.2630356959910222,-0.23532609347591826
301,Лямбирский,Республика Мордовия,Аграрные районы,Аграрные районы,0,без смен,-0.08853572643622432,0.03734001738135687,13.414123546707657
302,Ромодановский,Республика Мордовия,Аграрные районы,Аграрные районы,0,без смен,-0.27865596339343995,-0.3157997160184494,-3.646238566844351
303,Рузаевский,Республика Мордовия,Промышленные и крупные города,Промышленные и крупные города,0,без смен,-0.02660877113480531,-0.022404528913936222,0.4213092445678024
304,Старошайговский,Республика Мордовия,Аграрные районы,Аграрные районы,0,без смен,-0.3567259859021282,-0.456896330323711,-9.531670284345362
305,Темниковский,Республика Мордовия,Районы бюджетной экономики,Районы бюджетной экономики,0,без смен,-0.24201041725765973,-0.26882232128295297,-2.6455655924310317
306,Теньгушевский,Республика Мордовия,Районы бюджетной экономики,Районы бюджетной экономики,0,без смен,-0.28595276841528694,-0.3402717362698997,-5.28700456936233
307,Торбеевский,Республика Мордовия,Транспортные узлы,Транспортные узлы,2,возвратный,-0.09677975910275934,-0.10650475826307974,-0.9677864275306369
308,Чамзинский,Республика Мордовия,Аграрные районы,Аграрные районы,0,без смен,-0.1070219837939644,-0.11471189516293823,-0.7660419645208916
309,Якутск,Республика Саха (Якутия),Ресурсные территории Севера и Востока,Ресурсные территории Севера и Востока,0,без смен,0.5513655074547105,0.6034808169281153,5.349721371878724
312,Алданский,Республика Саха (Якутия),Ресурсные территории Севера и Востока,Ресурсные территории Севера и Востока,0,без смен,0.47150842461200515,0.5506589680835449,8.236725312967042
314,Амгинский,Республика Саха (Якутия),Районы бюджетной экономики,Районы бюджетной экономики,0,без смен,0.19336707223462715,0.19861680088555764,0.5263532621513356
316,Булунский,Республика Саха (Якутия),Ресурсные территории Севера и Востока,Ресурсные территории Севера и Востока,0,без смен,0.5809305737404102,0.6724050734878378,9.578883344424405
317,Верхневилюйский,Республика Саха (Якутия),Районы бюджетной экономики,Районы бюджетной экономики,0,без смен,0.16992406287126696,0.16120477285530121,-0.8681387248512862
318,Верхнеколымский,Республика Саха (Якутия),Транспортные узлы,Ресурсные территории Севера и Востока,1,направленный,0.6820007628434928,0.7246480336085908,4.3569732370328795
319,Верхоянский,Республика Саха (Якутия),Ресурсные территории Севера и Востока,Ресурсные территории Севера и Востока,0,без смен,0.38965702215336684,0.5161923847914593,13.488958315608501
320,Вилюйский,Республика Саха (Якутия),Ресурсные территории Севера и Востока,Ресурсные территории Севера и Востока,0,без смен,0.2255255741813936,0.18943284497342935,-3.5449152700061104
321,Горный,Республика Саха (Якутия),Районы бюджетной экономики,Районы бюджетной экономики,0,без смен,0.11022029143573153,0.007269667274164486,-9.782848214309602
323,Кобяйский,Республика Саха (Якутия),Ресурсные территории Севера и Востока,Ресурсные территории Севера и Востока,0,без смен,0.341252009968132,0.28496840711474497,-5.472898368499591
324,Нюрбинский,Республика Саха (Якутия),Ресурсные территории Севера и Востока,Ресурсные территории Севера и Востока,0,без смен,0.19347608060840069,0.2355502509389004,4.29718334476048
325,Ленский,Республика Саха (Якутия),Ресурсные территории Севера и Востока,Ресурсные территории Севера и Востока,0,без смен,0.4587208753137861,0.550170790944453,9.576189477475051
326,Мегино-Кангаласский,Республика Саха (Якутия),Районы бюджетной экономики,Ресурсные территории Севера и Востока,1,направленный,0.22219410236942316,0.21829882239335419,-0.38877032140853807
327,Мирнинский,Республика Саха (Якутия),Ресурсные территории Севера и Востока,Ресурсные территории Севера и Востока,0,без смен,0.49737357936371956,0.5384188359197202,4.189925725059229
329,Намский,Республика Саха (Якутия),Районы бюджетной экономики,Районы бюджетной экономики,0,без смен,0.21512467047184192,0.1688778167721686,-4.519376435481348
330,Нерюнгринский,Республика Саха (Якутия),Ресурсные территории Севера и Востока,Ресурсные территории Севера и Востока,0,без смен,0.5217244219298903,0.5768951487326494,5.672100987533257
331,Нижнеколымский,Республика Саха (Якутия),Ресурсные территории Севера и Востока,Ресурсные территории Севера и Востока,0,без смен,0.723326775657112,0.7924371772618205,7.155450395502716
332,Оймяконский,Республика Саха (Якутия),Ресурсные территории Севера и Востока,Ресурсные территории Севера и Востока,0,без смен,0.5688039536216994,0.7324700725808535,17.78209973351843
333,Олекминский,Республика Саха (Якутия),Ресурсные территории Севера и Востока,Ресурсные территории Севера и Востока,0,без смен,0.4429505957561786,0.4912669350153485,4.950260169338461
334,Оленекский,Республика Саха (Якутия),Ресурсные территории Севера и Востока,Ресурсные территории Севера и Востока,0,без смен,0.5300043560382175,0.5501031515176624,2.030213628629962
335,Среднеколымский,Республика Саха (Якутия),Ресурсные территории Севера и Востока,Ресурсные территории Севера и Востока,0,без смен,0.4162167264328769,0.4693973315281135,5.462009768366705
336,Сунтарский,Республика Саха (Якутия),Районы бюджетной экономики,Районы бюджетной экономики,0,без смен,0.20181194096128655,0.22504263469903632,2.350262796095226
337,Таттинский,Республика Саха (Якутия),Районы бюджетной экономики,Районы бюджетной экономики,0,без смен,0.11180765045429701,0.05518803927902086,-5.504654925759301
338,Томпонский,Республика Саха (Якутия),Ресурсные территории Севера и Востока,Ресурсные территории Севера и Востока,0,без смен,0.38352633392489704,0.46026648899398,7.976146939260476
339,Усть-Алданский,Республика Саха (Якутия),Районы бюджетной экономики,Районы бюджетной экономики,0,без смен,0.08930887672462677,0.025090553186274178,-6.219976668630456
340,Усть-Майский,Республика Саха (Якутия),Ресурсные территории Севера и Востока,Ресурсные территории Севера и Востока,0,без смен,0.3899399114924827,0.44888116843465714,6.071292938904982
341,Усть-Янский,Республика Саха (Якутия),Ресурсные территории Севера и Востока,Ресурсные территории Севера и Востока,0,без смен,0.559542966405916,0.7193808683299222,17.332066255409195
342,Хангаласский,Республика Саха (Якутия),Ресурсные территории Севера и Востока,Ресурсные территории Севера и Востока,0,без смен,0.2718439833991863,0.16864888573662787,-9.804901221458351
343,Чурапчинский,Республика Саха (Якутия),Районы бюджетной экономики,Районы бюджетной экономики,0,без смен,0.157428112637881,0.10246713448832878,-5.347791772400356
345,Владикавказ,Республика Северная Осетия — Алания,Промышленные и крупные города,Промышленные и крупные города,0,без смен,0.11583881400988479,0.20457385264489739,9.279107054980408
346,Алагирский,Республика Северная Осетия — Алания,Районы бюджетной экономики,Районы бюджетной экономики,0,без смен,-0.14147154533733364,-0.07118522015768569,7.281531131932528
347,Ардонский,Республика Северная Осетия — Алания,Районы бюджетной экономики,Районы бюджетной экономики,0,без смен,-0.2003099592094418,-0.10248331684295013,10.2771594662874
348,Дигорский,Республика Северная Осетия — Алания,Районы бюджетной экономики,Районы бюджетной экономики,0,без смен,-0.21259815190831036,-0.10788548561349358,11.039151160675376
349,Ирафский,Республика Северная Осетия — Алания,Районы бюджетной экономики,Районы бюджетной экономики,0,без смен,-0.3324902655348912,-0.2568417953641431,7.858335328545052
351,Моздокский,Республика Северная Осетия — Алания,Районы бюджетной экономики,Районы бюджетной экономики,0,без смен,-0.09282085630399717,0.01001568238117508,10.831022842122184
352,Правобережный,Республика Северная Осетия — Алания,Районы бюджетной экономики,Районы бюджетной экономики,0,без смен,-0.1639979240078088,-0.05699692264038081,11.293536893599555
354,Казань,Республика Татарстан,Промышленные и крупные города,Промышленные и крупные города,0,без смен,0.30703127595781093,0.34706035967894017,4.08410452828889
355,Набережные Челны,Республика Татарстан,Промышленные и крупные города,Промышленные и крупные города,0,без смен,0.1678326199784926,0.24183006938781304,7.680405900632059
356,Агрызский,Республика Татарстан,Транспортные узлы,Транспортные узлы,0,без смен,-0.191388263195399,-0.21078939151573609,-1.9214137659466113
357,Азнакаевский,Республика Татарстан,Ресурсные территории Севера и Востока,Ресурсные территории Севера и Востока,0,без смен,-0.06234100674417912,-0.13359623607774088,-6.877581393430354
358,Аксубаевский,Республика Татарстан,Районы бюджетной экономики,Районы бюджетной экономики,0,без смен,-0.3687830969906285,-0.3679371440475479,0.08463108621921123
359,Актанышский,Республика Татарстан,Аграрные районы,Аграрные районы,0,без смен,-0.3070046351656848,-0.3868510704915276,-7.674188466734977
360,Алексеевский,Республика Татарстан,Промышленные и крупные города,Промышленные и крупные города,0,без смен,-0.10865491616143164,-0.151371766662173,-4.181733939929222
361,Алькеевский,Республика Татарстан,Аграрные районы,Аграрные районы,0,без смен,-0.27282654221467756,-0.3460651577452003,-7.062096070702928
362,Альметьевский,Республика Татарстан,Ресурсные территории Севера и Востока,Ресурсные территории Севера и Востока,0,без смен,0.17198516917869355,0.1944106992606128,2.267887251674594
363,Апастовский,Республика Татарстан,Аграрные районы,Аграрные районы,0,без смен,-0.3789839130946069,-0.4529769981930694,-7.132188446318654
364,Арский,Республика Татарстан,Аграрные районы,Аграрные районы,0,без смен,-0.27532852254604673,-0.28817004180645817,-1.275941875942932
365,Атнинский,Республика Татарстан,Аграрные районы,Аграрные районы,0,без смен,-0.3768269810377367,-0.4680749943896565,-8.720870160575378
366,Бавлинский,Республика Татарстан,Ресурсные территории Севера и Востока,Ресурсные территории Севера и Востока,1,возвратный,-0.10614327458027706,-0.25483308028952817,-13.816358982592359
367,Балтасинский,Республика Татарстан,Аграрные районы,Аграрные районы,0,без смен,-0.29499439518137766,-0.3592777407111942,-6.226074234266932
368,Бугульминский,Республика Татарстан,Промышленные и крупные города,Промышленные и крупные города,0,без смен,0.08851712145205355,0.101962250255764,1.3535920995909168
369,Буинский,Республика Татарстан,Аграрные районы,Аграрные районы,0,без смен,-0.23724694745539723,-0.24189731598922837,-0.463957231203449
370,Верхнеуслонский,Республика Татарстан,Столичные агломерации и центры услуг,Столичные агломерации и центры услуг,0,без смен,0.07287959619135798,-0.05669333722608657,-12.15294837770996
371,Высокогорский,Республика Татарстан,Промышленные и крупные города,Промышленные и крупные города,0,без смен,-0.0558488640114323,0.08668079295134223,15.318728048248943
372,Дрожжановский,Республика Татарстан,Аграрные районы,Аграрные районы,0,без смен,-0.38966000899178993,-0.4661296975295877,-7.3619006174266755
373,Елабужский,Республика Татарстан,Промышленные и крупные города,Промышленные и крупные города,0,без смен,0.08648354732251266,0.1982801771855831,11.828541166036777
374,Заинский,Республика Татарстан,Промышленные и крупные города,Промышленные и крупные города,0,без смен,-0.06175860033106062,0.0003551103501597079,6.408333548988598
375,Зеленодольский,Республика Татарстан,Транспортные узлы,Транспортные узлы,0,без смен,0.12149906107995001,0.19092280919923135,7.189032443535703
376,Кайбицкий,Республика Татарстан,Аграрные районы,Аграрные районы,0,без смен,-0.3936933122546291,-0.44394067708894386,-4.900584710811195
377,Камско-Устьинский,Республика Татарстан,Аграрные районы,Аграрные районы,0,без смен,-0.1713664941899813,-0.23674661775551561,-6.328867035622121
378,Кукморский,Республика Татарстан,Аграрные районы,Аграрные районы,0,без смен,-0.22208872566216975,-0.3152437772871742,-8.894777078433547
379,Лаишевский,Республика Татарстан,Транспортные узлы,Транспортные узлы,0,без смен,0.1485627557055258,0.2638131655542851,12.21544009062927
380,Лениногорский,Республика Татарстан,Ресурсные территории Севера и Востока,Ресурсные территории Севера и Востока,0,без смен,0.05679318772511207,0.08379966718738618,2.7374459575975285
381,Мамадышский,Республика Татарстан,Аграрные районы,Аграрные районы,0,без смен,-0.2451581037430118,-0.27995588406711863,-3.4199299583633103
382,Менделеевский,Республика Татарстан,Промышленные и крупные города,Промышленные и крупные города,0,без смен,-0.055110376083431056,-0.17783822218137915,-11.549564888229114
383,Мензелинский,Республика Татарстан,Аграрные районы,Аграрные районы,0,без смен,-0.12246145779330704,-0.2059145522480478,-8.006576432380818
384,Муслюмовский,Республика Татарстан,Аграрные районы,Аграрные районы,0,без смен,-0.3040701384700461,-0.4081016230561447,-9.880307683758794
385,Нижнекамский,Республика Татарстан,Промышленные и крупные города,Промышленные и крупные города,0,без смен,0.10317189870126538,0.13454153024627966,3.186684394029893
386,Новошешминский,Республика Татарстан,Ресурсные территории Севера и Востока,Ресурсные территории Севера и Востока,0,без смен,-0.22465179577283845,-0.2750162084863561,-4.911715244268855
387,Нурлатский,Республика Татарстан,Ресурсные территории Севера и Востока,Ресурсные территории Севера и Востока,0,без смен,-0.1257966157549859,-0.10381748413302994,2.2222452123277225
388,Пестречинский,Республика Татарстан,Аграрные районы,Аграрные районы,0,без смен,0.07535991491554483,0.04605043908848927,-2.8884118933104164
390,Сабинский,Республика Татарстан,Аграрные районы,Аграрные районы,0,без смен,-0.2614584044253376,-0.3363246102919675,-7.213237873162582
391,Сармановский,Республика Татарстан,Транспортные узлы,Аграрные районы,1,направленный,-0.2536236205795526,-0.3780915512222049,-11.703342291696107
392,Спасский,Республика Татарстан,Районы бюджетной экономики,Районы бюджетной экономики,0,без смен,-0.1969434651850047,-0.15775617908466089,3.996523644596972
393,Тетюшский,Республика Татарстан,Районы бюджетной экономики,Районы бюджетной экономики,0,без смен,-0.24888259494552578,-0.28071868545912615,-3.133465749354458
395,Тюлячинский,Республика Татарстан,Аграрные районы,Аграрные районы,0,без смен,-0.3253787508055079,-0.47927927737157167,-14.264269895531656
396,Черемшанский,Республика Татарстан,Районы бюджетной экономики,Аграрные районы,1,направленный,-0.2832182549994835,-0.3848316715199447,-9.662128453878427
397,Чистопольский,Республика Татарстан,Промышленные и крупные города,Промышленные и крупные города,0,без смен,-0.055497135796899855,0.004442973565020658,6.177295438135766
398,Ютазинский,Республика Татарстан,Промышленные и крупные города,Промышленные и крупные города,0,без смен,-0.14653152192413485,-0.32572082594902224,-16.405236383454646
401,Бай-Тайгинский,Республика Тыва,Районы бюджетной экономики,Районы бюджетной экономики,0,без смен,-0.3352571029915146,-0.2635749630132371,7.431380837595158
402,Барун-Хемчикский,Республика Тыва,Районы бюджетной экономики,Районы бюджетной экономики,0,без смен,-0.32818364577668085,-0.27348991134415296,5.621708221053923
403,Дзун-Хемчикский,Республика Тыва,Районы бюджетной экономики,Районы бюджетной экономики,0,без смен,-0.28784275371610296,-0.2661621312521503,2.1917354899225083
404,Каа-Хемский,Республика Тыва,Районы бюджетной экономики,Районы бюджетной экономики,0,без смен,-0.23987156603328064,-0.1130321820378392,13.523466628125934
405,Кызылский,Республика Тыва,Районы бюджетной экономики,Районы бюджетной экономики,0,без смен,-0.004771542137332514,0.17162908346770292,19.291587557584023
408,Пий-Хемский,Республика Тыва,Районы бюджетной экономики,Районы бюджетной экономики,0,без смен,-0.18992529600428001,-0.0662793663613425,13.161512868520386
410,Тандинский,Республика Тыва,Районы бюджетной экономики,Районы бюджетной экономики,0,без смен,-0.12551223722848923,0.04248469954795168,18.293298705406613
413,Тоджинский,Республика Тыва,Районы бюджетной экономики,Районы бюджетной экономики,0,без смен,0.020761335202845288,0.12322508774156866,10.78971427231954
414,Улуг-Хемский,Республика Тыва,Районы бюджетной экономики,Районы бюджетной экономики,0,без смен,-0.2007293847242074,-0.08698417357138499,12.046660611732518
416,Чеди-Хольский,Республика Тыва,Районы бюджетной экономики,Районы бюджетной экономики,0,без смен,-0.28166531067254663,-0.056235220385774554,25.286144387046903
418,Ижевск,Удмуртская Республика,Промышленные и крупные города,Промышленные и крупные города,0,без смен,0.2133453888187263,0.2707572051226202,5.909187190088883
419,Воткинск,Удмуртская Республика,Промышленные и крупные города,Промышленные и крупные города,0,без смен,0.13783622853106614,0.1726789772150322,3.545686904122247
420,Глазов,Удмуртская Республика,Промышленные и крупные города,Промышленные и крупные города,0,без смен,0.027647997083136033,0.0923455960930557,6.68363632276312
421,Можга,Удмуртская Республика,Промышленные и крупные города,Промышленные и крупные города,0,без смен,-0.11594462086313555,-0.0329549224465279,8.653061550484109
422,Сарапул,Удмуртская Республика,Промышленные и крупные города,Промышленные и крупные города,0,без смен,0.08184230723789998,0.17228524753380844,9.465904493842658
423,Алнашский,Удмуртская Республика,Аграрные районы,Аграрные районы,0,без смен,-0.29725132433249585,-0.2691942210330633,2.8454410884849235
424,Балезинский,Удмуртская Республика,Аграрные районы,Аграрные районы,0,без смен,-0.24377492983049157,-0.30597759086052,-6.030757154296129
425,Вавожский,Удмуртская Республика,Аграрные районы,Аграрные районы,0,без смен,-0.1719286508719513,-0.2093020920340797,-3.6683673798892036
428,Граховский,Удмуртская Республика,Аграрные районы,Аграрные районы,0,без смен,-0.2280551760366946,-0.22349376526789064,0.45718298387671386
429,Дебёсский,Удмуртская Республика,Аграрные районы,Аграрные районы,0,без смен,-0.19709044763813743,-0.2464530775756509,-4.816409708649239
430,Завьяловский,Удмуртская Республика,Транспортные узлы,Транспортные узлы,0,без смен,0.11713197794816595,0.23644415485353557,12.672159985432096
431,Игринский,Удмуртская Республика,Ресурсные территории Севера и Востока,Аграрные районы,1,направленный,-0.14434154973064187,-0.17772109771075595,-3.282859803556748
432,Камбарский,Удмуртская Республика,Промышленные и крупные города,Промышленные и крупные города,0,без смен,-0.10277018736851051,-0.15115785940708934,-4.723564462697216
433,Каракулинский,Удмуртская Республика,Ресурсные территории Севера и Востока,Аграрные районы,1,направленный,-0.21697720734988687,-0.30661546442501386,-8.573814678389024
434,Кезский,Удмуртская Республика,Аграрные районы,Аграрные районы,0,без смен,-0.2509438923137794,-0.2664397810595724,-1.5376445218856394
435,Кизнерский,Удмуртская Республика,Районы бюджетной экономики,Районы бюджетной экономики,0,без смен,-0.15610105835862834,-0.17641008724076487,-2.010418959442628
436,Киясовский,Удмуртская Республика,Районы бюджетной экономики,Аграрные районы,2,направленный,-0.2974999613676988,-0.33465608582053247,-3.647430631616988
437,Красногорский,Удмуртская Республика,Районы бюджетной экономики,Районы бюджетной экономики,0,без смен,-0.26589528403118273,-0.2953146990809496,-2.8990876789685927
438,Малопургинский,Удмуртская Республика,Аграрные районы,Аграрные районы,2,возвратный,-0.27126701767252737,-0.2578615243009,1.349574985785429
440,Сарапульский,Удмуртская Республика,Аграрные районы,Аграрные районы,0,без смен,-0.17479106243195078,-0.07074793625102593,10.964830877742514
441,Селтинский,Удмуртская Республика,Районы бюджетной экономики,Районы бюджетной экономики,0,без смен,-0.21933954586165547,-0.21609287885344544,0.32519431399435916
442,Сюмсинский,Удмуртская Республика,Районы бюджетной экономики,Районы бюджетной экономики,0,без смен,-0.1814471339508327,-0.24163227326679473,-5.8409807918065155
443,Увинский,Удмуртская Республика,Аграрные районы,Аграрные районы,0,без смен,-0.1433308511595781,-0.07440214939977767,7.135982035537336
444,Шарканский,Удмуртская Республика,Аграрные районы,Аграрные районы,0,без смен,-0.22787782979438495,-0.28193764348560474,-5.262456121490211
445,Юкаменский,Удмуртская Республика,Районы бюджетной экономики,Районы бюджетной экономики,0,без смен,-0.2914692950412781,-0.33769107104738144,-4.516981971638034
446,Якшур-Бодьинский,Удмуртская Республика,Районы бюджетной экономики,Районы бюджетной экономики,0,без смен,-0.18006168332542374,-0.20905389967791285,-2.8575974340622645
447,Ярский,Удмуртская Республика,Районы бюджетной экономики,Районы бюджетной экономики,0,без смен,-0.29367808889423613,-0.3902877164490353,-9.208963984893426
448,Абакан,Республика Хакасия,Промышленные и крупные города,Транспортные узлы,1,направленный,0.1992436722085428,0.21806783705863086,1.9002456414041635
449,Абаза,Республика Хакасия,Районы бюджетной экономики,Районы бюджетной экономики,0,без смен,0.013129235581753385,0.01299416271030355,-0.01350637495202145
450,Саяногорск,Республика Хакасия,Промышленные и крупные города,Промышленные и крупные города,0,без смен,0.21631286094724947,0.14329402479412442,-7.041667991287637
451,Сорск,Республика Хакасия,Ресурсные территории Севера и Востока,Ресурсные территории Севера и Востока,0,без смен,0.03796659799244839,0.06412659003231742,2.650516799194702
452,Черногорск,Республика Хакасия,Ресурсные территории Севера и Востока,Ресурсные территории Севера и Востока,0,без смен,0.11770874758260834,0.13174364577836192,1.4133849762560047
453,Алтайский,Республика Хакасия,Ресурсные территории Севера и Востока,Ресурсные территории Севера и Востока,0,без смен,-0.03550512427824959,-0.050706726653923916,-1.5086641286404356
455,Бейский,Республика Хакасия,Ресурсные территории Севера и Востока,Ресурсные территории Севера и Востока,0,без смен,0.0877316347244707,0.09918367078723526,1.151786166683233
456,Боградский,Республика Хакасия,Районы бюджетной экономики,Районы бюджетной экономики,0,без смен,-0.1684348870075286,-0.22744701291196576,-5.730466194578899
457,Орджоникидзевский,Республика Хакасия,Районы бюджетной экономики,Районы бюджетной экономики,0,без смен,-0.1545973369683944,-0.1468536480449242,0.7773748823951765
458,Таштыпский,Республика Хакасия,Районы бюджетной экономики,Районы бюджетной экономики,0,без смен,-0.08532967040629853,-0.017998296190281593,6.964987384092081
459,Усть-Абаканский,Республика Хакасия,Районы бюджетной экономики,Районы бюджетной экономики,0,без смен,0.02947407300777094,0.08610633906910703,5.82665782959666
460,Ширинский,Республика Хакасия,Районы бюджетной экономики,Районы бюджетной экономики,0,без смен,-0.0798971932568584,-0.041054225281051515,3.960721920562249
478,Чебоксары,Чувашская Республика,Промышленные и крупные города,Промышленные и крупные города,0,без смен,0.11556520312468817,0.17406666828787318,6.024653912765543
479,Алатырь,Чувашская Республика,Промышленные и крупные города,Промышленные и крупные города,0,без смен,-0.22601647820796936,-0.23011194893041628,-0.4087095719322087
480,Канаш,Чувашская Республика,Промышленные и крупные города,Промышленные и крупные города,0,без смен,-0.1902444224034158,-0.14096976649406567,5.050883958124763
481,Новочебоксарск,Чувашская Республика,Промышленные и крупные города,Промышленные и крупные города,0,без смен,0.07386917617208659,0.11880319298492352,4.595884193369693
482,Шумерля,Чувашская Республика,Промышленные и крупные города,Промышленные и крупные города,0,без смен,-0.17339311759527773,-0.22208477414077046,-4.752522621335753
484,Аликовский,Чувашская Республика,Районы бюджетной экономики,Районы бюджетной экономики,0,без смен,-0.4378902896108663,-0.5435033017626324,-10.022721815744461
485,Батыревский,Чувашская Республика,Районы бюджетной экономики,Районы бюджетной экономики,0,без смен,-0.4246195924048826,-0.4621156595015729,-3.6801794121215647
486,Вурнарский,Чувашская Республика,Аграрные районы,Аграрные районы,0,без смен,-0.22582233151684564,-0.2818675648419792,-5.450363302146666
487,Ибресинский,Чувашская Республика,Районы бюджетной экономики,Районы бюджетной экономики,0,без смен,-0.2742697341655778,-0.4227938740542084,-13.802080116251748
489,Козловский,Чувашская Республика,Районы бюджетной экономики,Районы бюджетной экономики,0,без смен,-0.24718973087816978,-0.33019856518228874,-7.965698340589178
490,Комсомольский,Чувашская Республика,Районы бюджетной экономики,Районы бюджетной экономики,0,без смен,-0.44483324280901,-0.49637758631315226,-5.023846672607924
491,Красноармейский,Чувашская Республика,Транспортные узлы,Транспортные узлы,0,без смен,-0.37808194802115275,-0.45036775685678965,-6.9735020138276145
492,Красночетайский,Чувашская Республика,Районы бюджетной экономики,Районы бюджетной экономики,0,без смен,-0.4181720047969438,-0.47416166420256606,-5.445108662237885
493,Мариинско-Посадский,Чувашская Республика,Районы бюджетной экономики,Районы бюджетной экономики,0,без смен,-0.33722836865487577,-0.48259695334035896,-13.529648210766009
494,Моргаушский,Чувашская Республика,Районы бюджетной экономики,Районы бюджетной экономики,0,без смен,-0.3634977052076165,-0.41859903460780207,-5.36107539599191
495,Порецкий,Чувашская Республика,Районы бюджетной экономики,Районы бюджетной экономики,0,без смен,-0.28853751847029496,-0.3414492906999322,-5.153631037247419
496,Урмарский,Чувашская Республика,Районы бюджетной экономики,Районы бюджетной экономики,0,без смен,-0.4150955831861826,-0.5121600134143055,-9.250246602352941
497,Цивильский,Чувашская Республика,Промышленные и крупные города,Промышленные и крупные города,0,без смен,-0.24705129884877883,-0.2284061033348097,1.882010253927624
498,Чебоксарский,Чувашская Республика,Аграрные районы,Аграрные районы,0,без смен,-0.1700495852392742,-0.04720686032057664,13.070657499397619
499,Шемуршинский,Чувашская Республика,Районы бюджетной экономики,Районы бюджетной экономики,0,без смен,-0.41708033138217004,-0.53955882083535,-11.527506434404645
501,Ядринский,Чувашская Республика,Промышленные и крупные города,Районы бюджетной экономики,1,направленный,-0.2733844315918755,-0.35264525511577965,-7.620105547625289
502,Яльчикский,Чувашская Республика,Аграрные районы,Аграрные районы,0,без смен,-0.52978308197775,-0.6659897679146471,-12.733775316630913
503,Янтиковский,Чувашская Республика,Районы бюджетной экономики,Районы бюджетной экономики,0,без смен,-0.433925781572382,-0.5342498159667608,-9.545573291074527
504,Барнаул,Алтайский край,Промышленные и крупные города,Промышленные и крупные города,0,без смен,0.22908162540914892,0.2928304630755605,6.582467012989279
505,Алейск,Алтайский край,Промышленные и крупные города,Промышленные и крупные города,0,без смен,0.004082957220628754,0.049658612207479656,4.663018441157707
506,Белокуриха,Алтайский край,Районы бюджетной экономики,Районы бюджетной экономики,0,без смен,0.18161272926695116,0.21285208866726832,3.173242918893604
507,Бийск,Алтайский край,Промышленные и крупные города,Промышленные и крупные города,0,без смен,0.13611858693918974,0.25210692268724966,12.298277330286878
508,Заринск,Алтайский край,Промышленные и крупные города,Промышленные и крупные города,0,без смен,-0.006843003145916349,0.05414201821043078,6.288299352235582
509,Новоалтайск,Алтайский край,Промышленные и крупные города,Промышленные и крупные города,0,без смен,0.10574006604648052,0.1617881756548941,5.764856557097775
510,Рубцовск,Алтайский край,Промышленные и крупные города,Промышленные и крупные города,0,без смен,0.04249183539556937,0.10574908922191846,6.530085670537278
511,Славгород,Алтайский край,Районы бюджетной экономики,Районы бюджетной экономики,0,без смен,-0.06060752742975121,0.047398670906275996,11.40546506501443
512,Яровое,Алтайский край,Районы бюджетной экономики,Районы бюджетной экономики,0,без смен,-0.0049744959752236655,0.0426710130393945,4.879879969865852
515,Алтайский,Алтайский край,Районы бюджетной экономики,Районы бюджетной экономики,0,без смен,-0.08195743863828842,-0.02175008870745554,6.205674110771642
516,Баевский,Алтайский край,Районы бюджетной экономики,Районы бюджетной экономики,0,без смен,-0.26181774023648047,-0.2560698283178195,0.5764462860296415
517,Бийский,Алтайский край,Аграрные районы,Аграрные районы,0,без смен,-0.15531552610963217,0.037125543587656296,21.220506599105416
518,Благовещенский,Алтайский край,Промышленные и крупные города,Промышленные и крупные города,0,без смен,-0.11188976442931124,-0.09850370916284697,1.3476049612354712
519,Бурлинский,Алтайский край,Районы бюджетной экономики,Районы бюджетной экономики,0,без смен,-0.26609156222574687,-0.2772088884811617,-1.105575715635576
520,Быстроистокский,Алтайский край,Районы бюджетной экономики,Районы бюджетной экономики,0,без смен,-0.3601941604127002,-0.3539372735420609,0.6276502075995838
521,Волчихинский,Алтайский край,Аграрные районы,Аграрные районы,0,без смен,-0.2653113155890538,-0.24749199640017436,1.797903049561378
522,Егорьевский,Алтайский край,Районы бюджетной экономики,Районы бюджетной экономики,0,без смен,-0.4330820297038815,-0.37555767440893045,5.921106773855334
523,Ельцовский,Алтайский край,Районы бюджетной экономики,Районы бюджетной экономики,0,без смен,-0.3607759810326077,-0.2482912322857412,11.905518978866358
524,Завьяловский,Алтайский край,Аграрные районы,Аграрные районы,0,без смен,-0.2363757847561979,-0.2181993430086484,1.8342638694137436
525,Залесовский,Алтайский край,Районы бюджетной экономики,Районы бюджетной экономики,0,без смен,-0.2880029707087403,-0.4037008205511263,-10.925567882152043
527,Змеиногорский,Алтайский край,Аграрные районы,Аграрные районы,0,без смен,-0.12204387420671943,-0.12055386715182721,0.1491117666942099
528,Калманский,Алтайский край,Аграрные районы,Аграрные районы,0,без смен,-0.2935751289993049,-0.3312535484468846,-3.6977419565087155
529,Каменский,Алтайский край,Транспортные узлы,Транспортные узлы,0,без смен,-0.15063904771012146,-0.0937420616380038,5.854675971916157
530,Ключевский,Алтайский край,Районы бюджетной экономики,Районы бюджетной экономики,0,без смен,-0.198084576558094,-0.17808069567904106,2.0205299312448854
531,Косихинский,Алтайский край,Районы бюджетной экономики,Районы бюджетной экономики,0,без смен,-0.3024479395450565,-0.2971212317741096,0.5340919902203423
532,Красногорский,Алтайский край,Районы бюджетной экономики,Районы бюджетной экономики,0,без смен,-0.2621099719223044,-0.22104433129369858,4.192049561716105
533,Краснощёковский,Алтайский край,Районы бюджетной экономики,Районы бюджетной экономики,0,без смен,-0.2593031695785868,-0.2152294742053978,4.50593680907867
534,Крутихинский,Алтайский край,Районы бюджетной экономики,Районы бюджетной экономики,0,без смен,-0.25149113905961745,-0.2951073712457764,-4.267872392072625
535,Кулундинский,Алтайский край,Транспортные узлы,Транспортные узлы,0,без смен,-0.0962709453387373,-0.08105941423131124,1.5327815318866067
536,Курьинский,Алтайский край,Аграрные районы,Аграрные районы,0,без смен,-0.23890514957109707,-0.22915424761427072,0.9798596898161538
537,Кытмановский,Алтайский край,Аграрные районы,Аграрные районы,0,без смен,-0.26305859691755956,-0.33912032408827325,-7.324100141715883
538,Локтевский,Алтайский край,Районы бюджетной экономики,Районы бюджетной экономики,0,без смен,-0.2290816754468216,-0.24633842923660834,-1.71087088291495
539,Мамонтовский,Алтайский край,Районы бюджетной экономики,Районы бюджетной экономики,0,без смен,-0.2732172376986523,-0.301855354252373,-2.8231932379618185
540,Михайловский,Алтайский край,Аграрные районы,Аграрные районы,0,без смен,-0.21314316994075355,-0.17376680976531458,4.0161885501215355
541,Новичихинский,Алтайский край,Аграрные районы,Аграрные районы,0,без смен,-0.2742166624987788,-0.22898609317861465,4.626906964796307
542,Зональный,Алтайский край,Аграрные районы,Аграрные районы,0,без смен,-0.364846834184496,-0.30042609617128857,6.654103873258244
543,Павловский,Алтайский край,Аграрные районы,Аграрные районы,0,без смен,-0.17379217724025034,-0.16137972187696192,1.248980960807189
544,Панкрушихинский,Алтайский край,Районы бюджетной экономики,Районы бюджетной экономики,0,без смен,-0.26657232891827753,-0.24039265051531652,2.6525376344313845
545,Первомайский,Алтайский край,Аграрные районы,Районы бюджетной экономики,2,направленный,-0.1874199610377595,-0.1494179677920219,3.8733303327163737
546,Петропавловский,Алтайский край,Аграрные районы,Аграрные районы,0,без смен,-0.23101250591854713,-0.280154213108933,-4.795379165423452
547,Поспелихинский,Алтайский край,Аграрные районы,Аграрные районы,0,без смен,-0.18863078195181457,-0.1787929176373524,0.9886415183272268
548,Ребрихинский,Алтайский край,Аграрные районы,Аграрные районы,0,без смен,-0.33232587135594055,-0.3595068122827068,-2.6814863428005875
549,Родинский,Алтайский край,Районы бюджетной экономики,Аграрные районы,1,направленный,-0.2819039096872184,-0.2771545889169585,0.47606166696860797
550,Романовский,Алтайский край,Аграрные районы,Аграрные районы,0,без смен,-0.2824419529808215,-0.2655325136715794,1.7053213113049637
552,Смоленский,Алтайский край,Аграрные районы,Аграрные районы,0,без смен,-0.11139780356954976,-0.13916111690353125,-2.7381454599111676
553,Суетский,Алтайский край,Аграрные районы,Аграрные районы,0,без смен,-0.20519971014609517,-0.1604328895283237,4.578397621397934
554,Советский,Алтайский край,Аграрные районы,Аграрные районы,0,без смен,-0.21327024238722073,-0.04512826568414644,18.31045720107547
555,Солонешенский,Алтайский край,Районы бюджетной экономики,Районы бюджетной экономики,0,без смен,-0.23554085970711972,-0.19327823100717723,4.3168408741258935
556,Солтонский,Алтайский край,Районы бюджетной экономики,Районы бюджетной экономики,0,без смен,-0.44129396908049695,-0.4267081335178317,1.469272793474219
557,Шелаболихинский,Алтайский край,Аграрные районы,Аграрные районы,0,без смен,-0.24709645123405277,-0.30617544588735157,-5.736769669605135
558,Табунский,Алтайский край,Районы бюджетной экономики,Аграрные районы,1,направленный,-0.20241812718984034,-0.16019395956970772,4.312828812938108
559,Тальменский,Алтайский край,Аграрные районы,Аграрные районы,0,без смен,-0.16616170778791042,-0.14703986471016398,1.9305836411816157
560,Тогульский,Алтайский край,Аграрные районы,Аграрные районы,0,без смен,-0.2710357841595368,-0.287136701813315,-1.5971990753682719
561,Топчихинский,Алтайский край,Аграрные районы,Аграрные районы,0,без смен,-0.2550050386411125,-0.22876436406920822,2.6587992369243363
562,Третьяковский,Алтайский край,Аграрные районы,Аграрные районы,0,без смен,-0.22586531552413489,-0.22462516456254575,0.12409202667782449
563,Троицкий,Алтайский край,Районы бюджетной экономики,Районы бюджетной экономики,0,без смен,-0.2455473796278088,-0.3038276390643239,-5.661448230954102
564,Тюменцевский,Алтайский край,Аграрные районы,Аграрные районы,0,без смен,-0.27851623581533974,-0.2459791932593983,3.307216006849667
565,Угловский,Алтайский край,Аграрные районы,Аграрные районы,2,возвратный,-0.3369750480395097,-0.35074123235697385,-1.367186370981377
566,Усть-Калманский,Алтайский край,Районы бюджетной экономики,Районы бюджетной экономики,0,без смен,-0.30044438699633275,-0.29502725502401567,0.543183116221746
567,Усть-Пристанский,Алтайский край,Аграрные районы,Аграрные районы,0,без смен,-0.3339169130871988,-0.33709142887352134,-0.31694823387453663
568,Хабарский,Алтайский край,Аграрные районы,Аграрные районы,0,без смен,-0.26589335819354787,-0.24602968722279694,2.006226644852971
569,Целинный,Алтайский край,Районы бюджетной экономики,Районы бюджетной экономики,0,без смен,-0.27307664831263107,-0.26605995109156816,0.704137191887555
570,Чарышский,Алтайский край,Районы бюджетной экономики,Районы бюджетной экономики,0,без смен,-0.23952862745054096,-0.23021364890102003,0.9358497984787606
571,Шипуновский,Алтайский край,Районы бюджетной экономики,Районы бюджетной экономики,0,без смен,-0.1785383785969635,-0.183253101251205,-0.47036257957746574
572,Немецкий,Алтайский край,Аграрные районы,Аграрные районы,0,без смен,-0.20323986683180775,-0.19499974457853142,0.8274165503253883
574,Петровск-Забайкальский,Забайкальский край,Транспортные узлы,Транспортные узлы,0,без смен,0.02756200352906853,0.02689341780016541,-0.06683622752667873
578,Балейский,Забайкальский край,Ресурсные территории Севера и Востока,Ресурсные территории Севера и Востока,0,без смен,0.06991835465942013,0.06064572360229784,-0.9229772785706247
579,Борзинский,Забайкальский край,Транспортные узлы,Транспортные узлы,0,без смен,0.1285863578319907,0.16474972649911201,3.6825217409402367
580,Газимуро-Заводский,Забайкальский край,Ресурсные территории Севера и Востока,Ресурсные территории Севера и Востока,0,без смен,0.1928721879932711,0.1544815365380939,-3.7663070870524673
581,Забайкальский,Забайкальский край,Транспортные узлы,Транспортные узлы,0,без смен,0.2832279778005251,0.26267501723609116,-2.034318807709856
582,Каларский,Забайкальский край,Промышленные и крупные города,Ресурсные территории Севера и Востока,1,направленный,0.2995683155472202,0.35174318723952896,5.355996421920639
583,Калганский,Забайкальский край,Ресурсные территории Севера и Востока,Ресурсные территории Севера и Востока,0,без смен,-0.05492911744718132,0.007311700933975078,6.4218597271425315
584,Карымский,Забайкальский край,Транспортные узлы,Транспортные узлы,0,без смен,0.03145945446145918,-0.03380934303511829,-6.31843841613663
585,Краснокаменск и Краснокаменский,Забайкальский край,Промышленные и крупные города,Промышленные и крупные города,0,без смен,0.1940024580191535,0.2235416566970422,2.9979808527347718
586,Красночикойский,Забайкальский край,Районы бюджетной экономики,Районы бюджетной экономики,0,без смен,-0.01722441809581099,-0.00900110446688629,0.8257217943995476
587,Кыринский,Забайкальский край,Районы бюджетной экономики,Районы бюджетной экономики,0,без смен,0.06477033187315022,0.09503807807910263,3.0730471184314156
588,Могочинский,Забайкальский край,Транспортные узлы,Ресурсные территории Севера и Востока,1,направленный,0.1656567490247077,0.1633324705862904,-0.23215793948022645
589,Нерчинский,Забайкальский край,Ресурсные территории Севера и Востока,Ресурсные территории Севера и Востока,0,без смен,0.05787026749372851,0.08949461030013595,3.212970552118999
591,Оловяннинский,Забайкальский край,Транспортные узлы,Транспортные узлы,0,без смен,0.06924175770880314,0.048462220763422735,-2.056513002776217
592,Ононский,Забайкальский край,Районы бюджетной экономики,Районы бюджетной экономики,0,без смен,-0.02375098019058471,-0.0465837391625931,-2.257406417675556
593,Петровск-Забайкальский,Забайкальский край,Транспортные узлы,Транспортные узлы,0,без смен,-0.08741201538249459,-0.05054340912716023,3.7556683423473514
594,Приаргунский,Забайкальский край,Районы бюджетной экономики,Районы бюджетной экономики,0,без смен,0.038531114398596834,0.08376591242049407,4.627349401714587
595,Сретенский,Забайкальский край,Ресурсные территории Севера и Востока,Ресурсные территории Севера и Востока,0,без смен,0.03782080329657678,0.01555668909183853,-2.2018097974300987
598,Улётовский,Забайкальский край,Районы бюджетной экономики,Районы бюджетной экономики,0,без смен,-0.06527752535460636,-0.0890042338884663,-2.3447443227254228
599,Хилокский,Забайкальский край,Транспортные узлы,Транспортные узлы,0,без смен,-0.03379568898597599,-0.03918515632602274,-0.5374970216559305
600,Чернышевский,Забайкальский край,Транспортные узлы,Транспортные узлы,0,без смен,0.11136744824583437,0.09314297775404956,-1.8059409069421162
601,Читинский,Забайкальский край,Районы бюджетной экономики,Районы бюджетной экономики,0,без смен,0.028263194047489115,0.02455787401430065,-0.36984638057008246
602,Шелопугинский,Забайкальский край,Районы бюджетной экономики,Районы бюджетной экономики,0,без смен,-0.1303423287912926,-0.12298906952708914,0.7380360862741631
603,Шилкинский,Забайкальский край,Транспортные узлы,Транспортные узлы,0,без смен,0.09737767431283147,0.07063848857114181,-2.6384858876508432
604,Агинское,Забайкальский край,Районы бюджетной экономики,Районы бюджетной экономики,0,без смен,-0.0029688644068827466,0.015967312794157234,1.9116603667642007
605,Агинский,Забайкальский край,Районы бюджетной экономики,Районы бюджетной экономики,0,без смен,0.00020773437856824728,0.012581868649982711,1.2451010636470583
606,Дульдургинский,Забайкальский край,Районы бюджетной экономики,Районы бюджетной экономики,0,без смен,-0.06287391408785936,-0.06956609997709862,-0.6669843081774318
607,Могойтуйский,Забайкальский край,Районы бюджетной экономики,Районы бюджетной экономики,0,без смен,-0.0449763152655643,-0.024474191495189146,2.0713736002485605
608,Петропавловск-Камчатский,Камчатский край,Ресурсные территории Севера и Востока,Ресурсные территории Севера и Востока,0,без смен,0.8100739895395798,0.7846383761667278,-2.511485348853526
612,Елизовский,Камчатский край,Ресурсные территории Севера и Востока,Ресурсные территории Севера и Востока,0,без смен,0.7451102590923414,0.7387899586039964,-0.6300369401472716
613,Мильковский,Камчатский край,Ресурсные территории Севера и Востока,Ресурсные территории Севера и Востока,0,без смен,0.5964148285372192,0.5481561129767941,-4.7112771568724625
614,Соболевский,Камчатский край,Ресурсные территории Севера и Востока,Ресурсные территории Севера и Востока,0,без смен,0.5489591609813237,0.6453073746394976,10.11424300771997
615,Усть-Большерецкий,Камчатский край,Ресурсные территории Севера и Востока,Ресурсные территории Севера и Востока,0,без смен,0.5376668433911252,0.655594120532251,12.51622833740511
616,Усть-Камчатский,Камчатский край,Ресурсные территории Севера и Востока,Ресурсные территории Севера и Востока,0,без смен,0.5913899552343219,0.6625656591559647,7.376987487264408
618,Карагинский,Камчатский край,Ресурсные территории Севера и Востока,Ресурсные территории Севера и Востока,0,без смен,0.6015089937921084,0.7375317578938437,14.570797431089488
619,Олюторский,Камчатский край,Ресурсные территории Севера и Востока,Ресурсные территории Севера и Востока,0,без смен,0.6387554958738407,0.799357795016881,17.421788848039732
621,Тигильский,Камчатский край,Ресурсные территории Севера и Востока,Ресурсные территории Севера и Востока,0,без смен,0.5934382004251472,0.7497216457964452,16.915754842391895
666,Красноярск,Красноярский край,Промышленные и крупные города,Столичные агломерации и центры услуг,1,направленный,0.4100657881871849,0.4443311848198525,3.485921843785289
667,Ачинск,Красноярский край,Промышленные и крупные города,Промышленные и крупные города,0,без смен,0.22932569393851399,0.2615205149393726,3.271868099489428
668,Боготол,Красноярский край,Транспортные узлы,Транспортные узлы,0,без смен,0.018340044858758436,0.001206443141017921,-1.6987656276262308
669,Бородино,Красноярский край,Транспортные узлы,Транспортные узлы,0,без смен,0.06906393177141841,0.03338340923450911,-3.5051476449461605
670,Дивногорск,Красноярский край,Промышленные и крупные города,Промышленные и крупные города,0,без смен,0.16157479900514252,0.23154757816781016,7.2478987080823565
671,Енисейск,Красноярский край,Транспортные узлы,Транспортные узлы,0,без смен,0.29102608217503434,0.260034814201721,-3.051596140043733
674,Канск,Красноярский край,Промышленные и крупные города,Промышленные и крупные города,0,без смен,0.16575216597528306,0.22536320947501073,6.142361862905865
675,Лесосибирск,Красноярский край,Промышленные и крупные города,Промышленные и крупные города,2,возвратный,0.257881652275306,0.3116183759142646,5.5206754586842655
676,Минусинск,Красноярский край,Промышленные и крупные города,Промышленные и крупные города,0,без смен,0.16374215986170051,0.26609146878330847,10.777035822176728
677,Назарово,Красноярский край,Промышленные и крупные города,Промышленные и крупные города,0,без смен,0.025627797937547808,0.13503514574413553,11.56167018121035
678,Норильск,Красноярский край,Ресурсные территории Севера и Востока,Ресурсные территории Севера и Востока,0,без смен,0.7949630922993048,0.716221211578833,-7.572153225037159
679,Сосновоборск,Красноярский край,Промышленные и крупные города,Промышленные и крупные города,2,возвратный,0.2305269207100471,0.30815394359150555,8.071949984524451
680,Шарыпово,Красноярский край,Транспортные узлы,Транспортные узлы,0,без смен,0.1560949927154406,0.20542462387985486,5.056659316014511
683,Абанский,Красноярский край,Районы бюджетной экономики,Районы бюджетной экономики,0,без смен,-0.14848461019620243,-0.21919513214218225,-6.826843106560543
685,Балахтинский,Красноярский край,Аграрные районы,Аграрные районы,0,без смен,-0.016218480186932283,0.04035685835095363,5.820633551526666
686,Березовский,Красноярский край,Транспортные узлы,Транспортные узлы,0,без смен,0.09634156383402785,0.2382685774605727,15.249252921711864
687,Бирилюсский,Красноярский край,Районы бюджетной экономики,Районы бюджетной экономики,0,без смен,-0.1208617571463515,-0.17339012425736566,-5.1172594818295725
689,Богучанский,Красноярский край,Ресурсные территории Севера и Востока,Ресурсные территории Севера и Востока,0,без смен,0.3145542438870832,0.31724050088396155,0.26898682180369615
690,Большемуртинский,Красноярский край,Аграрные районы,Аграрные районы,0,без смен,-0.05623963096894583,-0.09215638971943878,-3.527940531138263
691,Большеулуйский,Красноярский край,Ресурсные территории Севера и Востока,Ресурсные территории Севера и Востока,0,без смен,-0.0527248910974872,-0.2414187426196038,-17.19600289293426
692,Дзержинский,Красноярский край,Районы бюджетной экономики,Районы бюджетной экономики,0,без смен,-0.11762614931185549,-0.14177891578355398,-2.386342257384
693,Емельяновский,Красноярский край,Транспортные узлы,Транспортные узлы,0,без смен,0.2621297515264116,0.32945868914913845,6.96472675423907
694,Енисейский,Красноярский край,Транспортные узлы,Транспортные узлы,0,без смен,0.15439469038760864,0.09203256278691925,-6.045740912464326
695,Ермаковский,Красноярский край,Районы бюджетной экономики,Районы бюджетной экономики,0,без смен,-0.026405546077088893,0.007792765984883469,3.478979768001089
696,Идринский,Красноярский край,Районы бюджетной экономики,Районы бюджетной экономики,0,без смен,-0.19013246516289062,-0.21083076138477588,-2.0485556798059634
697,Иланский,Красноярский край,Транспортные узлы,Транспортные узлы,0,без смен,-0.03129721671374153,-0.08074198529740191,-4.824227638809675
698,Ирбейский,Красноярский край,Районы бюджетной экономики,Районы бюджетной экономики,0,без смен,-0.0311982666711715,-0.08893351548518069,-5.610018704582087
699,Казачинский,Красноярский край,Районы бюджетной экономики,Районы бюджетной экономики,0,без смен,-0.09843343211521915,-0.09955601352227046,-0.11219515482548958
701,Каратузский,Красноярский край,Районы бюджетной экономики,Районы бюджетной экономики,0,без смен,-0.09176661256567294,-0.039704803057212835,5.344085316244129
702,Кежемский,Красноярский край,Ресурсные территории Севера и Востока,Ресурсные территории Севера и Востока,0,без смен,0.38495380678851454,0.39460754997093783,0.9700490870100831
703,Козульский,Красноярский край,Транспортные узлы,Транспортные узлы,0,без смен,-0.05472255100405358,-0.08582237549893623,-3.062119950314013
704,Краснотуранский,Красноярский край,Аграрные районы,Аграрные районы,0,без смен,-0.045813398808504914,-0.04652169244857133,-0.07080428593384536
705,Курагинский,Красноярский край,Транспортные узлы,Аграрные районы,1,направленный,0.02103144860896844,0.04283545992591501,2.2043455889068975
706,Манский,Красноярский край,Районы бюджетной экономики,Районы бюджетной экономики,0,без смен,-0.16617428759615205,-0.21978188495721382,-5.219604568713587
708,Мотыгинский,Красноярский край,Ресурсные территории Севера и Востока,Ресурсные территории Севера и Востока,0,без смен,0.2310258718919528,0.2994351324674378,7.080345645313213
710,Нижнеингашский,Красноярский край,Районы бюджетной экономики,Районы бюджетной экономики,0,без смен,-0.04531572297285299,-0.028908387173003664,1.6542675307644306
711,Новоселовский,Красноярский край,Аграрные районы,Аграрные районы,0,без смен,-0.03909303823956437,0.008777551008040637,4.9034890145500665
712,Партизанский,Красноярский край,Районы бюджетной экономики,Районы бюджетной экономики,0,без смен,-0.13491091534392888,-0.15819439644467348,-2.3014512407893206
713,Пировский,Красноярский край,Районы бюджетной экономики,Районы бюджетной экономики,0,без смен,-0.07990741854419643,-0.11732992597238685,-3.6730938974482985
714,Рыбинский,Красноярский край,Транспортные узлы,Транспортные узлы,0,без смен,0.020645162034083064,-0.011173349899871768,-3.1317629583008655
715,Саянский,Красноярский край,Районы бюджетной экономики,Районы бюджетной экономики,0,без смен,-0.11233805867732875,-0.13676417075044967,-2.413020874959193
716,Северо-Енисейский,Красноярский край,Ресурсные территории Севера и Востока,Ресурсные территории Севера и Востока,0,без смен,0.39491308108242035,0.47325156186142614,8.14886598484783
717,Сухобузимский,Красноярский край,Аграрные районы,Аграрные районы,0,без смен,-0.08652179536194105,-0.06711570966742612,1.9595607750776178
718,Таймырский Долгано-Ненецкий,Красноярский край,Ресурсные территории Севера и Востока,Ресурсные территории Севера и Востока,0,без смен,0.6838820744760863,0.5786340977303593,-9.989870927964372
719,Тасеевский,Красноярский край,Районы бюджетной экономики,Районы бюджетной экономики,0,без смен,-0.0829134119442223,-0.09514859157240707,-1.2160634153406957
720,Туруханский,Красноярский край,Ресурсные территории Севера и Востока,Ресурсные территории Севера и Востока,0,без смен,0.4885647621333972,0.5258325495671331,3.797093919907457
721,Тюхтетский,Красноярский край,Районы бюджетной экономики,Районы бюджетной экономики,0,без смен,-0.11289598147847979,-0.10763997465558421,0.5269843858652923
722,Ужурский,Красноярский край,Аграрные районы,Аграрные районы,0,без смен,0.06999580942353874,0.14529954661719943,7.821159411753942
723,Уярский,Красноярский край,Транспортные узлы,Транспортные узлы,0,без смен,-0.07997085024707602,-0.07876835488873664,0.1203218645770443
725,Шушенский,Красноярский край,Аграрные районы,Аграрные районы,0,без смен,0.09966341869403077,0.09655150716111678,-0.31070745549364176
726,Эвенкийский,Красноярский край,Ресурсные территории Севера и Востока,Ресурсные территории Севера и Востока,0,без смен,0.3988405541411654,0.4363035371446881,3.817356630328672
727,Пермский,Пермский край,Промышленные и крупные города,Промышленные и крупные города,0,без смен,0.32369212672532505,0.36333269609277136,4.043674214076676
731,Лысьвенский,Пермский край,Промышленные и крупные города,Промышленные и крупные города,0,без смен,0.0032175163205732105,0.03606196151186758,3.338977798880327
734,Александровский,Пермский край,Промышленные и крупные города,Промышленные и крупные города,0,без смен,-0.014540335193174473,-0.015371349044793684,-0.08306686552360665
735,Бардымский,Пермский край,Транспортные узлы,Транспортные узлы,0,без смен,-0.11963892865710335,-0.1492880384301308,-2.921388684842785
736,Березовский,Пермский край,Транспортные узлы,Транспортные узлы,0,без смен,-0.20330205903846674,-0.26809283732943445,-6.273646125553379
737,Большесосновский,Пермский край,Районы бюджетной экономики,Районы бюджетной экономики,0,без смен,-0.12420070465660811,-0.15340503862033708,-2.878200863192315
738,Верещагинский,Пермский край,Транспортные узлы,Транспортные узлы,0,без смен,-0.0448106802693049,-0.084895967991731,-3.9292500896383364
739,Горнозаводский,Пермский край,Транспортные узлы,Транспортные узлы,0,без смен,0.025698992543722987,-0.02787926667100571,-5.216823846812502
741,Добрянский,Пермский край,Промышленные и крупные города,Промышленные и крупные города,5,возвратный,0.09742825555577965,0.10181634414739744,0.4397730350166773
742,Еловский,Пермский край,Районы бюджетной экономики,Районы бюджетной экономики,0,без смен,-0.0989214057353287,-0.14795722168681724,-4.785297296393143
743,Ильинский,Пермский край,Районы бюджетной экономики,Районы бюджетной экономики,0,без смен,-0.19241115778237047,-0.27826056662538406,-8.22675767979415
744,Карагайский,Пермский край,Аграрные районы,Аграрные районы,0,без смен,-0.09642727386778531,-0.10976557155250462,-1.3249736780000299
745,Кизел,Пермский край,Районы бюджетной экономики,Районы бюджетной экономики,0,без смен,-0.01004070510623952,-0.040634529035003496,-3.0130569162158394
746,Кишертский,Пермский край,Аграрные районы,Аграрные районы,0,без смен,-0.23900296975368965,-0.34298831654821466,-9.876149664257838
747,Красновишерский,Пермский край,Районы бюджетной экономики,Районы бюджетной экономики,0,без смен,-0.02999131065779596,-0.09242829378585664,-6.05277364485437
748,Краснокамский,Пермский край,Промышленные и крупные города,Промышленные и крупные города,0,без смен,0.12781705334885984,0.20243182364587545,7.746899786310646
749,Куединский,Пермский край,Аграрные районы,Аграрные районы,0,без смен,-0.11502182952061298,-0.1299732489693947,-1.484020195341429
751,Нытвенский,Пермский край,Промышленные и крупные города,Промышленные и крупные города,0,без смен,-0.016518983136757964,-0.04295032958755959,-2.6085095744799447
752,Октябрьский,Пермский край,Транспортные узлы,Транспортные узлы,0,без смен,-0.17822373258705623,-0.18327213313191018,-0.5035678788001485
753,Ординский,Пермский край,Аграрные районы,Аграрные районы,0,без смен,-0.16858457519719336,-0.25085364470126476,-7.897589414637663
754,Осинский,Пермский край,Транспортные узлы,Транспортные узлы,0,без смен,0.08632827962138379,0.0020212212055292036,-8.085101967006658
755,Оханский,Пермский край,Районы бюджетной экономики,Районы бюджетной экономики,0,без смен,-0.10935118176202074,-0.12265433605351934,-1.3215058418135195
756,Очерский,Пермский край,Промышленные и крупные города,Промышленные и крупные города,0,без смен,-0.011571223271390116,-0.04239559735775137,-3.0354146938350812
757,Пермский,Пермский край,Столичные агломерации и центры услуг,Столичные агломерации и центры услуг,0,без смен,0.1592177596354626,0.2462725302290266,9.095643041321843
758,Сивинский,Пермский край,Аграрные районы,Аграрные районы,0,без смен,-0.1158107893988672,-0.16129544724522246,-4.446573758703587
760,Суксунский,Пермский край,Районы бюджетной экономики,Районы бюджетной экономики,0,без смен,-0.17553927155228788,-0.1644114249642691,1.1189991371483465
761,Уинский,Пермский край,Районы бюджетной экономики,Районы бюджетной экономики,0,без смен,-0.18696298121039798,-0.2077929362738485,-2.0614510045844137
763,Чайковский,Пермский край,Промышленные и крупные города,Промышленные и крупные города,0,без смен,0.11738545257203281,0.15402868701289543,3.7322873739159323
764,Частинский,Пермский край,Районы бюджетной экономики,Районы бюджетной экономики,0,без смен,-0.13814911796716287,-0.15560424553796862,-1.7303669352742301
765,Чердынский,Пермский край,Районы бюджетной экономики,Районы бюджетной экономики,0,без смен,-0.13627279281840435,-0.1853065745195428,-4.785103605653829
766,Чернушинский,Пермский край,Ресурсные территории Севера и Востока,Ресурсные территории Севера и Востока,0,без смен,0.05668940984390266,0.07449326476319218,1.7963288315170356
767,Чусовской,Пермский край,Промышленные и крупные города,Промышленные и крупные города,0,без смен,0.08003725234749541,0.14465842157311423,6.6754828270394695
769,Гайнский,Пермский край,Аграрные районы,Аграрные районы,0,без смен,-0.06017674022097216,-0.11021928322492691,-4.881104279564807
770,Косинский,Пермский край,Районы бюджетной экономики,Районы бюджетной экономики,0,без смен,-0.14981003969860987,-0.21337057684156116,-6.158269152165241
771,Кочевский,Пермский край,Районы бюджетной экономики,Районы бюджетной экономики,0,без смен,-0.11483046439591771,-0.22264617545152335,-10.220696548362284
773,Юрлинский,Пермский край,Районы бюджетной экономики,Районы бюджетной экономики,0,без смен,-0.1870934521173068,-0.259103039139385,-6.9478025166274
774,Юсьвинский,Пермский край,Аграрные районы,Аграрные районы,0,без смен,-0.1918971704098403,-0.31550578021886605,-11.627434524295854
775,Владивостокский,Приморский край,Промышленные и крупные города,Столичные агломерации и центры услуг,1,направленный,0.5851685047605955,0.6176694935794608,3.3034914627879663
776,Арсеньевский,Приморский край,Промышленные и крупные города,Промышленные и крупные города,0,без смен,0.258611626115789,0.32467238694182515,6.82916254756436
777,Артемовский,Приморский край,Транспортные узлы,Ресурсные территории Севера и Востока,1,направленный,0.40347553625279264,0.4440430056550637,4.140157007373513
778,Большой Камень,Приморский край,Промышленные и крупные города,Промышленные и крупные города,0,без смен,0.37277475239231705,0.3831222758996769,1.040124426109501
779,Дальнегорский,Приморский край,Ресурсные территории Севера и Востока,Ресурсные территории Севера и Востока,0,без смен,0.27279831020337575,0.21591656425753727,-5.529422195036493
780,Дальнереченский,Приморский край,Транспортные узлы,Ресурсные территории Севера и Востока,2,направленный,0.18143707887227448,0.1722762228356244,-0.9119023233874701
781,Лесозаводский,Приморский край,Транспортные узлы,Транспортные узлы,0,без смен,0.133812743321139,0.1065372648821598,-2.690686158103317
782,Находкинский,Приморский край,Транспортные узлы,Транспортные узлы,0,без смен,0.4363973332750817,0.4541961139045467,1.79581228875203
783,Партизанский,Приморский край,Транспортные узлы,Транспортные узлы,0,без смен,0.16955500927257935,0.1302677414096971,-3.8525531245082067
784,Спасск-Дальний,Приморский край,Транспортные узлы,Ресурсные территории Севера и Востока,1,направленный,0.1608730137605825,0.20075924461587333,4.069236877637339
785,Уссурийский,Приморский край,Промышленные и крупные города,Ресурсные территории Севера и Востока,1,направленный,0.4084407264274909,0.46377343415014316,5.689219238035825
787,Анучинский,Приморский край,Транспортные узлы,Транспортные узлы,0,без смен,-0.03494345828024947,-0.0404182138485775,-0.545979640576455
788,Дальнереченский,Приморский край,Районы бюджетной экономики,Районы бюджетной экономики,0,без смен,-0.160535249757683,-0.04889345463395204,11.811227563422788
789,Кавалеровский,Приморский край,Транспортные узлы,Ресурсные территории Севера и Востока,1,направленный,0.1904683693753849,0.14791761485597052,-4.165817589214571
790,Кировский,Приморский край,Районы бюджетной экономики,Районы бюджетной экономики,0,без смен,0.09852056129217719,0.021710293511319517,-7.393445859060721
791,Красноармейский,Приморский край,Ресурсные территории Севера и Востока,Ресурсные территории Севера и Востока,0,без смен,0.07671642734461888,0.14836904640468074,7.428209411399589
792,Лазовский,Приморский край,Ресурсные территории Севера и Востока,Ресурсные территории Севера и Востока,0,без смен,0.13010359103496713,0.10351831128753879,-2.6235002138556673
793,Михайловский,Приморский край,Ресурсные территории Севера и Востока,Ресурсные территории Севера и Востока,0,без смен,-0.0005528859789369159,-0.1617633697975469,-14.888709324246818
794,Надеждинский,Приморский край,Ресурсные территории Севера и Востока,Ресурсные территории Севера и Востока,0,без смен,0.21595164094289152,0.2940590670532958,8.123880571067478
795,Октябрьский,Приморский край,Районы бюджетной экономики,Районы бюджетной экономики,0,без смен,0.054040110224791015,-0.09452604043296405,-13.805701281098504
796,Ольгинский,Приморский край,Транспортные узлы,Ресурсные территории Севера и Востока,3,направленный,0.07350572993201225,0.13449528644879352,6.288781387818476
797,Партизанский,Приморский край,Районы бюджетной экономики,Районы бюджетной экономики,0,без смен,0.13860353679079354,0.1290391428263007,-0.9518800621883261
798,Пограничный,Приморский край,Транспортные узлы,Ресурсные территории Севера и Востока,1,направленный,0.09968952870407843,-0.0031130789049041616,-9.769493594190259
799,Пожарский,Приморский край,Ресурсные территории Севера и Востока,Ресурсные территории Севера и Востока,0,без смен,0.219421454296605,0.22579892111562364,0.6397846160356213
800,Спасский,Приморский край,Аграрные районы,Аграрные районы,2,возвратный,0.07198144082419884,0.044795800558997755,-2.6819436743576563
801,Тернейский,Приморский край,Аграрные районы,Аграрные районы,0,без смен,0.19871167104771992,0.2632375143234613,6.665314369976949
802,Ханкайский,Приморский край,Аграрные районы,Аграрные районы,0,без смен,0.06734498379931757,0.05653504979507643,-1.0751716631806185
803,Хасанский,Приморский край,Транспортные узлы,Транспортные узлы,0,без смен,0.22031435635002516,0.21926242723143385,-0.10513760351079648
804,Хорольский,Приморский край,Районы бюджетной экономики,Районы бюджетной экономики,0,без смен,0.06388180254343763,-0.007163356893600851,-6.858017121729354
805,Черниговский,Приморский край,Ресурсные территории Севера и Востока,Ресурсные территории Севера и Востока,0,без смен,0.12224218585617368,0.09965878803778949,-2.2330301726636748
806,Чугуевский,Приморский край,Районы бюджетной экономики,Районы бюджетной экономики,0,без смен,0.11073490471003922,0.11161535091732115,0.08808339138204335
807,Шкотовский,Приморский край,Транспортные узлы,Транспортные узлы,2,возвратный,0.09149234123596746,0.07520009219911383,-1.6160248183325288
808,Яковлевский,Приморский край,Районы бюджетной экономики,Районы бюджетной экономики,0,без смен,0.022083028983168457,0.025957127212970832,0.38816122485649807
809,Ставрополь,Ставропольский край,Промышленные и крупные города,Промышленные и крупные города,0,без смен,0.2677683463297373,0.33724089079595476,7.194263004365653
810,Благодарненский,Ставропольский край,Аграрные районы,Аграрные районы,0,без смен,-0.13983317177687068,-0.07192452372550455,7.026753298815347
811,Георгиевский,Ставропольский край,Аграрные районы,Аграрные районы,0,без смен,-0.047880803879020974,0.05172102512815613,10.473095866930793
812,Ессентуки,Ставропольский край,Промышленные и крупные города,Промышленные и крупные города,0,без смен,0.20518363982208854,0.308537161170082,10.888335372950198
813,Железноводск,Ставропольский край,Районы бюджетной экономики,Районы бюджетной экономики,3,возвратный,0.09911577722270781,0.25022203368277146,16.312024055537556
814,Изобильненский,Ставропольский край,Аграрные районы,Аграрные районы,0,без смен,-0.05022812078133961,0.07390053965595644,13.216152602598275
815,Ипатовский,Ставропольский край,Аграрные районы,Аграрные районы,0,без смен,-0.13142311969132722,-0.061799585680505,7.210449439281397
817,Кировский,Ставропольский край,Аграрные районы,Аграрные районы,0,без смен,-0.18981399447950972,-0.10538323271035654,8.809750367766721
818,Лермонтов,Ставропольский край,Столичные агломерации и центры услуг,Промышленные и крупные города,2,направленный,0.0643140169675694,0.24651891094516523,19.98600127861796
819,Минераловодский,Ставропольский край,Аграрные районы,Промышленные и крупные города,2,направленный,0.0897226620819301,0.20118352622067034,11.790999277903724
820,Невинномысск,Ставропольский край,Промышленные и крупные города,Промышленные и крупные города,0,без смен,0.10628611200700148,0.22628857272583236,12.749962603552367
821,Нефтекумский,Ставропольский край,Аграрные районы,Аграрные районы,0,без смен,-0.14541162261591278,-0.07870545074709649,6.898133523684136
822,Новоалександровский,Ставропольский край,Аграрные районы,Аграрные районы,0,без смен,-0.0605352317487012,0.028095435337297598,9.267702020493163
823,Петровский,Ставропольский край,Аграрные районы,Аграрные районы,0,без смен,-0.14835410630027526,-0.06913123300832187,8.244554339003706
824,Пятигорск,Ставропольский край,Промышленные и крупные города,Промышленные и крупные города,0,без смен,0.24215882849226786,0.32781277475960025,8.942926200369739
825,Советский,Ставропольский край,Аграрные районы,Аграрные районы,0,без смен,-0.14538507756895433,-0.07566726331009181,7.220557743546263
826,Александровский,Ставропольский край,Районы бюджетной экономики,Районы бюджетной экономики,0,без смен,-0.17295049187194186,-0.13720388683418458,3.6393196400353656
827,Андроповский,Ставропольский край,Аграрные районы,Аграрные районы,0,без смен,-0.10400165089633884,-0.12503212701061125,-2.081087776486079
828,Апанасенковский,Ставропольский край,Аграрные районы,Аграрные районы,0,без смен,-0.18385342302240945,-0.16189604920512668,2.2200211048790663
829,Арзгирский,Ставропольский край,Аграрные районы,Аграрные районы,0,без смен,-0.23677006337750583,-0.2109330555243855,2.617367659119174
830,Будённовский,Ставропольский край,Промышленные и крупные города,Промышленные и крупные города,0,без смен,0.0007207568337233757,0.11717793102945073,12.350939424348706
831,Грачёвский,Ставропольский край,Аграрные районы,Аграрные районы,0,без смен,-0.2220282948009166,-0.20478495749269468,1.7392861846624807
832,Кочубеевский,Ставропольский край,Аграрные районы,Аграрные районы,0,без смен,-0.12231322037857033,-0.05007945428537989,7.490659141053291
833,Красногвардейский,Ставропольский край,Аграрные районы,Аграрные районы,0,без смен,-0.1712921759391278,-0.10453696582612053,6.903375748993135
834,Курский,Ставропольский край,Районы бюджетной экономики,Районы бюджетной экономики,0,без смен,-0.25260675004515026,-0.2131209753479816,4.027570054283447
835,Левокумский,Ставропольский край,Районы бюджетной экономики,Районы бюджетной экономики,0,без смен,-0.2519496464072999,-0.26154890095877964,-0.9553328776053749
836,Новоселицкий,Ставропольский край,Аграрные районы,Аграрные районы,0,без смен,-0.21986565714442877,-0.20972108915486132,1.0196198561669867
838,Степновский,Ставропольский край,Аграрные районы,Аграрные районы,0,без смен,-0.2955312662495964,-0.1911931414857341,10.99757017439298
839,Труновский,Ставропольский край,Аграрные районы,Аграрные районы,0,без смен,-0.13759811408716457,-0.14332374261308298,-0.5709268353891628
840,Туркменский,Ставропольский край,Аграрные районы,Аграрные районы,0,без смен,-0.2528126832528385,-0.26963044160061145,-1.6677129308540373
841,Шпаковский,Ставропольский край,Промышленные и крупные города,Промышленные и крупные города,0,без смен,0.15430279346548512,0.27616227466735843,12.959536124503357
842,Хабаровск,Хабаровский край,Промышленные и крупные города,Столичные агломерации и центры услуг,1,направленный,0.5760195850498603,0.5854533330121324,0.9478386020223661
843,Комсомольск-на-Амуре,Хабаровский край,Промышленные и крупные города,Промышленные и крупные города,0,без смен,0.4422354978721795,0.48536491450190383,4.407300651726542
844,Амурский,Хабаровский край,Ресурсные территории Севера и Востока,Ресурсные территории Севера и Востока,0,без смен,0.2687692284340155,0.23878417427153073,-2.953996222184141
846,Бикинский,Хабаровский край,Ресурсные территории Севера и Востока,Ресурсные территории Севера и Востока,0,без смен,0.3051758741922897,0.31467347974221066,0.9542850933003555
847,Ванинский,Хабаровский край,Транспортные узлы,Транспортные узлы,0,без смен,0.4697229207900164,0.44112998342937537,-2.818802769068074
848,Верхнебуреинский,Хабаровский край,Ресурсные территории Севера и Востока,Ресурсные территории Севера и Востока,0,без смен,0.45935818795125893,0.38098576593896993,-7.537998643202226
849,Вяземский,Хабаровский край,Районы бюджетной экономики,Районы бюджетной экономики,0,без смен,0.1613278185319702,0.10999765329366647,-5.003502666248016
851,Лазо,Хабаровский край,Районы бюджетной экономики,Районы бюджетной экономики,0,без смен,0.039286649914957415,0.011150750890323913,-2.774377085047397
852,Нанайский,Хабаровский край,Ресурсные территории Севера и Востока,Ресурсные территории Севера и Востока,0,без смен,0.02060853014783189,-0.007709221501947046,-2.7920562122593195
853,Николаевский,Хабаровский край,Ресурсные территории Севера и Востока,Ресурсные территории Севера и Востока,0,без смен,0.4024744137995408,0.45566652913504385,5.463223668424244
854,Охотский,Хабаровский край,Ресурсные территории Севера и Востока,Ресурсные территории Севера и Востока,0,без смен,0.44321433162973217,0.5612179265308134,12.524815651588582
855,Полины Осипенко,Хабаровский край,Ресурсные территории Севера и Востока,Ресурсные территории Севера и Востока,0,без смен,0.26123358628671883,0.25785499698596787,-0.33728882901844504
856,Советско-Гаванский,Хабаровский край,Ресурсные территории Севера и Востока,Ресурсные территории Севера и Востока,0,без смен,0.38299247356950517,0.372959502032991,-0.9982809176929619
857,Солнечный,Хабаровский край,Ресурсные территории Севера и Востока,Ресурсные территории Севера и Востока,0,без смен,0.2446410876018484,0.12176116994117958,-11.56301466142996
859,Ульчский,Хабаровский край,Районы бюджетной экономики,Ресурсные территории Севера и Востока,2,направленный,0.0640333588024961,0.2152924501338275,16.329801947267274
860,Хабаровский,Хабаровский край,Столичные агломерации и центры услуг,Столичные агломерации и центры услуг,0,без смен,0.37320163606296664,0.4101453120003873,3.763457539747095
870,Архаринский,Амурская область,Транспортные узлы,Транспортные узлы,0,без смен,0.07946110021557622,0.03064735754139451,-4.764150307312276
871,Белогорский,Амурская область,Аграрные районы,Аграрные районы,0,без смен,0.16056693971009217,0.17425565285259706,1.3782832543741685
872,Благовещенский,Амурская область,Аграрные районы,Аграрные районы,0,без смен,0.38526356637666864,0.494142906209988,11.50278027838083
873,Бурейский,Амурская область,Ресурсные территории Севера и Востока,Ресурсные территории Севера и Востока,0,без смен,0.15398135225232945,0.054716764219070235,-9.449690895691564
874,Завитинский,Амурская область,Транспортные узлы,Транспортные узлы,0,без смен,0.024818112312498936,-0.025070836412318147,-4.8664934393022445
875,Зейский,Амурская область,Ресурсные территории Севера и Востока,Ресурсные территории Севера и Востока,0,без смен,0.35002165247910266,0.31992670384524075,-2.9646604554876888
876,Ивановский,Амурская область,Аграрные районы,Аграрные районы,0,без смен,0.1036710650860894,0.09962374331162553,-0.40391424062566905
877,Константиновский,Амурская область,Аграрные районы,Аграрные районы,0,без смен,0.0459050493040308,-0.045777064257650046,-8.760485850773659
878,Магдагачинский,Амурская область,Ресурсные территории Севера и Востока,Ресурсные территории Севера и Востока,0,без смен,0.1506737754521875,0.10269826271977145,-4.684287299464341
879,Мазановский,Амурская область,Районы бюджетной экономики,Районы бюджетной экономики,0,без смен,0.022366326913722052,0.059134784815478625,3.7452779032898897
880,Михайловский,Амурская область,Районы бюджетной экономики,Районы бюджетной экономики,0,без смен,-0.022497294214664915,-0.03605905240925544,-1.3470211862280368
881,Октябрьский,Амурская область,Ресурсные территории Севера и Востока,Ресурсные территории Севера и Востока,1,возвратный,0.17064888877698348,0.13597192169029673,-3.4082611025693876
882,Ромненский,Амурская область,Районы бюджетной экономики,Районы бюджетной экономики,0,без смен,-0.06300494611208289,-0.10023447085654702,-3.65450267875963
883,Свободненский,Амурская область,Ресурсные территории Севера и Востока,Ресурсные территории Севера и Востока,0,без смен,0.16823239798176845,0.072811621701334,-9.100962760049525
884,Селемджинский,Амурская область,Ресурсные территории Севера и Востока,Ресурсные территории Севера и Востока,0,без смен,0.2745518603919592,0.21155443811857508,-6.105410596816441
885,Серышевский,Амурская область,Районы бюджетной экономики,Районы бюджетной экономики,2,возвратный,0.143701321904655,0.034940765684742026,-10.305484027256018
886,Сковородинский,Амурская область,Транспортные узлы,Ресурсные территории Севера и Востока,4,направленный,0.14675108132177014,0.12256236022615379,-2.389851856643843
888,Тындинский,Амурская область,Ресурсные территории Севера и Востока,Ресурсные территории Севера и Востока,0,без смен,0.36857886645181814,0.3569438987131148,-1.1567543248827028
889,Шимановский,Амурская область,Ресурсные территории Севера и Востока,Ресурсные территории Севера и Востока,0,без смен,0.2901887224103475,0.11566729776820701,-16.014113963907672
890,Архангельск,Архангельская область,Столичные агломерации и центры услуг,Столичные агломерации и центры услуг,0,без смен,0.44244403294160267,0.4343059883074236,-0.8105020393912588
891,Коряжма,Архангельская область,Промышленные и крупные города,Промышленные и крупные города,0,без смен,0.2916146275836242,0.048711151188960265,-21.56527818608015
892,Котлас,Архангельская область,Транспортные узлы,Транспортные узлы,0,без смен,0.2898761596362102,0.2848897159796658,-0.49740319849778114
895,Новодвинск,Архангельская область,Промышленные и крупные города,Промышленные и крупные города,0,без смен,0.22178642942659366,0.054197080416642805,-15.429894863862948
896,Северодвинск,Архангельская область,Промышленные и крупные города,Промышленные и крупные города,0,без смен,0.5421887527027435,0.4824186200990903,-5.801896057158052
897,Вельский,Архангельская область,Транспортные узлы,Транспортные узлы,0,без смен,0.17084839560051476,0.15751072309874617,-1.3249119880366256
898,Верхнетоемский,Архангельская область,Аграрные районы,Аграрные районы,0,без смен,-0.03743968131118258,-0.12105653473737525,-8.021639947378068
899,Вилегодский,Архангельская область,Районы бюджетной экономики,Районы бюджетной экономики,0,без смен,0.06530885153765424,-0.06324262085267485,-12.063170193478733
900,Виноградовский,Архангельская область,Районы бюджетной экономики,Районы бюджетной экономики,0,без смен,0.036539165684116824,0.012342035704763296,-2.390672645580183
901,Каргопольский,Архангельская область,Районы бюджетной экономики,Районы бюджетной экономики,0,без смен,0.08287568758427237,0.042812372706704536,-3.927139118763212
902,Коношский,Архангельская область,Транспортные узлы,Транспортные узлы,0,без смен,0.144840711440553,0.07193093741721264,-7.031529204748754
903,Котласский,Архангельская область,Транспортные узлы,Транспортные узлы,0,без смен,0.05262122453131882,-0.14749548697794315,-18.13647966479043
904,Красноборский,Архангельская область,Районы бюджетной экономики,Районы бюджетной экономики,0,без смен,-0.035095829693902125,-0.15705104839756748,-11.481199251844709
905,Ленский,Архангельская область,Транспортные узлы,Транспортные узлы,0,без смен,0.1574893865736066,0.13697450597216912,-2.0305882071650183
907,Мезенский,Архангельская область,Ресурсные территории Севера и Востока,Ресурсные территории Севера и Востока,0,без смен,0.027700010862457287,-0.0656841313871223,-8.915646040321679
908,Няндомский,Архангельская область,Транспортные узлы,Транспортные узлы,0,без смен,0.18244772972188272,0.12917507733372138,-5.187853034522827
909,Онежский,Архангельская область,Транспортные узлы,Транспортные узлы,0,без смен,0.16586588853507825,0.11107600740511625,-5.331595676162593
911,Плесецкий,Архангельская область,Транспортные узлы,Транспортные узлы,0,без смен,0.1924136085000875,0.14274553499696077,-4.8454784841944765
912,Приморский,Архангельская область,Транспортные узлы,Транспортные узлы,0,без смен,0.2772239322528109,0.33271153599983566,5.705591345869299
913,Устьянский,Архангельская область,Аграрные районы,Аграрные районы,0,без смен,0.10061593719851529,0.06214868621303863,-3.7736782604107733
914,Холмогорский,Архангельская область,Районы бюджетной экономики,Районы бюджетной экономики,0,без смен,0.0008459604895009557,-0.15623166119665446,-14.536228217774095
915,Шенкурский,Архангельская область,Районы бюджетной экономики,Районы бюджетной экономики,0,без смен,0.027204656510469032,-0.04391282781566878,-6.864753361709674
916,Нарьян-Мар,Ненецкий автономный округ,Ресурсные территории Севера и Востока,Ресурсные территории Севера и Востока,0,без смен,0.6809502501795883,0.5873924969509258,-8.93145791159482
917,Заполярный,Ненецкий автономный округ,Ресурсные территории Севера и Востока,Ресурсные территории Севера и Востока,0,без смен,0.5559347182125339,0.5079746078165819,-4.682819203480992
918,Астрахань,Астраханская область,Промышленные и крупные города,Промышленные и крупные города,0,без смен,0.12876836802426853,0.21322384213807175,8.812439345044432
920,Ахтубинский,Астраханская область,Промышленные и крупные города,Районы бюджетной экономики,3,направленный,-0.028780109376752943,-0.06785831442230734,-3.832450167068302
922,Енотаевский,Астраханская область,Районы бюджетной экономики,Районы бюджетной экономики,0,без смен,-0.2013356631388028,-0.2368567356920431,-3.4897603155918944
923,Икрянинский,Астраханская область,Районы бюджетной экономики,Районы бюджетной экономики,0,без смен,-0.2682707345375445,-0.269893441055084,-0.16213906411750578
924,Камызякский,Астраханская область,Районы бюджетной экономики,Районы бюджетной экономики,0,без смен,-0.31476372649294354,-0.3394455372257372,-2.4379705447884814
925,Красноярский,Астраханская область,Промышленные и крупные города,Промышленные и крупные города,0,без смен,-0.29288619938747235,-0.3750303939002781,-7.886087408778774
926,Лиманский,Астраханская область,Транспортные узлы,Транспортные узлы,0,без смен,-0.2630760178058568,-0.2420760681756109,2.1222000198826363
927,Наримановский,Астраханская область,Промышленные и крупные города,Промышленные и крупные города,0,без смен,-0.04083651971177963,0.09979049556304147,15.099526426061448
928,Приволжский,Астраханская область,Районы бюджетной экономики,Районы бюджетной экономики,0,без смен,0.03422973252004802,0.16655809275725186,14.148307538976246
929,Харабалинский,Астраханская область,Аграрные районы,Аграрные районы,0,без смен,-0.2827557583570159,-0.3101004655701824,-2.6974225294395526
930,Черноярский,Астраханская область,Районы бюджетной экономики,Районы бюджетной экономики,0,без смен,-0.19473634584796576,-0.32811288218223683,-12.486449025403246
986,Владимир,Владимирская область,Промышленные и крупные города,Промышленные и крупные города,2,возвратный,0.30856452805064016,0.36385213623031376,5.6844528100330916
987,Гусь-Хрустальный,Владимирская область,Промышленные и крупные города,Промышленные и крупные города,0,без смен,0.08102246597044467,0.13853580716307423,5.919940154371961
988,Ковров,Владимирская область,Промышленные и крупные города,Промышленные и крупные города,0,без смен,0.2345855731994897,0.2910345031136498,5.8072577563033745
989,Муром,Владимирская область,Промышленные и крупные города,Промышленные и крупные города,0,без смен,0.14974790221427417,0.19546325927990557,4.677641103789787
991,Александровский,Владимирская область,Промышленные и крупные города,Промышленные и крупные города,0,без смен,0.22052044115777628,0.2927657843596381,7.491903579298809
992,Вязниковский,Владимирская область,Промышленные и крупные города,Промышленные и крупные города,0,без смен,0.007063877969089916,0.03618888873704318,2.9553291678336535
993,Гороховецкий,Владимирская область,Промышленные и крупные города,Промышленные и крупные города,0,без смен,0.03672769464629747,0.017517074020437857,-1.902727260700554
994,Гусь-Хрустальный,Владимирская область,Промышленные и крупные города,Промышленные и крупные города,0,без смен,-0.13538582769482263,-0.17417504109637427,-3.804654532582763
995,Камешковский,Владимирская область,Промышленные и крупные города,Промышленные и крупные города,0,без смен,0.033396587597225746,-0.03240515137198585,-6.368351903860569
996,Киржачский,Владимирская область,Промышленные и крупные города,Промышленные и крупные города,0,без смен,0.20998209393549297,0.2963983503669662,9.026006162650102
998,Кольчугинский,Владимирская область,Промышленные и крупные города,Промышленные и крупные города,0,без смен,0.14682687722105955,0.21310562837396496,6.852452810060994
999,Меленковский,Владимирская область,Аграрные районы,Аграрные районы,0,без смен,-0.11760038550209373,-0.1590928048760357,-4.064339216239244
1001,Петушинский,Владимирская область,Промышленные и крупные города,Промышленные и крупные города,0,без смен,0.2322372420823561,0.30297968418019455,7.330475214554699
1002,Селивановский,Владимирская область,Районы бюджетной экономики,Районы бюджетной экономики,0,без смен,-0.0882002072993598,-0.17813734529019007,-8.601136137242504
1003,Собинский,Владимирская область,Промышленные и крупные города,Промышленные и крупные города,0,без смен,0.027512745664081645,0.02921348069317838,0.17021820991609538
1004,Судогодский,Владимирская область,Промышленные и крупные города,Промышленные и крупные города,0,без смен,-0.0005911847928000332,-0.07220352764562439,-6.910830730813888
1005,Суздальский,Владимирская область,Промышленные и крупные города,Промышленные и крупные города,0,без смен,0.09818737080893965,0.1973129629822313,10.420497035270259
1006,Юрьев-Польский,Владимирская область,Промышленные и крупные города,Промышленные и крупные города,0,без смен,0.01595565907561595,0.02057192587192791,0.46269381701968815
1007,Волгоград,Волгоградская область,Промышленные и крупные города,Промышленные и крупные города,0,без смен,0.19814451012170556,0.2525802823187628,5.594465323057496
1008,Волжский,Волгоградская область,Промышленные и крупные города,Промышленные и крупные города,0,без смен,0.12279685545466575,0.18526902885893204,6.446483807301595
1009,Камышин,Волгоградская область,Промышленные и крупные города,Промышленные и крупные города,0,без смен,0.10659807041372964,0.14865252167627988,4.295126721792575
1010,Михайловка,Волгоградская область,Промышленные и крупные города,Промышленные и крупные города,0,без смен,-0.02065626320177986,0.03022416040227475,5.21970678272814
1011,Урюпинск,Волгоградская область,Промышленные и крупные города,Промышленные и крупные города,0,без смен,-0.06303121826516289,-0.009678300521485994,5.480183772340141
1012,Фролово,Волгоградская область,Транспортные узлы,Транспортные узлы,0,без смен,-0.05951411195583045,-0.06966587641558004,-1.0100409227915552
1013,Алексеевский,Волгоградская область,Аграрные районы,Аграрные районы,0,без смен,-0.15885818303540797,-0.18388292766747524,-2.471422135800494
1014,Быковский,Волгоградская область,Районы бюджетной экономики,Районы бюджетной экономики,0,без смен,-0.23286397236637027,-0.2894487461151751,-5.501362893780771
1015,Городищенский,Волгоградская область,Промышленные и крупные города,Промышленные и крупные города,0,без смен,-0.11915207597527229,-0.10884514343742276,1.0360231927367014
1016,Даниловский,Волгоградская область,Районы бюджетной экономики,Районы бюджетной экономики,0,без смен,-0.14295478258599173,-0.1711584435010988,-2.78096505384946
1017,Дубовский,Волгоградская область,Районы бюджетной экономики,Районы бюджетной экономики,0,без смен,-0.16551367608964954,-0.1748526379042016,-0.9295489145784153
1018,Еланский,Волгоградская область,Аграрные районы,Аграрные районы,0,без смен,-0.1243534102594716,-0.11863297706701618,0.5736826113707183
1019,Жирновский,Волгоградская область,Транспортные узлы,Транспортные узлы,0,без смен,-0.030131290810290128,-0.10310174189420913,-7.037170087145295
1020,Иловлинский,Волгоградская область,Аграрные районы,Аграрные районы,0,без смен,-0.11818673764522665,-0.17474956633443117,-5.499289092802561
1021,Калачевский,Волгоградская область,Транспортные узлы,Транспортные узлы,0,без смен,-0.04892027648700056,-0.0007340920454517175,4.936601276271491
1023,Киквидзенский,Волгоградская область,Районы бюджетной экономики,Районы бюджетной экономики,0,без смен,-0.16338752226408845,-0.17135230654099173,-0.7933149426583408
1024,Клетский,Волгоградская область,Аграрные районы,Аграрные районы,0,без смен,-0.17427767178115783,-0.19160489730093122,-1.7177972438235267
1025,Котельниковский,Волгоградская область,Промышленные и крупные города,Промышленные и крупные города,0,без смен,0.002189412918457793,-0.005638172726588249,-0.7797029874479167
1026,Котовский,Волгоградская область,Транспортные узлы,Транспортные узлы,0,без смен,-0.04300251810329551,-0.1145434914221634,-6.904186763101128
1027,Кумылженский,Волгоградская область,Районы бюджетной экономики,Районы бюджетной экономики,0,без смен,-0.2544791481347408,-0.25576070299041326,-0.12807340149366686
1028,Ленинский,Волгоградская область,Районы бюджетной экономики,Районы бюджетной экономики,0,без смен,-0.215367899906453,-0.22389890952059557,-0.8494723809786997
1029,Нехаевский,Волгоградская область,Районы бюджетной экономики,Районы бюджетной экономики,0,без смен,-0.1608976503681386,-0.19096400329023044,-2.9618856212125677
1030,Николаевский,Волгоградская область,Аграрные районы,Аграрные районы,0,без смен,-0.1682112186064885,-0.2021314771312408,-3.335141645162898
1031,Новоаннинский,Волгоградская область,Транспортные узлы,Транспортные узлы,0,без смен,-0.07714456341612941,-0.07446283503322733,0.2685327432967677
1032,Новониколаевский,Волгоградская область,Аграрные районы,Аграрные районы,0,без смен,-0.08899629531436955,-0.08432350544241185,0.46837243794692895
1033,Октябрьский,Волгоградская область,Районы бюджетной экономики,Районы бюджетной экономики,0,без смен,-0.13319639359884108,-0.17264992301282836,-3.8685374193368705
1034,Ольховский,Волгоградская область,Районы бюджетной экономики,Транспортные узлы,1,направленный,-0.14845568241168383,-0.18601833868424933,-3.686593056052956
1035,Палласовский,Волгоградская область,Аграрные районы,Аграрные районы,0,без смен,-0.18368578266312952,-0.2152210090196709,-3.104317696597614
1036,Руднянский,Волгоградская область,Аграрные районы,Аграрные районы,0,без смен,-0.18214133246407727,-0.15448766065273625,2.803958367423731
1037,Светлоярский,Волгоградская область,Промышленные и крупные города,Промышленные и крупные города,4,возвратный,-0.11753091661100878,-0.11664844472831663,0.08828613755678116
1038,Серафимовичский,Волгоградская область,Районы бюджетной экономики,Районы бюджетной экономики,0,без смен,-0.10943949422318007,-0.16030678876027546,-4.95952139287863
1039,Среднеахтубинский,Волгоградская область,Промышленные и крупные города,Промышленные и крупные города,0,без смен,-0.035631682223603946,0.06760813855072041,10.875728022350174
1040,Старополтавский,Волгоградская область,Районы бюджетной экономики,Районы бюджетной экономики,0,без смен,-0.2213468129979453,-0.20576794879931123,1.570084733316346
1041,Суровикинский,Волгоградская область,Районы бюджетной экономики,Районы бюджетной экономики,0,без смен,-0.1426685728655448,-0.12664982466302366,1.614773617105958
1044,Чернышковский,Волгоградская область,Аграрные районы,Аграрные районы,0,без смен,-0.1784557472128272,-0.18084696074330994,-0.23883568568344726
1047,Бабаевский,Вологодская область,Транспортные узлы,Транспортные узлы,0,без смен,0.1061098722809574,0.003252724524934081,-9.774414645078554
1048,Бабушкинский,Вологодская область,Районы бюджетной экономики,Районы бюджетной экономики,0,без смен,-0.0828072228356224,-0.18402436379789014,-9.626322669395416
1049,Белозерский,Вологодская область,Аграрные районы,Аграрные районы,0,без смен,0.06878759385315607,-0.012616639281654093,-7.817901446707209
1051,Великоустюгский,Вологодская область,Промышленные и крупные города,Промышленные и крупные города,0,без смен,0.07172680817722228,0.07887574657419183,0.7174553059906108
1052,Верховажский,Вологодская область,Районы бюджетной экономики,Районы бюджетной экономики,0,без смен,-0.02622242639871371,-0.05136487487337652,-2.4829009486145415
1053,Вожегодский,Вологодская область,Аграрные районы,Аграрные районы,0,без смен,0.02972967908225499,-0.09624560183540432,-11.836336023724336
1054,Вологодский,Вологодская область,Аграрные районы,Аграрные районы,0,без смен,0.18778882285826803,0.18492789422052672,-0.2856840081358225
1055,Вытегорский,Вологодская область,Аграрные районы,Аграрные районы,0,без смен,0.14694704465076983,0.15620142359999623,0.9297333116558004
1056,Грязовецкий,Вологодская область,Транспортные узлы,Транспортные узлы,0,без смен,0.03340275861770584,-0.07556640203929899,-10.324192749841622
1057,Кадуйский,Вологодская область,Промышленные и крупные города,Промышленные и крупные города,0,без смен,0.07272695754409468,-0.050544232812932265,-11.597610870423802
1058,Кирилловский,Вологодская область,Аграрные районы,Аграрные районы,0,без смен,0.010415974105807635,-0.14622606715037456,-14.498993762602774
1059,Кичменгско-Городецкий,Вологодская область,Районы бюджетной экономики,Районы бюджетной экономики,0,без смен,-0.08103439480886958,-0.12187646161996361,-4.001926920581611
1060,Междуреченский,Вологодская область,Аграрные районы,Аграрные районы,0,без смен,-0.06535813178643342,-0.19859884247224655,-12.474561633305159
1061,Никольский,Вологодская область,Аграрные районы,Аграрные районы,0,без смен,-0.07290653764999859,-0.08163487006813863,-0.8690351109564731
1062,Нюксенский,Вологодская область,Транспортные узлы,Транспортные узлы,0,без смен,0.007089664412540368,-0.10499698753296875,-10.603320981753106
1063,Сокольский,Вологодская область,Промышленные и крупные города,Промышленные и крупные города,0,без смен,0.08570854471172495,0.06817276277255917,-1.7382924908384
1064,Сямженский,Вологодская область,Аграрные районы,Аграрные районы,0,без смен,0.0007883397759232599,-0.17448961518558695,-16.07762780499058
1065,Тарногский,Вологодская область,Районы бюджетной экономики,Районы бюджетной экономики,0,без смен,-0.03463247373092848,-0.07636583228942258,-4.087451091727923
1066,Тотемский,Вологодская область,Транспортные узлы,Транспортные узлы,0,без смен,0.03534252324906243,-0.013829908120278548,-4.798304204296389
1067,Усть-Кубинский,Вологодская область,Районы бюджетной экономики,Районы бюджетной экономики,0,без смен,-0.04634857542648844,-0.13021857645027168,-8.044921101347292
1068,Устюженский,Вологодская область,Районы бюджетной экономики,Районы бюджетной экономики,0,без смен,-0.02732012181756982,-0.049513818035517985,-2.194922803283028
1069,Харовский,Вологодская область,Районы бюджетной экономики,Районы бюджетной экономики,0,без смен,0.03220177954030934,-0.08176528847655273,-10.771265980979472
1070,Чагодощенский,Вологодская область,Промышленные и крупные города,Промышленные и крупные города,0,без смен,0.14371342551038482,0.10102112139666837,-4.179381918819757
1071,Череповецкий,Вологодская область,Транспортные узлы,Транспортные узлы,0,без смен,0.12414198862488639,0.1469115057127818,2.3030721272408794
1072,Шекснинский,Вологодская область,Промышленные и крупные города,Промышленные и крупные города,0,без смен,0.1274163586868191,0.0744065996311661,-5.162924276586256
1107,Иваново,Ивановская область,Промышленные и крупные города,Промышленные и крупные города,0,без смен,0.22753963763822357,0.3008861667407423,7.610337344783624
1108,Вичуга,Ивановская область,Районы бюджетной экономики,Районы бюджетной экономики,0,без смен,-0.1628605880800643,-0.1561706232488224,0.6712392631800901
1109,Кинешма,Ивановская область,Промышленные и крупные города,Промышленные и крупные города,0,без смен,0.004177257430831342,0.06753803119038852,6.541114228718503
1110,Кохма,Ивановская область,Промышленные и крупные города,Промышленные и крупные города,0,без смен,0.09413095280880827,0.146406516209607,5.366605431310689
1111,Тейково,Ивановская область,Промышленные и крупные города,Промышленные и крупные города,0,без смен,-0.025660132807409752,-0.04901818345963497,-2.308736306125203
1112,Шуя,Ивановская область,Промышленные и крупные города,Промышленные и крупные города,0,без смен,-0.00917373124167753,0.0306440350148387,4.062112062991319
1113,Вичугский,Ивановская область,Районы бюджетной экономики,Районы бюджетной экономики,0,без смен,-0.2365509191898827,-0.14999414133306063,9.041327728915128
1115,Гаврилово-Посадский,Ивановская область,Аграрные районы,Аграрные районы,0,без смен,-0.19837365472987076,-0.19044664371319323,0.7958512952221497
1116,Заволжский,Ивановская область,Районы бюджетной экономики,Районы бюджетной экономики,0,без смен,-0.15558085119525433,-0.08142344383144362,7.697631615756961
1117,Ивановский,Ивановская область,Промышленные и крупные города,Промышленные и крупные города,0,без смен,0.1911514736956003,0.3125635223147614,12.909005652845917
1118,Ильинский,Ивановская область,Районы бюджетной экономики,Районы бюджетной экономики,0,без смен,-0.2136916374265585,-0.244144114686768,-2.9993471660267335
1119,Кинешемский,Ивановская область,Промышленные и крупные города,Промышленные и крупные города,0,без смен,-0.1260803388958207,-0.1286797484236173,-0.25960339882866723
1120,Комсомольский,Ивановская область,Районы бюджетной экономики,Районы бюджетной экономики,0,без смен,-0.05662426573165676,-0.1480374821081171,-8.735948503374068
1121,Лежневский,Ивановская область,Районы бюджетной экономики,Районы бюджетной экономики,0,без смен,-0.17405300887627786,-0.23555760800783818,-5.96513790575367
1122,Лухский,Ивановская область,Районы бюджетной экономики,Районы бюджетной экономики,0,без смен,-0.26429007824737144,-0.3208650555545998,-5.500437138868753
1123,Палехский,Ивановская область,Районы бюджетной экономики,Районы бюджетной экономики,0,без смен,-0.15815082059486674,-0.1590385065815688,-0.08872921100514519
1124,Пестяковский,Ивановская область,Районы бюджетной экономики,Районы бюджетной экономики,0,без смен,-0.246762039647655,-0.3317611323451339,-8.148688222965328
1125,Приволжский,Ивановская область,Районы бюджетной экономики,Районы бюджетной экономики,0,без смен,-0.09957651663803031,-0.07753661501328739,2.2284574472110297
1126,Пучежский,Ивановская область,Районы бюджетной экономики,Районы бюджетной экономики,0,без смен,-0.24909465950109588,-0.2657003251935756,-1.6468551631770079
1127,Родниковский,Ивановская область,Промышленные и крупные города,Промышленные и крупные города,0,без смен,-0.12430361852380134,-0.13776648058888905,-1.3372643060085343
1128,Савинский,Ивановская область,Районы бюджетной экономики,Районы бюджетной экономики,0,без смен,-0.20823985125659514,-0.23507456513988303,-2.6477862079289594
1129,Тейковский,Ивановская область,Районы бюджетной экономики,Районы бюджетной экономики,0,без смен,-0.15083245030122092,-0.15688164301712337,-0.6030933186668475
1130,Фурмановский,Ивановская область,Промышленные и крупные города,Промышленные и крупные города,0,без смен,-0.1038899846484475,-0.1506641207228346,-4.569708414664708
1131,Шуйский,Ивановская область,Районы бюджетной экономики,Районы бюджетной экономики,0,без смен,-0.057882645523958054,0.027367870905517105,8.898984237662443
1132,Южский,Ивановская область,Районы бюджетной экономики,Районы бюджетной экономики,0,без смен,-0.12996514044369464,-0.16391613220604206,-3.3381124235707604
1133,Юрьевецкий,Ивановская область,Районы бюджетной экономики,Районы бюджетной экономики,0,без смен,-0.22077413207435312,-0.1919716288173253,2.922130654559929
1134,Иркутск,Иркутская область,Промышленные и крупные города,Столичные агломерации и центры услуг,1,направленный,0.39720233053241927,0.41988801655745434,2.294496311435479
1135,Ангарский,Иркутская область,Промышленные и крупные города,Промышленные и крупные города,0,без смен,0.2330651909417313,0.2629124893370867,3.0297193906013486
1136,Братск,Иркутская область,Промышленные и крупные города,Промышленные и крупные города,0,без смен,0.3432637300415629,0.3619305210255718,1.8842104675848903
1137,Зима,Иркутская область,Транспортные узлы,Транспортные узлы,0,без смен,0.034060306884530434,0.03676205092099405,0.27053970359651736
1138,Саянск,Иркутская область,Промышленные и крупные города,Промышленные и крупные города,0,без смен,0.16643078532232694,0.14004503388673348,-2.604068906757462
1139,Тулун,Иркутская область,Транспортные узлы,Транспортные узлы,0,без смен,0.09159276470856408,0.13716396091351601,4.662551772625978
1140,Усолье-Сибирское,Иркутская область,Промышленные и крупные города,Промышленные и крупные города,0,без смен,0.18430436071647746,0.20460273779182536,2.0505790137067104
1141,Усть-Илимск,Иркутская область,Промышленные и крупные города,Промышленные и крупные города,0,без смен,0.3709122003974752,0.34182306626879794,-2.8670118034752945
1142,Черемхово,Иркутская область,Ресурсные территории Севера и Востока,Ресурсные территории Севера и Востока,0,без смен,0.1122399677982564,0.14970598012825528,3.8176711274721553
1143,Свирск,Иркутская область,Промышленные и крупные города,Промышленные и крупные города,0,без смен,0.04189533125906397,0.007484082932877871,-3.3825914551325442
1144,Балаганский,Иркутская область,Районы бюджетной экономики,Районы бюджетной экономики,0,без смен,-0.07371488034416718,-0.07310197211413645,0.06130960966597154
1146,Братский,Иркутская область,Транспортные узлы,Транспортные узлы,0,без смен,0.01492602082794233,-0.09115176269633007,-10.06453096222073
1147,Жигаловский,Иркутская область,Ресурсные территории Севера и Востока,Промышленные и крупные города,2,направленный,0.02358373642154336,0.12567042126670222,10.74794692534169
1148,Заларинский,Иркутская область,Районы бюджетной экономики,Районы бюджетной экономики,0,без смен,-0.0391939380629441,-0.022478098237854145,1.685633119436969
1149,Зиминский,Иркутская область,Районы бюджетной экономики,Районы бюджетной экономики,0,без смен,-0.0015678993637626704,-0.004641767824685357,-0.3069148964207624
1150,Иркутский,Иркутская область,Столичные агломерации и центры услуг,Столичные агломерации и центры услуг,0,без смен,0.3421804187753071,0.39790239341367517,5.730368562948818
1151,Казачинско-Ленский,Иркутская область,Ресурсные территории Севера и Востока,Ресурсные территории Севера и Востока,0,без смен,0.29407061841710674,0.34501057355063064,5.225970859256401
1152,Катангский,Иркутская область,Ресурсные территории Севера и Востока,Ресурсные территории Севера и Востока,0,без смен,0.39922583240870796,0.4168067496362579,1.7736371224523761
1153,Качугский,Иркутская область,Районы бюджетной экономики,Районы бюджетной экономики,0,без смен,-0.05384332459212141,-0.06257669067888057,-0.8695341021277447
1154,Киренский,Иркутская область,Транспортные узлы,Ресурсные территории Севера и Востока,2,направленный,0.15146616974803528,0.2715116638060975,12.754814715341944
1155,Куйтунский,Иркутская область,Районы бюджетной экономики,Районы бюджетной экономики,0,без смен,0.015535218836298567,-0.017462804240675922,-3.245952765982074
1157,Нижнеилимский,Иркутская область,Ресурсные территории Севера и Востока,Ресурсные территории Севера и Востока,0,без смен,0.2142405660302152,0.2038793515989017,-1.0307721957473426
1158,Нижнеудинский,Иркутская область,Транспортные узлы,Транспортные узлы,0,без смен,0.005257146444429909,0.0321885251281282,2.729730585136081
1159,Ольхонский,Иркутская область,Районы бюджетной экономики,Районы бюджетной экономики,0,без смен,-0.048288157998067995,-0.09818842626482767,-4.867570300925106
1160,Слюдянский,Иркутская область,Транспортные узлы,Транспортные узлы,0,без смен,0.053613804399025966,0.05446709291034768,0.08536526655322785
1161,Тайшетский,Иркутская область,Транспортные узлы,Транспортные узлы,0,без смен,0.1096669698550885,0.12436031349533809,1.4801821463374054
1163,Усольский,Иркутская область,Аграрные районы,Аграрные районы,0,без смен,-0.001584514264458529,-0.01968784233276762,-1.7940447201007625
1164,Усть-Илимский,Иркутская область,Аграрные районы,Аграрные районы,0,без смен,-0.07859146928406584,-0.08348506107833338,-0.48816376814085904
1165,Усть-Кутский,Иркутская область,Ресурсные территории Севера и Востока,Ресурсные территории Севера и Востока,0,без смен,0.3983902522018834,0.43083846193113234,3.2980393424346
1166,Усть-Удинский,Иркутская область,Районы бюджетной экономики,Районы бюджетной экономики,0,без смен,-0.08124452033941025,-0.06628170593089718,1.5075317737809568
1167,Черемховский,Иркутская область,Районы бюджетной экономики,Районы бюджетной экономики,0,без смен,-0.06266887301998943,-0.04369641770056069,1.9153575971080583
1168,Чунский,Иркутская область,Транспортные узлы,Транспортные узлы,0,без смен,-0.0526228351407001,-0.02408144543950108,2.895259799376193
1169,Шелеховский,Иркутская область,Промышленные и крупные города,Промышленные и крупные города,0,без смен,0.245120677185002,0.27304856317864673,2.832152536248844
1170,Аларский,Иркутская область,Районы бюджетной экономики,Районы бюджетной экономики,0,без смен,0.04002826470907905,-0.042087411280792374,-7.883460418591204
1171,Баяндаевский,Иркутская область,Районы бюджетной экономики,Районы бюджетной экономики,0,без смен,-0.1064720376066252,-0.17249751018132434,-6.3892981068047305
1172,Боханский,Иркутская область,Районы бюджетной экономики,Районы бюджетной экономики,0,без смен,-0.11360718431833601,-0.1661682571145248,-5.120362636123799
1173,Нукутский,Иркутская область,Районы бюджетной экономики,Районы бюджетной экономики,0,без смен,-0.03274272487632709,-0.06832362519476891,-3.495534134832201
1174,Осинский,Иркутская область,Районы бюджетной экономики,Районы бюджетной экономики,0,без смен,-0.09934809659175918,-0.13926603909179538,-3.9131717633514085
1175,Эхирит-Булагатский,Иркутская область,Районы бюджетной экономики,Районы бюджетной экономики,0,без смен,-0.0474621733407495,-0.12335869557270751,-7.308788360599561
1176,Калининград,Калининградская область,Промышленные и крупные города,Столичные агломерации и центры услуг,1,направленный,0.37934567343271447,0.42351825672893934,4.516271695103913
1178,Мамоновский,Калининградская область,Промышленные и крупные города,Районы бюджетной экономики,3,направленный,-0.02008354457382004,-0.21101224285995546,-17.380850507933975
1179,Пионерский,Калининградская область,Промышленные и крупные города,Промышленные и крупные города,0,без смен,0.09740826589787914,0.1567852702919265,6.117523306170836
1180,Светловский,Калининградская область,Промышленные и крупные города,Промышленные и крупные города,0,без смен,0.03862875780324752,-0.15954421556914986,-17.977203673034104
1181,Советский,Калининградская область,Промышленные и крупные города,Промышленные и крупные города,0,без смен,0.017505931890151,0.009966701572408532,-0.7510881608071229
1184,Балтийский,Калининградская область,Районы бюджетной экономики,Районы бюджетной экономики,0,без смен,0.1588190178224774,0.20376508514273914,4.597144634443229
1185,Гвардейский,Калининградская область,Районы бюджетной экономики,Районы бюджетной экономики,0,без смен,-0.04501325975593318,-0.11887868604820835,-7.120332295607568
1186,Гурьевский,Калининградская область,Промышленные и крупные города,Столичные агломерации и центры услуг,1,направленный,0.3327467920032756,0.4180439701886618,8.904065774039704
1187,Гусевский,Калининградская область,Промышленные и крупные города,Промышленные и крупные города,0,без смен,0.015401519291016482,-0.012639254446717985,-2.7651280298711445
1188,Зеленоградский,Калининградская область,Промышленные и крупные города,Промышленные и крупные города,0,без смен,0.2889644010011221,0.4823402416608831,21.333872986278955
1189,Краснознаменский,Калининградская область,Районы бюджетной экономики,Районы бюджетной экономики,0,без смен,-0.08215250096377336,-0.053825263888587514,2.8732268685750295
1190,Светлогорский,Калининградская область,Районы бюджетной экономики,Столичные агломерации и центры услуг,1,направленный,0.24530374354708892,0.40138208182516016,16.89177705085538
1191,Неманский,Калининградская область,Аграрные районы,Аграрные районы,0,без смен,-0.0452704265239395,-0.03485695317093581,1.046788226455142
1192,Нестеровский,Калининградская область,Аграрные районы,Аграрные районы,0,без смен,-0.13722681421684393,-0.11238805349180343,2.5149812785198566
1193,Озерский,Калининградская область,Аграрные районы,Аграрные районы,0,без смен,-0.14460615267871693,-0.13165257274079364,1.3037840988869398
1194,Полесский,Калининградская область,Аграрные районы,Аграрные районы,0,без смен,-0.05706311005092779,-0.16876398027034809,-10.56882672341538
1195,Правдинский,Калининградская область,Аграрные районы,Аграрные районы,0,без смен,-0.15902986516746095,-0.2549592368551818,-9.147181838514717
1196,Славский,Калининградская область,Аграрные районы,Районы бюджетной экономики,1,направленный,-0.11645836664288971,-0.06797129064276142,4.968180564513913
1197,Черняховский,Калининградская область,Промышленные и крупные города,Промышленные и крупные города,0,без смен,0.016091629655600254,0.04671712941374887,3.1099284639965585
1198,Калуга,Калужская область,Промышленные и крупные города,Промышленные и крупные города,0,без смен,0.3486925942854932,0.3807443231029544,3.257091759614128
1200,Бабынинский,Калужская область,Промышленные и крупные города,Промышленные и крупные города,0,без смен,0.05654963216130356,-0.07820436527708985,-12.606912551995919
1201,Барятинский,Калужская область,Аграрные районы,Аграрные районы,0,без смен,-0.01875660117865034,-0.03640464645379845,-1.7493230587469433
1203,Дзержинский,Калужская область,Промышленные и крупные города,Промышленные и крупные города,0,без смен,0.05202998714886201,-0.024219424406462704,-7.3414923287770435
1204,Думиничский,Калужская область,Районы бюджетной экономики,Районы бюджетной экономики,0,без смен,-0.0717087632410894,-0.11928038138102555,-4.645782023013211
1205,Жиздринский,Калужская область,Районы бюджетной экономики,Районы бюджетной экономики,0,без смен,0.003670366593291341,-0.001288915392660665,-0.4947005050357056
1206,Жуковский,Калужская область,Столичные агломерации и центры услуг,Промышленные и крупные города,1,направленный,0.11526218956066003,0.10232192749250668,-1.285689685362823
1207,Кировский,Калужская область,Промышленные и крупные города,Промышленные и крупные города,0,без смен,0.05734971462378683,0.08533335433606422,2.837885970976406
1208,Износковский,Калужская область,Аграрные районы,Аграрные районы,2,возвратный,-0.09723330454886359,-0.08281973631683837,1.4517944582244091
1209,Козельский,Калужская область,Промышленные и крупные города,Промышленные и крупные города,0,без смен,0.050210967286883935,0.026939755552185158,-2.3002525341787816
1210,Куйбышевский,Калужская область,Районы бюджетной экономики,Районы бюджетной экономики,0,без смен,-0.02753387760594883,-0.07570278057761293,-4.702718645668924
1211,Людиновский,Калужская область,Промышленные и крупные города,Промышленные и крупные города,0,без смен,0.03933873408608276,0.07266929323108655,3.3892245297794776
1212,Малоярославецкий,Калужская область,Промышленные и крупные города,Промышленные и крупные города,0,без смен,0.1645308618254472,0.22789611189545886,6.541591140889369
1213,Медынский,Калужская область,Промышленные и крупные города,Промышленные и крупные города,0,без смен,0.018110194339309455,-0.0176260535565748,-3.510524705412177
1214,Мещовский,Калужская область,Районы бюджетной экономики,Районы бюджетной экономики,0,без смен,-0.028161105646087314,-0.14531219753106228,-11.054920578671856
1215,Мосальский,Калужская область,Аграрные районы,Аграрные районы,0,без смен,-0.04164299116897988,-0.0870503427523343,-4.439186594870604
1217,Спас-Деменский,Калужская область,Районы бюджетной экономики,Районы бюджетной экономики,0,без смен,-0.022294678251791506,-0.05046742643531162,-2.777959701465438
1218,Сухиничский,Калужская область,Транспортные узлы,Транспортные узлы,0,без смен,0.01539805867245588,-0.04992957494772643,-6.3239501139284116
1219,Тарусский,Калужская область,Столичные агломерации и центры услуг,Промышленные и крупные города,1,направленный,0.12043038913957578,0.047666931323799254,-7.017925415475834
1220,Ульяновский,Калужская область,Районы бюджетной экономики,Районы бюджетной экономики,0,без смен,-0.06288735707030657,-0.012967513515550108,5.118683359909881
1221,Ферзиковский,Калужская область,Аграрные районы,Аграрные районы,0,без смен,0.04655999044868627,0.1260925510828903,8.27808149855056
1222,Хвастовичский,Калужская область,Аграрные районы,Аграрные районы,0,без смен,-0.1366187499956757,-0.20160490820239652,-6.291956583871061
1223,Юхновский,Калужская область,Районы бюджетной экономики,Районы бюджетной экономики,0,без смен,0.017898540127617046,-0.08644467446801436,-9.908396318041046
1224,Кемеровский,Кемеровская область,Промышленные и крупные города,Столичные агломерации и центры услуг,1,направленный,0.32940615806745743,0.39693510741706756,6.986123093640861
1225,Анжеро-Судженский,Кемеровская область,Промышленные и крупные города,Промышленные и крупные города,0,без смен,0.0832874287161145,0.12062932727874731,3.8047867247717804
1226,Беловский,Кемеровская область,Ресурсные территории Севера и Востока,Ресурсные территории Севера и Востока,0,без смен,0.1600390629628586,0.21004951283663212,5.1282082083682345
1227,Березовский,Кемеровская область,Ресурсные территории Севера и Востока,Ресурсные территории Севера и Востока,0,без смен,0.1597895006269671,0.182461104217665,2.2930557660513218
1228,Калтанский,Кемеровская область,Ресурсные территории Севера и Востока,Ресурсные территории Севера и Востока,0,без смен,0.07120767751464374,0.1226669886490012,5.280634792457861
1229,Киселевский,Кемеровская область,Ресурсные территории Севера и Востока,Ресурсные территории Севера и Востока,0,без смен,0.1875057080866087,0.2133508426266708,2.6182016017295195
1230,Ленинск-Кузнецкий,Кемеровская область,Промышленные и крупные города,Промышленные и крупные города,0,без смен,0.20905792272711743,0.2540366663713514,4.600562540469877
1231,Междуреченский,Кемеровская область,Ресурсные территории Севера и Востока,Ресурсные территории Севера и Востока,0,без смен,0.2885418421002539,0.3223815263480363,3.4418759812949284
1232,Мысковский,Кемеровская область,Ресурсные территории Севера и Востока,Ресурсные территории Севера и Востока,0,без смен,0.13128315039438831,0.1563913055120798,2.542601959900326
1233,Новокузнецкий,Кемеровская область,Промышленные и крупные города,Промышленные и крупные города,0,без смен,0.29286178454358147,0.3404696479319093,4.8759317754157205
1234,Осинниковский,Кемеровская область,Промышленные и крупные города,Промышленные и крупные города,0,без смен,0.15387710516094888,0.1814417090019571,2.7948022352748847
1235,Полысаевский,Кемеровская область,Ресурсные территории Севера и Востока,Ресурсные территории Севера и Востока,0,без смен,0.11939294501210096,0.16227436179736365,4.3814108678681185
1236,Прокопьевский,Кемеровская область,Промышленные и крупные города,Промышленные и крупные города,0,без смен,0.19263275466716845,0.23728736764575173,4.566663784616121
1237,Тайгинский,Кемеровская область,Транспортные узлы,Транспортные узлы,0,без смен,0.047999578794935736,0.10817620099328984,6.202410701368666
1238,Юргинский,Кемеровская область,Промышленные и крупные города,Промышленные и крупные города,0,без смен,0.1494535684793131,0.24007015738732562,9.484914746734962
1240,Беловский,Кемеровская область,Ресурсные территории Севера и Востока,Ресурсные территории Севера и Востока,0,без смен,-0.06119802084813012,0.060749355714916575,12.969465180081574
1241,Гурьевский,Кемеровская область,Ресурсные территории Севера и Востока,Ресурсные территории Севера и Востока,0,без смен,0.013452625062461069,0.0880614718782861,7.746261551466693
1242,Ижморский,Кемеровская область,Районы бюджетной экономики,Районы бюджетной экономики,0,без смен,-0.1355394285059678,-0.0790015871494738,5.816665650428399
1243,Кемеровский,Кемеровская область,Ресурсные территории Севера и Востока,Ресурсные территории Севера и Востока,0,без смен,0.20979887581462364,0.2872806926835268,8.056258426879959
1244,Крапивинский,Кемеровская область,Районы бюджетной экономики,Районы бюджетной экономики,0,без смен,-0.008852650900667372,0.021620297559511076,3.094200110296663
1246,Мариинский,Кемеровская область,Транспортные узлы,Промышленные и крупные города,1,направленный,-0.037485003976113575,0.03057107855890558,7.042533896198555
1249,Промышленновский,Кемеровская область,Аграрные районы,Аграрные районы,0,без смен,-0.03245113072179695,0.04937237261221187,8.52642474035954
1250,Таштагольский,Кемеровская область,Ресурсные территории Севера и Востока,Ресурсные территории Севера и Востока,0,без смен,0.24233723384869096,0.29083526524100084,4.969330538397787
1251,Тисульский,Кемеровская область,Районы бюджетной экономики,Районы бюджетной экономики,0,без смен,-0.00909382407946128,0.019112931694174346,2.8608333149179765
1252,Топкинский,Кемеровская область,Транспортные узлы,Транспортные узлы,0,без смен,0.0251864390392947,0.13920769803394487,12.077595120084105
1253,Тяжинский,Кемеровская область,Районы бюджетной экономики,Районы бюджетной экономики,0,без смен,-0.09174905277209078,-0.07287289518004474,1.9055438523142953
1254,Чебулинский,Кемеровская область,Аграрные районы,Аграрные районы,0,без смен,-0.0686899459746823,0.01646091381522652,8.88813227158536
1256,Яйский,Кемеровская область,Районы бюджетной экономики,Районы бюджетной экономики,0,без смен,-0.022570201271525647,0.02321181548349216,4.68461911540492
1257,Яшкинский,Кемеровская область,Промышленные и крупные города,Промышленные и крупные города,0,без смен,0.0027544015638903594,0.09126146451421462,9.254196915288393
1258,Киров,Кировская область,Промышленные и крупные города,Промышленные и крупные города,0,без смен,0.276621570063518,0.3132515775881342,3.7309153247127913
1259,Вятские Поляны,Кировская область,Промышленные и крупные города,Промышленные и крупные города,0,без смен,-0.07261747066839004,-0.07572071962608451,-0.309843885758021
1260,Кирово-Чепецк,Кировская область,Промышленные и крупные города,Промышленные и крупные города,0,без смен,0.170551303139676,0.14670975562016508,-2.355958309317141
1261,Котельнич,Кировская область,Транспортные узлы,Транспортные узлы,0,без смен,-0.08449720702342578,-0.16829814981618085,-8.038570626990749
1262,Слободской,Кировская область,Промышленные и крупные города,Промышленные и крупные города,0,без смен,-0.06508039702605768,-0.1112014788458661,-4.507366902750043
1264,Арбажский,Кировская область,Районы бюджетной экономики,Районы бюджетной экономики,0,без смен,-0.2458670959579896,-0.3013159933194484,-5.393963138379743
1265,Афанасьевский,Кировская область,Районы бюджетной экономики,Районы бюджетной экономики,0,без смен,-0.2014809892420537,-0.2859086675374005,-8.096188062315758
1266,Белохолуницкий,Кировская область,Районы бюджетной экономики,Районы бюджетной экономики,0,без смен,-0.19995993354624422,-0.3212852077835837,-11.42541975599981
1267,Богородский,Кировская область,Районы бюджетной экономики,Районы бюджетной экономики,0,без смен,-0.3037251947195374,-0.40849010377059053,-9.946379438595244
1268,Верхнекамский,Кировская область,Промышленные и крупные города,Районы бюджетной экономики,1,направленный,-0.08270159894660178,-0.1573579601884957,-7.193765026818999
1269,Верхошижемский,Кировская область,Аграрные районы,Аграрные районы,0,без смен,-0.22562686624029293,-0.31019911073765244,-8.109473287037694
1270,Вятскополянский,Кировская область,Районы бюджетной экономики,Районы бюджетной экономики,0,без смен,-0.1504948419489575,-0.23081792737407034,-7.718185087637652
1271,Даровской,Кировская область,Районы бюджетной экономики,Районы бюджетной экономики,0,без смен,-0.2644555404664741,-0.3077086423647497,-4.233102844458825
1272,Зуевский,Кировская область,Аграрные районы,Аграрные районы,0,без смен,-0.15737262023818785,-0.2557090966653111,-9.36561109118692
1273,Кикнурский,Кировская область,Районы бюджетной экономики,Районы бюджетной экономики,0,без смен,-0.3288035744010571,-0.33636570507126756,-0.7533609698461396
1274,Кильмезский,Кировская область,Районы бюджетной экономики,Районы бюджетной экономики,0,без смен,-0.24913291217175537,-0.30700243316630377,-5.622691802350399
1275,Кирово-Чепецкий,Кировская область,Аграрные районы,Аграрные районы,0,без смен,-0.023979893358375175,-0.039339007429007054,-1.524176444174541
1276,Котельничский,Кировская область,Районы бюджетной экономики,Районы бюджетной экономики,0,без смен,-0.19445563706333532,-0.33639409229845363,-13.232534432464572
1277,Куменский,Кировская область,Аграрные районы,Аграрные районы,0,без смен,-0.06498192901467004,-0.21560105948703404,-13.982474918060861
1278,Лебяжский,Кировская область,Районы бюджетной экономики,Районы бюджетной экономики,0,без смен,-0.2615462939629296,-0.3280084213430543,-6.4301647466689875
1279,Лузский,Кировская область,Районы бюджетной экономики,Районы бюджетной экономики,0,без смен,-0.12278312576132648,-0.1711242509818073,-4.719129544568368
1280,Малмыжский,Кировская область,Аграрные районы,Аграрные районы,0,без смен,-0.22198662133543343,-0.2940622762735625,-6.953950078318549
1281,Мурашинский,Кировская область,Транспортные узлы,Транспортные узлы,0,без смен,-0.16861866494387634,-0.27422970186741935,-10.022544089909625
1282,Нагорский,Кировская область,Районы бюджетной экономики,Районы бюджетной экономики,0,без смен,-0.3341910631185483,-0.392186365490421,-5.634561963625395
1284,Нолинский,Кировская область,Районы бюджетной экономики,Районы бюджетной экономики,0,без смен,-0.2005615063638094,-0.2705073313440411,-6.7555666272145265
1285,Омутнинский,Кировская область,Промышленные и крупные города,Промышленные и крупные города,0,без смен,-0.025763735947667676,-0.11771161834386638,-8.78473124813286
1286,Опаринский,Кировская область,Аграрные районы,Аграрные районы,2,возвратный,-0.15388145575542408,-0.21328028253906783,-5.7669132586738
1287,Оричевский,Кировская область,Аграрные районы,Аграрные районы,0,без смен,-0.12321792570522098,-0.2428022652103934,-11.271082886638784
1288,Орловский,Кировская область,Аграрные районы,Аграрные районы,0,без смен,-0.1947373468315107,-0.2937103543005793,-9.423284335842574
1289,Пижанский,Кировская область,Аграрные районы,Аграрные районы,0,без смен,-0.21619580215056958,-0.2883056914486956,-6.957135395763903
1290,Подосиновский,Кировская область,Районы бюджетной экономики,Районы бюджетной экономики,0,без смен,-0.2020279224215633,-0.25082085472871424,-4.762168393703581
1291,Санчурский,Кировская область,Районы бюджетной экономики,Районы бюджетной экономики,0,без смен,-0.30051198525760103,-0.39270483711399756,-8.807073466588477
1292,Свечинский,Кировская область,Районы бюджетной экономики,Районы бюджетной экономики,0,без смен,-0.18336806237894385,-0.272644484165436,-8.540727472536059
1293,Слободской,Кировская область,Промышленные и крупные города,Аграрные районы,1,направленный,-0.09181057966968087,-0.20024993267819635,-10.276669233226377
1294,Советский,Кировская область,Аграрные районы,Аграрные районы,0,без смен,-0.16251040713867937,-0.2085827477987531,-4.502712367633965
1295,Сунский,Кировская область,Аграрные районы,Аграрные районы,0,без смен,-0.23256889489143293,-0.40123395077142315,-15.520818594549313
1296,Тужинский,Кировская область,Районы бюджетной экономики,Районы бюджетной экономики,0,без смен,-0.2761129199634886,-0.28131494280430286,-0.5188515751541445
1297,Унинский,Кировская область,Районы бюджетной экономики,Районы бюджетной экономики,0,без смен,-0.2698527510893391,-0.3553803945511893,-8.197223476211057
1298,Уржумский,Кировская область,Аграрные районы,Аграрные районы,0,без смен,-0.17784125481164725,-0.2310199429914069,-5.178943667612101
1299,Фаленский,Кировская область,Районы бюджетной экономики,Районы бюджетной экономики,0,без смен,-0.27586249792087436,-0.3468187437430886,-6.849735163155768
1300,Шабалинский,Кировская область,Районы бюджетной экономики,Районы бюджетной экономики,0,без смен,-0.21523356778025912,-0.26965666505590874,-5.296866465275518
1301,Юрьянский,Кировская область,Транспортные узлы,Районы бюджетной экономики,3,направленный,-0.12105316486783568,-0.2798394045022056,-14.68212847277135
1302,Яранский,Кировская область,Районы бюджетной экономики,Районы бюджетной экономики,0,без смен,-0.15237916441569896,-0.23612515436081308,-8.033516945717755
1303,Кострома,Костромская область,Промышленные и крупные города,Промышленные и крупные города,0,без смен,0.1941044785565147,0.2411778162325723,4.819887873071282
1304,Буй,Костромская область,Транспортные узлы,Транспортные узлы,0,без смен,0.011856411054154728,-0.07286798269736601,-8.123453298590421
1305,Волгореченск,Костромская область,Промышленные и крупные города,Промышленные и крупные города,0,без смен,0.05870702457446312,-0.14555456757507232,-18.475091946845456
1306,Галич,Костромская область,Промышленные и крупные города,Промышленные и крупные города,0,без смен,0.02545867513541052,-0.018369236554604207,-4.288134776706309
1308,Шарья,Костромская область,Промышленные и крупные города,Промышленные и крупные города,0,без смен,-0.00957428184583442,-0.018403099665294853,-0.878995825285056
1309,Антроповский,Костромская область,Районы бюджетной экономики,Районы бюджетной экономики,0,без смен,-0.1998089271573038,-0.21701105816840016,-1.7055019109347702
1310,Буйский,Костромская область,Транспортные узлы,Транспортные узлы,0,без смен,-0.030739192749109634,-0.07729889237742633,-4.549242487847804
1311,Вохомский,Костромская область,Районы бюджетной экономики,Районы бюджетной экономики,0,без смен,-0.2847640504351234,-0.24900672805038285,3.6404303845371633
1312,Галичский,Костромская область,Районы бюджетной экономики,Районы бюджетной экономики,0,без смен,-0.16235886732722538,-0.11738061131832438,4.600511533552165
1313,Кадыйский,Костромская область,Районы бюджетной экономики,Районы бюджетной экономики,0,без смен,-0.23762112262788845,-0.2149744866856702,2.290501780876686
1314,Кологривский,Костромская область,Районы бюджетной экономики,Районы бюджетной экономики,0,без смен,-0.26445124179641216,-0.20365508813650912,6.26822682156396
1315,Костромской,Костромская область,Районы бюджетной экономики,Районы бюджетной экономики,0,без смен,0.08690292285599514,0.16884938195713003,8.539769510558347
1316,Красносельский,Костромская область,Промышленные и крупные города,Промышленные и крупные города,0,без смен,-0.03604080738556329,-0.052537729541528876,-1.6361593128384033
1317,Макарьевский,Костромская область,Районы бюджетной экономики,Районы бюджетной экономики,0,без смен,-0.2941733947263092,-0.2874150558940274,0.6781227939227419
1319,Межевской,Костромская область,Районы бюджетной экономики,Районы бюджетной экономики,0,без смен,-0.26791998143133505,-0.21891501248413517,5.022556924246446
1320,Нейский,Костромская область,Районы бюджетной экономики,Районы бюджетной экономики,0,без смен,-0.1254464887313569,-0.12553696377970583,-0.009047095560521523
1321,Нерехта и Нерехтский,Костромская область,Промышленные и крупные города,Промышленные и крупные города,0,без смен,-0.0859818158219019,-0.07111954945039756,1.4973259038181919
1322,Октябрьский,Костромская область,Районы бюджетной экономики,Районы бюджетной экономики,0,без смен,-0.26574816087465286,-0.21412891391444036,5.297474284313064
1323,Островский,Костромская область,Районы бюджетной экономики,Районы бюджетной экономики,0,без смен,-0.21206678243576751,-0.24997569907868802,-3.719936798870005
1324,Павинский,Костромская область,Районы бюджетной экономики,Районы бюджетной экономики,0,без смен,-0.3334358932387085,-0.20169480278791477,14.081291367001336
1325,Парфеньевский,Костромская область,Районы бюджетной экономики,Районы бюджетной экономики,0,без смен,-0.19821994254857098,-0.19147008682766722,0.6772687338163053
1326,Поназыревский,Костромская область,Транспортные узлы,Транспортные узлы,1,возвратный,-0.21039106646368064,-0.18995027675109188,2.0651133407073585
1327,Пыщугский,Костромская область,Районы бюджетной экономики,Районы бюджетной экономики,0,без смен,-0.2951505463448439,-0.21701263856137132,8.12717641807712
1328,Солигаличский,Костромская область,Районы бюджетной экономики,Районы бюджетной экономики,0,без смен,-0.17074736424197598,-0.2390433044100817,-6.601597071688836
1329,Судиславский,Костромская область,Районы бюджетной экономики,Районы бюджетной экономики,0,без смен,-0.15744577174504273,-0.1889571198137198,-3.1020039659789167
1330,Сусанинский,Костромская область,Районы бюджетной экономики,Районы бюджетной экономики,0,без смен,-0.1865046079744106,-0.25181309602087537,-6.322156615041019
1331,Чухломский,Костромская область,Районы бюджетной экономики,Районы бюджетной экономики,0,без смен,-0.1892637064750057,-0.14895459223545307,4.113255335406918
1333,Курган,Курганская область,Промышленные и крупные города,Промышленные и крупные города,0,без смен,0.1336709256122237,0.22957570795426405,10.065425728373146
1334,Шадринск,Курганская область,Промышленные и крупные города,Промышленные и крупные города,0,без смен,-0.03152948269842929,0.03672213996137389,7.063467053203176
1335,Альменевский,Курганская область,Районы бюджетной экономики,Районы бюджетной экономики,0,без смен,-0.37366201050130243,-0.31402709713746874,6.144895496898051
1336,Белозерский,Курганская область,Районы бюджетной экономики,Районы бюджетной экономики,0,без смен,-0.3246205416288947,-0.45015929103923585,-11.797841405152443
1337,Варгашинский,Курганская область,Транспортные узлы,Транспортные узлы,0,без смен,-0.19430261684196726,-0.3282734989646272,-12.538446881967747
1338,Далматовский,Курганская область,Районы бюджетной экономики,Районы бюджетной экономики,0,без смен,-0.12568406896487497,-0.18722108452202413,-5.968186130456965
1339,Звериноголовский,Курганская область,Районы бюджетной экономики,Районы бюджетной экономики,0,без смен,-0.3081741317417439,-0.40102252166871705,-8.86683431180375
1340,Каргапольский,Курганская область,Районы бюджетной экономики,Районы бюджетной экономики,0,без смен,-0.1951458872520817,-0.24760856702431808,-5.11102668240323
1341,Катайский,Курганская область,Районы бюджетной экономики,Районы бюджетной экономики,0,без смен,-0.13415412528263934,-0.18011060463065456,-4.491647285595768
1343,Куртамышский,Курганская область,Районы бюджетной экономики,Аграрные районы,1,направленный,-0.24579871191211833,-0.2890129072563443,-4.229376812015406
1344,Лебяжьевский,Курганская область,Районы бюджетной экономики,Районы бюджетной экономики,0,без смен,-0.2843279904091561,-0.34760216467501487,-6.131392516076561
1345,Макушинский,Курганская область,Районы бюджетной экономики,Районы бюджетной экономики,0,без смен,-0.23949889170726232,-0.2602949793940672,-2.058134026689107
1346,Мишкинский,Курганская область,Районы бюджетной экономики,Районы бюджетной экономики,0,без смен,-0.23681480533406715,-0.25751104596573643,-2.048354331568436
1347,Мокроусовский,Курганская область,Районы бюджетной экономики,Районы бюджетной экономики,0,без смен,-0.29013967065368923,-0.33095773361776387,-3.9996225698647248
1348,Петуховский,Курганская область,Районы бюджетной экономики,Районы бюджетной экономики,0,без смен,-0.260500484536166,-0.3362463343025377,-7.294821295003995
1349,Половинский,Курганская область,Районы бюджетной экономики,Районы бюджетной экономики,0,без смен,-0.35164758882810226,-0.40097863342395595,-4.813403254949799
1350,Притобольный,Курганская область,Районы бюджетной экономики,Районы бюджетной экономики,0,без смен,-0.3318937838459452,-0.4170163964816543,-8.160032990655463
1351,Сафакулевский,Курганская область,Аграрные районы,Аграрные районы,0,без смен,-0.3588746820949371,-0.32610580256010646,3.331169216218721
1352,Целинный,Курганская область,Районы бюджетной экономики,Районы бюджетной экономики,0,без смен,-0.35393318290945314,-0.40517124306550184,-4.99475260309069
1353,Частоозерский,Курганская область,Районы бюджетной экономики,Районы бюджетной экономики,0,без смен,-0.2760985061192069,-0.3325853073810097,-5.492104173742662
1355,Шатровский,Курганская область,Районы бюджетной экономики,Районы бюджетной экономики,0,без смен,-0.2903423630757838,-0.30693766767097436,-1.6458361113954156
1356,Шумихинский,Курганская область,Транспортные узлы,Транспортные узлы,0,без смен,-0.12748519714543546,-0.15241092736224035,-2.461764922598131
1357,Щучанский,Курганская область,Районы бюджетной экономики,Районы бюджетной экономики,0,без смен,-0.13091545560281817,-0.12562916621669284,0.5300286467200266
1358,Юргамышский,Курганская область,Транспортные узлы,Транспортные узлы,0,без смен,-0.14484833883222148,-0.19902244479400455,-5.273283271746099
1392,Бокситогорский,Ленинградская область,Промышленные и крупные города,Промышленные и крупные города,0,без смен,0.23984491453085965,0.21507969046039044,-2.446108179897366
1393,Волосовский,Ленинградская область,Аграрные районы,Аграрные районы,0,без смен,0.21838681993817963,0.24983490109666442,3.1947796670672712
1394,Волховский,Ленинградская область,Промышленные и крупные города,Промышленные и крупные города,0,без смен,0.2713853755713244,0.3239183142874736,5.393727684760541
1395,Всеволожский,Ленинградская область,Столичные агломерации и центры услуг,Столичные агломерации и центры услуг,0,без смен,0.5333861339826447,0.5720967296977394,3.946961315557651
1396,Выборгский,Ленинградская область,Промышленные и крупные города,Промышленные и крупные города,0,без смен,0.3977622994010173,0.4436450261366775,4.695162432269306
1397,Гатчинский,Ленинградская область,Столичные агломерации и центры услуг,Промышленные и крупные города,1,направленный,0.4107388549604565,0.4485719551964114,3.855788334722443
1398,Кингисеппский,Ленинградская область,Промышленные и крупные города,Промышленные и крупные города,0,без смен,0.40682725325697017,0.4420841380467267,3.588577792387837
1399,Киришский,Ленинградская область,Промышленные и крупные города,Промышленные и крупные города,0,без смен,0.3252105340903073,0.32701740809324126,0.18085073833880028
1400,Кировский,Ленинградская область,Столичные агломерации и центры услуг,Промышленные и крупные города,1,направленный,0.3764873037072203,0.42614345830074996,5.090968377717187
1401,Лодейнопольский,Ленинградская область,Транспортные узлы,Транспортные узлы,0,без смен,0.2561803390397322,0.321591710397153,6.759811334875709
1402,Ломоносовский,Ленинградская область,Столичные агломерации и центры услуг,Столичные агломерации и центры услуг,0,без смен,0.4360359332507029,0.49715455408995446,6.302500362670549
1403,Лужский,Ленинградская область,Промышленные и крупные города,Промышленные и крупные города,0,без смен,0.29644746866536015,0.37336962351808456,7.995800363047034
1404,Подпорожский,Ленинградская область,Промышленные и крупные города,Промышленные и крупные города,0,без смен,0.1705037729374291,0.20405271757564206,3.411805702181403
1405,Приозерский,Ленинградская область,Аграрные районы,Столичные агломерации и центры услуг,2,направленный,0.273436802641986,0.3719382961780419,10.35160525341734
1406,Сланцевский,Ленинградская область,Промышленные и крупные города,Промышленные и крупные города,0,без смен,0.26809674409862855,0.2988283794325814,3.1208726764000883
1407,Тихвинский,Ленинградская область,Промышленные и крупные города,Промышленные и крупные города,0,без смен,0.24356709700257215,0.31435786828762513,7.335662534533638
1408,Тосненский,Ленинградская область,Столичные агломерации и центры услуг,Промышленные и крупные города,1,направленный,0.3904349258983106,0.4372242754122763,4.790124492187475
1409,Сосновоборский,Ленинградская область,Промышленные и крупные города,Промышленные и крупные города,0,без смен,0.5054992328488405,0.5200252985609591,1.4632081714468725
1410,Липецк,Липецкая область,Промышленные и крупные города,Промышленные и крупные города,0,без смен,0.23945440431670453,0.3546344320238773,12.207542405567873
1411,Елец,Липецкая область,Промышленные и крупные города,Промышленные и крупные города,0,без смен,0.11104036269092148,0.25495959372221905,15.479083349341206
1412,Воловский,Липецкая область,Аграрные районы,Аграрные районы,0,без смен,-0.1353830054398427,-0.1613243939589871,-2.5607801495197036
1413,Грязинский,Липецкая область,Промышленные и крупные города,Промышленные и крупные города,0,без смен,0.017322172820493087,0.03943408018020911,2.235818747449403
1414,Данковский,Липецкая область,Аграрные районы,Аграрные районы,0,без смен,0.04529917670711233,0.029110980880018584,-1.6057871173023486
1415,Добринский,Липецкая область,Аграрные районы,Аграрные районы,0,без смен,-0.10008641748268794,-0.11490683497470133,-1.4711135638355466
1416,Добровский,Липецкая область,Аграрные районы,Аграрные районы,0,без смен,-0.15057753954973632,-0.1945759111667389,-4.30444842381309
1417,Долгоруковский,Липецкая область,Аграрные районы,Аграрные районы,0,без смен,-0.1359061537175353,-0.18902564149635825,-5.173330056897618
1419,Задонский,Липецкая область,Аграрные районы,Аграрные районы,0,без смен,-0.07202993291589799,-0.10404546322627113,-3.1508459011823864
1420,Измалковский,Липецкая область,Аграрные районы,Аграрные районы,0,без смен,-0.12446478466886202,-0.21184343751538007,-8.366994105108649
1421,Краснинский,Липецкая область,Аграрные районы,Аграрные районы,0,без смен,-0.07099814500300461,-0.07614662940217502,-0.5135253669173667
1422,Лебедянский,Липецкая область,Промышленные и крупные города,Промышленные и крупные города,0,без смен,0.004564892201866992,-0.005102630616016827,-0.9620942545300215
1423,Лев-Толстовский,Липецкая область,Аграрные районы,Аграрные районы,0,без смен,0.03313252583094931,0.03780518480870754,0.46835928722059883
1425,Становлянский,Липецкая область,Аграрные районы,Аграрные районы,0,без смен,-0.1591235922553551,-0.20566458325493317,-4.54745671835809
1426,Тербунский,Липецкая область,Аграрные районы,Аграрные районы,0,без смен,-0.05248042019258955,-0.07023864404293671,-1.7601475820184453
1427,Усманский,Липецкая область,Аграрные районы,Аграрные районы,0,без смен,-0.08884835553604375,-0.08206877163139985,0.6802617306476355
1428,Хлевенский,Липецкая область,Аграрные районы,Аграрные районы,0,без смен,-0.10442683929218462,-0.13978728207624277,-3.474256652926133
1429,Чаплыгинский,Липецкая область,Аграрные районы,Аграрные районы,0,без смен,-0.028372953140973916,-0.058411777391084975,-2.9592142540227795
1430,Магадан,Магаданская область,Ресурсные территории Севера и Востока,Ресурсные территории Севера и Востока,0,без смен,0.846099936976203,0.8160513644093328,-2.960160233729925
1431,Ольский,Магаданская область,Ресурсные территории Севера и Востока,Ресурсные территории Севера и Востока,0,без смен,0.5347786246870934,0.45093874899798586,-8.042150882093646
1438,Ягоднинский,Магаданская область,Ресурсные территории Севера и Востока,Ресурсные территории Севера и Востока,0,без смен,0.5827229566295626,0.7199450949369091,14.708293128158578
1439,Балашиха,Московская область,Столичные агломерации и центры услуг,Столичные агломерации и центры услуг,0,без смен,0.5453863584154881,0.5770007381148728,3.211942235369891
1440,Бронницы,Московская область,Столичные агломерации и центры услуг,Столичные агломерации и центры услуг,0,без смен,0.3899178530910123,0.43894102416457975,5.024468575497032
1443,Дзержинский,Московская область,Столичные агломерации и центры услуг,Столичные агломерации и центры услуг,0,без смен,0.5077693351834555,0.5553859061667428,4.876844996526586
1444,Долгопрудный,Московская область,Столичные агломерации и центры услуг,Столичные агломерации и центры услуг,0,без смен,0.6180384006917565,0.6642598978175206,4.7306360616568455
1445,Домодедово,Московская область,Столичные агломерации и центры услуг,Столичные агломерации и центры услуг,0,без смен,0.4931763555049888,0.547996959248589,5.6351092244802725
1446,Дубна,Московская область,Промышленные и крупные города,Промышленные и крупные города,0,без смен,0.5281694877824569,0.590572123616233,6.439082034784027
1447,Егорьевск,Московская область,Промышленные и крупные города,Промышленные и крупные города,0,без смен,0.2948715988477438,0.3498369769316489,5.65040358482003
1448,Жуковский,Московская область,Столичные агломерации и центры услуг,Столичные агломерации и центры услуг,0,без смен,0.5490872183210431,0.5765091686277634,2.7801392393185465
1449,Зарайск,Московская область,Аграрные районы,Аграрные районы,0,без смен,0.17966159493437703,0.20031362497562277,2.0866758861532775
1453,Истра,Московская область,Столичные агломерации и центры услуг,Столичные агломерации и центры услуг,0,без смен,0.5290260058635381,0.6077073698030278,8.18595476801567
1454,Кашира,Московская область,Промышленные и крупные города,Промышленные и крупные города,0,без смен,0.3008997764782064,0.4274518158758636,13.490850959461099
1456,Королёв,Московская область,Столичные агломерации и центры услуг,Столичные агломерации и центры услуг,0,без смен,0.6240919856324897,0.6457775834435546,2.192243930543425
1457,Котельники,Московская область,Столичные агломерации и центры услуг,Столичные агломерации и центры услуг,0,без смен,0.5912489839976214,0.6392555620115985,4.9177556806404565
1459,Красногорск,Московская область,Столичные агломерации и центры услуг,Столичные агломерации и центры услуг,0,без смен,0.6873142220563345,0.7301329990276436,4.3748726404899685
1461,Лобня,Московская область,Столичные агломерации и центры услуг,Столичные агломерации и центры услуг,0,без смен,0.5206447920248246,0.5637817006595833,4.4080828746788425
1463,Луховицы,Московская область,Столичные агломерации и центры услуг,Столичные агломерации и центры услуг,0,без смен,0.2923534700024201,0.37433841064231493,8.543946368271204
1464,Лыткарино,Московская область,Столичные агломерации и центры услуг,Столичные агломерации и центры услуг,0,без смен,0.49596972146287105,0.5525256288409061,5.818577353857823
1465,Люберцы,Московская область,Столичные агломерации и центры услуг,Столичные агломерации и центры услуг,0,без смен,0.5265437926538977,0.5725305063857403,4.706049933794931
1467,Мытищи,Московская область,Столичные агломерации и центры услуг,Столичные агломерации и центры услуг,0,без смен,0.6084909701157116,0.6353158591023478,2.718791509706553
1468,Наро-Фоминский,Московская область,Столичные агломерации и центры услуг,Столичные агломерации и центры услуг,0,без смен,0.4812850735498622,0.5704017075252441,9.320815410383233
1472,Подольск,Московская область,Столичные агломерации и центры услуг,Столичные агломерации и центры услуг,0,без смен,0.49661492236303256,0.5383776922018534,4.264710206924138
1473,Протвино,Московская область,Столичные агломерации и центры услуг,Столичные агломерации и центры услуг,0,без смен,0.2521744417971288,0.23613955479233115,-1.5907012600365866
1474,Пущино,Московская область,Столичные агломерации и центры услуг,Столичные агломерации и центры услуг,0,без смен,0.30923531342897476,0.1852307353702439,-11.662420327278511
1475,Реутов,Московская область,Столичные агломерации и центры услуг,Столичные агломерации и центры услуг,0,без смен,0.6451850437096102,0.6502153463113055,0.504297581494928
1477,Рузский,Московская область,Столичные агломерации и центры услуг,Столичные агломерации и центры услуг,0,без смен,0.30093069047625914,0.40438426454590787,10.89943060774905
1478,Серебряные Пруды,Московская область,Столичные агломерации и центры услуг,Столичные агломерации и центры услуг,0,без смен,0.24205898700462836,0.24931407885646273,0.7281473793267601
1480,Ступино,Московская область,Промышленные и крупные города,Промышленные и крупные города,0,без смен,0.3995392340601474,0.43637847461045354,3.7526215287319475
1481,Фрязино,Московская область,Промышленные и крупные города,Промышленные и крупные города,0,без смен,0.49037805007890284,0.5390417535575572,4.986722467029048
1483,Черноголовка,Московская область,Столичные агломерации и центры услуг,Столичные агломерации и центры услуг,0,без смен,0.4299103027618898,0.4634901247442353,3.414998833390892
1484,Чехов,Московская область,Столичные агломерации и центры услуг,Столичные агломерации и центры услуг,0,без смен,0.46145982652553413,0.5348632611336107,7.616461139670649
1486,Шаховская,Московская область,Столичные агломерации и центры услуг,Столичные агломерации и центры услуг,0,без смен,0.2523524625589113,0.32141845785667744,7.150692123331326
1488,Электросталь,Московская область,Столичные агломерации и центры услуг,Столичные агломерации и центры услуг,0,без смен,0.46010286992184807,0.49905432937367866,3.97200138458369
1489,Волоколамский,Московская область,Столичные агломерации и центры услуг,Столичные агломерации и центры услуг,0,без смен,0.30686238488837275,0.37239093177858607,6.772321705590056
1490,Воскресенск,Московская область,Промышленные и крупные города,Промышленные и крупные города,0,без смен,0.36346896074889984,0.4296475281463632,6.841748466269926
1491,Дмитровский,Московская область,Столичные агломерации и центры услуг,Промышленные и крупные города,1,направленный,0.43265481140402456,0.4927238196938122,6.1909824597838226
1492,Клин,Московская область,Промышленные и крупные города,Промышленные и крупные города,0,без смен,0.3893332099427959,0.45315101157789606,6.589817616367588
1493,Ленинский,Московская область,Столичные агломерации и центры услуг,Столичные агломерации и центры услуг,0,без смен,0.6222603326305881,0.6700729972707444,4.897412697114745
1494,Лотошино,Московская область,Аграрные районы,Аграрные районы,0,без смен,0.15562943863395517,0.08933111343293731,-6.414836548393965
1495,Можайский,Московская область,Промышленные и крупные города,Промышленные и крупные города,0,без смен,0.341725542041436,0.4305428126031006,9.288093655984042
1496,Богородский,Московская область,Столичные агломерации и центры услуг,Столичные агломерации и центры услуг,0,без смен,0.40783797448520137,0.46211270487998907,5.577461569246522
1500,Раменский,Московская область,Столичные агломерации и центры услуг,Столичные агломерации и центры услуг,0,без смен,0.47814623350284585,0.5223743789031884,4.522079000405399
1501,Сергиево-Посадский,Московская область,Столичные агломерации и центры услуг,Промышленные и крупные города,2,направленный,0.41348615567201347,0.4672675055982071,5.525384559730595
1504,Талдомский,Московская область,Столичные агломерации и центры услуг,Столичные агломерации и центры услуг,2,возвратный,0.24698622046724208,0.25536813621607735,0.8417142358016827
1506,Мурманск,Мурманская область,Столичные агломерации и центры услуг,Столичные агломерации и центры услуг,0,без смен,0.6257842639568709,0.6330992711282555,0.7341827192675288
1507,Апатиты,Мурманская область,Ресурсные территории Севера и Востока,Ресурсные территории Севера и Востока,0,без смен,0.6122188119758892,0.6323725229912786,2.0358168263437726
1508,Кировск,Мурманская область,Ресурсные территории Севера и Востока,Ресурсные территории Севера и Востока,0,без смен,0.6969140832602813,0.6750306697995955,-2.164570865658244
1509,Мончегорск,Мурманская область,Промышленные и крупные города,Промышленные и крупные города,0,без смен,0.6243426990573203,0.47257604839476713,-14.081125152409413
1510,Оленегорск,Мурманская область,Ресурсные территории Севера и Востока,Ресурсные территории Севера и Востока,0,без смен,0.5272257960651526,0.439815947901909,-8.369852581164295
1511,Полярные Зори,Мурманская область,Ресурсные территории Севера и Востока,Промышленные и крупные города,1,направленный,0.6693495745773183,0.5746331730085371,-9.036913222114817
1512,Ковдорский,Мурманская область,Ресурсные территории Севера и Востока,Ресурсные территории Севера и Востока,0,без смен,0.6089918506080535,0.591967046040485,-1.688070151660026
1518,Кандалакшский,Мурманская область,Ресурсные территории Севера и Востока,Ресурсные территории Севера и Востока,0,без смен,0.49710911226735605,0.5116900382946099,1.4687746277091573
1519,Кольский,Мурманская область,Промышленные и крупные города,Промышленные и крупные города,0,без смен,0.3817775297261541,0.24576973227072774,-12.716417343626729
1520,Ловозерский,Мурманская область,Ресурсные территории Севера и Востока,Ресурсные территории Севера и Востока,0,без смен,0.4874916420158077,0.42558746663638064,-6.002704497259293
1521,Печенгский,Мурманская область,Ресурсные территории Севера и Востока,Ресурсные территории Севера и Востока,0,без смен,0.6842881778027232,0.6376671970607184,-4.555091637347497
1522,Терский,Мурманская область,Ресурсные территории Севера и Востока,Ресурсные территории Севера и Востока,0,без смен,0.34237220037631005,0.3153638215854186,-2.664691403180086
1523,Нижний Новгород,Нижегородская область,Промышленные и крупные города,Столичные агломерации и центры услуг,1,направленный,0.3426829044789536,0.38150978340923886,3.9590493052302556
1525,Бор,Нижегородская область,Промышленные и крупные города,Промышленные и крупные города,0,без смен,0.2292015836814126,0.3008743130074194,7.430369842984197
1526,Выкса,Нижегородская область,Промышленные и крупные города,Промышленные и крупные города,0,без смен,0.22520084126733794,0.2877986402486658,6.459857048249029
1527,Дзержинск,Нижегородская область,Промышленные и крупные города,Промышленные и крупные города,0,без смен,0.29494755935360367,0.3671496658926155,7.487256088576366
1528,Кулебаки,Нижегородская область,Промышленные и крупные города,Промышленные и крупные города,0,без смен,0.04497597083552751,0.07047637288120612,2.582831870020419
1529,Навашинский,Нижегородская область,Промышленные и крупные города,Промышленные и крупные города,0,без смен,0.03430431140800542,-0.08011494995559125,-10.811605499522104
1530,Перевозский,Нижегородская область,Районы бюджетной экономики,Районы бюджетной экономики,0,без смен,-0.0762600487976511,-0.11619884784453986,-3.915175781887914
1532,Семеновский,Нижегородская область,Промышленные и крупные города,Промышленные и крупные города,0,без смен,-0.01639829550930738,0.0025306401730175545,1.9109223742404646
1533,Шахунья,Нижегородская область,Транспортные узлы,Транспортные узлы,0,без смен,-0.07537477071275973,-0.07005462747710862,0.5334320327911923
1534,Первомайск,Нижегородская область,Транспортные узлы,Транспортные узлы,0,без смен,-0.06954648551897098,-0.13198974161335672,-6.053362970793219
1535,Сокольский,Нижегородская область,Районы бюджетной экономики,Районы бюджетной экономики,0,без смен,-0.07465274343675816,-0.09406408829799921,-1.9224157847160805
1536,Чкаловск,Нижегородская область,Районы бюджетной экономики,Районы бюджетной экономики,0,без смен,-0.011938818344567004,-0.01630699338567639,-0.4358648440848212
1537,Ардатовский,Нижегородская область,Аграрные районы,Аграрные районы,0,без смен,-0.156494770316954,-0.19215204424618015,-3.502904247902483
1539,Балахнинский,Нижегородская область,Промышленные и крупные города,Промышленные и крупные города,0,без смен,0.14838900408513064,0.22538949600113276,8.00426076827112
1540,Богородский,Нижегородская область,Промышленные и крупные города,Промышленные и крупные города,0,без смен,0.12978400544878502,0.20576292430454401,7.893982863137916
1541,Большеболдинский,Нижегородская область,Районы бюджетной экономики,Районы бюджетной экономики,0,без смен,-0.0924845828964432,-0.08199012050118733,1.0549722404595174
1542,Большемурашкинский,Нижегородская область,Аграрные районы,Аграрные районы,0,без смен,-0.13183659618735977,-0.16523319596458,-3.284508990547219
1543,Бутурлинский,Нижегородская область,Районы бюджетной экономики,Районы бюджетной экономики,0,без смен,-0.06563370877975316,-0.09412128519928646,-2.8085631272501743
1544,Вадский,Нижегородская область,Аграрные районы,Аграрные районы,0,без смен,-0.046889352577814826,-0.15001496151784277,-9.798633461498929
1545,Варнавинский,Нижегородская область,Районы бюджетной экономики,Районы бюджетной экономики,0,без смен,-0.059174376341522596,-0.04899262318270529,1.023376357671535
1546,Вачский,Нижегородская область,Районы бюджетной экономики,Районы бюджетной экономики,0,без смен,-0.10126274724058988,-0.14066582356487553,-3.863687167678076
1547,Ветлужский,Нижегородская область,Районы бюджетной экономики,Районы бюджетной экономики,0,без смен,-0.11228999875199334,-0.06924968717345455,4.397997848327351
1548,Вознесенский,Нижегородская область,Районы бюджетной экономики,Районы бюджетной экономики,0,без смен,-0.1935995808003952,-0.15164605333109757,4.284601393123033
1549,Володарский,Нижегородская область,Аграрные районы,Аграрные районы,0,без смен,0.044722949763233544,-0.03954952070303186,-8.081922764166261
1550,Воротынский,Нижегородская область,Районы бюджетной экономики,Районы бюджетной экономики,0,без смен,-0.15908373506375106,-0.2573100629388465,-9.35562729464442
1551,Воскресенский,Нижегородская область,Районы бюджетной экономики,Районы бюджетной экономики,0,без смен,-0.1162389390556416,-0.14198673773872064,-2.5419150809386615
1552,Гагинский,Нижегородская область,Аграрные районы,Аграрные районы,0,без смен,-0.20022583187860774,-0.20969687046917684,-0.9426329562882918
1553,Городецкий,Нижегородская область,Промышленные и крупные города,Промышленные и крупные города,0,без смен,0.08474433039322597,0.19141444074217814,11.256716953856682
1554,Дальнеконстантиновский,Нижегородская область,Аграрные районы,Аграрные районы,2,возвратный,-0.04096057946157453,-0.031877682898802696,0.9124271240188664
1555,Дивеевский,Нижегородская область,Районы бюджетной экономики,Районы бюджетной экономики,0,без смен,-0.009230555959605683,0.026299932966196298,3.616923933352778
1556,Княгининский,Нижегородская область,Районы бюджетной экономики,Районы бюджетной экономики,2,возвратный,-0.036551732709072006,-0.06899728912484182,-3.1924846122224237
1557,Ковернинский,Нижегородская область,Аграрные районы,Аграрные районы,0,без смен,-0.11265960960060421,-0.09192096631718864,2.095518327064827
1558,Краснобаковский,Нижегородская область,Районы бюджетной экономики,Районы бюджетной экономики,0,без смен,-0.08150081259991548,-0.09575571008619772,-1.415377749039748
1559,Краснооктябрьский,Нижегородская область,Районы бюджетной экономики,Районы бюджетной экономики,0,без смен,-0.26284357039593803,-0.2270339103980404,3.6458548192398244
1560,Кстовский,Нижегородская область,Промышленные и крупные города,Промышленные и крупные города,4,возвратный,0.28706160823489313,0.3483515930512488,6.320718342816978
1561,Лукояновский,Нижегородская область,Районы бюджетной экономики,Районы бюджетной экономики,0,без смен,-0.10607891347692562,-0.12172597646771403,-1.5525283690799863
1562,Лысковский,Нижегородская область,Промышленные и крупные города,Промышленные и крупные города,0,без смен,0.04055390709703488,0.07694907507016364,3.706558063218668
1563,Павловский,Нижегородская область,Промышленные и крупные города,Промышленные и крупные города,0,без смен,0.11833256898307631,0.20379528869085414,8.922095411168174
1564,Пильнинский,Нижегородская область,Аграрные районы,Аграрные районы,0,без смен,-0.12420180691175542,-0.13519317060197059,-1.0931179356782894
1565,Починковский,Нижегородская область,Аграрные районы,Аграрные районы,2,возвратный,-0.015418782386596183,-0.018976128731918784,-0.3551026485010711
1566,Сергачский,Нижегородская область,Транспортные узлы,Транспортные узлы,0,без смен,-0.03281894534538369,-0.031060770599758314,0.1759721241046952
1567,Сеченовский,Нижегородская область,Районы бюджетной экономики,Районы бюджетной экономики,0,без смен,-0.12707324529339145,-0.14273518620315873,-1.5539930516908385
1568,Сосновский,Нижегородская область,Промышленные и крупные города,Промышленные и крупные города,0,без смен,-0.12134400520793627,-0.14613843086084355,-2.4489568663182304
1569,Спасский,Нижегородская область,Районы бюджетной экономики,Районы бюджетной экономики,0,без смен,-0.2285448482200779,-0.25674973755493696,-2.781084479558904
1570,Тонкинский,Нижегородская область,Районы бюджетной экономики,Районы бюджетной экономики,0,без смен,-0.08049323411830518,-0.09365775448487668,-1.307824706549643
1571,Тоншаевский,Нижегородская область,Районы бюджетной экономики,Районы бюджетной экономики,0,без смен,-0.0837058505539483,-0.03209091662733717,5.29702013374771
1572,Уренский,Нижегородская область,Районы бюджетной экономики,Районы бюджетной экономики,0,без смен,-0.04904901076610724,-0.008959003307230281,4.09044591414538
1573,Шарангский,Нижегородская область,Районы бюджетной экономики,Районы бюджетной экономики,0,без смен,-0.10928555382314482,-0.0687331666169193,4.138586356953788
1574,Шатковский,Нижегородская область,Районы бюджетной экономики,Районы бюджетной экономики,0,без смен,-0.1391741778436882,-0.1875682515508507,-4.724174388909086
1575,Великий Новгород,Новгородская область,Промышленные и крупные города,Промышленные и крупные города,0,без смен,0.31545450815119214,0.3801360146184167,6.681919525604574
1577,Боровичский,Новгородская область,Промышленные и крупные города,Промышленные и крупные города,0,без смен,0.14779794440223407,0.1544843989240968,0.6708858766049319
1578,Валдайский,Новгородская область,Транспортные узлы,Транспортные узлы,0,без смен,0.1528720545343969,0.12832305918156153,-2.425011946245337
1579,Волотовский,Новгородская область,Районы бюджетной экономики,Районы бюджетной экономики,0,без смен,-0.08727487075922309,-0.10924565443868683,-2.1731183951007482
1580,Демянский,Новгородская область,Районы бюджетной экономики,Районы бюджетной экономики,0,без смен,-0.07071486604522696,-0.11025494605479362,-3.8768572946268676
1581,Крестецкий,Новгородская область,Аграрные районы,Аграрные районы,0,без смен,0.0650691368897629,-0.002184468483478419,-6.50419391199939
1582,Любытинский,Новгородская область,Районы бюджетной экономики,Районы бюджетной экономики,0,без смен,0.02660862140444209,0.007975311694070323,-1.8460782839056056
1583,Маловишерский,Новгородская область,Транспортные узлы,Транспортные узлы,0,без смен,0.04187060166515503,0.050521854910946,0.8688783486955343
1584,Марёвский,Новгородская область,Районы бюджетной экономики,Районы бюджетной экономики,0,без смен,-0.13249916665874326,-0.19613929119172457,-6.165737473403277
1585,Мошенской,Новгородская область,Районы бюджетной экономики,Районы бюджетной экономики,0,без смен,-0.051692530278017124,-0.1431519713182586,-8.740167055968461
1586,Новгородский,Новгородская область,Промышленные и крупные города,Промышленные и крупные города,2,возвратный,0.23968973287184525,0.32463105840024536,8.865318867381134
1587,Окуловский,Новгородская область,Промышленные и крупные города,Промышленные и крупные города,0,без смен,0.08508003166374618,0.040728253958455696,-4.33826183907684
1588,Парфинский,Новгородская область,Районы бюджетной экономики,Районы бюджетной экономики,0,без смен,-0.0832185313270477,-0.08936449709716114,-0.6127117954933259
1589,Пестовский,Новгородская область,Районы бюджетной экономики,Районы бюджетной экономики,0,без смен,0.10127311469840834,0.08865222251815268,-1.2541582723198275
1590,Поддорский,Новгородская область,Районы бюджетной экономики,Районы бюджетной экономики,0,без смен,-0.11232813564477577,-0.12980162591694278,-1.732171414631467
1591,Солецкий,Новгородская область,Районы бюджетной экономики,Районы бюджетной экономики,0,без смен,-0.04609140128511472,-0.06530113842097791,-1.902640592703131
1592,Старорусский,Новгородская область,Промышленные и крупные города,Промышленные и крупные города,0,без смен,0.04849799444831623,0.0225986895950309,-2.5566794636646017
1593,Хвойнинский,Новгородская область,Транспортные узлы,Транспортные узлы,0,без смен,0.08507022168196254,0.03523117166379978,-4.861746281927859
1594,Холмский,Новгородская область,Районы бюджетной экономики,Районы бюджетной экономики,0,без смен,-0.015685553056572488,-0.11591492046354042,-9.537009837668242
1595,Чудовский,Новгородская область,Промышленные и крупные города,Промышленные и крупные города,0,без смен,0.11924108082000284,0.10537890902096987,-1.3766534319947343
1596,Шимский,Новгородская область,Районы бюджетной экономики,Районы бюджетной экономики,0,без смен,-0.08564332468948284,-0.10343069692543654,-1.7630110733853788
1597,Новосибирск,Новосибирская область,Промышленные и крупные города,Столичные агломерации и центры услуг,1,направленный,0.35133819030058994,0.39978894134533177,4.96436766928996
1598,Бердск,Новосибирская область,Промышленные и крупные города,Промышленные и крупные города,0,без смен,0.2559657300847264,0.32193075101968444,6.818935224767286
1599,Искитим,Новосибирская область,Промышленные и крупные города,Промышленные и крупные города,0,без смен,0.1184467131922468,0.2269687499877587,11.462947112942668
1600,Обь,Новосибирская область,Транспортные узлы,Транспортные узлы,0,без смен,0.20218734137171612,0.3358796993005792,14.304111801137154
1601,Кольцово,Новосибирская область,Столичные агломерации и центры услуг,Столичные агломерации и центры услуг,0,без смен,0.42173743242800804,0.5264615728668085,11.04042524719313
1602,Баганский,Новосибирская область,Аграрные районы,Аграрные районы,0,без смен,-0.16479473995518687,-0.10422373409087864,6.244303457800671
1603,Барабинский,Новосибирская область,Транспортные узлы,Транспортные узлы,0,без смен,-0.03917394023084005,0.029273873767267904,7.084474038714816
1604,Болотнинский,Новосибирская область,Транспортные узлы,Транспортные узлы,0,без смен,-0.09316851084925985,0.03545072271570593,13.725701241542065
1605,Венгеровский,Новосибирская область,Районы бюджетной экономики,Районы бюджетной экономики,0,без смен,-0.2049378377036204,-0.174995246773585,3.039537821513605
1606,Доволенский,Новосибирская область,Районы бюджетной экономики,Районы бюджетной экономики,0,без смен,-0.2738915323186504,-0.24473463484235639,2.958612126728055
1607,Здвинский,Новосибирская область,Районы бюджетной экономики,Районы бюджетной экономики,0,без смен,-0.21731210733636738,-0.24212306202092027,-2.4505692772714083
1608,Искитимский,Новосибирская область,Аграрные районы,Промышленные и крупные города,1,направленный,-0.0008581169499377594,0.007651649242286081,0.8546077178799294
1609,Карасукский,Новосибирская область,Транспортные узлы,Транспортные узлы,0,без смен,-0.06665335383711184,-0.03602180417985442,3.1105522705478617
1610,Каргатский,Новосибирская область,Аграрные районы,Аграрные районы,0,без смен,-0.16379284243330794,-0.15589963310164437,0.7924442831876544
1611,Колыванский,Новосибирская область,Аграрные районы,Аграрные районы,0,без смен,-0.08199662323958368,-0.012347721305564127,7.213169180225654
1612,Коченевский,Новосибирская область,Аграрные районы,Аграрные районы,0,без смен,-0.022450569602197195,-0.010480578558285991,1.2041918088902426
1613,Кочковский,Новосибирская область,Аграрные районы,Аграрные районы,0,без смен,-0.20382070372454564,-0.2099309289242767,-0.6091595736453015
1614,Краснозерский,Новосибирская область,Аграрные районы,Аграрные районы,0,без смен,-0.16721247051088728,-0.13480923827253477,3.2933933602935506
1615,Куйбышевский,Новосибирская область,Промышленные и крупные города,Промышленные и крупные города,0,без смен,-0.013636011920267421,0.07551025122209272,9.324054543063397
1616,Купинский,Новосибирская область,Транспортные узлы,Транспортные узлы,0,без смен,-0.13633289078231936,-0.0805422798042142,5.7376257574968115
1617,Кыштовский,Новосибирская область,Районы бюджетной экономики,Районы бюджетной экономики,0,без смен,-0.10615870489677152,-0.08518196420107198,2.1198298999307363
1618,Маслянинский,Новосибирская область,Аграрные районы,Аграрные районы,0,без смен,-0.0952710843687156,-0.07625413323014296,1.919892505319165
1619,Мошковский,Новосибирская область,Транспортные узлы,Транспортные узлы,0,без смен,-0.035505744712318155,-0.016637350934921063,1.904752679631394
1620,Новосибирский,Новосибирская область,Столичные агломерации и центры услуг,Столичные агломерации и центры услуг,0,без смен,0.3161150363958371,0.40709818010815485,9.525054324462424
1621,Ордынский,Новосибирская область,Аграрные районы,Аграрные районы,0,без смен,-0.030251481254162844,0.008157216193340311,3.9155846445346976
1622,Северный,Новосибирская область,Районы бюджетной экономики,Районы бюджетной экономики,0,без смен,-0.08472077804170919,-0.16672099475979488,-7.872824095992503
1623,Сузунский,Новосибирская область,Аграрные районы,Аграрные районы,0,без смен,-0.080092710307848,-0.023297207113237423,5.843934079869206
1624,Татарский,Новосибирская область,Транспортные узлы,Транспортные узлы,0,без смен,-0.037636300345127736,-0.03831077483087094,-0.06742470789568022
1625,Тогучинский,Новосибирская область,Транспортные узлы,Промышленные и крупные города,5,направленный,-0.09173163386066019,-0.06907474593759726,2.2915504665170783
1626,Убинский,Новосибирская область,Районы бюджетной экономики,Районы бюджетной экономики,0,без смен,-0.17719369048667963,-0.21018099650408692,-3.2449158415381207
1627,Усть-Таркский,Новосибирская область,Аграрные районы,Аграрные районы,0,без смен,-0.10770569619762445,-0.11003180614628742,-0.23234066513782015
1628,Чановский,Новосибирская область,Районы бюджетной экономики,Районы бюджетной экономики,0,без смен,-0.08815256993361527,-0.015423916810043773,7.543868039260149
1629,Черепановский,Новосибирская область,Транспортные узлы,Транспортные узлы,2,возвратный,-0.08267006861432395,-0.03759194370270761,4.610958393512021
1630,Чистоозерный,Новосибирская область,Районы бюджетной экономики,Районы бюджетной экономики,0,без смен,-0.17532191196102875,-0.14822870546458647,2.746356457968502
1631,Чулымский,Новосибирская область,Транспортные узлы,Транспортные узлы,0,без смен,-0.12252986512081361,-0.13648678563666236,-1.3859974248574658
1632,Омск,Омская область,Промышленные и крупные города,Промышленные и крупные города,0,без смен,0.22961788116290935,0.2754307883689509,4.687852920451241
1633,Азовский немецкий,Омская область,Аграрные районы,Аграрные районы,0,без смен,-0.12474092260870684,-0.21007838036422358,-8.179762239928367
1634,Большереченский,Омская область,Районы бюджетной экономики,Районы бюджетной экономики,0,без смен,-0.2651363968314057,-0.20375718605493484,6.330205334227923
1635,Большеуковский,Омская область,Районы бюджетной экономики,Районы бюджетной экономики,0,без смен,-0.20175948633444207,-0.2904699097757882,-8.48894702319527
1636,Горьковский,Омская область,Районы бюджетной экономики,Районы бюджетной экономики,0,без смен,-0.3091103416163025,-0.31316611771138475,-0.40475625430768103
1637,Знаменский,Омская область,Районы бюджетной экономики,Районы бюджетной экономики,0,без смен,-0.14944275469629562,-0.1892443631119427,-3.9019929399401576
1638,Исилькульский,Омская область,Аграрные районы,Аграрные районы,0,без смен,-0.12935107879324428,-0.15921116307089309,-2.941867636430029
1639,Калачинский,Омская область,Промышленные и крупные города,Промышленные и крупные города,0,без смен,-0.12462622818277265,-0.15991891884498047,-3.467716607452709
1640,Колосовский,Омская область,Районы бюджетной экономики,Районы бюджетной экономики,0,без смен,-0.24250319948310337,-0.24455368388389154,-0.20483835937852302
1641,Кормиловский,Омская область,Аграрные районы,Аграрные районы,0,без смен,-0.15208811059625837,-0.18788222731002424,-3.516108275726626
1642,Крутинский,Омская область,Аграрные районы,Районы бюджетной экономики,3,направленный,-0.1642086462201012,-0.27075025853598955,-10.106235949413344
1643,Любинский,Омская область,Аграрные районы,Аграрные районы,0,без смен,-0.16420631532023666,-0.2023338068183218,-3.7409789000185545
1644,Марьяновский,Омская область,Аграрные районы,Аграрные районы,0,без смен,-0.13971601236712208,-0.1995693745084551,-5.8097357955461
1645,Москаленский,Омская область,Аграрные районы,Аграрные районы,0,без смен,-0.16686136608233296,-0.18003610638879972,-1.3088333294952403
1646,Муромцевский,Омская область,Районы бюджетной экономики,Районы бюджетной экономики,0,без смен,-0.20456255054903613,-0.2560948169177684,-5.022699625816962
1647,Называевский,Омская область,Районы бюджетной экономики,Районы бюджетной экономики,0,без смен,-0.24052031143578714,-0.26898819565803667,-2.806649195456279
1648,Нижнеомский,Омская область,Районы бюджетной экономики,Районы бюджетной экономики,0,без смен,-0.2686953721212933,-0.3589335299117513,-8.628644864385182
1649,Нововаршавский,Омская область,Транспортные узлы,Транспортные узлы,0,без смен,-0.21067881138269348,-0.23629405984946228,-2.528996134515804
1650,Одесский,Омская область,Районы бюджетной экономики,Районы бюджетной экономики,0,без смен,-0.19586225876853014,-0.29547548278227137,-9.481254489067226
1651,Оконешниковский,Омская область,Районы бюджетной экономики,Районы бюджетной экономики,0,без смен,-0.19198575454170333,-0.265070846922885,-7.0478268556991575
1652,Омский,Омская область,Промышленные и крупные города,Промышленные и крупные города,0,без смен,-0.034596687984701724,-0.03036171369487543,0.4243954465907196
1653,Павлоградский,Омская область,Аграрные районы,Аграрные районы,0,без смен,-0.1701328758935047,-0.22729500855534587,-5.5559067769701205
1654,Полтавский,Омская область,Аграрные районы,Аграрные районы,0,без смен,-0.1783307708134032,-0.17791710184333454,0.041375454287617686
1655,Русско-Полянский,Омская область,Аграрные районы,Аграрные районы,0,без смен,-0.20019656893297957,-0.20607973901603108,-0.5865898125825164
1656,Саргатский,Омская область,Районы бюджетной экономики,Районы бюджетной экономики,0,без смен,-0.17661024174000683,-0.234307774444891,-5.606458614611299
1657,Седельниковский,Омская область,Районы бюджетной экономики,Районы бюджетной экономики,0,без смен,-0.24252526005847397,-0.26415530615847604,-2.139779420658239
1658,Таврический,Омская область,Районы бюджетной экономики,Районы бюджетной экономики,0,без смен,-0.15634975804418558,-0.19517648042215394,-3.8082626538584075
1659,Тарский,Омская область,Районы бюджетной экономики,Районы бюджетной экономики,0,без смен,-0.0437193018845082,-0.04202756635109998,0.16931673252562618
1660,Тевризский,Омская область,Районы бюджетной экономики,Районы бюджетной экономики,0,без смен,-0.17121450060206347,-0.16389774846961883,0.7343584966471584
1661,Тюкалинский,Омская область,Районы бюджетной экономики,Районы бюджетной экономики,0,без смен,-0.19848988624759537,-0.2669193469956787,-6.614066848112399
1662,Усть-Ишимский,Омская область,Районы бюджетной экономики,Районы бюджетной экономики,0,без смен,-0.2320019367714353,-0.1253512170861777,11.254559633190485
1663,Черлакский,Омская область,Районы бюджетной экономики,Районы бюджетной экономики,0,без смен,-0.149907485694064,-0.19799144579446568,-4.694623477158622
1664,Шербакульский,Омская область,Аграрные районы,Аграрные районы,0,без смен,-0.22494441435812393,-0.2136864140932125,1.132161003203791
1665,Оренбург,Оренбургская область,Промышленные и крупные города,Промышленные и крупные города,0,без смен,0.16923959793753932,0.23166684579435426,6.441701748161388
1666,Абдулинский,Оренбургская область,Транспортные узлы,Транспортные узлы,0,без смен,-0.1806579982308696,-0.23691452994915205,-5.47033937792305
1667,Бугуруслан,Оренбургская область,Промышленные и крупные города,Промышленные и крупные города,0,без смен,0.04457269072729009,0.1078927457045357,6.5367760926034135
1668,Бузулук,Оренбургская область,Ресурсные территории Севера и Востока,Ресурсные территории Севера и Востока,0,без смен,0.12726097017729998,0.18870579886680852,6.337182729313384
1669,Гайский,Оренбургская область,Промышленные и крупные города,Промышленные и крупные города,0,без смен,-0.05421354911953339,-0.12156273208619695,-6.513129589108302
1670,Кувандыкский,Оренбургская область,Транспортные узлы,Транспортные узлы,0,без смен,-0.17474572859667306,-0.15142620424844763,2.359355036250377
1671,Медногорск,Оренбургская область,Промышленные и крупные города,Промышленные и крупные города,0,без смен,-0.12452051299201283,-0.13285266173003465,-0.829753259572652
1672,Новотроицк,Оренбургская область,Промышленные и крупные города,Промышленные и крупные города,0,без смен,0.020698259558351733,0.10995314792868734,9.335930538416015
1673,Орск,Оренбургская область,Промышленные и крупные города,Промышленные и крупные города,0,без смен,0.07669883213224497,0.16831957912260118,9.594910125904455
1674,Соль-Илецкий,Оренбургская область,Транспортные узлы,Транспортные узлы,0,без смен,-0.17203969261223642,-0.11014644906299509,6.38487659471112
1675,Сорочинский,Оренбургская область,Транспортные узлы,Транспортные узлы,0,без смен,-0.07259887018145565,-0.07134215466738662,0.1257505511910173
1676,Ясненский,Оренбургская область,Районы бюджетной экономики,Районы бюджетной экономики,0,без смен,-0.03479769311874392,-0.13385718766639373,-9.43111771262003
1678,Адамовский,Оренбургская область,Аграрные районы,Аграрные районы,0,без смен,-0.3058170081701599,-0.2867871756375789,1.921205384067659
1679,Акбулакский,Оренбургская область,Районы бюджетной экономики,Районы бюджетной экономики,0,без смен,-0.28038035217169366,-0.32824860399866146,-4.674063101498072
1680,Александровский,Оренбургская область,Районы бюджетной экономики,Районы бюджетной экономики,0,без смен,-0.3240944107869203,-0.3136499695989139,1.0499174751732676
1681,Асекеевский,Оренбургская область,Районы бюджетной экономики,Районы бюджетной экономики,0,без смен,-0.21035955263561887,-0.28148204290393153,-6.865219590201832
1682,Беляевский,Оренбургская область,Районы бюджетной экономики,Районы бюджетной экономики,0,без смен,-0.2960176613810142,-0.387770042342878,-8.766896788984258
1683,Бугурусланский,Оренбургская область,Транспортные узлы,Транспортные узлы,0,без смен,-0.04712133240787875,-0.06418197921786935,-1.6915938085343751
1685,Грачёвский,Оренбургская область,Районы бюджетной экономики,Районы бюджетной экономики,0,без смен,-0.20043607095620372,-0.2511795777373556,-4.9477558171059695
1686,Домбаровский,Оренбургская область,Транспортные узлы,Транспортные узлы,0,без смен,-0.22331977227986174,-0.3091158673418848,-8.221864770823718
1687,Илекский,Оренбургская область,Районы бюджетной экономики,Районы бюджетной экономики,0,без смен,-0.23343507076387424,-0.318853934995911,-8.18723669771888
1688,Кваркенский,Оренбургская область,Районы бюджетной экономики,Районы бюджетной экономики,0,без смен,-0.2202733056791324,-0.246824620503709,-2.6201927723846774
1689,Красногвардейский,Оренбургская область,Районы бюджетной экономики,Районы бюджетной экономики,0,без смен,-0.19565737761671512,-0.2209349998502829,-2.496081810577433
1690,Курманаевский,Оренбургская область,Районы бюджетной экономики,Районы бюджетной экономики,2,возвратный,-0.2750803544654996,-0.3028845915502358,-2.742125698360598
1691,Матвеевский,Оренбургская область,Районы бюджетной экономики,Районы бюджетной экономики,0,без смен,-0.2845897176846413,-0.3535341847157187,-6.662148808110391
1692,Новоорский,Оренбургская область,Районы бюджетной экономики,Районы бюджетной экономики,0,без смен,-0.265632587354179,-0.27415705427341547,-0.8488236672045457
1693,Новосергиевский,Оренбургская область,Транспортные узлы,Транспортные узлы,0,без смен,-0.14652871149514043,-0.21549108191851415,-6.66381985731761
1694,Октябрьский,Оренбургская область,Аграрные районы,Аграрные районы,0,без смен,-0.2152844983935077,-0.32953584339720027,-10.796628051527811
1696,Первомайский,Оренбургская область,Районы бюджетной экономики,Районы бюджетной экономики,0,без смен,-0.22315920649727308,-0.2449347619837301,-2.1540179653670166
1697,Переволоцкий,Оренбургская область,Районы бюджетной экономики,Аграрные районы,3,направленный,-0.24346032630387202,-0.2993211152787711,-5.432922547466134
1698,Пономарёвский,Оренбургская область,Районы бюджетной экономики,Районы бюджетной экономики,0,без смен,-0.21043574782586946,-0.2518673827394006,-4.058507641631581
1699,Сакмарский,Оренбургская область,Аграрные районы,Аграрные районы,0,без смен,-0.2968537048660522,-0.39988743532656024,-9.790345516354682
1700,Саракташский,Оренбургская область,Районы бюджетной экономики,Районы бюджетной экономики,0,без смен,-0.17249438510901735,-0.28236245372501695,-10.404766826942913
1701,Светлинский,Оренбургская область,Районы бюджетной экономики,Районы бюджетной экономики,0,без смен,-0.11881923420101674,-0.11353400161563403,0.5299224065672403
1702,Северный,Оренбургская область,Аграрные районы,Аграрные районы,0,без смен,-0.23988782758775162,-0.3705102979521036,-12.245098738001692
1703,Ташлинский,Оренбургская область,Аграрные районы,Аграрные районы,0,без смен,-0.2667928229250626,-0.3103925074938984,-4.2662882403525
1704,Тоцкий,Оренбургская область,Районы бюджетной экономики,Районы бюджетной экономики,0,без смен,0.028636978749866298,0.1291483801239055,10.573624854476815
1705,Тюльганский,Оренбургская область,Районы бюджетной экономики,Районы бюджетной экономики,0,без смен,-0.24491338098084933,-0.34446449080962677,-9.47563181634381
1706,Шарлыкский,Оренбургская область,Районы бюджетной экономики,Районы бюджетной экономики,0,без смен,-0.23986920204241446,-0.3492573860325061,-10.361761133928383
1707,Орёл,Орловская область,Промышленные и крупные города,Промышленные и крупные города,0,без смен,0.17199381162387026,0.22704425143277351,5.659390772623141
1708,Ливны,Орловская область,Промышленные и крупные города,Промышленные и крупные города,0,без смен,-0.015336831034447052,-0.011865381482095927,0.3477482011787991
1709,Мценск,Орловская область,Промышленные и крупные города,Промышленные и крупные города,0,без смен,0.07364915902954057,0.08413774899418976,1.0543788038900326
1710,Болховский,Орловская область,Районы бюджетной экономики,Районы бюджетной экономики,0,без смен,-0.11386616840014281,-0.23235230403559815,-11.173586921084533
1711,Верховский,Орловская область,Аграрные районы,Аграрные районы,0,без смен,-0.0893469704361139,-0.1487376548044299,-5.766145970620151
1712,Глазуновский,Орловская область,Аграрные районы,Аграрные районы,0,без смен,-0.18322357469122577,-0.2910426966970234,-10.221002780572352
1714,Должанский,Орловская область,Аграрные районы,Аграрные районы,0,без смен,-0.20836669394414167,-0.26002739258567714,-5.034896993084159
1715,Залегощенский,Орловская область,Аграрные районы,Аграрные районы,0,без смен,-0.19998143628625265,-0.27340461935487576,-7.079247807951717
1717,Колпнянский,Орловская область,Аграрные районы,Аграрные районы,0,без смен,-0.23238682358550408,-0.19784333880074367,3.5147040543688446
1718,Краснозоренский,Орловская область,Районы бюджетной экономики,Районы бюджетной экономики,0,без смен,-0.1925174571262757,-0.17516220128743884,1.7506733332826707
1719,Кромской,Орловская область,Аграрные районы,Аграрные районы,0,без смен,0.049350061480327945,-0.04896330918456441,-9.363516890352885
1722,Малоархангельский,Орловская область,Аграрные районы,Аграрные районы,0,без смен,-0.12681260224633117,-0.1962564935987491,-6.708752362654313
1724,Новодеревеньковский,Орловская область,Аграрные районы,Аграрные районы,0,без смен,-0.10383637555481358,-0.2113444022641738,-10.193068611949585
1725,Новосильский,Орловская область,Аграрные районы,Аграрные районы,0,без смен,-0.18854101363802656,-0.20707253379965765,-1.8360867319978436
1726,Орловский,Орловская область,Промышленные и крупные города,Промышленные и крупные города,0,без смен,0.1901158539719304,0.2556584875125658,6.773825780554343
1727,Покровский,Орловская область,Аграрные районы,Аграрные районы,0,без смен,-0.142919894884684,-0.22415842000322073,-7.802624868329222
1728,Свердловский,Орловская область,Аграрные районы,Аграрные районы,0,без смен,-0.18198561562010251,-0.31012301195531283,-12.026750118072604
1730,Троснянский,Орловская область,Аграрные районы,Аграрные районы,0,без смен,-0.16357491047810027,-0.22990409278708976,-6.417724271333514
1731,Урицкий,Орловская область,Районы бюджетной экономики,Районы бюджетной экономики,0,без смен,-0.16279830369172732,-0.3188128439070648,-14.445324955340366
1732,Хотынецкий,Орловская область,Аграрные районы,Аграрные районы,0,без смен,-0.19198606461251858,-0.25208080968700247,-5.832468973983007
1733,Шаблыкинский,Орловская область,Аграрные районы,Аграрные районы,0,без смен,-0.14108339612088283,-0.29025719281331713,-13.858060995229593
1737,Башмаковский,Пензенская область,Аграрные районы,Аграрные районы,0,без смен,-0.1521952172096291,-0.18957844016611958,-3.6693096715013973
1738,Бековский,Пензенская область,Аграрные районы,Аграрные районы,0,без смен,-0.190873679671529,-0.1547173994257811,3.6817867981418617
1739,Белинский,Пензенская область,Аграрные районы,Аграрные районы,0,без смен,-0.25315820144315787,-0.30939938794940974,-5.4688887891078615
1740,Бессоновский,Пензенская область,Аграрные районы,Аграрные районы,0,без смен,-0.1285631583589059,-0.06315832037249347,6.759113835697983
1741,Вадинский,Пензенская область,Районы бюджетной экономики,Районы бюджетной экономики,0,без смен,-0.292327121014243,-0.22688177748083552,6.763438259581589
1742,Городищенский,Пензенская область,Районы бюджетной экономики,Районы бюджетной экономики,0,без смен,-0.31654527189792186,-0.34248032145291213,-2.560162483840178
1743,Земетчинский,Пензенская область,Аграрные районы,Аграрные районы,0,без смен,-0.26499375253235896,-0.22183000544228046,4.410885063949155
1744,Иссинский,Пензенская область,Аграрные районы,Аграрные районы,0,без смен,-0.2682254119907501,-0.2874488419632124,-1.9039838146200139
1745,Каменский,Пензенская область,Аграрные районы,Аграрные районы,0,без смен,-0.12616047136320999,-0.1444008564888192,-1.8075036170013048
1746,Камешкирский,Пензенская область,Районы бюджетной экономики,Районы бюджетной экономики,0,без смен,-0.27080770899025836,-0.38072042079817187,-10.408766554851056
1747,Колышлейский,Пензенская область,Аграрные районы,Аграрные районы,0,без смен,-0.25212474464418505,-0.2692201151165703,-1.6950073771753726
1749,Лопатинский,Пензенская область,Районы бюджетной экономики,Районы бюджетной экономики,0,без смен,-0.3981094612842047,-0.44976087002155474,-5.034014772278406
1750,Лунинский,Пензенская область,Аграрные районы,Аграрные районы,0,без смен,-0.25721258374580575,-0.3122829767089801,-5.358147559573901
1751,Малосердобинский,Пензенская область,Районы бюджетной экономики,Районы бюджетной экономики,0,без смен,-0.2956475202651818,-0.3167076072322092,-2.0839871960505074
1752,Мокшанский,Пензенская область,Аграрные районы,Аграрные районы,0,без смен,-0.22450045500904636,-0.2793650944456818,-5.338672661230315
1753,Наровчатский,Пензенская область,Аграрные районы,Аграрные районы,0,без смен,-0.2609093447525635,-0.28237088369110336,-2.123287883236291
1754,Неверкинский,Пензенская область,Районы бюджетной экономики,Районы бюджетной экономики,0,без смен,-0.394227456450911,-0.46878268808629525,-7.184379094204685
1755,Нижнеломовский,Пензенская область,Аграрные районы,Аграрные районы,0,без смен,-0.12004169562499041,-0.17676356191068887,-5.514317063694351
1756,Никольский,Пензенская область,Промышленные и крупные города,Промышленные и крупные города,0,без смен,-0.25474430499870443,-0.3124737795152856,-5.609473667182263
1757,Пачелмский,Пензенская область,Аграрные районы,Аграрные районы,0,без смен,-0.2522379177509926,-0.34817983276234504,-9.148321427668627
1758,Пензенский,Пензенская область,Аграрные районы,Аграрные районы,0,без смен,0.12575495337366624,0.19566000491397664,7.240635308869203
1759,Сердобский,Пензенская область,Аграрные районы,Аграрные районы,0,без смен,-0.1378827315950059,-0.16410670939779384,-2.5883115386350575
1760,Сосновоборский,Пензенская область,Районы бюджетной экономики,Районы бюджетной экономики,0,без смен,-0.16383056503963633,-0.18217162155881952,-1.8173882948901876
1761,Спасский,Пензенская область,Районы бюджетной экономики,Районы бюджетной экономики,0,без смен,-0.217133839756241,-0.16335793224655623,5.524810248198375
1762,Тамалинский,Пензенская область,Аграрные районы,Аграрные районы,0,без смен,-0.2414852869364473,-0.2533136359409272,-1.1758669087774343
1764,Псков,Псковская область,Промышленные и крупные города,Промышленные и крупные города,0,без смен,0.2783957006211768,0.34558527801326316,6.949821163895575
1765,Великие Луки,Псковская область,Промышленные и крупные города,Промышленные и крупные города,0,без смен,0.11931634250619005,0.18037314391556394,6.295929005824408
1766,Бежаницкий,Псковская область,Аграрные районы,Аграрные районы,0,без смен,-0.06240028582256881,-0.08940296227963263,-2.6641363631747406
1768,Гдовский,Псковская область,Районы бюджетной экономики,Районы бюджетной экономики,0,без смен,-0.10040687145671227,-0.132410927578715,-3.149734629369283
1769,Дедовичский,Псковская область,Районы бюджетной экономики,Районы бюджетной экономики,0,без смен,-0.0215297719425435,-0.10895871523605087,-8.371602254060173
1770,Дновский,Псковская область,Транспортные узлы,Транспортные узлы,0,без смен,0.006142460027721934,-0.018907580453917383,-2.473889172832089
1771,Красногородский,Псковская область,Районы бюджетной экономики,Районы бюджетной экономики,0,без смен,-0.17448076736135634,-0.1460152675946095,2.887451381148498
1773,Локнянский,Псковская область,Районы бюджетной экономики,Районы бюджетной экономики,0,без смен,-0.15058772630022657,-0.18360753582414033,-3.248060669936348
1774,Невельский,Псковская область,Районы бюджетной экономики,Районы бюджетной экономики,0,без смен,-0.10306953948739306,-0.2034329217388331,-9.549132408904937
1775,Новоржевский,Псковская область,Районы бюджетной экономики,Районы бюджетной экономики,0,без смен,-0.13057897932278806,-0.1268719297882456,0.37139291410555053
1776,Новосокольнический,Псковская область,Транспортные узлы,Транспортные узлы,0,без смен,-0.07960729980379651,-0.17626438990297957,-9.213273056209392
1777,Опочецкий,Псковская область,Районы бюджетной экономики,Районы бюджетной экономики,0,без смен,-0.05909605140692579,-0.08509555914135121,-2.566443075950986
1778,Островский,Псковская область,Промышленные и крупные города,Промышленные и крупные города,0,без смен,0.005924723963841139,0.011569723056077544,0.5660962122574054
1780,Печорский,Псковская область,Районы бюджетной экономики,Районы бюджетной экономики,0,без смен,-0.004731077395752514,-0.09696720097896705,-8.811019456617652
1781,Плюсский,Псковская область,Районы бюджетной экономики,Районы бюджетной экономики,0,без смен,-0.05055215109536467,-0.13553091398907954,-8.146820884840189
1782,Порховский,Псковская область,Районы бюджетной экономики,Районы бюджетной экономики,0,без смен,-0.03149394186835123,-0.08550162503949021,-5.257517275325463
1783,Псковский,Псковская область,Аграрные районы,Аграрные районы,0,без смен,0.37322162658431574,0.46805647955881025,9.947726473207762
1784,Пустошкинский,Псковская область,Районы бюджетной экономики,Районы бюджетной экономики,0,без смен,-0.08396447666353198,-0.14581929140879998,-5.99806461663126
1785,Пушкиногорский,Псковская область,Районы бюджетной экономики,Районы бюджетной экономики,0,без смен,0.0023583952118813776,-0.042573269147426096,-4.393718723428841
1786,Пыталовский,Псковская область,Районы бюджетной экономики,Районы бюджетной экономики,0,без смен,-0.0003779400904102559,-0.10092119517157212,-9.565400599262752
1787,Себежский,Псковская область,Районы бюджетной экономики,Районы бюджетной экономики,0,без смен,0.0169282984623423,0.004164756296633006,-1.2682433605631815
1788,Струго-Красненский,Псковская область,Районы бюджетной экономики,Районы бюджетной экономики,0,без смен,-0.03544900320976888,-0.01098656348118432,2.476409996660278
1845,Рязань,Рязанская область,Промышленные и крупные города,Промышленные и крупные города,0,без смен,0.29621850192974336,0.33128767181764385,3.5691344976293005
1846,Касимов,Рязанская область,Промышленные и крупные города,Промышленные и крупные города,0,без смен,0.008067261123370825,0.05528946522242665,4.835493196363516
1848,Скопин,Рязанская область,Районы бюджетной экономики,Районы бюджетной экономики,0,без смен,-0.08312306048375095,-0.051299622826215995,3.2335217688783446
1849,Ермишинский,Рязанская область,Районы бюджетной экономики,Районы бюджетной экономики,0,без смен,-0.2750471129077905,-0.2552287282315249,2.0016072654318595
1850,Захаровский,Рязанская область,Аграрные районы,Аграрные районы,0,без смен,-0.17739937561712762,-0.2534381433858541,-7.321972334050009
1851,Кадомский,Рязанская область,Районы бюджетной экономики,Районы бюджетной экономики,0,без смен,-0.2359782005578257,-0.1874157439715868,4.976093425722139
1852,Касимовский,Рязанская область,Транспортные узлы,Транспортные узлы,0,без смен,-0.07470442962447432,-0.13340114873751543,-5.700728253867227
1853,Клепиковский,Рязанская область,Районы бюджетной экономики,Районы бюджетной экономики,0,без смен,-0.08949258060994876,-0.10757588173627959,-1.7920779354381744
1854,Кораблинский,Рязанская область,Аграрные районы,Аграрные районы,0,без смен,-0.15773582597317226,-0.15781191581177426,-0.007608694384364512
1855,Милославский,Рязанская область,Районы бюджетной экономики,Районы бюджетной экономики,0,без смен,-0.09255679134216581,-0.17165900595362812,-7.605452110982592
1856,Михайловский,Рязанская область,Промышленные и крупные города,Промышленные и крупные города,0,без смен,-0.054736066712348354,-0.10660800987745904,-5.054955732301137
1857,Александро-Невский,Рязанская область,Аграрные районы,Аграрные районы,0,без смен,-0.10742245993859505,-0.11544740401357807,-0.7992830172786625
1858,Пителинский,Рязанская область,Районы бюджетной экономики,Районы бюджетной экономики,0,без смен,-0.1807075769131131,-0.16585143366736835,1.4967044248301198
1859,Пронский,Рязанская область,Промышленные и крупные города,Промышленные и крупные города,0,без смен,-0.07730126951322742,-0.11036020783064959,-3.251846382526269
1860,Путятинский,Рязанская область,Районы бюджетной экономики,Районы бюджетной экономики,0,без смен,-0.11498085933048359,-0.15856174194567205,-4.264488242619835
1861,Рыбновский,Рязанская область,Транспортные узлы,Транспортные узлы,0,без смен,-0.010221330811218602,0.06622873996485772,7.9448292976116
1862,Ряжский,Рязанская область,Районы бюджетной экономики,Районы бюджетной экономики,0,без смен,0.0024450086488177667,0.010602134985635262,0.8190486337408709
1863,Рязанский,Рязанская область,Аграрные районы,Аграрные районы,0,без смен,0.18580830624606706,0.22672321797822578,4.176345992587649
1864,Сапожковский,Рязанская область,Районы бюджетной экономики,Районы бюджетной экономики,0,без смен,-0.08936103680289105,-0.10882276179379928,-1.9273568216602088
1865,Сараевский,Рязанская область,Аграрные районы,Аграрные районы,0,без смен,-0.1935565403834921,-0.16384604075911527,3.015626015614603
1868,Спасский,Рязанская область,Районы бюджетной экономики,Районы бюджетной экономики,0,без смен,-0.11425847980602051,-0.1434179896733229,-2.873847368732685
1869,Старожиловский,Рязанская область,Аграрные районы,Аграрные районы,0,без смен,-0.10319433636374391,-0.14534089758094618,-4.127074225184502
1870,Ухоловский,Рязанская область,Районы бюджетной экономики,Районы бюджетной экономики,0,без смен,-0.22728438495854983,-0.1950077365752021,3.280318911889979
1871,Чучковский,Рязанская область,Транспортные узлы,Транспортные узлы,1,возвратный,-0.18429216498675624,-0.18977747245543686,-0.5470290639522424
1872,Шацкий,Рязанская область,Аграрные районы,Аграрные районы,0,без смен,-0.13829817186580318,-0.15466318942201843,-1.6231838140574828
1873,Шиловский,Рязанская область,Районы бюджетной экономики,Районы бюджетной экономики,0,без смен,-0.06348879294959116,-0.12027471912589949,-5.520369612342579
1874,Самара,Самарская область,Промышленные и крупные города,Столичные агломерации и центры услуг,3,направленный,0.30125938104989497,0.34903530569998537,4.893558838010126
1875,Жигулевск,Самарская область,Промышленные и крупные города,Промышленные и крупные города,0,без смен,0.1116218985123183,0.20579915928149628,9.875449472287468
1876,Кинель,Самарская область,Транспортные узлы,Транспортные узлы,0,без смен,0.10600265581155217,0.19946887889825624,9.797351655869457
1877,Новокуйбышевск,Самарская область,Промышленные и крупные города,Промышленные и крупные города,0,без смен,0.20040175284320286,0.2597247417413812,6.111791470334449
1878,Октябрьск,Самарская область,Транспортные узлы,Транспортные узлы,0,без смен,-0.09250327756439673,-0.16370747356947687,-6.872828925186491
1879,Отрадный,Самарская область,Ресурсные территории Севера и Востока,Ресурсные территории Севера и Востока,0,без смен,0.14080937641863103,0.1948298044735092,5.550616387268725
1880,Похвистнево,Самарская область,Транспортные узлы,Транспортные узлы,0,без смен,-0.01893226904104406,0.015490143119368582,3.5021720161490855
1881,Сызрань,Самарская область,Промышленные и крупные города,Промышленные и крупные города,0,без смен,0.11991420058664115,0.1846913094313285,6.692119058285528
1883,Чапаевск,Самарская область,Промышленные и крупные города,Промышленные и крупные города,0,без смен,0.03893060686047711,0.15218508319929214,11.991688903945663
1884,Алексеевский,Самарская область,Районы бюджетной экономики,Районы бюджетной экономики,0,без смен,-0.14028907538933075,-0.10400667811776347,3.694863661314707
1885,Безенчукский,Самарская область,Транспортные узлы,Транспортные узлы,0,без смен,0.004648197321585575,-0.00037697027097483016,-0.5012562560864908
1886,Богатовский,Самарская область,Районы бюджетной экономики,Районы бюджетной экономики,0,без смен,-0.11683753508763288,-0.13262539048283628,-1.5663880496277094
1887,Большеглушицкий,Самарская область,Аграрные районы,Аграрные районы,0,без смен,-0.10215134471758407,-0.1349643279920866,-3.228047759675212
1888,Большечерниговский,Самарская область,Аграрные районы,Аграрные районы,0,без смен,-0.09880875376881655,-0.11712265602391447,-1.8147221821253612
1889,Борский,Самарская область,Районы бюджетной экономики,Районы бюджетной экономики,0,без смен,-0.1077990789635243,-0.11149788726873815,-0.36919761399935025
1890,Волжский,Самарская область,Столичные агломерации и центры услуг,Промышленные и крупные города,1,направленный,0.22456472185824575,0.30858230108871076,8.764801365586639
1891,Елховский,Самарская область,Районы бюджетной экономики,Районы бюджетной экономики,0,без смен,-0.1610491080807431,-0.2358104962717776,-7.203511670700369
1892,Исаклинский,Самарская область,Районы бюджетной экономики,Районы бюджетной экономики,0,без смен,-0.1653982562657538,-0.2315622425047629,-6.402263570174938
1893,Камышлинский,Самарская область,Районы бюджетной экономики,Районы бюджетной экономики,0,без смен,-0.24227540681141915,-0.219188001659246,2.335598222363866
1894,Кинельский,Самарская область,Транспортные узлы,Транспортные узлы,0,без смен,-0.11428611560725817,-0.14879683020596435,-3.3922011506928307
1895,Кинель-Черкасский,Самарская область,Аграрные районы,Аграрные районы,0,без смен,-0.03848090091138475,-0.11205649636377017,-7.093409002096196
1896,Клявлинский,Самарская область,Аграрные районы,Аграрные районы,0,без смен,-0.12648398569034924,-0.1660395503334889,-3.8783457147457012
1897,Кошкинский,Самарская область,Аграрные районы,Аграрные районы,0,без смен,-0.13632555734210192,-0.1768889078281175,-3.9751669613927954
1898,Красноармейский,Самарская область,Аграрные районы,Аграрные районы,0,без смен,-0.11140612353007799,-0.12459506347301048,-1.3102346982348467
1899,Красноярский,Самарская область,Промышленные и крупные города,Промышленные и крупные города,0,без смен,0.019523884839259747,0.03152368691376761,1.2072088551191795
1900,Нефтегорский,Самарская область,Промышленные и крупные города,Промышленные и крупные города,0,без смен,0.0058464699392620405,0.04818259209626152,4.324507761120566
1901,Пестравский,Самарская область,Районы бюджетной экономики,Районы бюджетной экономики,0,без смен,-0.1288092249372831,-0.09002861693559143,3.954239134769577
1902,Похвистневский,Самарская область,Районы бюджетной экономики,Районы бюджетной экономики,0,без смен,-0.2571827484243423,-0.19912574749900683,5.977540216723054
1903,Приволжский,Самарская область,Аграрные районы,Аграрные районы,0,без смен,-0.07175286339636393,-0.09097579272331362,-1.90393470327741
1904,Сергиевский,Самарская область,Ресурсные территории Севера и Востока,Ресурсные территории Севера и Востока,0,без смен,-0.0235610969055798,-0.10647797485858519,-7.957234812899694
1905,Ставропольский,Самарская область,Столичные агломерации и центры услуг,Столичные агломерации и центры услуг,0,без смен,0.10040058227222204,0.23597701575475702,14.519672386314951
1906,Сызранский,Самарская область,Аграрные районы,Аграрные районы,0,без смен,-0.08256853608027163,0.042538485685272555,13.326973110447637
1907,Хворостянский,Самарская область,Районы бюджетной экономики,Районы бюджетной экономики,0,без смен,-0.10140129526565882,-0.11712005894064337,-1.559586867100704
1908,Челно-Вершинский,Самарская область,Районы бюджетной экономики,Районы бюджетной экономики,0,без смен,-0.21567037065469355,-0.23538551326782967,-1.9522070088293986
1909,Шенталинский,Самарская область,Районы бюджетной экономики,Районы бюджетной экономики,0,без смен,-0.18837526043931252,-0.2057136049485099,-1.718890036521159
1910,Шигонский,Самарская область,Районы бюджетной экономики,Районы бюджетной экономики,0,без смен,-0.170335835627208,-0.13266463824114627,3.8389751477013068
1912,Шиханы,Саратовская область,Районы бюджетной экономики,Районы бюджетной экономики,0,без смен,-0.023323452943580552,0.03708525875983929,6.22706202685146
1915,Александрово-Гайский,Саратовская область,Районы бюджетной экономики,Районы бюджетной экономики,0,без смен,-0.26590195268589795,-0.2678388066697532,-0.19349794925784813
1916,Аркадакский,Саратовская область,Аграрные районы,Аграрные районы,0,без смен,-0.19477781814376507,-0.21480803219852204,-1.9830942022230902
1917,Аткарский,Саратовская область,Транспортные узлы,Транспортные узлы,0,без смен,-0.1596339293200059,-0.19315757890215757,-3.2967958942729303
1918,Базарно-Карабулакский,Саратовская область,Районы бюджетной экономики,Районы бюджетной экономики,0,без смен,-0.27367386970337976,-0.3193810517054798,-4.467834338622422
1919,Балаковский,Саратовская область,Промышленные и крупные города,Промышленные и крупные города,0,без смен,0.10250734666203994,0.13829672307140792,3.643752530688915
1920,Балашовский,Саратовская область,Транспортные узлы,Транспортные узлы,1,возвратный,-0.0684827182702928,-0.009475309693200984,6.078309960441852
1921,Балтайский,Саратовская область,Аграрные районы,Аграрные районы,0,без смен,-0.22034159648069274,-0.22707485648628278,-0.6710642402310563
1922,Вольский,Саратовская область,Промышленные и крупные города,Промышленные и крупные города,0,без смен,-0.054822682091434594,0.00682392700086402,6.358641653798469
1923,Воскресенский,Саратовская область,Районы бюджетной экономики,Районы бюджетной экономики,0,без смен,-0.24462833844470833,-0.3300061513410058,-8.183467583784354
1924,Дергачевский,Саратовская область,Аграрные районы,Аграрные районы,0,без смен,-0.2911388118796128,-0.3234630393387376,-3.180738344818257
1925,Духовницкий,Саратовская область,Районы бюджетной экономики,Районы бюджетной экономики,0,без смен,-0.23633525925085053,-0.27943426158011153,-4.21834406975009
1926,Екатериновский,Саратовская область,Транспортные узлы,Транспортные узлы,0,без смен,-0.1725177342870111,-0.19703279502148283,-2.42170072008161
1927,Ершовский,Саратовская область,Транспортные узлы,Транспортные узлы,0,без смен,-0.21860003355440938,-0.2539817900124432,-3.47631394922574
1928,Ивантеевский,Саратовская область,Аграрные районы,Аграрные районы,0,без смен,-0.1862631426933632,-0.20188690505478046,-1.5502344543062652
1929,Калининский,Саратовская область,Аграрные районы,Аграрные районы,0,без смен,-0.1869712492806158,-0.23082241683272672,-4.290360612762944
1930,Красноармейский,Саратовская область,Районы бюджетной экономики,Районы бюджетной экономики,0,без смен,-0.13477791851318877,-0.13335932861888575,0.14195965689103307
1931,Краснокутский,Саратовская область,Районы бюджетной экономики,Районы бюджетной экономики,0,без смен,-0.1869630587062184,-0.16628126464344697,2.0897144413914104
1932,Краснопартизанский,Саратовская область,Районы бюджетной экономики,Районы бюджетной экономики,0,без смен,-0.25986903968822944,-0.2880558123269849,-2.7793231780564587
1933,Лысогорский,Саратовская область,Районы бюджетной экономики,Районы бюджетной экономики,0,без смен,-0.2452971134592857,-0.2771052103785931,-3.130754068939412
1934,Марксовский,Саратовская область,Аграрные районы,Аграрные районы,0,без смен,-0.12114125394492585,-0.07499043969103258,4.72323366114169
1935,Новобурасский,Саратовская область,Аграрные районы,Аграрные районы,0,без смен,-0.2666248740062806,-0.28796613240343455,-2.1115145112742373
1936,Новоузенский,Саратовская область,Районы бюджетной экономики,Районы бюджетной экономики,0,без смен,-0.24020411660633081,-0.24925859936952932,-0.9013614374531853
1937,Озинский,Саратовская область,Районы бюджетной экономики,Районы бюджетной экономики,0,без смен,-0.1851859250327769,-0.22674970902941402,-4.0711853841840835
1938,Перелюбский,Саратовская область,Аграрные районы,Аграрные районы,0,без смен,-0.24953978711142652,-0.3008389747662017,-5.000559858736642
1939,Петровский,Саратовская область,Транспортные узлы,Транспортные узлы,0,без смен,-0.21730088349655072,-0.23643036764683986,-1.894767670825248
1940,Питерский,Саратовская область,Районы бюджетной экономики,Районы бюджетной экономики,0,без смен,-0.2721242049346886,-0.24430781578804753,2.8206877146280673
1941,Пугачевский,Саратовская область,Аграрные районы,Аграрные районы,0,без смен,-0.1514191909731538,-0.10611439134308338,4.634673740786366
1942,Ровенский,Саратовская область,Районы бюджетной экономики,Районы бюджетной экономики,0,без смен,-0.2891388550811751,-0.3228599139017196,-3.3158841159879437
1943,Романовский,Саратовская область,Районы бюджетной экономики,Районы бюджетной экономики,0,без смен,-0.24731416725985333,-0.31276412675210413,-6.335408417584876
1944,Ртищевский,Саратовская область,Транспортные узлы,Транспортные узлы,0,без смен,-0.1776057229706017,-0.18092508499371807,-0.33138590314871763
1945,Самойловский,Саратовская область,Районы бюджетной экономики,Районы бюджетной экономики,0,без смен,-0.2763057444570259,-0.26143452672017364,1.4982344475305442
1947,Советский,Саратовская область,Транспортные узлы,Транспортные узлы,0,без смен,-0.12485435624565995,-0.22594843529495426,-9.615200427432525
1948,Татищевский,Саратовская область,Транспортные узлы,Транспортные узлы,0,без смен,-0.17622635111069437,-0.18671771302682671,-1.0436519536682898
1949,Турковский,Саратовская область,Районы бюджетной экономики,Районы бюджетной экономики,0,без смен,-0.20922078114590312,-0.18630100034936614,2.3184457212818366
1950,Федоровский,Саратовская область,Транспортные узлы,Транспортные узлы,0,без смен,-0.26694231323384027,-0.24319406361032284,2.403248487360643
1951,Хвалынский,Саратовская область,Районы бюджетной экономики,Районы бюджетной экономики,0,без смен,-0.16986797316931698,-0.16887273067285,0.0995737914620376
1952,Энгельсский,Саратовская область,Промышленные и крупные города,Промышленные и крупные города,0,без смен,0.12090393015965233,0.16911173932006326,4.938870525308281
1954,Александровск-Сахалинский,Сахалинская область,Ресурсные территории Севера и Востока,Ресурсные территории Севера и Востока,0,без смен,0.3885664279902983,0.2641137395873585,-11.701996442616657
1955,Анивский,Сахалинская область,Ресурсные территории Севера и Востока,Ресурсные территории Севера и Востока,0,без смен,0.5696006813955478,0.4054968649002584,-15.134608696825458
1956,Долинский,Сахалинская область,Ресурсные территории Севера и Востока,Ресурсные территории Севера и Востока,0,без смен,0.4201389236011209,0.15176091252782817,-23.538130786558263
1957,Корсаковский,Сахалинская область,Ресурсные территории Севера и Востока,Ресурсные территории Севера и Востока,0,без смен,0.5315330545964958,0.4577401417364995,-7.1135970279176615
1958,Курильский,Сахалинская область,Ресурсные территории Севера и Востока,Ресурсные территории Севера и Востока,0,без смен,0.7194307308991293,0.7643282485047429,4.592066596187849
1959,Макаровский,Сахалинская область,Ресурсные территории Севера и Востока,Ресурсные территории Севера и Востока,0,без смен,0.40921009752795,0.12324721451076244,-24.870949893400773
1960,Невельский,Сахалинская область,Ресурсные территории Севера и Востока,Ресурсные территории Севера и Востока,0,без смен,0.4295456637996426,0.25280942114079163,-16.199921576470487
1961,Ногликский,Сахалинская область,Ресурсные территории Севера и Востока,Ресурсные территории Севера и Востока,0,без смен,0.6238569880982983,0.5911701819568517,-3.215836581811793
1962,Охинский,Сахалинская область,Ресурсные территории Севера и Востока,Ресурсные территории Севера и Востока,0,без смен,0.5843713200998222,0.5321448693645324,-5.088608503811443
1963,Поронайский,Сахалинская область,Ресурсные территории Севера и Востока,Ресурсные территории Севера и Востока,0,без смен,0.4044136068613824,0.30036294189119683,-9.882036197494381
1965,Смирныховский,Сахалинская область,Ресурсные территории Севера и Востока,Ресурсные территории Севера и Востока,0,без смен,0.30693135205192296,0.1493482230549663,-14.57941986145308
1966,Томаринский,Сахалинская область,Ресурсные территории Севера и Востока,Ресурсные территории Севера и Востока,0,без смен,0.27176848157868605,0.17551230625948153,-9.176868018380514
1967,Тымовский,Сахалинская область,Ресурсные территории Севера и Востока,Ресурсные территории Севера и Востока,0,без смен,0.46274850399868434,0.33864769297910663,-11.670920905100013
1968,Углегорский,Сахалинская область,Ресурсные территории Севера и Востока,Ресурсные территории Севера и Востока,0,без смен,0.4937681917402446,0.43282982566945866,-5.9118771804018255
1969,Холмский,Сахалинская область,Ресурсные территории Севера и Востока,Ресурсные территории Севера и Востока,0,без смен,0.43435441031764555,0.2033108672107152,-20.629509509474676
1970,Южно-Курильский,Сахалинская область,Ресурсные территории Севера и Востока,Ресурсные территории Севера и Востока,0,без смен,0.6794082074287561,0.7618826809063254,8.597095202337645
1971,Екатеринбург,Свердловская область,Промышленные и крупные города,Столичные агломерации и центры услуг,1,направленный,0.41036381498082414,0.45160256507304464,4.210087752774383
1972,Алапаевск,Свердловская область,Транспортные узлы,Районы бюджетной экономики,1,направленный,0.07989178942160358,0.13464072086059028,5.627538384067088
1973,Артемовский,Свердловская область,Промышленные и крупные города,Промышленные и крупные города,0,без смен,0.05442226571444072,0.03820275660585389,-1.6088681147493067
1974,Асбестовский,Свердловская область,Промышленные и крупные города,Промышленные и крупные города,0,без смен,0.2074655039304414,0.2497955377763216,4.323872602993473
1975,Малышевский,Свердловская область,Ресурсные территории Севера и Востока,Районы бюджетной экономики,1,направленный,0.1649112199439955,-0.01856864234994286,-16.763136243592
1976,Рефтинский,Свердловская область,Промышленные и крупные города,Промышленные и крупные города,0,без смен,0.1880635555823892,0.12087668377688517,-6.497954395100369
1977,Березовский,Свердловская область,Промышленные и крупные города,Столичные агломерации и центры услуг,1,направленный,0.3010670641134669,0.36978490306341527,7.113393422961933
1978,Богданович,Свердловская область,Промышленные и крупные города,Промышленные и крупные города,0,без смен,0.12953270931284097,0.16916413500110958,4.042722876448557
1979,Верхняя Пышма,Свердловская область,Промышленные и крупные города,Промышленные и крупные города,0,без смен,0.37220577853846876,0.42166978669807786,5.070777462774423
1980,Среднеуральск,Свердловская область,Столичные агломерации и центры услуг,Промышленные и крупные города,3,направленный,0.19898075458393727,0.17045441921460736,-2.81233009227031
1981,Верхнесалдинский,Свердловская область,Промышленные и крупные города,Промышленные и крупные города,0,без смен,0.26345357344543235,0.20570458926897395,-5.611315176282982
1982,Заречный,Свердловская область,Промышленные и крупные города,Промышленные и крупные города,0,без смен,0.25276541577316386,0.21585283446602568,-3.623961766052497
1983,Ивдельский,Свердловская область,Транспортные узлы,Транспортные узлы,3,возвратный,0.16199383330122874,0.1709699314813958,0.9016504154950589
1984,Пелым,Свердловская область,Транспортные узлы,Транспортные узлы,0,без смен,0.05506366073590089,0.016596197106920247,-3.7736987223108254
1985,Ирбит,Свердловская область,Промышленные и крупные города,Промышленные и крупные города,0,без смен,0.12204654996911302,0.1614426297133337,4.018239724730122
1986,Каменск-Уральский,Свердловская область,Промышленные и крупные города,Промышленные и крупные города,0,без смен,0.21004365720216148,0.2593208494923817,5.051150407515137
1987,Камышловский,Свердловская область,Транспортные узлы,Транспортные узлы,0,без смен,0.085144561232766,0.0757338671380623,-0.9366552090520286
1988,Карпинск,Свердловская область,Транспортные узлы,Транспортные узлы,0,без смен,0.19241604974889656,0.06960989592683624,-11.556490969313094
1989,Волчанский,Свердловская область,Районы бюджетной экономики,Районы бюджетной экономики,0,без смен,0.10648018110614998,0.0827447190169212,-2.345599149671662
1990,Качканарский,Свердловская область,Ресурсные территории Севера и Востока,Ресурсные территории Севера и Востока,0,без смен,0.23054848414188958,0.2072472389883598,-2.3031867475516554
1991,Кировградский,Свердловская область,Промышленные и крупные города,Промышленные и крупные города,0,без смен,0.1315007716644967,0.08317650080725603,-4.7175236326346015
1992,Верхний Тагил,Свердловская область,Промышленные и крупные города,Промышленные и крупные города,0,без смен,0.07740964739474225,0.03374975177805369,-4.272052293920792
1993,Краснотурьинск,Свердловская область,Ресурсные территории Севера и Востока,Ресурсные территории Севера и Востока,0,без смен,0.29912205102505024,0.29463844389054944,-0.44735707733354335
1994,Красноуральск,Свердловская область,Промышленные и крупные города,Промышленные и крупные города,0,без смен,0.08218109559214366,0.009590509205041306,-7.001850081958416
1995,Красноуфимск,Свердловская область,Транспортные узлы,Транспортные узлы,0,без смен,0.058845765678902616,0.10920158804477698,5.16452287030893
1996,Кушвинский,Свердловская область,Ресурсные территории Севера и Востока,Ресурсные территории Севера и Востока,0,без смен,0.04677089223103851,-0.020818421623046923,-6.535575979118724
1997,Верхняя Тура,Свердловская область,Промышленные и крупные города,Промышленные и крупные города,0,без смен,0.07850775383934334,0.04871540451188553,-2.935293186011234
1999,Невьянский,Свердловская область,Промышленные и крупные города,Ресурсные территории Севера и Востока,1,направленный,0.15621091965335113,0.20278240569370384,4.7672970383897395
2000,Нижний Тагил,Свердловская область,Промышленные и крупные города,Промышленные и крупные города,0,без смен,0.2764227805975488,0.3368115694672597,6.224945703840956
2001,Нижняя Салда,Свердловская область,Столичные агломерации и центры услуг,Столичные агломерации и центры услуг,0,без смен,0.15569874989492463,0.0977501063663307,-5.630158878720504
2002,Нижнетуринский,Свердловская область,Транспортные узлы,Транспортные узлы,0,без смен,0.14115849624168705,0.11280966417511025,-2.7950774287177294
2004,Первоуральск,Свердловская область,Промышленные и крупные города,Промышленные и крупные города,0,без смен,0.20035316696669328,0.2512750962130695,5.224074084876262
2005,Полевской,Свердловская область,Промышленные и крупные города,Промышленные и крупные города,0,без смен,0.24601749964807537,0.28130157953154517,3.5913949317745386
2006,Ревда,Свердловская область,Промышленные и крупные города,Промышленные и крупные города,0,без смен,0.22677683057984263,0.2624998741072133,3.636877769896407
2007,Дегтярск,Свердловская область,Районы бюджетной экономики,Районы бюджетной экономики,0,без смен,0.12213583541049289,-0.04763649275727241,-15.614308282191391
2008,Режевской,Свердловская область,Промышленные и крупные города,Промышленные и крупные города,0,без смен,0.07486985014104756,0.1343503577498574,6.128507379409309
2009,Североуральский,Свердловская область,Ресурсные территории Севера и Востока,Ресурсные территории Севера и Востока,0,без смен,0.23671311895068392,0.15724090935922894,-7.639631306424944
2010,Серовский,Свердловская область,Промышленные и крупные города,Промышленные и крупные города,0,без смен,0.15182784052033296,0.22128306432338393,7.192406344722113
2011,Сухой Лог,Свердловская область,Промышленные и крупные города,Промышленные и крупные города,0,без смен,0.1354409844975407,0.14929480033899148,1.3950224643603182
2012,Тавдинский,Свердловская область,Районы бюджетной экономики,Районы бюджетной экономики,0,без смен,0.09276048132173464,-0.022648323774098127,-10.899817664192835
2015,Алапаевское,Свердловская область,Аграрные районы,Аграрные районы,0,без смен,0.043420607153091005,-0.004249400259440132,-4.65516339363814
2017,Артинский,Свердловская область,Районы бюджетной экономики,Районы бюджетной экономики,0,без смен,-0.06046971361902109,-0.09868608703904276,-3.7495342066059756
2018,Ачитский,Свердловская область,Районы бюджетной экономики,Районы бюджетной экономики,0,без смен,-0.05653964907794181,-0.23731350408321047,-16.537591658564367
2019,Белоярский,Свердловская область,Аграрные районы,Аграрные районы,0,без смен,0.10966332210386447,0.11614109576042371,0.6498799808698275
2021,Верхотурский,Свердловская область,Районы бюджетной экономики,Районы бюджетной экономики,0,без смен,0.0760803747163014,0.02899367100675339,-4.599532174014476
2022,Гаринский,Свердловская область,Транспортные узлы,Транспортные узлы,0,без смен,-0.05275007935440831,-0.12082438211547745,-6.5808941976615465
2023,Ирбитское,Свердловская область,Аграрные районы,Аграрные районы,0,без смен,-0.024520901784827725,-0.08870430218169616,-6.216701518418333
2024,Каменский,Свердловская область,Аграрные районы,Аграрные районы,0,без смен,0.11805350503051937,0.15986730096827687,4.270030564080152
2025,Красноуфимский,Свердловская область,Районы бюджетной экономики,Районы бюджетной экономики,0,без смен,-0.11033913347380864,-0.04424620695632372,6.832598836709591
2027,Бисертский,Свердловская область,Районы бюджетной экономики,Районы бюджетной экономики,0,без смен,-0.047840688245918216,-0.034059854738684336,1.3876226889726118
2028,Новолялинский,Свердловская область,Районы бюджетной экономики,Районы бюджетной экономики,0,без смен,0.061428683433295404,0.04446888761345994,-1.6816788084690004
2030,Пышминский,Свердловская область,Аграрные районы,Аграрные районы,0,без смен,0.017257346116476373,-0.016250324746256577,-3.2952506885624677
2031,Сосьвинский,Свердловская область,Транспортные узлы,Транспортные узлы,0,без смен,0.06702657900438573,0.0568924431487338,-1.0082958526118069
2032,Сысертский,Свердловская область,Промышленные и крупные города,Промышленные и крупные города,0,без смен,0.19478679433202117,0.28840782527606407,9.814350464361388
2033,Арамильский,Свердловская область,Промышленные и крупные города,Промышленные и крупные города,0,без смен,0.22010032125377124,0.2989742261357297,8.206786999172945
2034,Талицкий,Свердловская область,Районы бюджетной экономики,Районы бюджетной экономики,0,без смен,0.04655049626876906,0.010907919043013988,-3.50148604827899
2035,Тугулымский,Свердловская область,Районы бюджетной экономики,Районы бюджетной экономики,0,без смен,-0.014556263252017013,-0.09841893530874213,-8.044247163133578
2036,Туринский,Свердловская область,Районы бюджетной экономики,Районы бюджетной экономики,0,без смен,0.0030922293256994138,-0.023993145945623223,-2.672185590846987
2037,Шалинский,Свердловская область,Районы бюджетной экономики,Аграрные районы,2,направленный,-0.08382323177786362,-0.12672627761605457,-4.1995731934676535
2039,Байкаловский,Свердловская область,Аграрные районы,Аграрные районы,0,без смен,0.028969598198706592,-0.040448449793642226,-6.706341372196412
2040,Камышловский,Свердловская область,Аграрные районы,Аграрные районы,0,без смен,0.20181623573317786,0.22943924919854405,2.8008066164145085
2041,Слободо-Туринский,Свердловская область,Районы бюджетной экономики,Районы бюджетной экономики,0,без смен,0.03434951789377708,-0.04695909221803429,-7.809086294318124
2042,Нижнесергинский,Свердловская область,Промышленные и крупные города,Промышленные и крупные города,0,без смен,0.04036731646831241,-0.008245115945377357,-4.744976423717473
2043,Таборинский,Свердловская область,Районы бюджетной экономики,Районы бюджетной экономики,0,без смен,-0.08959147097131244,-0.0495650149692762,4.083831024859497
2044,Смоленск,Смоленская область,Промышленные и крупные города,Промышленные и крупные города,0,без смен,0.25214695714357127,0.30500146273054823,5.427624265693631
2045,Десногорск,Смоленская область,Промышленные и крупные города,Промышленные и крупные города,0,без смен,0.2129455521236651,0.2669159910625032,5.545340137136678
2046,Велижский,Смоленская область,Районы бюджетной экономики,Районы бюджетной экономики,0,без смен,-0.14951546671154978,-0.17802774407787236,-2.8109638181109453
2047,Вяземский,Смоленская область,Промышленные и крупные города,Промышленные и крупные города,0,без смен,0.1219260641031008,0.18907255388657637,6.945213051137267
2048,Гагаринский,Смоленская область,Промышленные и крупные города,Промышленные и крупные города,0,без смен,0.15712174256825615,0.2229105556082862,6.800114543277913
2049,Глинковский,Смоленская область,Районы бюджетной экономики,Районы бюджетной экономики,0,без смен,-0.1692284849669591,-0.21406404274469004,-4.384529889011446
2050,Демидовский,Смоленская область,Районы бюджетной экономики,Районы бюджетной экономики,0,без смен,-0.2379125856845814,-0.22796576380405278,0.9996455943852123
2051,Дорогобужский,Смоленская область,Промышленные и крупные города,Промышленные и крупные города,0,без смен,0.1254529462491162,0.11561706608814504,-0.9787666097101688
2052,Духовщинский,Смоленская область,Промышленные и крупные города,Районы бюджетной экономики,3,направленный,-0.08245705514038626,-0.08522129727905152,-0.27604251392115975
2053,Ельнинский,Смоленская область,Районы бюджетной экономики,Районы бюджетной экономики,0,без смен,-0.08525118043922368,-0.054878067629462755,3.083908147535319
2054,Ершичский,Смоленская область,Районы бюджетной экономики,Районы бюджетной экономики,0,без смен,-0.2691271867227239,-0.21928066986473915,5.1109756366845005
2055,Кардымовский,Смоленская область,Транспортные узлы,Транспортные узлы,0,без смен,-0.10210166694141254,-0.14713606929499226,-4.40354061645759
2056,Краснинский,Смоленская область,Районы бюджетной экономики,Районы бюджетной экономики,0,без смен,-0.1814433081655714,-0.25200006359776356,-6.812515093490368
2057,Монастырщинский,Смоленская область,Аграрные районы,Аграрные районы,0,без смен,-0.2495550999715966,-0.31865439067826024,-6.676598598689532
2058,Новодугинский,Смоленская область,Районы бюджетной экономики,Районы бюджетной экономики,0,без смен,-0.08684719060592894,-0.08870919000952515,-0.1860266958144341
2059,Починковский,Смоленская область,Аграрные районы,Аграрные районы,0,без смен,-0.05559051422272532,-0.0677740988020125,-1.2109665218162147
2060,Рославльский,Смоленская область,Промышленные и крупные города,Промышленные и крупные города,0,без смен,0.03907228410042496,0.023315615610911184,-1.5633181619852277
2061,Руднянский,Смоленская область,Промышленные и крупные города,Промышленные и крупные города,0,без смен,-0.1507067190138495,-0.18920481137860387,-3.77664596713172
2062,Сафоновский,Смоленская область,Промышленные и крупные города,Промышленные и крупные города,0,без смен,0.035566882219716746,0.03763532037821271,0.20705788524135738
2063,Смоленский,Смоленская область,Транспортные узлы,Транспортные узлы,0,без смен,0.2281734545763824,0.3233087762975438,9.980767292398207
2064,Сычевский,Смоленская область,Районы бюджетной экономики,Районы бюджетной экономики,0,без смен,-0.00015659984550146314,-0.021654104871368023,-2.126808062307628
2065,Темкинский,Смоленская область,Районы бюджетной экономики,Районы бюджетной экономики,0,без смен,-0.07191218022149364,0.026969115509892855,10.393524995451964
2066,Угранский,Смоленская область,Районы бюджетной экономики,Районы бюджетной экономики,0,без смен,-0.09141745167683386,-0.044136029417702005,4.841701545202959
2067,Хиславичский,Смоленская область,Аграрные районы,Аграрные районы,2,возвратный,-0.20592076489011202,-0.2660929940241612,-5.839765173892896
2068,Холм-Жирковский,Смоленская область,Транспортные узлы,Транспортные узлы,0,без смен,-0.1318388457841436,-0.06851749829263702,6.536913792994814
2069,Шумячский,Смоленская область,Районы бюджетной экономики,Районы бюджетной экономики,0,без смен,-0.2522721624865027,-0.2818590192518782,-2.9153450611948184
2070,Ярцевский,Смоленская область,Промышленные и крупные города,Промышленные и крупные города,0,без смен,0.004016132368270735,0.06460970677004685,6.2467012634013885
2072,Кирсанов,Тамбовская область,Промышленные и крупные города,Промышленные и крупные города,0,без смен,-0.12771618559080208,-0.14851280543701684,-2.058186147360841
2073,Котовск,Тамбовская область,Промышленные и крупные города,Промышленные и крупные города,0,без смен,-0.06862360310136406,-0.1333633329833163,-6.268861422180549
2074,Мичуринск,Тамбовская область,Промышленные и крупные города,Промышленные и крупные города,0,без смен,-0.01130809096463962,0.02473598956213981,3.6701543833900008
2075,Моршанск,Тамбовская область,Транспортные узлы,Транспортные узлы,0,без смен,-0.11147444474781991,-0.11523125140760045,-0.37497586903563196
2076,Рассказово,Тамбовская область,Промышленные и крупные города,Промышленные и крупные города,0,без смен,-0.11003941718411554,-0.07927778798141964,3.123965716705701
2077,Уварово,Тамбовская область,Районы бюджетной экономики,Районы бюджетной экономики,0,без смен,-0.105552042268194,-0.1211493742974185,-1.5476323599116326
2078,Бондарский,Тамбовская область,Аграрные районы,Аграрные районы,0,без смен,-0.349715671791856,-0.3887069390813715,-3.8240892126460313
2079,Гавриловский,Тамбовская область,Аграрные районы,Аграрные районы,0,без смен,-0.22405182063974186,-0.1852567711760713,3.9557403968017546
2080,Жердевский,Тамбовская область,Аграрные районы,Аграрные районы,0,без смен,-0.10478804434988416,-0.12899056312223647,-2.3911986406228047
2081,Знаменский,Тамбовская область,Аграрные районы,Аграрные районы,0,без смен,-0.17276830969315723,-0.20451425959930347,-3.1247337475670656
2082,Инжавинский,Тамбовская область,Аграрные районы,Аграрные районы,0,без смен,-0.19418475975918495,-0.21405367568324932,-1.9672829834158967
2085,Мордовский,Тамбовская область,Аграрные районы,Аграрные районы,0,без смен,-0.21133913992274214,-0.26602540260520957,-5.321785774845167
2087,Мучкапский,Тамбовская область,Районы бюджетной экономики,Районы бюджетной экономики,0,без смен,-0.2116803342040603,-0.20466823455438524,0.703674198492088
2088,Никифоровский,Тамбовская область,Аграрные районы,Аграрные районы,0,без смен,-0.21201306009414989,-0.2913829322119046,-7.630178895963158
2089,Первомайский,Тамбовская область,Аграрные районы,Аграрные районы,0,без смен,-0.12835602072062832,-0.2226601084119514,-8.999400146050384
2090,Петровский,Тамбовская область,Аграрные районы,Аграрные районы,0,без смен,-0.2640156597538435,-0.2958721988203168,-3.1354465095497885
2091,Пичаевский,Тамбовская область,Аграрные районы,Аграрные районы,0,без смен,-0.24136603665052458,-0.2656490933402929,-2.3990595336515375
2093,Ржаксинский,Тамбовская область,Аграрные районы,Аграрные районы,0,без смен,-0.23409259068856456,-0.23124837831195766,0.28482609860869257
2094,Сампурский,Тамбовская область,Аграрные районы,Аграрные районы,0,без смен,-0.1784008993810824,-0.2364224153119716,-5.637035585183126
2095,Сосновский,Тамбовская область,Аграрные районы,Аграрные районы,0,без смен,-0.2779447708591721,-0.311218978955823,-3.2726710946502813
2096,Староюрьевский,Тамбовская область,Аграрные районы,Аграрные районы,0,без смен,-0.22907301700420035,-0.2650197535393266,-3.530832506412429
2098,Токарёвский,Тамбовская область,Аграрные районы,Аграрные районы,0,без смен,-0.1751814219995825,-0.18895990557141604,-1.3683994735852245
2100,Умётский,Тамбовская область,Районы бюджетной экономики,Районы бюджетной экономики,0,без смен,-0.2493263743937586,-0.23167453950692796,1.7808549265054374
2101,Тверь,Тверская область,Столичные агломерации и центры услуг,Промышленные и крупные города,1,направленный,0.34414021898057356,0.3859619630053954,4.270859314654762
2105,Осташковский,Тверская область,Промышленные и крупные города,Промышленные и крупные города,0,без смен,0.12506321083691022,0.15451514393038726,2.9889930659103614
2108,Торжок,Тверская область,Промышленные и крупные города,Промышленные и крупные города,0,без смен,0.10540263010002586,0.18783387384020322,8.592400679902745
2109,Удомельский,Тверская область,Промышленные и крупные города,Промышленные и крупные города,0,без смен,0.26766360011594575,0.1978228991120936,-6.745763886360601
2110,Андреапольский,Тверская область,Районы бюджетной экономики,Районы бюджетной экономики,0,без смен,0.039083650440448224,0.06389840041845485,2.5125198467877308
2111,Бежецкий,Тверская область,Районы бюджетной экономики,Районы бюджетной экономики,0,без смен,-0.034120244919793784,0.0026234167951466603,3.74270544789137
2112,Бельский,Тверская область,Районы бюджетной экономики,Районы бюджетной экономики,0,без смен,-0.16545359704815876,-0.08961366898707517,7.87898763484256
2113,Бологовский,Тверская область,Районы бюджетной экономики,Районы бюджетной экономики,0,без смен,0.030988570407915656,0.06615828198331493,3.579548036673108
2114,Весьегонский,Тверская область,Районы бюджетной экономики,Районы бюджетной экономики,0,без смен,-0.09228683786901766,-0.11526345421280985,-2.271466398959421
2116,Жарковский,Тверская область,Районы бюджетной экономики,Районы бюджетной экономики,0,без смен,-0.13939334969149453,-0.10158388690487256,3.853333477801124
2117,Западнодвинский,Тверская область,Транспортные узлы,Транспортные узлы,0,без смен,-0.08277367745595073,-0.01620227937413521,6.883727428209663
2118,Зубцовский,Тверская область,Районы бюджетной экономики,Районы бюджетной экономики,0,без смен,-0.041303468662805244,-0.017345375707927897,2.4247393809468054
2119,Калининский,Тверская область,Районы бюджетной экономики,Районы бюджетной экономики,0,без смен,0.28188416546185974,0.34990307112528757,7.038554463632973
2120,Калязинский,Тверская область,Районы бюджетной экономики,Районы бюджетной экономики,0,без смен,0.06103201030641229,0.1056401622958975,4.561805626848292
2121,Кашинский,Тверская область,Районы бюджетной экономики,Районы бюджетной экономики,0,без смен,-0.015515801388523265,-0.009216787353417763,0.6318894544628195
2122,Кесовогорский,Тверская область,Аграрные районы,Аграрные районы,2,возвратный,-0.020275690885241577,0.009554509459382743,3.0279577982923467
2124,Конаковский,Тверская область,Районы бюджетной экономики,Промышленные и крупные города,1,направленный,0.18536201548330933,0.249543568981576,6.628596913713358
2125,Краснохолмский,Тверская область,Районы бюджетной экономики,Районы бюджетной экономики,0,без смен,-0.1764436797578576,-0.14877366927750657,2.8056380609943643
2126,Кувшиновский,Тверская область,Районы бюджетной экономики,Районы бюджетной экономики,0,без смен,0.06617277848158694,0.023535356575081618,-4.17412292749193
2127,Лесной,Тверская область,Районы бюджетной экономики,Районы бюджетной экономики,0,без смен,-0.14702940036494785,-0.09092787899314736,5.770505795457392
2128,Лихославльский,Тверская область,Промышленные и крупные города,Промышленные и крупные города,0,без смен,-0.022068349214536376,-0.04490506521228266,-2.2577931868688284
2129,Максатихинский,Тверская область,Районы бюджетной экономики,Районы бюджетной экономики,0,без смен,-0.09953271766619635,-0.09601903057493584,0.3519867326098547
2130,Молоковский,Тверская область,Районы бюджетной экономики,Районы бюджетной экономики,0,без смен,-0.16394799621561074,-0.10842418510197582,5.709418736257343
2131,Нелидовский,Тверская область,Промышленные и крупные города,Промышленные и крупные города,0,без смен,-0.019889208938668485,0.0056145885835980165,2.5831801882157057
2132,Оленинский,Тверская область,Районы бюджетной экономики,Районы бюджетной экономики,0,без смен,-0.08408743099984346,-0.021134204409027763,6.497702546015094
2133,Пеновский,Тверская область,Районы бюджетной экономики,Районы бюджетной экономики,0,без смен,-0.05058177275602945,0.03258816416944713,8.672646781235382
2134,Рамешковский,Тверская область,Районы бюджетной экономики,Районы бюджетной экономики,0,без смен,-0.06969920928237272,-0.1263195608072222,-5.50472488532181
2136,Сандовский,Тверская область,Районы бюджетной экономики,Районы бюджетной экономики,0,без смен,-0.1167503479307177,-0.11118092578148382,0.5584960213391943
2137,Селижаровский,Тверская область,Районы бюджетной экономики,Районы бюджетной экономики,0,без смен,-0.05438106189665574,-0.061979208769321836,-0.7569353925215405
2138,Сонковский,Тверская область,Районы бюджетной экономики,Районы бюджетной экономики,0,без смен,-0.10873518428928926,-0.1391193132328817,-2.9927171081207127
2139,Спировский,Тверская область,Районы бюджетной экономики,Районы бюджетной экономики,0,без смен,-0.11562123586016337,-0.11662525364499032,-0.10035139276121097
2140,Старицкий,Тверская область,Районы бюджетной экономики,Районы бюджетной экономики,0,без смен,-0.02473421624820708,-0.04805511364155338,-2.305106689889358
2142,Торопецкий,Тверская область,Районы бюджетной экономики,Районы бюджетной экономики,0,без смен,-0.01826764470044573,0.06336436058440764,8.50564413152648
2143,Фировский,Тверская область,Районы бюджетной экономики,Районы бюджетной экономики,0,без смен,-0.04495318819670343,-0.018254515166955382,2.7058275772905427
2144,Томск,Томская область,Промышленные и крупные города,Столичные агломерации и центры услуг,1,направленный,0.32300654453392436,0.3613929649595944,3.9132697405714456
2145,Кедровый,Томская область,Районы бюджетной экономики,Районы бюджетной экономики,0,без смен,0.14987328277468284,0.1423439852988236,-0.7501023321627054
2146,Стрежевой,Томская область,Ресурсные территории Севера и Востока,Ресурсные территории Севера и Востока,0,без смен,0.40073888340075153,0.3091716224629491,-8.750006151373258
2148,Александровский,Томская область,Ресурсные территории Севера и Востока,Ресурсные территории Севера и Востока,0,без смен,0.16260874600258082,0.17292136856061133,1.0365980913832562
2149,Асиновский,Томская область,Транспортные узлы,Районы бюджетной экономики,1,направленный,-0.004826436091103226,-0.07389548155154675,-6.673775966750672
2150,Бакчарский,Томская область,Районы бюджетной экономики,Районы бюджетной экономики,0,без смен,-0.06717345712356693,-0.0593351277832701,0.7869129464968205
2151,Верхнекетский,Томская область,Районы бюджетной экономики,Районы бюджетной экономики,0,без смен,0.06329897319610882,0.055022022007166584,-0.8242791539337491
2152,Зырянский,Томская область,Районы бюджетной экономики,Районы бюджетной экономики,0,без смен,-0.1696059330682503,-0.2159994588019772,-4.533379745780152
2153,Каргасокский,Томская область,Ресурсные территории Севера и Востока,Ресурсные территории Севера и Востока,0,без смен,0.04679792725783116,0.04062894162259371,-0.6149996511296774
2154,Кожевниковский,Томская область,Аграрные районы,Аграрные районы,0,без смен,-0.13989939992385203,-0.167407248490585,-2.713295308845043
2155,Колпашевский,Томская область,Транспортные узлы,Транспортные узлы,0,без смен,0.10524522305982753,0.09474265558813943,-1.0447608083112403
2156,Кривошеинский,Томская область,Районы бюджетной экономики,Районы бюджетной экономики,0,без смен,-0.032236388672152394,-0.08740143488163869,-5.367105294198349
2157,Молчановский,Томская область,Районы бюджетной экономики,Районы бюджетной экономики,0,без смен,-0.0011622577150447455,-0.01834605883233742,-1.7037001667104756
2158,Парабельский,Томская область,Ресурсные территории Севера и Востока,Ресурсные территории Севера и Востока,0,без смен,0.14597261048832819,0.10224284134006496,-4.278740910016077
2159,Первомайский,Томская область,Аграрные районы,Аграрные районы,0,без смен,-0.08925157686938186,-0.14747673912751816,-5.656250299744925
2160,Тегульдетский,Томская область,Аграрные районы,Аграрные районы,0,без смен,-0.01335352641627304,-0.05270336867432176,-3.8585693046118696
2161,Томский,Томская область,Аграрные районы,Аграрные районы,0,без смен,0.3252603504597908,0.38726738288731877,6.3969826992424705
2162,Чаинский,Томская область,Районы бюджетной экономики,Районы бюджетной экономики,0,без смен,-0.02147054553876752,-0.0527761257499888,-3.0820634214520304
2163,Шегарский,Томская область,Районы бюджетной экономики,Районы бюджетной экономики,0,без смен,-0.05776224078878093,-0.1583845793672074,-9.572552200866536
2164,Тула,Тульская область,Столичные агломерации и центры услуг,Промышленные и крупные города,1,направленный,0.36065911589948624,0.41463466645281716,5.545879645605845
2165,Алексин,Тульская область,Транспортные узлы,Транспортные узлы,0,без смен,0.1644844784653842,0.23552202616643805,7.362153713207631
2167,Донской,Тульская область,Промышленные и крупные города,Промышленные и крупные города,0,без смен,0.04518198860166015,0.1394607682929161,9.886604475693094
2168,Ефремов,Тульская область,Промышленные и крупные города,Промышленные и крупные города,0,без смен,0.10992794602187021,0.1815496925974577,7.4248928868673625
2169,Новомосковск,Тульская область,Промышленные и крупные города,Промышленные и крупные города,0,без смен,0.2175137888170354,0.2789603716966956,6.337369265115678
2171,Арсеньевский,Тульская область,Районы бюджетной экономики,Районы бюджетной экономики,0,без смен,0.01629840099717968,0.017486154908475566,0.11884595703282042
2172,Белевский,Тульская область,Районы бюджетной экономики,Районы бюджетной экономики,0,без смен,0.013596502804284741,0.029097260159084353,1.562151724385008
2173,Богородицкий,Тульская область,Промышленные и крупные города,Промышленные и крупные города,0,без смен,0.07112747514394435,0.12417350432989623,5.4478180774583995
2174,Веневский,Тульская область,Районы бюджетной экономики,Районы бюджетной экономики,0,без смен,0.07852519112427576,0.0399558484778136,-3.783501663975364
2175,Воловский,Тульская область,Аграрные районы,Аграрные районы,0,без смен,-0.012956685608538502,0.025766938461235196,3.9483155822593874
2176,Дубенский,Тульская область,Районы бюджетной экономики,Районы бюджетной экономики,0,без смен,0.030123633118205834,-0.01703787864352287,-4.60666863025414
2177,Заокский,Тульская область,Районы бюджетной экономики,Районы бюджетной экономики,0,без смен,0.19780143015801302,0.28698291644295243,9.32790534764223
2178,Каменский,Тульская область,Аграрные районы,Аграрные районы,0,без смен,-0.0652499722531535,-0.031137029341868388,3.4701462324453924
2179,Кимовский,Тульская область,Промышленные и крупные города,Промышленные и крупные города,0,без смен,-0.02996053761542239,-0.006666458147717454,2.3567505478269135
2180,Киреевский,Тульская область,Районы бюджетной экономики,Районы бюджетной экономики,0,без смен,0.04835409663987722,0.0339790777067579,-1.4272191652821564
2181,Куркинский,Тульская область,Аграрные районы,Аграрные районы,0,без смен,-0.023142018923996883,-0.0005158962848715495,2.2884034863316804
2182,Одоевский,Тульская область,Районы бюджетной экономики,Районы бюджетной экономики,0,без смен,0.01133954940468603,0.027293165210102128,1.6081554188508873
2183,Плавский,Тульская область,Аграрные районы,Аграрные районы,0,без смен,0.1031332696595942,0.09263717800334526,-1.0441199903705956
2184,Суворовский,Тульская область,Районы бюджетной экономики,Районы бюджетной экономики,0,без смен,0.006441955887180366,0.0048848526502881144,-0.15558915806199725
2185,Тепло-Огаревский,Тульская область,Районы бюджетной экономики,Районы бюджетной экономики,0,без смен,-0.013554880827435353,-0.060945010877296646,-4.628474797631843
2186,Узловский,Тульская область,Промышленные и крупные города,Промышленные и крупные города,0,без смен,0.11179923200489246,0.19539047885611094,8.718441292144586
2187,Чернский,Тульская область,Аграрные районы,Аграрные районы,0,без смен,0.03697866115875481,0.07325623350272654,3.6943633423125233
2188,Щекинский,Тульская область,Промышленные и крупные города,Промышленные и крупные города,0,без смен,0.17952931706311523,0.2708180207245512,9.558525908016225
2189,Ясногорский,Тульская область,Промышленные и крупные города,Промышленные и крупные города,0,без смен,0.13460402426984963,0.14659901759296723,1.2067221759830549
2190,Тюмень,Тюменская область,Столичные агломерации и центры услуг,Столичные агломерации и центры услуг,0,без смен,0.47652763286051,0.49814352133195666,2.185120424995235
2191,Заводоуковский,Тюменская область,Аграрные районы,Аграрные районы,0,без смен,0.08210868401692888,0.08976147343004796,0.7682146846989646
2192,Ишим,Тюменская область,Транспортные узлы,Транспортные узлы,0,без смен,0.13259328900036227,0.1816873164897531,5.031910496564862
2193,Тобольск,Тюменская область,Промышленные и крупные города,Промышленные и крупные города,0,без смен,0.3491958861736073,0.3832749561586167,3.466641455169195
2194,Ялуторовск,Тюменская область,Транспортные узлы,Транспортные узлы,0,без смен,0.1069161922876134,0.10255904061911696,-0.4347673054748369
2195,Абатский,Тюменская область,Районы бюджетной экономики,Районы бюджетной экономики,0,без смен,-0.03707191864038132,-0.052637738048352624,-1.5445298188543566
2196,Армизонский,Тюменская область,Районы бюджетной экономики,Районы бюджетной экономики,0,без смен,-0.07990792726366032,-0.08307589268574489,-0.3162952714385492
2197,Аромашевский,Тюменская область,Аграрные районы,Аграрные районы,0,без смен,-0.11232738845010164,-0.11522829171712345,-0.28966997128232475
2198,Бердюжский,Тюменская область,Аграрные районы,Аграрные районы,0,без смен,-0.05047779459090259,-0.058536002202433934,-0.8025827290732979
2199,Вагайский,Тюменская область,Районы бюджетной экономики,Районы бюджетной экономики,0,без смен,0.002732942518847222,-0.13289708529668065,-12.683438027137528
2200,Викуловский,Тюменская область,Районы бюджетной экономики,Районы бюджетной экономики,0,без смен,-0.05296223538336786,-0.034467479366036,1.8666843284298018
2201,Голышмановский,Тюменская область,Аграрные районы,Аграрные районы,0,без смен,-0.05407896542213889,-0.05819834808647991,-0.41109096461010575
2202,Исетский,Тюменская область,Аграрные районы,Аграрные районы,0,без смен,0.007488784475411829,-0.09524129769252543,-9.762949349608196
2203,Ишимский,Тюменская область,Аграрные районы,Аграрные районы,0,без смен,-0.030872873567408792,0.02371086209908313,5.610090602456563
2204,Казанский,Тюменская область,Аграрные районы,Аграрные районы,0,без смен,-0.03814234293905224,-0.07228632856216777,-3.356765774394277
2205,Нижнетавдинский,Тюменская область,Аграрные районы,Аграрные районы,0,без смен,0.0007012325319027587,-0.07595044124176109,-7.37875784986276
2206,Омутинский,Тюменская область,Аграрные районы,Аграрные районы,0,без смен,-0.017078949027947782,-0.051188638352520265,-3.3534512123428284
2207,Сладковский,Тюменская область,Аграрные районы,Аграрные районы,0,без смен,-0.0955023989994439,-0.18617045057555615,-8.667916400245367
2208,Сорокинский,Тюменская область,Аграрные районы,Аграрные районы,0,без смен,0.0005988712114861627,-0.029033373131557738,-2.9197513985140144
2210,Тюменский,Тюменская область,Промышленные и крупные города,Столичные агломерации и центры услуг,1,направленный,0.25588795959042,0.3935997372483501,14.764472575023934
2211,Уватский,Тюменская область,Ресурсные территории Севера и Востока,Ресурсные территории Севера и Востока,0,без смен,0.2951118789724356,0.14524067952709943,-13.918115677047538
2212,Упоровский,Тюменская область,Аграрные районы,Аграрные районы,0,без смен,-0.014569820165013367,-0.028809354177108837,-1.4138631351057418
2213,Юргинский,Тюменская область,Аграрные районы,Аграрные районы,0,без смен,-0.004030387062915253,-0.039559077749827,-3.4904955406979465
2215,Ярковский,Тюменская область,Аграрные районы,Аграрные районы,0,без смен,-0.025309334531294542,-0.08998544187583146,-6.262897819601654
2216,Ханты-Мансийск,Ханты-Мансийский автономный округ — Югра,Столичные агломерации и центры услуг,Столичные агломерации и центры услуг,4,возвратный,0.5910928924072995,0.6171862322607279,2.643675145818891
2217,Когалым,Ханты-Мансийский автономный округ — Югра,Ресурсные территории Севера и Востока,Ресурсные территории Севера и Востока,0,без смен,0.4991975267057122,0.5256547979251222,2.681037196922853
2218,Лангепас,Ханты-Мансийский автономный округ — Югра,Ресурсные территории Севера и Востока,Ресурсные территории Севера и Востока,0,без смен,0.34747733260026986,0.30050377744534157,-4.5887371382600906
2219,Мегион,Ханты-Мансийский автономный округ — Югра,Ресурсные территории Севера и Востока,Ресурсные территории Севера и Востока,0,без смен,0.4259977572670796,0.45875305061351906,3.3297653490236945
2220,Нефтеюганск,Ханты-Мансийский автономный округ — Югра,Ресурсные территории Севера и Востока,Ресурсные территории Севера и Востока,0,без смен,0.5029136203663128,0.5214107377918108,1.8669248775340375
2221,Нижневартовск,Ханты-Мансийский автономный округ — Югра,Ресурсные территории Севера и Востока,Ресурсные территории Севера и Востока,0,без смен,0.5243698408818975,0.531127367371368,0.6780410088066624
2222,Нягань,Ханты-Мансийский автономный округ — Югра,Ресурсные территории Севера и Востока,Ресурсные территории Севера и Востока,0,без смен,0.5092103976329252,0.5352403376202085,2.6371677568399754
2223,Покачи,Ханты-Мансийский автономный округ — Югра,Ресурсные территории Севера и Востока,Ресурсные территории Севера и Востока,0,без смен,0.34214054846136605,0.3239597657724393,-1.8016509305374906
2224,Пыть-Ях,Ханты-Мансийский автономный округ — Югра,Ресурсные территории Севера и Востока,Ресурсные территории Севера и Востока,0,без смен,0.33274575424183084,0.41008860908547895,8.041243753626336
2225,Радужный,Ханты-Мансийский автономный округ — Югра,Ресурсные территории Севера и Востока,Ресурсные территории Севера и Востока,0,без смен,0.28615760664603024,0.19416439690841614,-8.788865700059311
2226,Сургут,Ханты-Мансийский автономный округ — Югра,Ресурсные территории Севера и Востока,Столичные агломерации и центры услуг,1,направленный,0.5691800169139887,0.5735919541250416,0.44216841350306346
2227,Урай,Ханты-Мансийский автономный округ — Югра,Ресурсные территории Севера и Востока,Ресурсные территории Севера и Востока,0,без смен,0.4659107226953223,0.4521010286324447,-1.371477766232354
2228,Югорск,Ханты-Мансийский автономный округ — Югра,Транспортные узлы,Транспортные узлы,0,без смен,0.3767084708888966,0.3743895294891007,-0.23162547323307692
2229,Белоярский,Ханты-Мансийский автономный округ — Югра,Транспортные узлы,Транспортные узлы,0,без смен,0.4084329284263326,0.36734772305721347,-4.025264916345039
2230,Березовский,Ханты-Мансийский автономный округ — Югра,Транспортные узлы,Транспортные узлы,0,без смен,0.3382396246909621,0.36716309539236214,2.934581634741007
2231,Кондинский,Ханты-Мансийский автономный округ — Югра,Ресурсные территории Севера и Востока,Ресурсные территории Севера и Востока,0,без смен,0.3277345173254454,0.27513452156343704,-5.124055561135621
2232,Нефтеюганский,Ханты-Мансийский автономный округ — Югра,Ресурсные территории Севера и Востока,Ресурсные территории Севера и Востока,0,без смен,0.35349456514335414,0.35731458103380537,0.38273214506427955
2233,Нижневартовский,Ханты-Мансийский автономный округ — Югра,Ресурсные территории Севера и Востока,Ресурсные территории Севера и Востока,0,без смен,0.22059574073195312,0.14456547901748854,-7.321184006365023
2234,Октябрьский,Ханты-Мансийский автономный округ — Югра,Ресурсные территории Севера и Востока,Ресурсные территории Севера и Востока,0,без смен,0.2793832738384043,0.30412192619151285,2.5047191843147854
2235,Советский,Ханты-Мансийский автономный округ — Югра,Ресурсные территории Севера и Востока,Ресурсные территории Севера и Востока,0,без смен,0.3197650580243104,0.2791666010715736,-3.978537994825393
2236,Сургутский,Ханты-Мансийский автономный округ — Югра,Ресурсные территории Севера и Востока,Ресурсные территории Севера и Востока,0,без смен,0.3435824336602084,0.30493945512972714,-3.79058639003933
2237,Ханты-Мансийский,Ханты-Мансийский автономный округ — Югра,Ресурсные территории Севера и Востока,Ресурсные территории Севера и Востока,0,без смен,0.23439860774096713,0.21520234977568395,-1.9013183127506328
2238,Салехард,Ямало-Ненецкий автономный округ,Ресурсные территории Севера и Востока,Ресурсные территории Севера и Востока,2,возвратный,0.8098091127003298,0.7778587113085805,-3.1445380150956215
2241,Муравленко,Ямало-Ненецкий автономный округ,Ресурсные территории Севера и Востока,Ресурсные территории Севера и Востока,0,без смен,0.5129884103885282,0.4598571093555976,-5.174450261829189
2242,Новый Уренгой,Ямало-Ненецкий автономный округ,Ресурсные территории Севера и Востока,Ресурсные территории Севера и Востока,0,без смен,0.6217589044303615,0.5941434145413895,-2.7237668147807925
2243,Ноябрьск,Ямало-Ненецкий автономный округ,Ресурсные территории Севера и Востока,Ресурсные территории Севера и Востока,0,без смен,0.5812640495339346,0.5528050592758955,-2.8057847574285977
2244,Красноселькупский,Ямало-Ненецкий автономный округ,Ресурсные территории Севера и Востока,Ресурсные территории Севера и Востока,0,без смен,0.5089521970577296,0.5660999397181206,5.881223057604856
2245,Надымский,Ямало-Ненецкий автономный округ,Ресурсные территории Севера и Востока,Ресурсные территории Севера и Востока,0,без смен,0.5321113478154874,0.5373648663611332,0.5267342471682701
2248,Тазовский,Ямало-Ненецкий автономный округ,Ресурсные территории Севера и Востока,Ресурсные территории Севера и Востока,0,без смен,0.5009704539853393,0.5668446986218081,6.809239037317671
2249,Шурышкарский,Ямало-Ненецкий автономный округ,Ресурсные территории Севера и Востока,Ресурсные территории Севера и Востока,0,без смен,0.5241874881201222,0.49543831872430627,-2.833984399332823
2250,Ямальский,Ямало-Ненецкий автономный округ,Ресурсные территории Севера и Востока,Ресурсные территории Севера и Востока,0,без смен,0.5753876423330396,0.5871784952152632,1.1860638997631456
2251,Ульяновск,Ульяновская область,Промышленные и крупные города,Промышленные и крупные города,0,без смен,0.17648164409252556,0.23134986113718536,5.640138980478926
2252,Димитровград,Ульяновская область,Промышленные и крупные города,Промышленные и крупные города,0,без смен,0.07901380410155638,0.13359545878888568,5.609870830287322
2253,Новоульяновск,Ульяновская область,Промышленные и крупные города,Промышленные и крупные города,0,без смен,-0.10078899755592345,-0.21576359521152413,-10.86112130158028
2254,Базарносызганский,Ульяновская область,Районы бюджетной экономики,Районы бюджетной экономики,0,без смен,-0.226160308361704,-0.20749185387735616,1.8843799521444993
2255,Барышский,Ульяновская область,Районы бюджетной экономики,Районы бюджетной экономики,0,без смен,-0.2486111953736708,-0.27409537501333414,-2.516219887096771
2256,Вешкаймский,Ульяновская область,Районы бюджетной экономики,Районы бюджетной экономики,0,без смен,-0.27343235272126165,-0.32289326604903607,-4.825764214896456
2257,Инзенский,Ульяновская область,Районы бюджетной экономики,Районы бюджетной экономики,0,без смен,-0.20664783413145482,-0.1812373661607086,2.5736065927718377
2258,Карсунский,Ульяновская область,Районы бюджетной экономики,Районы бюджетной экономики,0,без смен,-0.33316116089946135,-0.371806846891535,-3.7908468729788813
2259,Кузоватовский,Ульяновская область,Районы бюджетной экономики,Районы бюджетной экономики,0,без смен,-0.2502546741281044,-0.2689310263425411,-1.8503029835585827
2260,Майнский,Ульяновская область,Районы бюджетной экономики,Районы бюджетной экономики,0,без смен,-0.24314077182655414,-0.30946072203330033,-6.416860306207727
2262,Николаевский,Ульяновская область,Транспортные узлы,Транспортные узлы,0,без смен,-0.30178167103246967,-0.3268755480093448,-2.4781642820211447
2264,Новоспасский,Ульяновская область,Транспортные узлы,Транспортные узлы,0,без смен,-0.14949362129441437,-0.1767373043248215,-2.687592119523996
2265,Павловский,Ульяновская область,Транспортные узлы,Транспортные узлы,0,без смен,-0.30809122439159875,-0.3852561373768462,-7.426282506357951
2266,Радищевский,Ульяновская область,Районы бюджетной экономики,Районы бюджетной экономики,0,без смен,-0.25852207714697517,-0.2762967467679485,-1.7617631988125937
2267,Сенгилеевский,Ульяновская область,Районы бюджетной экономики,Районы бюджетной экономики,0,без смен,-0.2366263926993213,-0.2879231923599302,-5.000333000356916
2268,Старокулаткинский,Ульяновская область,Районы бюджетной экономики,Районы бюджетной экономики,0,без смен,-0.4832306875443277,-0.5084067217028249,-2.4861760720727877
2269,Старомайнский,Ульяновская область,Районы бюджетной экономики,Районы бюджетной экономики,0,без смен,-0.31692071491890506,-0.3961042907729766,-7.612969140407588
2270,Сурский,Ульяновская область,Районы бюджетной экономики,Районы бюджетной экономики,0,без смен,-0.2986565707402997,-0.3232869676304168,-2.432954377005736
2271,Тереньгульский,Ульяновская область,Районы бюджетной экономики,Районы бюджетной экономики,0,без смен,-0.3046891589957257,-0.3426814016406808,-3.7279590973745225
2272,Ульяновский,Ульяновская область,Районы бюджетной экономики,Районы бюджетной экономики,0,без смен,-0.21182008060152935,-0.27702043877038146,-6.312026693637074
2274,Чердаклинский,Ульяновская область,Промышленные и крупные города,Промышленные и крупные города,0,без смен,-0.249849315422663,-0.23363609794203674,1.6345364903496584
2275,Челябинский,Челябинская область,Промышленные и крупные города,Промышленные и крупные города,0,без смен,0.2751174558064928,0.34228461969478347,6.947424070536701
2276,Верхнеуфалейский,Челябинская область,Промышленные и крупные города,Промышленные и крупные города,0,без смен,-0.05257837467296245,-0.016679586183562616,3.6550930296180617
2278,Карабашский,Челябинская область,Транспортные узлы,Транспортные узлы,0,без смен,0.0072554235391132,0.0009870471618421324,-0.6248771091892813
2279,Копейский,Челябинская область,Промышленные и крупные города,Промышленные и крупные города,0,без смен,0.18355527864330354,0.29623840279437186,11.927720483469617
2280,Кыштымский,Челябинская область,Промышленные и крупные города,Промышленные и крупные города,0,без смен,0.09783725938346895,0.19008991683660734,9.664186182107827
2281,Магнитогорский,Челябинская область,Промышленные и крупные города,Промышленные и крупные города,0,без смен,0.1433248444784573,0.19799399837163043,5.61911201440648
2282,Миасский,Челябинская область,Промышленные и крупные города,Промышленные и крупные города,0,без смен,0.19511833361287026,0.27467262597176223,8.280434593575748
2286,Троицкий,Челябинская область,Промышленные и крупные города,Промышленные и крупные города,0,без смен,-0.02458703155925453,0.07106541030139073,10.037655269812685
2287,Усть-Катавский,Челябинская область,Промышленные и крупные города,Промышленные и крупные города,0,без смен,-0.05388940886553625,-0.008881890215942137,4.603572465522743
2288,Чебаркульский,Челябинская область,Промышленные и крупные города,Промышленные и крупные города,0,без смен,0.09077714360759141,0.24795399299437162,17.020254520506526
2289,Южноуральский,Челябинская область,Промышленные и крупные города,Промышленные и крупные города,0,без смен,0.05745017606784467,0.15422345118212574,10.1610582771694
2292,Аргаяшский,Челябинская область,Аграрные районы,Аграрные районы,0,без смен,-0.16277275319146334,-0.19366882907986818,-3.04236698008723
2293,Ашинский,Челябинская область,Промышленные и крупные города,Промышленные и крупные города,0,без смен,0.029017121690896097,0.040537883467646786,1.158738134295234
2294,Брединский,Челябинская область,Аграрные районы,Аграрные районы,0,без смен,-0.22180007215790395,-0.18047494859769309,4.219089128187581
2295,Варненский,Челябинская область,Ресурсные территории Севера и Востока,Ресурсные территории Севера и Востока,0,без смен,-0.12547632282164134,-0.10535248439159013,2.03276879822456
2296,Верхнеуральский,Челябинская область,Ресурсные территории Севера и Востока,Ресурсные территории Севера и Востока,0,без смен,-0.11479467838222401,-0.16259728090620604,-4.66780481476039
2297,Еманжелинский,Челябинская область,Аграрные районы,Аграрные районы,0,без смен,-0.05577676263262562,-0.02956155671363477,2.6561846888927043
2298,Еткульский,Челябинская область,Аграрные районы,Аграрные районы,0,без смен,-0.07536701094606683,-0.058555040663213376,1.6954086757535292
2299,Карталинский,Челябинская область,Транспортные узлы,Транспортные узлы,0,без смен,-0.15250935155494214,-0.16255618052083123,-0.9996528175176156
2300,Каслинский,Челябинская область,Районы бюджетной экономики,Районы бюджетной экономики,0,без смен,-0.0015240053636258466,-0.0305520629418717,-2.8610790744496906
2301,Катав-Ивановский,Челябинская область,Промышленные и крупные города,Промышленные и крупные города,0,без смен,-0.08787662634072853,-0.06779630976295141,2.028328239765176
2302,Кизильский,Челябинская область,Районы бюджетной экономики,Районы бюджетной экономики,0,без смен,-0.2386468527736693,-0.2971078673577825,-5.678498868761606
2303,Коркинский,Челябинская область,Промышленные и крупные города,Промышленные и крупные города,0,без смен,-0.016331585574545098,0.10887482323702447,13.338236903268342
2304,Красноармейский,Челябинская область,Аграрные районы,Аграрные районы,0,без смен,-0.06383648066383014,-0.11205528071527955,-4.707473583090249
2305,Кунашакский,Челябинская область,Районы бюджетной экономики,Районы бюджетной экономики,0,без смен,-0.20501795903864117,-0.2163280982838757,-1.1246420070849417
2307,Нагайбакский,Челябинская область,Районы бюджетной экономики,Районы бюджетной экономики,0,без смен,-0.2956192512383706,-0.32240741070639584,-2.643253927043321
2308,Нязепетровский,Челябинская область,Районы бюджетной экономики,Районы бюджетной экономики,0,без смен,-0.1874560507648099,-0.1844933859770667,0.2967057816351204
2309,Октябрьский,Челябинская область,Районы бюджетной экономики,Аграрные районы,1,направленный,-0.23795813175235084,-0.268582262472948,-3.0159962347695357
2310,Пластовский,Челябинская область,Ресурсные территории Севера и Востока,Районы бюджетной экономики,1,направленный,0.02346527263385075,0.0016906897165804107,-2.1539228033335744
2311,Саткинский,Челябинская область,Промышленные и крупные города,Промышленные и крупные города,0,без смен,0.048179513505759,0.12471343503374666,7.953880932201018
2312,Сосновский,Челябинская область,Промышленные и крупные города,Промышленные и крупные города,0,без смен,0.18513831378165455,0.3121305518604845,13.540820479830206
2314,Увельский,Челябинская область,Аграрные районы,Аграрные районы,0,без смен,-0.10529320203795667,-0.20491590383923106,-9.48211240243938
2315,Уйский,Челябинская область,Районы бюджетной экономики,Районы бюджетной экономики,0,без смен,-0.21344834327708906,-0.24839421224120142,-3.434231310627367
2316,Чебаркульский,Челябинская область,Аграрные районы,Аграрные районы,0,без смен,-0.13566398572462615,-0.030176372381360395,11.125233973632497
2317,Чесменский,Челябинская область,Районы бюджетной экономики,Районы бюджетной экономики,0,без смен,-0.17232733210279427,-0.16163947814470378,1.0745173093380966
2318,Ярославль,Ярославская область,Промышленные и крупные города,Промышленные и крупные города,0,без смен,0.3317757184658081,0.3579741217779577,2.6544598118728002
2320,Рыбинск,Ярославская область,Промышленные и крупные города,Промышленные и крупные города,0,без смен,0.18004697014475055,0.2101362658143587,3.0546553189525483
2321,Большесельский,Ярославская область,Районы бюджетной экономики,Районы бюджетной экономики,0,без смен,-0.11569651779097878,-0.1129674261465657,0.27328190050130985
2322,Борисоглебский,Ярославская область,Аграрные районы,Аграрные районы,0,без смен,0.009335041993198345,-0.0026312850505837795,-1.1895015282364363
2323,Брейтовский,Ярославская область,Районы бюджетной экономики,Районы бюджетной экономики,0,без смен,-0.09764570977722926,-0.05961807615415745,3.875993718246007
2324,Гаврилов-Ямский,Ярославская область,Транспортные узлы,Транспортные узлы,0,без смен,-0.02149091255373392,-0.07086686463506837,-4.817677749681959
2325,Даниловский,Ярославская область,Транспортные узлы,Транспортные узлы,0,без смен,-0.08041700970175351,-0.11164048075668524,-3.074105244735126
2326,Любимский,Ярославская область,Аграрные районы,Аграрные районы,0,без смен,-0.14761388879625237,-0.15952066539594187,-1.1836171439643217
2327,Мышкинский,Ярославская область,Транспортные узлы,Транспортные узлы,0,без смен,0.031176657766062082,-0.0034117281371213912,-3.3997045130503944
2328,Некоузский,Ярославская область,Транспортные узлы,Транспортные узлы,0,без смен,-0.06123591161409022,-0.10875982580048138,-4.641233141329559
2329,Некрасовский,Ярославская область,Районы бюджетной экономики,Районы бюджетной экономики,0,без смен,-0.012787290433841155,-0.09222391795122942,-7.636344874476563
2330,Первомайский,Ярославская область,Районы бюджетной экономики,Районы бюджетной экономики,0,без смен,-0.12167024526516042,-0.16791773967361992,-4.519437610736176
2332,Пошехонский,Ярославская область,Районы бюджетной экономики,Районы бюджетной экономики,0,без смен,-0.14871658120579548,-0.17893970963119207,-2.977097627967884
2333,Ростовский,Ярославская область,Промышленные и крупные города,Промышленные и крупные города,0,без смен,0.06476725827459558,0.09182668439950821,2.74288570649599
2334,Рыбинский,Ярославская область,Аграрные районы,Аграрные районы,0,без смен,0.009476401594830541,0.1503047520518095,15.122702343166171
2335,Тутаевский,Ярославская область,Промышленные и крупные города,Промышленные и крупные города,0,без смен,0.055802337313637075,0.15549349811855784,10.482965067997064
2336,Угличский,Ярославская область,Промышленные и крупные города,Промышленные и крупные города,0,без смен,0.1026651782194999,0.1782471213315097,7.851160069412311
2337,Ярославский,Ярославская область,Столичные агломерации и центры услуг,Столичные агломерации и центры услуг,0,без смен,0.331260513510343,0.33129219804001675,0.003168503163375469
2338,Биробиджан,Еврейская автономная область,Ресурсные территории Севера и Востока,Ресурсные территории Севера и Востока,0,без смен,0.4054646395666852,0.41512467033009,0.9706839463662797
2339,Биробиджанский,Еврейская автономная область,Районы бюджетной экономики,Районы бюджетной экономики,0,без смен,0.10024079399391628,0.1297983209777381,2.9998686485383175
2340,Ленинский,Еврейская автономная область,Районы бюджетной экономики,Районы бюджетной экономики,0,без смен,0.17548246034528633,0.2497207635390882,7.706344257458042
2341,Облученский,Еврейская автономная область,Ресурсные территории Севера и Востока,Ресурсные территории Севера и Востока,0,без смен,0.3403178995858133,0.3542035929162098,1.398254734586124
2342,Октябрьский,Еврейская автономная область,Районы бюджетной экономики,Районы бюджетной экономики,0,без смен,0.06568586590727025,0.06891384783536007,0.32331974721380163
2343,Смидовичский,Еврейская автономная область,Транспортные узлы,Ресурсные территории Севера и Востока,2,направленный,0.15419410169231243,0.23413718572267447,8.32254130956873
2344,Анадырь,Чукотский автономный округ,Ресурсные территории Севера и Востока,Ресурсные территории Севера и Востока,0,без смен,0.9901324631139149,1.0518007361630295,6.3609458277769315
2345,Эгвекинот,Чукотский автономный округ,Ресурсные территории Севера и Востока,Ресурсные территории Севера и Востока,0,без смен,0.7927897822814813,0.9259787451903181,14.246586160763153
2348,Анадырский,Чукотский автономный округ,Ресурсные территории Севера и Востока,Ресурсные территории Севера и Востока,0,без смен,0.84368216155103,0.9861542172104055,15.31208573051195
2349,Билибинский,Чукотский автономный округ,Ресурсные территории Севера и Востока,Ресурсные территории Севера и Востока,0,без смен,0.943624122743846,0.9958041853132018,5.35654331336366
2351,Коломна,Санкт-Петербург,Столичные агломерации и центры услуг,Столичные агломерации и центры услуг,0,без смен,0.5502380184007304,0.5912335583688287,4.184745886221419
2352,Сенной,Санкт-Петербург,Столичные агломерации и центры услуг,Столичные агломерации и центры услуг,0,без смен,0.5212235990468356,0.5485781931073413,2.773216588098504
2353,Адмиралтейский,Санкт-Петербург,Столичные агломерации и центры услуг,Столичные агломерации и центры услуг,0,без смен,0.6118802229439458,0.6289364834994288,1.7202549095871378
2354,Семеновский,Санкт-Петербург,Столичные агломерации и центры услуг,Столичные агломерации и центры услуг,0,без смен,0.5302878686642876,0.5595796734241111,2.97250293037028
2355,Измайловское,Санкт-Петербург,Столичные агломерации и центры услуг,Столичные агломерации и центры услуг,0,без смен,0.6307601783586273,0.6662357703502911,3.611235838034932
2356,Екатерингофский,Санкт-Петербург,Столичные агломерации и центры услуг,Столичные агломерации и центры услуг,0,без смен,0.4585168765213628,0.48503266879667734,2.687046375471014
2357,№ 7,Санкт-Петербург,Столичные агломерации и центры услуг,Столичные агломерации и центры услуг,0,без смен,0.5988033779733506,0.6061419296849779,0.7365544872073748
2358,Васильевский,Санкт-Петербург,Столичные агломерации и центры услуг,Столичные агломерации и центры услуг,0,без смен,0.5981413051110186,0.6289810599747817,3.1320226594220735
2359,Гавань,Санкт-Петербург,Столичные агломерации и центры услуг,Столичные агломерации и центры услуг,0,без смен,0.6425341304998602,0.6774481432067695,3.553066249267256
2360,Морской,Санкт-Петербург,Столичные агломерации и центры услуг,Столичные агломерации и центры услуг,0,без смен,0.652858019366248,0.6805560993025767,2.8085237998265455
2361,Остров Декабристов,Санкт-Петербург,Столичные агломерации и центры услуг,Столичные агломерации и центры услуг,0,без смен,0.6616869275870151,0.6769301074631828,1.5359949702594244
2362,Левашово,Санкт-Петербург,Столичные агломерации и центры услуг,Столичные агломерации и центры услуг,0,без смен,0.5631428060725495,0.5617394858612178,-0.14023360179572508
2363,Парголово,Санкт-Петербург,Столичные агломерации и центры услуг,Столичные агломерации и центры услуг,0,без смен,0.5496227449296054,0.5796270604317652,3.045898089187915
2364,Сампсониевское,Санкт-Петербург,Столичные агломерации и центры услуг,Столичные агломерации и центры услуг,0,без смен,0.6102764032876417,0.6609746524647292,5.20054018882401
2365,Светлановское,Санкт-Петербург,Столичные агломерации и центры услуг,Столичные агломерации и центры услуг,0,без смен,0.626267700240201,0.6793649934447664,5.453223894927861
2366,Сосновское,Санкт-Петербург,Столичные агломерации и центры услуг,Столичные агломерации и центры услуг,0,без смен,0.5720785743133036,0.5844719180963761,1.247045951276382
2367,№ 15,Санкт-Петербург,Столичные агломерации и центры услуг,Столичные агломерации и центры услуг,0,без смен,0.5036519346764884,0.5283947408190514,2.5051449682206517
2368,Сергиевское,Санкт-Петербург,Столичные агломерации и центры услуг,Столичные агломерации и центры услуг,0,без смен,0.49273159602170163,0.5187294463076307,2.6338742136235105
2369,Шувалово-Озерки,Санкт-Петербург,Столичные агломерации и центры услуг,Столичные агломерации и центры услуг,0,без смен,0.5620322693988781,0.5751190097032088,1.3172746460791807
2370,Лисий Нос,Санкт-Петербург,Столичные агломерации и центры услуг,Столичные агломерации и центры услуг,0,без смен,0.6498065787410093,0.7111223025988274,6.323454971413667
2371,Лахта-Ольгино,Санкт-Петербург,Столичные агломерации и центры услуг,Столичные агломерации и центры услуг,0,без смен,0.5621763858295141,0.5873693619539834,2.551300095523268
2372,№ 65,Санкт-Петербург,Столичные агломерации и центры услуг,Столичные агломерации и центры услуг,0,без смен,0.6620721526968051,0.6845165485359761,2.269816631009691
2373,Ланское,Санкт-Петербург,Столичные агломерации и центры услуг,Столичные агломерации и центры услуг,0,без смен,0.6381241485734345,0.6889874903201326,5.217909450056735
2374,Комендантский аэродром,Санкт-Петербург,Столичные агломерации и центры услуг,Столичные агломерации и центры услуг,0,без смен,0.6013504951906071,0.6315952271236442,3.070674994491296
2375,Озеро Долгое,Санкт-Петербург,Столичные агломерации и центры услуг,Столичные агломерации и центры услуг,0,без смен,0.61209988211581,0.6101009853833542,-0.19969002688453585
2376,Юнтолово,Санкт-Петербург,Столичные агломерации и центры услуг,Столичные агломерации и центры услуг,0,без смен,0.6048669408213332,0.6413272223236648,3.7133109830664868
2377,Коломяги,Санкт-Петербург,Столичные агломерации и центры услуг,Столичные агломерации и центры услуг,0,без смен,0.6703325675531451,0.7011689657651555,3.1316764817184595
2378,Гражданка,Санкт-Петербург,Столичные агломерации и центры услуг,Столичные агломерации и центры услуг,0,без смен,0.5501227099974179,0.5565496084617804,0.6447595291342978
2379,Академическое,Санкт-Петербург,Столичные агломерации и центры услуг,Столичные агломерации и центры услуг,0,без смен,0.5769175523014237,0.5764685548152567,-0.044889670188019704
2380,Финляндский,Санкт-Петербург,Столичные агломерации и центры услуг,Столичные агломерации и центры услуг,0,без смен,0.5157261069889089,0.5277501783862307,1.2096651153477467
2381,№ 21,Санкт-Петербург,Столичные агломерации и центры услуг,Столичные агломерации и центры услуг,0,без смен,0.5018225091715444,0.5242712671259188,2.270262744704654
2382,Пискаревка,Санкт-Петербург,Столичные агломерации и центры услуг,Столичные агломерации и центры услуг,0,без смен,0.6159597187799365,0.6525218495474755,3.723874645523839
2383,Северный,Санкт-Петербург,Столичные агломерации и центры услуг,Столичные агломерации и центры услуг,0,без смен,0.4942400000713792,0.5157239736221056,2.1716415719860382
2384,Прометей,Санкт-Петербург,Столичные агломерации и центры услуг,Столичные агломерации и центры услуг,0,без смен,0.5229546433907416,0.552734645961429,3.0227861539611878
2385,Княжево,Санкт-Петербург,Столичные агломерации и центры услуг,Столичные агломерации и центры услуг,0,без смен,0.47070293285837533,0.5046582483179624,3.453837782331437
2386,Ульянка,Санкт-Петербург,Столичные агломерации и центры услуг,Столичные агломерации и центры услуг,0,без смен,0.4756530004089221,0.4955647876005213,2.0111349170649273
2387,Дачное,Санкт-Петербург,Столичные агломерации и центры услуг,Столичные агломерации и центры услуг,0,без смен,0.4870739280361113,0.5051515532828876,1.8242014609735513
2388,Автово,Санкт-Петербург,Столичные агломерации и центры услуг,Столичные агломерации и центры услуг,0,без смен,0.4703479835779178,0.4804829285546616,1.0186477477469813
2389,Нарвский,Санкт-Петербург,Столичные агломерации и центры услуг,Столичные агломерации и центры услуг,0,без смен,0.45449247195621173,0.48258775072705645,2.849367336623776
2390,Красненькая речка,Санкт-Петербург,Столичные агломерации и центры услуг,Столичные агломерации и центры услуг,0,без смен,0.4883303817349187,0.5195220276677226,3.168320283158299
2391,Морские ворота,Санкт-Петербург,Столичные агломерации и центры услуг,Столичные агломерации и центры услуг,0,без смен,0.4005105096484905,0.4503414191495428,5.109335144972116
2392,Колпино,Санкт-Петербург,Столичные агломерации и центры услуг,Столичные агломерации и центры услуг,0,без смен,0.40616820941985576,0.4312843255364882,2.5434183046953773
2393,Металлострой,Санкт-Петербург,Столичные агломерации и центры услуг,Столичные агломерации и центры услуг,0,без смен,0.36831577200156573,0.4409738702508396,7.536280562839037
2395,Понтонный,Санкт-Петербург,Столичные агломерации и центры услуг,Столичные агломерации и центры услуг,0,без смен,0.32482940249806713,0.3642586998291897,4.021695017035487
2398,Полюстрово,Санкт-Петербург,Столичные агломерации и центры услуг,Столичные агломерации и центры услуг,0,без смен,0.516775765882089,0.5326120108075395,1.5962302800833994
2399,Большая Охта,Санкт-Петербург,Столичные агломерации и центры услуг,Столичные агломерации и центры услуг,0,без смен,0.5663554155628514,0.5989969073563467,3.318006930337458
2400,Малая Охта,Санкт-Петербург,Столичные агломерации и центры услуг,Столичные агломерации и центры услуг,0,без смен,0.5487643108094001,0.5778144018854547,2.9476160752279545
2401,Пороховые,Санкт-Петербург,Столичные агломерации и центры услуг,Столичные агломерации и центры услуг,0,без смен,0.4662369203090657,0.48407798207857705,1.80011642273874
2402,Ржевка,Санкт-Петербург,Столичные агломерации и центры услуг,Столичные агломерации и центры услуг,0,без смен,0.48324656752597733,0.5132547382110791,3.046295350742234
2403,Красное Село,Санкт-Петербург,Столичные агломерации и центры услуг,Столичные агломерации и центры услуг,0,без смен,0.4467847518277613,0.4957206606836122,5.015304307307633
2404,Юго-Запад,Санкт-Петербург,Столичные агломерации и центры услуг,Столичные агломерации и центры услуг,0,без смен,0.5396714207075881,0.5492059884410342,0.9580166530764878
2405,Южно-Приморский,Санкт-Петербург,Столичные агломерации и центры услуг,Столичные агломерации и центры услуг,0,без смен,0.6189396397616779,0.6454433979634118,2.6858106394346493
2406,Сосновая поляна,Санкт-Петербург,Столичные агломерации и центры услуг,Столичные агломерации и центры услуг,0,без смен,0.5093778403460151,0.5570246047566751,4.880011635734682
2407,Урицк,Санкт-Петербург,Столичные агломерации и центры услуг,Столичные агломерации и центры услуг,0,без смен,0.4812122044256831,0.5068218782319649,2.594041889124621
2408,Константиновское,Санкт-Петербург,Столичные агломерации и центры услуг,Столичные агломерации и центры услуг,0,без смен,0.45475484508533626,0.4847619045536762,3.0461808440352067
2409,Горелово,Санкт-Петербург,Столичные агломерации и центры услуг,Столичные агломерации и центры услуг,0,без смен,0.4913910199459061,0.5209443700453171,2.9994384308911437
2410,Кронштадт,Санкт-Петербург,Столичные агломерации и центры услуг,Столичные агломерации и центры услуг,0,без смен,0.4486107420498587,0.4706705863659302,2.230496178111707
2411,Зеленогорск,Санкт-Петербург,Столичные агломерации и центры услуг,Столичные агломерации и центры услуг,0,без смен,0.5161327586611266,0.5751078943478154,6.074886562012138
2412,Сестрорецк,Санкт-Петербург,Столичные агломерации и центры услуг,Столичные агломерации и центры услуг,0,без смен,0.5890197351209882,0.6334762241417099,4.5459486754741985
2416,Песочный,Санкт-Петербург,Столичные агломерации и центры услуг,Столичные агломерации и центры услуг,0,без смен,0.5782863182955215,0.6081606892103153,3.032508702438963
2422,Ломоносов,Санкт-Петербург,Столичные агломерации и центры услуг,Столичные агломерации и центры услуг,0,без смен,0.43504934943324763,0.4765558658480102,4.237995440946496
2423,Московская застава,Санкт-Петербург,Столичные агломерации и центры услуг,Столичные агломерации и центры услуг,0,без смен,0.6438609405318477,0.669261038861853,2.5725429468367977
2424,Гагаринское,Санкт-Петербург,Столичные агломерации и центры услуг,Столичные агломерации и центры услуг,0,без смен,0.5795423386617061,0.6142620788948147,3.5329506929300702
2425,Новоизмайловское,Санкт-Петербург,Столичные агломерации и центры услуг,Столичные агломерации и центры услуг,0,без смен,0.5409485708014898,0.570424641144934,2.9914789669811537
2426,Пулковский меридиан,Санкт-Петербург,Столичные агломерации и центры услуг,Столичные агломерации и центры услуг,0,без смен,0.5865434877378431,0.5981400552447725,1.1664068369655833
2427,Звездное,Санкт-Петербург,Столичные агломерации и центры услуг,Столичные агломерации и центры услуг,0,без смен,0.640413610630269,0.6568823751109321,1.6605122101171599
2428,Невская застава,Санкт-Петербург,Столичные агломерации и центры услуг,Столичные агломерации и центры услуг,0,без смен,0.49704432058642567,0.5246781352039959,2.801916989570108
2429,Ивановский,Санкт-Петербург,Столичные агломерации и центры услуг,Столичные агломерации и центры услуг,0,без смен,0.4762475355670312,0.5429327697050909,6.895895342777325
2430,Обуховский,Санкт-Петербург,Столичные агломерации и центры услуг,Столичные агломерации и центры услуг,0,без смен,0.49496763239331454,0.5257874986269296,3.129971525164188
2431,Рыбацкое,Санкт-Петербург,Столичные агломерации и центры услуг,Столичные агломерации и центры услуг,0,без смен,0.49357408160312605,0.5134141652077489,2.003820615013807
2432,Народный,Санкт-Петербург,Столичные агломерации и центры услуг,Столичные агломерации и центры услуг,0,без смен,0.467525078976536,0.5097591147492343,4.313858192926423
2433,№ 54,Санкт-Петербург,Столичные агломерации и центры услуг,Столичные агломерации и центры услуг,0,без смен,0.48251845352408,0.5307753434714909,4.944021134057497
2434,Невский,Санкт-Петербург,Столичные агломерации и центры услуг,Столичные агломерации и центры услуг,0,без смен,0.5481666598644503,0.569639983739013,2.1705534828840856
2435,Оккервиль,Санкт-Петербург,Столичные агломерации и центры услуг,Столичные агломерации и центры услуг,0,без смен,0.48370175616543304,0.4952535280462973,1.1618751259357518
2436,Правобережный,Санкт-Петербург,Столичные агломерации и центры услуг,Столичные агломерации и центры услуг,0,без смен,0.5934729659346448,0.6132501308339441,1.9974028685829204
2437,Павловск,Санкт-Петербург,Столичные агломерации и центры услуг,Столичные агломерации и центры услуг,0,без смен,0.566385678577196,0.5969935449482296,3.1081103027427837
2439,Введенский,Санкт-Петербург,Столичные агломерации и центры услуг,Столичные агломерации и центры услуг,0,без смен,0.6427122117236607,0.689587718784677,4.79915334121499
2440,Кронверкское,Санкт-Петербург,Столичные агломерации и центры услуг,Столичные агломерации и центры услуг,0,без смен,0.6266900634932447,0.66612721235065,4.0225117493141616
2441,Посадский,Санкт-Петербург,Столичные агломерации и центры услуг,Столичные агломерации и центры услуг,0,без смен,0.7048899979208455,0.7934983977035452,9.265268950520532
2442,Аптекарский остров,Санкт-Петербург,Столичные агломерации и центры услуг,Столичные агломерации и центры услуг,0,без смен,0.7437647671290781,0.8116385881120612,7.023025935666349
2443,Петровский,Санкт-Петербург,Столичные агломерации и центры услуг,Столичные агломерации и центры услуг,0,без смен,0.6759105817290418,0.7279555582614021,5.342312076698219
2444,Чкаловское,Санкт-Петербург,Столичные агломерации и центры услуг,Столичные агломерации и центры услуг,0,без смен,0.8183059068971318,0.9145242450218403,10.0999427903115
2445,Петергоф,Санкт-Петербург,Столичные агломерации и центры услуг,Столичные агломерации и центры услуг,0,без смен,0.4761190485250723,0.5153951917006617,4.005764882092344
2446,Стрельна,Санкт-Петербург,Столичные агломерации и центры услуг,Столичные агломерации и центры услуг,0,без смен,0.48714007438550233,0.5225220316940952,3.6015346869938236
2447,Пушкин,Санкт-Петербург,Столичные агломерации и центры услуг,Столичные агломерации и центры услуг,0,без смен,0.5942354023635685,0.6298625843570891,3.626943455996834
2449,Шушары,Санкт-Петербург,Столичные агломерации и центры услуг,Столичные агломерации и центры услуг,0,без смен,0.4842271465184996,0.5226265413685658,3.9146179641796675
2450,Волковское,Санкт-Петербург,Столичные агломерации и центры услуг,Столичные агломерации и центры услуг,0,без смен,0.45069330976307587,0.46803224219339185,1.7490124290304276
2451,№ 72,Санкт-Петербург,Столичные агломерации и центры услуг,Столичные агломерации и центры услуг,0,без смен,0.48747162336156674,0.5064283193701771,1.9137514939660871
2452,Купчино,Санкт-Петербург,Столичные агломерации и центры услуг,Столичные агломерации и центры услуг,0,без смен,0.47976834541165897,0.5155134828211008,3.639167536146881
2453,Георгиевский,Санкт-Петербург,Столичные агломерации и центры услуг,Столичные агломерации и центры услуг,0,без смен,0.49486898222562087,0.5066681625577653,1.18690652515141
2454,№ 75,Санкт-Петербург,Столичные агломерации и центры услуг,Столичные агломерации и центры услуг,0,без смен,0.5438102279108484,0.5662963935209039,2.2740885070357875
2455,Балканский,Санкт-Петербург,Столичные агломерации и центры услуг,Столичные агломерации и центры услуг,0,без смен,0.4696261230999183,0.48635203354013345,1.6866571614682302
2456,Дворцовый,Санкт-Петербург,Столичные агломерации и центры услуг,Столичные агломерации и центры услуг,0,без смен,0.6486001076809558,0.6826186538735989,3.4603794511469443
2457,№ 78,Санкт-Петербург,Столичные агломерации и центры услуг,Столичные агломерации и центры услуг,0,без смен,0.6007016929695551,0.6483009305856727,4.875027143419475
2458,Литейный,Санкт-Петербург,Столичные агломерации и центры услуг,Столичные агломерации и центры услуг,0,без смен,0.644403827474299,0.6801275685940853,3.6369500662215337
2459,Смольнинское,Санкт-Петербург,Столичные агломерации и центры услуг,Столичные агломерации и центры услуг,0,без смен,0.6703896565578118,0.6950069417330944,2.4922792307498387
2460,Лиговка-Ямская,Санкт-Петербург,Столичные агломерации и центры услуг,Столичные агломерации и центры услуг,0,без смен,0.5922908219884823,0.6458840949776471,5.505539534878046
2461,Владимирский,Санкт-Петербург,Столичные агломерации и центры услуг,Столичные агломерации и центры услуг,0,без смен,0.5854483085738907,0.5962567479661258,1.0867061587728655
2462,Богородское,Москва,Столичные агломерации и центры услуг,Столичные агломерации и центры услуг,0,без смен,0.613884192279062,0.6699538833346654,5.767139140394728
2463,Вешняки,Москва,Столичные агломерации и центры услуг,Столичные агломерации и центры услуг,0,без смен,0.5084269903710945,0.5432274698504479,3.541310202796244
2464,Восточное Измайлово,Москва,Столичные агломерации и центры услуг,Столичные агломерации и центры услуг,0,без смен,0.6032926512283,0.6538148567861333,5.182021935039693
2465,Восточный,Москва,Столичные агломерации и центры услуг,Столичные агломерации и центры услуг,0,без смен,0.46565192532063726,0.48858086698919845,2.3193830517621805
2466,Гольяново,Москва,Столичные агломерации и центры услуг,Столичные агломерации и центры услуг,0,без смен,0.5317766723455885,0.5783059024249724,4.762870089108429
2467,Ивановское,Москва,Столичные агломерации и центры услуг,Столичные агломерации и центры услуг,0,без смен,0.5692252047372502,0.5841211481054737,1.5007440864863941
2468,Измайлово,Москва,Столичные агломерации и центры услуг,Столичные агломерации и центры услуг,0,без смен,0.6148693992850051,0.6515476741365781,3.735922259553015
2469,Косино-Ухтомский,Москва,Столичные агломерации и центры услуг,Столичные агломерации и центры услуг,0,без смен,0.6105732239533838,0.646356526304908,3.6431229944528187
2470,Новогиреево,Москва,Столичные агломерации и центры услуг,Столичные агломерации и центры услуг,0,без смен,0.6024539122579456,0.6431974712734109,4.1584966219993635
2471,Новокосино,Москва,Столичные агломерации и центры услуг,Столичные агломерации и центры услуг,0,без смен,0.6056634995392395,0.6377005219771604,3.2555732327985254
2472,Метро,Москва,Столичные агломерации и центры услуг,Столичные агломерации и центры услуг,0,без смен,0.47736677774638786,0.5225412273988601,4.62103550229962
2473,Перово,Москва,Столичные агломерации и центры услуг,Столичные агломерации и центры услуг,0,без смен,0.5535889569457316,0.588571710782511,3.560184848710213
2474,Северное Измайлово,Москва,Столичные агломерации и центры услуг,Столичные агломерации и центры услуг,0,без смен,0.5250082707718257,0.564765107046337,4.055771753535353
2475,Соколиная гора,Москва,Столичные агломерации и центры услуг,Столичные агломерации и центры услуг,0,без смен,0.601956479033848,0.6176209953055588,1.578784794220156
2476,Сокольники,Москва,Столичные агломерации и центры услуг,Столичные агломерации и центры услуг,0,без смен,0.7285460587212503,0.7766344809614774,4.92634294457821
2477,Преображенское,Москва,Столичные агломерации и центры услуг,Столичные агломерации и центры услуг,0,без смен,0.6301299737311625,0.6612264590840397,3.1585031930774887
2478,Внуково,Москва,Столичные агломерации и центры услуг,Столичные агломерации и центры услуг,0,без смен,0.5816634796957985,0.5640159024374537,-1.7492770757684295
2479,Дорогомилово,Москва,Столичные агломерации и центры услуг,Столичные агломерации и центры услуг,0,без смен,0.8671681240213717,0.9304040282779124,6.527811323314814
2480,Крылатское,Москва,Столичные агломерации и центры услуг,Столичные агломерации и центры услуг,0,без смен,0.862020886447802,0.8953401563548384,3.388057350808804
2481,Кунцево,Москва,Столичные агломерации и центры услуг,Столичные агломерации и центры услуг,0,без смен,0.7016331412603961,0.7628615961818515,6.314176641448799
2482,Можайский,Москва,Столичные агломерации и центры услуг,Столичные агломерации и центры услуг,0,без смен,0.6510483113074151,0.7093836989108334,6.007047059060722
2483,Ново-Переделкино,Москва,Столичные агломерации и центры услуг,Столичные агломерации и центры услуг,0,без смен,0.6503426217023053,0.6885568734595564,3.8953806713019734
2484,Очаково-Матвеевское,Москва,Столичные агломерации и центры услуг,Столичные агломерации и центры услуг,0,без смен,0.686657163162392,0.76356981675042,7.9947742712362935
2485,Проспект Вернадского,Москва,Столичные агломерации и центры услуг,Столичные агломерации и центры услуг,0,без смен,0.8562285313021789,0.9033228444733101,4.822086545172
2486,Раменки,Москва,Столичные агломерации и центры услуг,Столичные агломерации и центры услуг,0,без смен,0.9394870953232012,1.0121239227386465,7.533993200811762
2487,Солнцево,Москва,Столичные агломерации и центры услуг,Столичные агломерации и центры услуг,0,без смен,0.6753590799249801,0.71337495125688,3.874771905747787
2488,Тропарево-Никулино,Москва,Столичные агломерации и центры услуг,Столичные агломерации и центры услуг,0,без смен,0.8396279152390358,0.8910679260271955,5.27860285936701
2489,Филевский парк,Москва,Столичные агломерации и центры услуг,Столичные агломерации и центры услуг,0,без смен,0.8213254108258127,0.885883338817882,6.668736751233317
2490,Фили-Давыдково,Москва,Столичные агломерации и центры услуг,Столичные агломерации и центры услуг,0,без смен,0.7054377292063562,0.7438185343582786,3.912686240754115
2491,Крюково,Москва,Столичные агломерации и центры услуг,Столичные агломерации и центры услуг,0,без смен,0.6303168839431118,0.6731652410502423,4.377960109062662
2492,Матушкино,Москва,Столичные агломерации и центры услуг,Столичные агломерации и центры услуг,0,без смен,0.6027727774539716,0.6459297960246989,4.410182535652019
2493,Силино,Москва,Столичные агломерации и центры услуг,Столичные агломерации и центры услуг,0,без смен,0.5875462039266978,0.6415544154030236,5.549326927748788
2494,Аэропорт,Москва,Столичные агломерации и центры услуг,Столичные агломерации и центры услуг,0,без смен,0.7996085396670326,0.8589001623947992,6.108463201998271
2495,Беговой,Москва,Столичные агломерации и центры услуг,Столичные агломерации и центры услуг,0,без смен,0.8057965744202406,0.8896014989234692,8.741674475527716
2496,Бескудниковский,Москва,Столичные агломерации и центры услуг,Столичные агломерации и центры услуг,0,без смен,0.5845733676604222,0.6442056391951644,6.144615080595606
2497,Войковский,Москва,Столичные агломерации и центры услуг,Столичные агломерации и центры услуг,0,без смен,0.7360389746127783,0.779840975081839,4.477546935463117
2498,Восточное Дегунино,Москва,Столичные агломерации и центры услуг,Столичные агломерации и центры услуг,0,без смен,0.5699049870571619,0.626966454632614,5.8720885401384315
2499,Головинский,Москва,Столичные агломерации и центры услуг,Столичные агломерации и центры услуг,0,без смен,0.6022302014879172,0.6620670730444657,6.166334492976078
2500,Дмитровский,Москва,Столичные агломерации и центры услуг,Столичные агломерации и центры услуг,0,без смен,0.5751408280280815,0.6372919202465708,6.412311330422216
2501,Западное Дегунино,Москва,Столичные агломерации и центры услуг,Столичные агломерации и центры услуг,0,без смен,0.590493510224321,0.6502547767584863,6.158308088302489
2502,Коптево,Москва,Столичные агломерации и центры услуг,Столичные агломерации и центры услуг,0,без смен,0.6226581505998583,0.6593335320933589,3.735622114819148
2503,Левобережный,Москва,Столичные агломерации и центры услуг,Столичные агломерации и центры услуг,0,без смен,0.7315102579114748,0.8048611442657364,7.610806231135081
2504,Молжаниновский,Москва,Столичные агломерации и центры услуг,Столичные агломерации и центры услуг,0,без смен,0.5185774767714927,0.6104589315302006,9.623486095172806
2505,Савеловский,Москва,Столичные агломерации и центры услуг,Столичные агломерации и центры услуг,0,без смен,0.6766774773324888,0.7259698988519038,5.052750267744144
2506,Сокол,Москва,Столичные агломерации и центры услуг,Столичные агломерации и центры услуг,0,без смен,0.7381064158789474,0.8204451215937937,8.58235221851742
2507,Тимирязевский,Москва,Столичные агломерации и центры услуг,Столичные агломерации и центры услуг,0,без смен,0.6291393298631413,0.6816161304588307,5.387811245050522
2508,Ховрино,Москва,Столичные агломерации и центры услуг,Столичные агломерации и центры услуг,0,без смен,0.7163229092609799,0.7660207875922863,5.09535325720063
2509,Хорошевский,Москва,Столичные агломерации и центры услуг,Столичные агломерации и центры услуг,0,без смен,0.9030845367380224,0.9579026688593627,5.634848134715553
2510,Алексеевский,Москва,Столичные агломерации и центры услуг,Столичные агломерации и центры услуг,0,без смен,0.7069665951682778,0.7709063447661867,6.6028168200791715
2511,Алтуфьевский,Москва,Столичные агломерации и центры услуг,Столичные агломерации и центры услуг,0,без смен,0.5438576956927538,0.5766352104059521,3.332061503148376
2512,Бабушкинский,Москва,Столичные агломерации и центры услуг,Столичные агломерации и центры услуг,0,без смен,0.6019905672689013,0.6514985102685129,5.075393831980168
2513,Бибирево,Москва,Столичные агломерации и центры услуг,Столичные агломерации и центры услуг,0,без смен,0.5453302449882266,0.5684366737831151,2.337545036739219
2514,Бутырский,Москва,Столичные агломерации и центры услуг,Столичные агломерации и центры услуг,0,без смен,0.6337573908285027,0.6610880109493061,2.770752738735216
2515,Лианозово,Москва,Столичные агломерации и центры услуг,Столичные агломерации и центры услуг,0,без смен,0.6185284490152171,0.6640960882004062,4.66217948652301
2516,Лосиноостровский,Москва,Столичные агломерации и центры услуг,Столичные агломерации и центры услуг,0,без смен,0.6275515371247004,0.6844219475763934,5.851862855607659
2517,Марфино,Москва,Столичные агломерации и центры услуг,Столичные агломерации и центры услуг,0,без смен,0.7105409046935863,0.7856054314458044,7.795370549219771
2518,Марьина роща,Москва,Столичные агломерации и центры услуг,Столичные агломерации и центры услуг,0,без смен,0.6940420079266486,0.7505835019506506,5.817052164230718
2519,Останкинский,Москва,Столичные агломерации и центры услуг,Столичные агломерации и центры услуг,0,без смен,0.7242896821674085,0.7740235937940861,5.099140257335333
2520,Отрадное,Москва,Столичные агломерации и центры услуг,Столичные агломерации и центры услуг,0,без смен,0.5935144641769433,0.6348416168294971,4.219300598557862
2521,Ростокино,Москва,Столичные агломерации и центры услуг,Столичные агломерации и центры услуг,0,без смен,0.6906326644890299,0.7452352301334922,5.612079256859159
2522,Свиблово,Москва,Столичные агломерации и центры услуг,Столичные агломерации и центры услуг,0,без смен,0.710176199382983,0.7332494201847153,2.3341466686708
2523,Северное Медведково,Москва,Столичные агломерации и центры услуг,Столичные агломерации и центры услуг,0,без смен,0.5862852215492914,0.6381679886953565,5.325225950707813
2524,Северный,Москва,Столичные агломерации и центры услуг,Столичные агломерации и центры услуг,0,без смен,0.6773235978248712,0.714818899721215,3.820711946570343
2525,Южное Медведково,Москва,Столичные агломерации и центры услуг,Столичные агломерации и центры услуг,0,без смен,0.6165815753551064,0.6692196797260923,5.4048120679861755
2526,Ярославский,Москва,Столичные агломерации и центры услуг,Столичные агломерации и центры услуг,0,без смен,0.5599941740835677,0.5965446079461806,3.7226614043191386
2527,Куркино,Москва,Столичные агломерации и центры услуг,Столичные агломерации и центры услуг,0,без смен,0.9399308407525405,0.9666860497816678,2.711634318038092
2528,Митино,Москва,Столичные агломерации и центры услуг,Столичные агломерации и центры услуг,0,без смен,0.731162040219691,0.7520714412565906,2.112953416961161
2529,Покровское-Стрешнево,Москва,Столичные агломерации и центры услуг,Столичные агломерации и центры услуг,0,без смен,0.609340598947516,0.6977423210467254,9.24268859135642
2530,Северное Тушино,Москва,Столичные агломерации и центры услуг,Столичные агломерации и центры услуг,0,без смен,0.5927540245675109,0.6365872307048898,4.480807278009813
2531,Строгино,Москва,Столичные агломерации и центры услуг,Столичные агломерации и центры услуг,0,без смен,0.6905046958821733,0.7171389742997919,2.6992140882990734
2532,Хорошево-Мневники,Москва,Столичные агломерации и центры услуг,Столичные агломерации и центры услуг,0,без смен,0.7777132576091018,0.8395935666370505,6.383500566158751
2533,Щукино,Москва,Столичные агломерации и центры услуг,Столичные агломерации и центры услуг,0,без смен,0.7787235752258992,0.830826353558208,5.3484012279272575
2534,Южное Тушино,Москва,Столичные агломерации и центры услуг,Столичные агломерации и центры услуг,0,без смен,0.6062074244225769,0.6372197365848539,3.1498203781614276
2535,Арбат,Москва,Столичные агломерации и центры услуг,Столичные агломерации и центры услуг,0,без смен,0.9666880199101721,1.0258687702026357,6.096699350432311
2536,Басманный,Москва,Столичные агломерации и центры услуг,Столичные агломерации и центры услуг,0,без смен,0.7891862136164081,0.8652761684759351,7.90596364496241
2537,Замоскворечье,Москва,Столичные агломерации и центры услуг,Столичные агломерации и центры услуг,0,без смен,0.7426666415879447,0.8212543356860446,8.175821481391043
2538,Савелки,Москва,Столичные агломерации и центры услуг,Столичные агломерации и центры услуг,0,без смен,0.6602657162274269,0.7170261494757639,5.840222203875678
2539,Красносельский,Москва,Столичные агломерации и центры услуг,Столичные агломерации и центры услуг,0,без смен,0.6506715748449755,0.746592695174131,10.067223990570472
2540,Мещанский,Москва,Столичные агломерации и центры услуг,Столичные агломерации и центры услуг,0,без смен,0.7704177495420991,0.8245145455297417,5.55867737744089
2541,Пресненский,Москва,Столичные агломерации и центры услуг,Столичные агломерации и центры услуг,0,без смен,0.8720013979537903,0.9489734903905042,8.00119354705835
2542,Таганский,Москва,Столичные агломерации и центры услуг,Столичные агломерации и центры услуг,0,без смен,0.7634003982110382,0.8136328616640093,5.151550689225193
2543,Тверской,Москва,Столичные агломерации и центры услуг,Столичные агломерации и центры услуг,0,без смен,0.8413326210125817,0.9268701561391047,8.930244768191953
2544,Хамовники,Москва,Столичные агломерации и центры услуг,Столичные агломерации и центры услуг,0,без смен,0.9396351175206273,1.0281856090306547,9.25894177073232
2545,Якиманка,Москва,Столичные агломерации и центры услуг,Столичные агломерации и центры услуг,0,без смен,0.9156041145068151,1.00435802261556,9.281169113675404
2546,Выхино-Жулебино,Москва,Столичные агломерации и центры услуг,Столичные агломерации и центры услуг,0,без смен,0.5820973549407759,0.6092781127640224,2.755352431599656
2547,Капотня,Москва,Столичные агломерации и центры услуг,Столичные агломерации и центры услуг,0,без смен,0.4154917019723842,0.44158525696951195,2.6436972289612504
2548,Кузьминки,Москва,Столичные агломерации и центры услуг,Столичные агломерации и центры услуг,0,без смен,0.5110499338925072,0.57235676313069,6.322509268929233
2549,Лефортово,Москва,Столичные агломерации и центры услуг,Столичные агломерации и центры услуг,0,без смен,0.6545529914279653,0.7111341578864184,5.821250267570455
2550,Люблино,Москва,Столичные агломерации и центры услуг,Столичные агломерации и центры услуг,0,без смен,0.5112052219426161,0.5632433974481268,5.341595643241637
2551,Марьино,Москва,Столичные агломерации и центры услуг,Столичные агломерации и центры услуг,0,без смен,0.5959657809725911,0.6332217705382464,3.7958693427099455
2552,Некрасовка,Москва,Столичные агломерации и центры услуг,Столичные агломерации и центры услуг,0,без смен,0.5349644422560921,0.5900485305723896,5.662946113230438
2553,Нижегородский,Москва,Столичные агломерации и центры услуг,Столичные агломерации и центры услуг,0,без смен,0.5069671204826273,0.6008147447894014,9.839236486706525
2554,Печатники,Москва,Столичные агломерации и центры услуг,Столичные агломерации и центры услуг,0,без смен,0.4920501536858139,0.5491186161096717,5.872829101938226
2555,Рязанский,Москва,Столичные агломерации и центры услуг,Столичные агломерации и центры услуг,0,без смен,0.6142749138264451,0.6892766057686824,7.7885974603896235
2556,Текстильщики,Москва,Столичные агломерации и центры услуг,Столичные агломерации и центры услуг,0,без смен,0.5434982583124522,0.5855598596118172,4.2958724384541735
2557,Южнопортовый,Москва,Столичные агломерации и центры услуг,Столичные агломерации и центры услуг,0,без смен,0.6528803594188165,0.722382195107711,7.197402901378491
2558,Академический,Москва,Столичные агломерации и центры услуг,Столичные агломерации и центры услуг,0,без смен,0.8046794193653986,0.8694376616092129,6.690106159647291
2559,Гагаринский,Москва,Столичные агломерации и центры услуг,Столичные агломерации и центры услуг,0,без смен,0.8880189236180543,0.9371126472032358,5.031878576929993
2560,Зюзино,Москва,Столичные агломерации и центры услуг,Столичные агломерации и центры услуг,0,без смен,0.6489894061150512,0.6720709794189412,2.335001418421312
2561,Коньково,Москва,Столичные агломерации и центры услуг,Столичные агломерации и центры услуг,0,без смен,0.6570399812709308,0.687254635297959,3.067574891039082
2562,Котловка,Москва,Столичные агломерации и центры услуг,Столичные агломерации и центры услуг,0,без смен,0.6109349094050375,0.6679035881109808,5.862265244483567
2563,Ломоносовский,Москва,Столичные агломерации и центры услуг,Столичные агломерации и центры услуг,0,без смен,0.8783704310559391,0.9251021603272666,4.784086633741236
2564,Обручевский,Москва,Столичные агломерации и центры услуг,Столичные агломерации и центры услуг,0,без смен,0.8094085228197537,0.8734688805625138,6.615674763422508
2565,Северное Бутово,Москва,Столичные агломерации и центры услуг,Столичные агломерации и центры услуг,0,без смен,0.6936237272055902,0.7399705511756656,4.743762444304034
2566,Теплый Стан,Москва,Столичные агломерации и центры услуг,Столичные агломерации и центры услуг,0,без смен,0.6864042271662697,0.708504891573528,2.2346693214612356
2567,Черемушки,Москва,Столичные агломерации и центры услуг,Столичные агломерации и центры услуг,0,без смен,0.7635977489798474,0.8026951658211298,3.9871779740226154
2568,Южное Бутово,Москва,Столичные агломерации и центры услуг,Столичные агломерации и центры услуг,0,без смен,0.6574732743620748,0.6967031380522526,4.000951660191321
2569,Ясенево,Москва,Столичные агломерации и центры услуг,Столичные агломерации и центры услуг,0,без смен,0.6237046256296616,0.6620191514143098,3.9057992018951326
2570,Бирюлево Восточное,Москва,Столичные агломерации и центры услуг,Столичные агломерации и центры услуг,0,без смен,0.5429991160415067,0.5971646150705278,5.565929828750482
2571,Бирюлево Западное,Москва,Столичные агломерации и центры услуг,Столичные агломерации и центры услуг,0,без смен,0.44824500422620456,0.4892720451276163,4.188027854646115
2572,Братеево,Москва,Столичные агломерации и центры услуг,Столичные агломерации и центры услуг,0,без смен,0.5658158822320386,0.5917939621598783,2.6318451252361763
2573,Даниловский,Москва,Столичные агломерации и центры услуг,Столичные агломерации и центры услуг,0,без смен,0.6958501259636382,0.7546609817629119,6.0574620228800224
2574,Донской,Москва,Столичные агломерации и центры услуг,Столичные агломерации и центры услуг,0,без смен,0.6969007549561471,0.7555450407694378,6.039797504147648
2575,Зябликово,Москва,Столичные агломерации и центры услуг,Столичные агломерации и центры услуг,0,без смен,0.5638403419333621,0.6142645020008647,5.171709817661663
2576,Москворечье-Сабурово,Москва,Столичные агломерации и центры услуг,Столичные агломерации и центры услуг,0,без смен,0.6093691298926073,0.6829179174075902,7.632104642015003
2577,Нагатино-Садовники,Москва,Столичные агломерации и центры услуг,Столичные агломерации и центры услуг,0,без смен,0.6624050191736469,0.7301178370497489,7.005796283033905
2578,Нагатинский затон,Москва,Столичные агломерации и центры услуг,Столичные агломерации и центры услуг,0,без смен,0.6452248986731286,0.6982547641488415,5.4461136632565355
2579,Нагорный,Москва,Столичные агломерации и центры услуг,Столичные агломерации и центры услуг,0,без смен,0.6345878855099413,0.6802140133653491,4.668301217247572
2580,Орехово-Борисово Северное,Москва,Столичные агломерации и центры услуг,Столичные агломерации и центры услуг,0,без смен,0.6090160943216422,0.6473985814501407,3.9128610196053293
2581,Орехово-Борисово Южное,Москва,Столичные агломерации и центры услуг,Столичные агломерации и центры услуг,0,без смен,0.6015919026543042,0.6541612932752466,5.397569556909265
2582,Царицыно,Москва,Столичные агломерации и центры услуг,Столичные агломерации и центры услуг,0,без смен,0.5288627128303958,0.5724591444831925,4.456071817196383
2583,Чертаново Северное,Москва,Столичные агломерации и центры услуг,Столичные агломерации и центры услуг,0,без смен,0.6652256373950266,0.6961953515713436,3.1454264971470858
2584,Чертаново Центральное,Москва,Столичные агломерации и центры услуг,Столичные агломерации и центры услуг,0,без смен,0.5848780207457134,0.6154968362386931,3.109239252196594
2585,Чертаново Южное,Москва,Столичные агломерации и центры услуг,Столичные агломерации и центры услуг,0,без смен,0.6145298563068895,0.6661466629177669,5.297217322005232
2586,Старое Крюково,Москва,Столичные агломерации и центры услуг,Столичные агломерации и центры услуг,0,без смен,0.5942428570611492,0.618785102367433,2.4845885121018485
2587,Троицк,Москва,Столичные агломерации и центры услуг,Столичные агломерации и центры услуг,0,без смен,0.6325379468969302,0.6418161652046166,0.9321394404276484
2588,Щербинка,Москва,Столичные агломерации и центры услуг,Столичные агломерации и центры услуг,0,без смен,0.4909461477503818,0.5332424559711448,4.320354274504523
2589,Внуковское,Москва,Столичные агломерации и центры услуг,Столичные агломерации и центры услуг,0,без смен,0.8237456528914944,0.8634012126921183,4.045233885512589
2590,Воскресенское,Москва,Столичные агломерации и центры услуг,Столичные агломерации и центры услуг,0,без смен,0.6322644445084121,0.6797019958563434,4.858071662425867
2591,Вороновское,Москва,Столичные агломерации и центры услуг,Столичные агломерации и центры услуг,0,без смен,0.4410196292522768,0.529474773915636,9.248524771786059
2592,Десеновское,Москва,Столичные агломерации и центры услуг,Столичные агломерации и центры услуг,0,без смен,0.6322251377242957,0.6714133268563239,3.996617556795301
2593,Киевский,Москва,Столичные агломерации и центры услуг,Столичные агломерации и центры услуг,0,без смен,0.23886849622518844,0.3008485253882999,6.3941096721762625
2595,Кокошкино,Москва,Столичные агломерации и центры услуг,Столичные агломерации и центры услуг,0,без смен,0.32566789707774557,0.4007445873430197,7.796681727591093
2596,Краснопахорское,Москва,Столичные агломерации и центры услуг,Столичные агломерации и центры услуг,0,без смен,0.43675269744562417,0.4886376612170042,5.325457311019544
2597,Марушкинское,Москва,Столичные агломерации и центры услуг,Столичные агломерации и центры услуг,0,без смен,0.4546084681787497,0.5335545220955037,8.214594296054333
2598,Михайлово-Ярцевское,Москва,Столичные агломерации и центры услуг,Столичные агломерации и центры услуг,0,без смен,0.3662389058070567,0.3867922276474512,2.0765995913603064
2599,Московский,Москва,Столичные агломерации и центры услуг,Столичные агломерации и центры услуг,0,без смен,0.7445415546382002,0.7852658767129302,4.156492950445112
2600,Мосрентген,Москва,Столичные агломерации и центры услуг,Столичные агломерации и центры услуг,0,без смен,0.49344348357625556,0.5359267223412448,4.339856757851068
2601,Новофедоровское,Москва,Столичные агломерации и центры услуг,Столичные агломерации и центры услуг,0,без смен,0.4106898162884966,0.36389653347045847,-4.571535576502073
2602,Первомайское,Москва,Столичные агломерации и центры услуг,Столичные агломерации и центры услуг,0,без смен,0.6530434547426385,0.7305481942512634,8.0587353899507
2604,Рязановское,Москва,Столичные агломерации и центры услуг,Столичные агломерации и центры услуг,0,без смен,0.5552766344006894,0.607837178350179,5.396637143363847
2605,Сосенское,Москва,Столичные агломерации и центры услуг,Столичные агломерации и центры услуг,0,без смен,0.7694717880428253,0.8114256020887121,4.284631278652662
2606,Филимонковское,Москва,Столичные агломерации и центры услуг,Столичные агломерации и центры услуг,0,без смен,0.492472552050556,0.5949708345303723,10.793539900676041
2607,Щаповское,Москва,Столичные агломерации и центры услуг,Столичные агломерации и центры услуг,0,без смен,0.3585189846124252,0.44550006345871623,9.08760388897949
2618,Мантуровский,Костромская область,Транспортные узлы,Транспортные узлы,0,без смен,-0.05686029861546101,-0.07927402500815124,-2.2164405041507296
2619,Переславль-Залесский,Ярославская область,Промышленные и крупные города,Промышленные и крупные города,0,без смен,0.19837306897405918,0.2730321649174723,7.751675843141115
2620,Соликамский,Пермский край,Промышленные и крупные города,Промышленные и крупные города,0,без смен,0.2728396992508788,0.2889377055380577,1.6228277286082893
2621,Березники,Пермский край,Промышленные и крупные города,Промышленные и крупные города,0,без смен,0.3100277963449196,0.2978057488887063,-1.21476615917957
2644,Серпухов,Московская область,Столичные агломерации и центры услуг,Промышленные и крупные города,3,направленный,0.42095622848252123,0.4748559562298362,5.537877164236815
2646,Обнинск,Калужская область,Столичные агломерации и центры услуг,Промышленные и крупные города,1,направленный,0.4358255573210063,0.4652026876128132,2.981289488816019
2647,Боровский,Калужская область,Промышленные и крупные города,Промышленные и крупные города,0,без смен,0.21016593543706139,0.2552365182905696,4.610169414560339
2648,Лосино-Петровский,Московская область,Промышленные и крупные города,Промышленные и крупные города,0,без смен,0.3979653883023646,0.4853265557658064,9.129074726287278
2649,Щёлково,Московская область,Столичные агломерации и центры услуг,Столичные агломерации и центры услуг,0,без смен,0.4801363434751898,0.5298803529355439,5.100201536331483
2651,Одинцовский,Московская область,Столичные агломерации и центры услуг,Столичные агломерации и центры услуг,0,без смен,0.6003817482877905,0.6562869396018017,5.749741904296846
2652,Орехово-Зуевский,Московская область,Промышленные и крупные города,Промышленные и крупные города,0,без смен,0.366686863559796,0.42204849570692754,5.69227628208735
2710,Вышневолоцкий,Тверская область,Промышленные и крупные города,Промышленные и крупные города,0,без смен,0.058112152324909815,0.13721173646451548,8.23120978228944
2808,Коломна,Московская область,Столичные агломерации и центры услуг,Промышленные и крупные города,1,направленный,0.4191446915994123,0.4688092543032753,5.09185199788913
2809,Кунгурский,Пермский край,Промышленные и крупные города,Промышленные и крупные города,0,без смен,0.03828306936017167,0.0897936465203945,5.286032250556194
2813,Шатура,Московская область,Промышленные и крупные города,Промышленные и крупные города,0,без смен,0.30285532010844207,0.3792465180103415,7.938474462323852
2814,Пушкинский,Московская область,Столичные агломерации и центры услуг,Столичные агломерации и центры услуг,0,без смен,0.5052127547036876,0.557824249218481,5.40200729841247
2872,Приуральский,Ямало-Ненецкий автономный округ,Ресурсные территории Севера и Востока,Ресурсные территории Севера и Востока,0,без смен,0.5313805427517524,0.47635144456429845,-5.354239264808092
2876,Кисловодск,Ставропольский край,Промышленные и крупные города,Промышленные и крупные города,0,без смен,0.21650105843129364,0.34081893983753275,13.23757749964971
2879,Губкинский,Ямало-Ненецкий автономный округ,Ресурсные территории Севера и Востока,Ресурсные территории Севера и Востока,0,без смен,0.6482260723804781,0.636064415044733,-1.208800326870596
2880,Лабытнанги,Ямало-Ненецкий автономный округ,Ресурсные территории Севера и Востока,Ресурсные территории Севера и Востока,0,без смен,0.6671529716719261,0.6359754172753963,-3.0696546293574323
2881,Предгорный,Ставропольский край,Аграрные районы,Аграрные районы,0,без смен,-0.0012390573337475175,0.1042489419311406,11.12527685927136
2882,Пуровский,Ямало-Ненецкий автономный округ,Ресурсные территории Севера и Востока,Ресурсные территории Севера и Востока,0,без смен,0.5518103603257926,0.47874352459861375,-7.046129844544414
2883,Кимрский,Тверская область,Промышленные и крупные города,Промышленные и крупные города,0,без смен,0.17282450728456164,0.2600428173579023,9.113485945000544
2884,Ржевский,Тверская область,Промышленные и крупные города,Промышленные и крупные города,0,без смен,0.06371591385291027,0.14047044336758704,7.97769904766541
2885,Кудымкарский,Пермский край,Районы бюджетной экономики,Районы бюджетной экономики,0,без смен,-0.05780408065233337,-0.02041081743207081,3.8101187590401153
2886,Губахинский,Пермский край,Промышленные и крупные города,Промышленные и крупные города,0,без смен,0.07400280540049042,0.027261203001270513,-4.566603666052993
2887,Саратов,Саратовская область,Промышленные и крупные города,Промышленные и крупные города,0,без смен,0.19188878769812678,0.23353488468959416,4.252546055932682
3005,Арзамас,Нижегородская область,Промышленные и крупные города,Промышленные и крупные города,0,без смен,0.12862503453495874,0.20187870590668666,7.6003453569719825
3007,Прокопьевский,Кемеровская область,Ресурсные территории Севера и Востока,Ресурсные территории Севера и Востока,0,без смен,0.06513684169169487,0.05977938497541432,-0.534313113935081
3009,Тамбов,Тамбовская область,Промышленные и крупные города,Промышленные и крупные города,0,без смен,0.16472020109685173,0.2315987328298196,6.916560059408305
3011,Златоустовский,Челябинская область,Промышленные и крупные города,Промышленные и крупные города,0,без смен,0.06376727912037516,0.1764647732152754,11.929328890082536
3012,Кусинский,Челябинская область,Районы бюджетной экономики,Районы бюджетной экономики,0,без смен,-0.14916243129232853,-0.1641808967326647,-1.4906250754735506
3013,Солнечногорск,Московская область,Столичные агломерации и центры услуг,Столичные агломерации и центры услуг,0,без смен,0.48478729197855525,0.5553677805463447,7.313094072718496
