territory_id,own_rhythm,rhythm_type,rep_total,rep_cafe,amp_total,amp_cafe,name,region_name
1,0,-1,0.1738763143079237,0.051172530639867785,0.014629263112507713,0.04310401433447596,Майкоп,Республика Адыгея
2,0,-1,-0.2998781799481989,-0.4225755475896046,0.030431030232450123,0.04864078272131097,Адыгейск,Республика Адыгея
3,0,-1,-0.3140250829277843,0.31682733737589897,0.009551157804264212,0.08271055028684873,Гиагинский,Республика Адыгея
4,0,-1,-0.186036253468808,-0.46961368613753435,0.023532853670754566,0.054715955791513386,Кошехабльский,Республика Адыгея
5,0,-1,0.0652814259632871,0.2382987521136944,0.027907139128601863,0.07607041057877198,Красногвардейский,Республика Адыгея
6,0,-1,-0.4980538070471972,0.10629495932457125,0.015817110438261915,0.05227891232619286,Майкопский,Республика Адыгея
7,0,-1,-0.4949926902655659,-0.5757258749404521,0.024358376441210968,0.04558554582629702,Тахтамукайский,Республика Адыгея
8,0,-1,0.018794320583689975,-0.5240257015287894,0.030795984093476562,0.04520152846253462,Теучежский,Республика Адыгея
9,0,-1,-0.02896098144436679,0.33530593761955635,0.03559343854841013,0.161449336513696,Шовгеновский,Республика Адыгея
10,1,0,0.9609663000666234,0.09592714494544421,0.03268099105869581,0.04653238365801468,Горно-Алтайск,Республика Алтай
11,1,0,0.9571151063592948,0.6265774679459754,0.05995613215691698,0.08267810663350898,Кош-Агачский,Республика Алтай
12,0,-1,0.5794453529434826,-0.6555214746207346,0.03317559033006585,0.03780754192081618,Майминский,Республика Алтай
13,0,-1,0.5787856736288203,0.4963163586470395,0.05450676282037805,0.0855119073506565,Онгудайский,Республика Алтай
14,1,0,0.8166739647733705,-0.003661737721091349,0.04545240526386452,0.06121696476973096,Турочакский,Республика Алтай
15,1,0,0.7729075611986385,0.8122617204996783,0.07311959483797809,0.15352413124711445,Улаганский,Республика Алтай
16,1,0,0.7486626200583881,0.4237490316231083,0.05317368223536775,0.07871299172861887,Усть-Канский,Республика Алтай
17,0,-1,0.5404879573014923,-0.025570364660598723,0.04166351300743442,0.06535262257041884,Усть-Коксинский,Республика Алтай
18,1,0,0.9191297951583921,0.5400751281004726,0.06330827160167073,0.12498284400240436,Чемальский,Республика Алтай
19,0,-1,0.5247648402110757,0.2641136572386673,0.03384829056049788,0.10482121256629438,Чойский,Республика Алтай
20,0,-1,0.4227110156097036,-0.11815991107079894,0.0387388840156152,0.07666782817895894,Шебалинский,Республика Алтай
21,0,-1,-0.341974200132735,-0.19242586393430647,0.01545135583229288,0.048489908527773025,Уфа,Республика Башкортостан
22,0,-1,0.6230578806529371,0.42389778684564,0.0370576745151382,0.09900763647881465,Агидель,Республика Башкортостан
23,0,-1,-0.1825036415031694,-0.5666955776984186,0.015471520090499466,0.052833178138716075,Кумертау,Республика Башкортостан
25,0,-1,0.01805173867275564,-0.6028269024770812,0.0191435367978464,0.03301926574851054,Нефтекамск,Республика Башкортостан
26,0,-1,-0.22471185749641434,-0.5112006206956543,0.01554130867090463,0.03231296829649666,Октябрьский,Республика Башкортостан
27,0,-1,-0.12613479329575494,-0.35225411452115496,0.019150365972487437,0.04836428645070149,Салават,Республика Башкортостан
28,0,-1,-0.05725351879795658,-0.4319787892558406,0.015900462152094008,0.04908288865197977,Сибай,Республика Башкортостан
29,0,-1,0.11805493007788462,-0.4394525015623271,0.017575277483368186,0.04376505335457228,Стерлитамак,Республика Башкортостан
30,0,-1,0.5274331243105792,0.09397959929645383,0.02916530549400519,0.06622120986729325,Абзелиловский,Республика Башкортостан
31,0,-1,0.521378792439726,0.11749696823352258,0.015566334741046855,0.12188832667869651,Альшеевский,Республика Башкортостан
32,1,1,0.7133648236695929,-0.5388101365067396,0.03234774467697953,0.07305833015367445,Архангельский,Республика Башкортостан
33,0,-1,-0.03856937974319414,0.27896373490610493,0.017486383717392064,0.10345066469692558,Аскинский,Республика Башкортостан
34,0,-1,0.538516218494544,-0.3439640784409375,0.028010034353081477,0.07361247602568498,Аургазинский,Республика Башкортостан
35,0,-1,-0.12521137730777138,-0.600755693380974,0.015501880536587428,0.13927738639034823,Баймакский,Республика Башкортостан
36,1,1,0.6511938755331714,0.1482562463699837,0.02205037476950711,0.08856504427606512,Бакалинский,Республика Башкортостан
37,0,-1,0.5650415019947344,-0.4150652474305258,0.03425075914885655,0.14421701790113656,Балтачевский,Республика Башкортостан
38,0,-1,-0.5644695257932425,0.20942855962558135,0.011600790180029638,0.029169624280746032,Белебеевский,Республика Башкортостан
39,0,-1,0.06508142506837987,-0.35352295544470197,0.01568798393625396,0.05582914929727047,Белокатайский,Республика Башкортостан
40,0,-1,-0.6450219825639892,-0.6159805420159256,0.01019550822954282,0.02669840908843219,Белорецкий,Республика Башкортостан
41,0,-1,0.4200305865675634,0.24615377059384455,0.018540681856582638,0.061358396773946625,Бижбулякский,Республика Башкортостан
42,0,-1,-0.16424374084451362,-0.3317096006958843,0.01588033055746214,0.04388966419650749,Бирский,Республика Башкортостан
43,0,-1,0.12427685324055,0.3709325987034562,0.02785394666033838,0.1654715198721721,Благоварский,Республика Башкортостан
44,0,-1,0.46949653203075054,0.4382162142992429,0.017751128948968548,0.05936650702967043,Благовещенский,Республика Башкортостан
45,1,1,0.7054008523408608,0.5659360746658247,0.022689569165801973,0.095079100113563,Буздякский,Республика Башкортостан
46,0,-1,0.012671930540565082,0.1080520669292466,0.02046222221632191,0.08003303315013546,Бураевский,Республика Башкортостан
47,0,-1,-0.39229326897109923,-0.22537472774549203,0.02112009652293633,0.20952286345375906,Бурзянский,Республика Башкортостан
48,0,-1,0.29677513525583143,0.32965093231084625,0.016323875300446083,0.07860753473664073,Гафурийский,Республика Башкортостан
49,0,-1,0.23851908235278738,-0.043203421580515496,0.016888980944300285,0.0527579728406043,Давлекановский,Республика Башкортостан
50,0,-1,0.34531851526332547,0.7672128302778412,0.01352066926868083,0.06339248266002483,Дуванский,Республика Башкортостан
51,0,-1,-0.7485814232516065,-0.7018869707056722,0.010840125895041079,0.03444817297257641,Дюртюлинский,Республика Башкортостан
52,0,-1,0.054016085010201415,0.28375032936209676,0.033253419228870165,0.12992480371203652,Ермекеевский,Республика Башкортостан
53,0,-1,0.4417621784014276,-0.04254973480955332,0.021162380790872827,0.040402822234528894,Зианчуринский,Республика Башкортостан
54,0,-1,0.16495978654674318,-0.06424370328843027,0.012823106978177977,0.2722158545856017,Зилаирский,Республика Башкортостан
55,0,-1,0.17265158793431787,-0.19522332409016985,0.023314938601577646,0.060377936680871366,Иглинский,Республика Башкортостан
56,0,-1,0.5620053939629052,0.34244470106111924,0.018785149095194447,0.06834317193833032,Илишевский,Республика Башкортостан
57,0,-1,-0.30605893366368503,-0.4945543598024839,0.016261075729315913,0.04490351149940762,Ишимбайский,Республика Башкортостан
58,0,-1,0.5493920190402226,-0.663766020855765,0.035900110801581495,0.05062558885222168,Калтасинский,Республика Башкортостан
59,0,-1,0.1624833476750543,0.47377810505895196,0.01941752660459096,0.09743227768958054,Караидельский,Республика Башкортостан
60,1,1,0.6101878052871151,0.6868916255862889,0.024940575065940277,0.07066468727942214,Кармаскалинский,Республика Башкортостан
61,0,-1,0.2270839335268902,0.34803679567740203,0.023409201625138543,0.10821759396520494,Кигинский,Республика Башкортостан
62,0,-1,0.18112523969836938,0.5256174220918896,0.03342920362182866,0.09470896206563323,Краснокамский,Республика Башкортостан
63,0,-1,0.6138154439084738,-0.1741170536801967,0.018731009887947646,0.08008994169603947,Кугарчинский,Республика Башкортостан
65,0,-1,0.3629503022277408,0.3884566831057165,0.022700687155641462,0.07304556661592175,Кушнаренковский,Республика Башкортостан
66,0,-1,-0.24191786326388226,-0.7207953805146781,0.016110830026183205,0.052684311230848484,Мелеузовский,Республика Башкортостан
67,0,-1,0.5671313066496734,-0.06086233479711675,0.017915037155904645,0.05285358508385395,Мечетлинский,Республика Башкортостан
68,0,-1,-0.20874720254280418,0.33762491898319535,0.030837830601414516,0.0667530360729863,Мишкинский,Республика Башкортостан
69,1,1,0.730362986311029,-0.6681349467752185,0.031058840597349886,0.05663444444170374,Миякинский,Республика Башкортостан
70,0,-1,0.3383542190517188,-0.1752178849954973,0.023114108131670523,0.062136424878217335,Нуримановский,Республика Башкортостан
71,0,-1,0.28863614535139953,-0.2523743330305881,0.016489319907042128,0.050270758618643455,Салаватский,Республика Башкортостан
72,0,-1,0.6422056520752519,0.27095011567448796,0.04375794126844028,0.11922411959389742,Стерлибашевский,Республика Башкортостан
73,0,-1,0.30793295794833564,-0.125901983878292,0.020330545237908854,0.046682409168267096,Стерлитамакский,Республика Башкортостан
74,0,-1,0.5287552314678112,-0.17859780916658363,0.02537382206893877,0.06300137453841662,Татышлинский,Республика Башкортостан
75,0,-1,-0.0343970828484954,-0.16714430900819538,0.0172337916449736,0.036474495649650225,Туймазинский,Республика Башкортостан
76,0,-1,-0.1529596414261927,-0.498020370394027,0.024780804842041308,0.056021594435102656,Уфимский,Республика Башкортостан
77,0,-1,-0.13383326263498274,-0.21827700611535797,0.021030531413985813,0.0467021451347273,Учалинский,Республика Башкортостан
78,0,-1,-0.11329886731930308,-0.14738200646035035,0.033324377777413025,0.2117352456734506,Федоровский,Республика Башкортостан
79,0,-1,0.2517979368477766,-0.2391195314518938,0.017264607779274098,0.04197025211174328,Хайбуллинский,Республика Башкортостан
80,0,-1,0.44525525876306876,0.32765486691114226,0.02745359153070583,0.0803176598098342,Чекмагушевский,Республика Башкортостан
81,0,-1,-0.012456845612171929,0.0814728879915137,0.01385125059668267,0.06596574685813034,Чишминский,Республика Башкортостан
82,0,-1,0.34859935252109914,-0.25383363771207684,0.037963462761392605,0.061300109375751144,Шаранский,Республика Башкортостан
83,0,-1,0.5858922558579089,-0.6643732199463311,0.023521067075744046,0.039440196873856845,Янаульский,Республика Башкортостан
167,0,-1,0.27352500125612744,0.2993915064536895,0.02931664236079205,0.0571903952339402,Нальчик,Кабардино-Балкарская Республика
168,1,1,-0.026441168622895615,0.6609132736820812,0.041718448795728266,0.0997258472746536,Баксан,Кабардино-Балкарская Республика
169,1,1,-0.18821009652034637,0.8728220319502212,0.020526463770551083,0.099354385647134,Прохладный,Кабардино-Балкарская Республика
173,0,-1,0.008027377262394783,0.4427475320392994,0.022741580666788115,0.22997457391884077,Майский,Кабардино-Балкарская Республика
181,0,-1,-0.13799570776171824,0.38681176603502626,0.02575830305936522,0.20209221980859268,Городовиковский,Республика Калмыкия
184,1,0,-0.27783788609031007,0.8063554559582532,0.01986380819838111,0.2842338657112101,Лаганский,Республика Калмыкия
185,0,-1,-0.17249470959449895,0.1515560548354592,0.03046736139060066,0.3142337156749663,Малодербетовский,Республика Калмыкия
188,0,-1,-0.21531286595226615,-0.2342764849751942,0.03520656715813698,0.11339907997589153,Сарпинский,Республика Калмыкия
191,1,0,0.4266686807012249,0.6652542538277076,0.04747284819067764,0.460051682414141,Юстинский,Республика Калмыкия
194,0,-1,0.1646621303885571,0.4354848302902071,0.018523215558788494,0.04173653699868902,Черкесский,Карачаево-Черкесская Республика
195,0,-1,-0.2350021367099131,-0.21651217790585991,0.030148452213427896,0.09449454168640616,Карачаевский,Карачаево-Черкесская Республика
196,0,-1,0.43451514130606433,-0.16749595263752484,0.040207014858692894,0.06256059760658157,Абазинский,Карачаево-Черкесская Республика
198,0,-1,0.5960109774150524,0.25229025643879105,0.02197016338156291,0.08195652726723071,Зеленчукский,Карачаево-Черкесская Республика
201,0,-1,-0.4424239912052332,-0.5435128664684351,0.03156232227674565,0.06830662253768872,Ногайский,Карачаево-Черкесская Республика
203,0,-1,-0.533460015171567,0.23612578788311747,0.017061329291917456,0.11760896897246882,Урупский,Карачаево-Черкесская Республика
204,0,-1,-0.24602028932637413,-0.5139422284273528,0.03051008808293594,0.08018863871374915,Усть-Джегутинский,Карачаево-Черкесская Республика
205,0,-1,-0.47872056450351486,0.19805485442807308,0.028083503394619423,0.09534445861066054,Хабезский,Карачаево-Черкесская Республика
206,0,-1,0.0848648696907058,-0.2823180881981513,0.01880884813384146,0.038022512360978714,Петрозаводский,Республика Карелия
207,1,0,0.668306090533585,-0.05312892064709137,0.04035359922548298,0.05469022676181357,Костомукшский,Республика Карелия
208,1,0,0.6698608855947599,0.49478875302619374,0.022216250057401916,0.0728133603805977,Беломорский,Республика Карелия
209,0,-1,0.4359082946662276,-0.31778423782219933,0.030861061714421656,0.13503901891248798,Калевальский,Республика Карелия
210,0,-1,0.06248977482599012,-0.6998570234432306,0.019407292389421488,0.057817172689259046,Кемский,Республика Карелия
211,1,0,0.6705968140219011,0.1024701493656405,0.025035798954478047,0.029729364872371707,Кондопожский,Республика Карелия
212,0,-1,0.03333622190982618,-0.1420104132689337,0.02009074484673827,0.060632684834569926,Лахденпохский,Республика Карелия
213,1,0,0.7268461681601973,0.6184060567856197,0.02379310748910029,0.07761820901987236,Лоухский,Республика Карелия
214,0,-1,0.22729464184798168,0.19537039613197485,0.013045890871229725,0.05596504203873508,Медвежьегорский,Республика Карелия
215,1,0,0.6509062760560927,0.5476662120296522,0.03948842626306035,0.1456245158797963,Муезерский,Республика Карелия
216,0,-1,0.5099236834764005,-0.11411570387112945,0.016481566989635384,0.046080145549782556,Олонецкий,Республика Карелия
217,0,-1,0.48038936235744706,0.07300564578328003,0.023538187168464775,0.04272397888226916,Питкярантский,Республика Карелия
218,1,0,0.654027509686537,-0.40962525498918034,0.07527235462999486,0.0995799547631459,Прионежский,Республика Карелия
219,0,-1,0.12286708955911668,-0.09819332158849163,0.03467586092306203,0.09800611926660596,Пряжинский,Республика Карелия
220,1,0,0.7032962444991385,0.7411919314818265,0.024973097625293875,0.09611646925135814,Пудожский,Республика Карелия
221,1,0,0.7682028504360126,-0.20176510965959424,0.030231355135358875,0.046142988115981165,Сегежский,Республика Карелия
222,1,1,0.49102403446684134,0.6659731271889646,0.025013572205874343,0.08930354859505328,Сортавальский,Республика Карелия
223,0,-1,0.5391648842747873,0.1000714949093741,0.024474544550189787,0.07197208608765297,Суоярвский,Республика Карелия
224,0,-1,0.7930764173037727,-0.31374409901124156,0.020886457673729306,0.02425907173690166,Сыктывкар,Республика Коми
225,1,0,0.974221336359245,0.6754128696207895,0.061649914703923905,0.08254832323574711,Воркута,Республика Коми
226,0,-1,0.6211279130178504,0.11874597048329226,0.043764253012289145,0.05738740169220553,Вуктыл,Республика Коми
227,1,0,0.8488332046412594,0.899199112594819,0.04330156411148428,0.10947387079728436,Инта,Республика Коми
228,1,0,0.7824471835378981,0.7461826583055067,0.05219045044774631,0.08248270461770936,Усинск,Республика Коми
229,1,0,0.9232087057131168,0.2609170897311445,0.03168478153478071,0.037723190323979326,Ухта,Республика Коми
230,1,3,0.9144191617648879,0.762489987871313,0.04144714412370553,0.12444513333222595,Ижемский,Республика Коми
231,0,-1,0.5247000398467045,0.4292820658322963,0.028835426752060436,0.0523758799288132,Княжпогостский,Республика Коми
232,0,-1,-0.3454328029141897,-0.17993360813500955,0.03187106006446309,0.10871923525821435,Койгородский,Республика Коми
233,0,-1,-0.432857234526588,-0.4437523475270143,0.03680594258204231,0.1179693937976811,Корткеросский,Республика Коми
234,1,0,0.9375342951374318,-0.08117145444973216,0.031190909129883426,0.03928624343060238,Печора,Республика Коми
235,0,-1,-0.17602480323141367,0.5812403330134728,0.033462378358680746,0.09782658867563396,Прилузский,Республика Коми
236,0,-1,0.179501583679426,0.7263363634899556,0.022615200299683107,0.04469683942247678,Сосногорск,Республика Коми
237,0,-1,0.23433952632880606,-0.697940279225389,0.029573807520352817,0.054592433337356326,Сыктывдинский,Республика Коми
238,0,-1,0.03166245479962769,-0.6116364922010133,0.02785530043057296,0.044205400637805085,Сысольский,Республика Коми
239,1,0,0.7741944452450504,0.6578592003229684,0.032292582366014934,0.15433328493939036,Троицко-Печорский,Республика Коми
240,1,0,0.8521771019096345,0.631136434644269,0.03156786987624037,0.09584409434377728,Удорский,Республика Коми
241,0,-1,0.40839457523061623,-0.012105649377500234,0.024859389092572782,0.04126934865852854,Усть-Вымский,Республика Коми
242,0,-1,-0.2612153384208523,-0.09049309915187924,0.025128544719200147,0.08275806002220568,Усть-Куломский,Республика Коми
243,1,3,0.9246358359703718,0.5908657487469308,0.07312017256428438,0.1494578905180764,Усть-Цилемский,Республика Коми
269,0,-1,0.7115005098748429,0.45293739132369887,0.018341276026178206,0.046808784517573136,Йошкар-Ола,Республика Марий Эл
270,1,1,0.778038860590699,0.05541723307933136,0.030767624123283592,0.06025576325458955,Волжск,Республика Марий Эл
271,0,-1,-0.019669998736406995,-0.4909751607907181,0.01872318899157701,0.05968787698317684,Козьмодемьянск,Республика Марий Эл
272,0,-1,0.2506575801878682,0.41618040166931436,0.019760604591450397,0.12908501946629894,Волжский,Республика Марий Эл
273,0,-1,0.44288527947335504,0.33175754759702303,0.027133018020844613,0.06315083674522004,Горномарийский,Республика Марий Эл
274,0,-1,0.21812340427292087,-0.1293439434495872,0.018138445302143272,0.0483985360108793,Звениговский,Республика Марий Эл
275,0,-1,-0.30240614747296507,-0.578818018305331,0.01964444492716071,0.09568273637052989,Килемарский,Республика Марий Эл
276,0,-1,-0.014716460804110036,0.545062625055959,0.026879107874855448,0.12327309312876134,Куженерский,Республика Марий Эл
277,0,-1,0.7141147526987788,-0.08384975814845873,0.020669226009510416,0.06400726146338781,Мари-Турекский,Республика Марий Эл
278,0,-1,-0.1258038751421339,-0.2291442386087563,0.017428357481837357,0.04660094275864374,Медведевский,Республика Марий Эл
279,0,-1,-0.20662912279543108,0.4638570429569264,0.016396856411922178,0.08204185587102088,Моркинский,Республика Марий Эл
280,0,-1,0.38186148994533636,-0.8498489415417941,0.03282949794386876,0.051124855863074296,Новоторъяльский,Республика Марий Эл
281,1,1,0.7395795362168672,-0.03664833286389641,0.05010271245952426,0.12994418785685505,Оршанский,Республика Марий Эл
282,0,-1,0.34502809514590915,-0.13178061106529135,0.028530162214560374,0.11079415560232142,Параньгинский,Республика Марий Эл
283,0,-1,0.5140444740706069,-0.18824609568414602,0.02965424647397844,0.055667045138855786,Сернурский,Республика Марий Эл
284,0,-1,0.014275495419614266,0.3095062818132323,0.020948598840327952,0.06790727172505817,Советский,Республика Марий Эл
285,0,-1,-0.6389549484186144,0.2959620164380922,0.018606316828089112,0.15895334940427217,Юринский,Республика Марий Эл
287,0,-1,0.252772484378793,0.45995691362191027,0.025810071414945016,0.15057354767375267,Ардатовский,Республика Мордовия
288,0,-1,0.20029033284212253,0.26723249174400204,0.027039704571006233,0.24962411833232398,Атюрьевский,Республика Мордовия
289,0,-1,0.2642597458492106,0.42235602681641304,0.019727501782272457,0.0744258649073276,Атяшевский,Республика Мордовия
290,0,-1,-0.15267110226546735,0.3893470529423208,0.02456756743080167,0.3471917816367618,Большеберезниковский,Республика Мордовия
292,0,-1,-0.27384921199457285,0.08963126817281356,0.026978200994339605,0.17684632335801972,Дубенский,Республика Мордовия
293,0,-1,-0.29783334868117567,0.5006998463739841,0.01989875882601201,0.20207885850578267,Ельниковский,Республика Мордовия
294,0,-1,0.4765792828943661,0.24608381583236472,0.02097821223237564,0.06192889844071835,Зубово-Полянский,Республика Мордовия
295,0,-1,-0.5953503860707848,0.1161046190127068,0.007377853023974092,0.14073841055777592,Инсарский,Республика Мордовия
296,0,-1,0.03786822101341022,0.41542005033646556,0.021163308808209515,0.18919765024186516,Ичалковский,Республика Мордовия
297,0,-1,0.24064303941862517,0.3617939977034315,0.032164420491151736,0.30387128670919356,Кадошкинский,Республика Мордовия
298,0,-1,0.35184677636094264,-0.2033061673677711,0.011078565026019805,0.055019118554651775,Ковылкинский,Республика Мордовия
300,0,-1,-0.14032974355527672,-0.467752240716048,0.019294498089364,0.14029320197443623,Краснослободский,Республика Мордовия
301,0,-1,0.017773612856137405,-0.14771094418408084,0.020397839005407543,0.04570725082285995,Лямбирский,Республика Мордовия
302,0,-1,0.38381352580895406,0.16777696659570399,0.029251278683853063,0.19071758175631515,Ромодановский,Республика Мордовия
303,0,-1,0.03929561392721272,0.23386098838138245,0.015392166781270695,0.048972737731480406,Рузаевский,Республика Мордовия
304,0,-1,-0.3745865803497883,0.15646899303578454,0.04445551480904357,0.2438341083341515,Старошайговский,Республика Мордовия
305,0,-1,0.27107142364880726,-0.1486012855013523,0.015150844402630275,0.06720385657460722,Темниковский,Республика Мордовия
306,0,-1,0.3064567997474722,0.3870908039460477,0.03634251685369668,0.23027611974243645,Теньгушевский,Республика Мордовия
307,0,-1,-0.45862807165793273,0.07203514197023245,0.00726760276215506,0.055661386153538,Торбеевский,Республика Мордовия
308,0,-1,0.5260188857828785,0.5639280689678011,0.0179710358734211,0.05004349895258019,Чамзинский,Республика Мордовия
309,1,3,0.8317388950328627,-0.41563048751791554,0.04210151366916904,0.035318338001045994,Якутск,Республика Саха (Якутия)
312,1,0,0.8394987271225287,0.35760914292608437,0.03950524516861107,0.06552411857875451,Алданский,Республика Саха (Якутия)
314,1,3,0.8596526903908986,0.7305276311959981,0.07045141148099344,0.17540173662088807,Амгинский,Республика Саха (Якутия)
316,1,2,0.7692903993724857,0.7013113988131284,0.11728262225466457,0.2514500572277403,Булунский,Республика Саха (Якутия)
317,1,3,0.8264237749338538,0.03387641099067992,0.05053389761634274,0.12490496325868845,Верхневилюйский,Республика Саха (Якутия)
318,1,2,0.8359873931120139,0.6122104910793082,0.08991306025144867,0.5326936511266955,Верхнеколымский,Республика Саха (Якутия)
319,1,2,0.9507978595339954,0.6402752102872725,0.11793474150641889,0.42524158986000415,Верхоянский,Республика Саха (Якутия)
320,1,3,0.7928538048210082,0.002395738881868344,0.05635748305170954,0.11688149098152889,Вилюйский,Республика Саха (Якутия)
321,1,3,0.4198534949953801,0.7247721560884667,0.033562238466828265,0.1431149960597217,Горный,Республика Саха (Якутия)
323,0,-1,0.47604850211659727,0.5505713482703884,0.07587353829007765,0.21359378400728798,Кобяйский,Республика Саха (Якутия)
324,1,3,0.7753191161414121,0.7513212689491592,0.0620084909824575,0.1407237314013911,Нюрбинский,Республика Саха (Якутия)
325,1,0,0.9126423371202029,-0.4054338823875742,0.04745070111094868,0.07243324182792826,Ленский,Республика Саха (Якутия)
326,1,3,0.9001371431306516,0.668223355144825,0.05016363374896439,0.1278604373043884,Мегино-Кангаласский,Республика Саха (Якутия)
327,1,0,0.8712077967451528,-0.24175545227360373,0.049174349950855414,0.0456140280937072,Мирнинский,Республика Саха (Якутия)
329,0,-1,0.5390155971974518,0.3000778442974022,0.06569742216745751,0.08272054467494395,Намский,Республика Саха (Якутия)
330,1,0,0.6659009694692803,-0.15006782365077487,0.04124446030056139,0.049069900986895,Нерюнгринский,Республика Саха (Якутия)
331,1,2,0.6907798697155034,0.6259502967255954,0.08482488994605228,0.14417289107018455,Нижнеколымский,Республика Саха (Якутия)
332,1,3,0.7048033520986202,0.3611671409068399,0.07141628925290447,0.14815142614288032,Оймяконский,Республика Саха (Якутия)
333,1,3,0.7984977869672508,0.731210298658776,0.05725562195931345,0.12564533440195733,Олекминский,Республика Саха (Якутия)
334,1,3,0.6681527068104887,0.05895588650167252,0.10508449895733576,0.25958738530859443,Оленекский,Республика Саха (Якутия)
335,1,3,0.9284643622229746,0.8990789914194502,0.10625294735864342,0.32276313383289723,Среднеколымский,Республика Саха (Якутия)
336,1,3,0.8562856328991483,0.8215358458968797,0.07158974607853258,0.2688451540952116,Сунтарский,Республика Саха (Якутия)
337,1,3,0.7959516371714611,0.8750373367916687,0.06374261131491107,0.1915184535612822,Таттинский,Республика Саха (Якутия)
338,1,3,0.9335918451095075,0.8190695347827377,0.07039387019953085,0.20645932367138212,Томпонский,Республика Саха (Якутия)
339,1,3,0.9235529515483885,0.8624055298966703,0.07272406389002342,0.28906286171837536,Усть-Алданский,Республика Саха (Якутия)
340,1,3,0.6731119308307246,0.4994444238828242,0.08410269104834671,0.31329173132906507,Усть-Майский,Республика Саха (Якутия)
341,1,2,0.8590258338796045,0.5379801679951517,0.10019938178618513,0.45450095709942606,Усть-Янский,Республика Саха (Якутия)
342,1,3,0.8036067237241658,0.035855746127585415,0.04682047288839099,0.13730252618274844,Хангаласский,Республика Саха (Якутия)
343,1,3,0.8801559913798728,0.8762831333143485,0.0686675172225753,0.1481659238812157,Чурапчинский,Республика Саха (Якутия)
345,0,-1,-0.20593441063752657,-0.5120733793919001,0.030784778440151258,0.048441012104271125,Владикавказ,Республика Северная Осетия — Алания
346,0,-1,-0.6558736539680365,-0.4432049269259336,0.028433300793646924,0.06849319972927409,Алагирский,Республика Северная Осетия — Алания
347,0,-1,-0.3439548826964358,-0.03684312239778301,0.042899324905782445,0.12116070574544041,Ардонский,Республика Северная Осетия — Алания
348,0,-1,-0.40739215373268417,0.07220290679562481,0.03550500845401196,0.16890348675018094,Дигорский,Республика Северная Осетия — Алания
349,0,-1,-0.3399700942078593,-0.35674307856831394,0.0370398154398407,0.10850638019310746,Ирафский,Республика Северная Осетия — Алания
351,0,-1,-0.32048476909212936,-0.020816920907425717,0.025230739059035646,0.07141203828348619,Моздокский,Республика Северная Осетия — Алания
352,0,-1,-0.26334175691863093,-0.08601977779011372,0.0366539657327817,0.08711780225027287,Правобережный,Республика Северная Осетия — Алания
354,0,-1,-0.20196779778222362,-0.22186153181000604,0.018739572793471625,0.046507332000707675,Казань,Республика Татарстан
355,0,-1,-0.12637254683823407,-0.4735287286294166,0.019964944928317154,0.03710800659428923,Набережные Челны,Республика Татарстан
356,0,-1,0.2528943760319838,0.34188644505149374,0.022995185280066232,0.06061480972282145,Агрызский,Республика Татарстан
357,1,1,0.877433803145996,-0.8502675153484673,0.029548948954091898,0.022239901235382862,Азнакаевский,Республика Татарстан
358,0,-1,0.0988722227165054,0.6027714780683525,0.026090701391699722,0.1178781721423677,Аксубаевский,Республика Татарстан
359,0,-1,0.6026057961696374,0.09565680368627143,0.02816667645016703,0.06473097131001498,Актанышский,Республика Татарстан
360,0,-1,0.104641557905916,0.04212732907438737,0.019665035168999985,0.062381809499666395,Алексеевский,Республика Татарстан
361,0,-1,0.09825146025351376,0.22513577385826733,0.021379399406638376,0.10777564865682478,Алькеевский,Республика Татарстан
362,0,-1,-0.049827412164334575,-0.40377478373535725,0.019887514640027366,0.0378107103032027,Альметьевский,Республика Татарстан
363,0,-1,-0.04582062118113597,-0.060912374431298336,0.028820020299479377,0.10785469795688486,Апастовский,Республика Татарстан
364,0,-1,0.46646787729950745,-0.015213221437506266,0.024310782846196352,0.06683949833214946,Арский,Республика Татарстан
365,0,-1,0.14846180078847704,0.22453881758811348,0.048913867625810584,0.1801333325859868,Атнинский,Республика Татарстан
366,1,1,0.7758137346623152,-0.6805495156047301,0.03329556525943054,0.05169830549423567,Бавлинский,Республика Татарстан
367,0,-1,0.5838400168349549,0.41092709027013447,0.01910681470129382,0.13147832005374777,Балтасинский,Республика Татарстан
368,0,-1,-0.04685174256861977,-0.050382639406163714,0.018132212774727284,0.03811281313473012,Бугульминский,Республика Татарстан
369,0,-1,0.18191452163232805,-0.6196758020561753,0.01533768045887957,0.029926164208933754,Буинский,Республика Татарстан
370,0,-1,0.28095733574035275,0.5819231944586679,0.03993299195209857,0.10642619928459454,Верхнеуслонский,Республика Татарстан
371,0,-1,-0.1050474597638666,-0.31226294646283514,0.026213195134627935,0.03770307171268837,Высокогорский,Республика Татарстан
372,0,-1,0.465633579178948,0.18315722676723675,0.03826414819096633,0.17052592279198525,Дрожжановский,Республика Татарстан
373,0,-1,0.00521804488783082,-0.32469880759934083,0.01963904865092033,0.03744581597314058,Елабужский,Республика Татарстан
374,0,-1,0.6390638293638035,0.3779587715570466,0.023520710131354136,0.055437155040248584,Заинский,Республика Татарстан
375,0,-1,-0.31058457835313813,-0.5689174196202463,0.017596975311411706,0.03632402225851189,Зеленодольский,Республика Татарстан
376,0,-1,-0.17418747245988275,0.24821637530774485,0.02943761085475127,0.14315224900207654,Кайбицкий,Республика Татарстан
377,0,-1,0.6233635673018172,-0.15247344839858754,0.03279304951708471,0.09362948855529155,Камско-Устьинский,Республика Татарстан
378,1,1,0.7282348189190269,0.1688063068180757,0.028438874868882236,0.05949433539464025,Кукморский,Республика Татарстан
379,0,-1,-0.5768415029902288,-0.6453724971592036,0.024024073316106603,0.06134102985657544,Лаишевский,Республика Татарстан
380,0,-1,0.14695749582169945,-0.2886853950451834,0.02265394512508486,0.05057349780481693,Лениногорский,Республика Татарстан
381,0,-1,0.4564126445968633,-0.013783373245947651,0.023917473789564887,0.051179425245515255,Мамадышский,Республика Татарстан
382,1,1,0.7014673744726767,-0.22665472286018332,0.035031184569899156,0.055578719186498406,Менделеевский,Республика Татарстан
383,0,-1,0.166129268973106,-0.1975246589245689,0.021483821355282703,0.04454053142250362,Мензелинский,Республика Татарстан
384,0,-1,0.49744653968646557,-0.31765577792420835,0.030791924735476588,0.09901964939405597,Муслюмовский,Республика Татарстан
385,0,-1,-0.015707891261565972,-0.4823273547330832,0.02122790242111425,0.04333462248122252,Нижнекамский,Республика Татарстан
386,0,-1,0.3729192832820536,0.25694584586593133,0.028088244293335684,0.10628156048171655,Новошешминский,Республика Татарстан
387,0,-1,0.7076239080009523,-0.12617490546975638,0.016918775635890438,0.04649991614851964,Нурлатский,Республика Татарстан
388,0,-1,-0.3854940480475567,-0.7876845342204467,0.0209518610328558,0.03390562117310242,Пестречинский,Республика Татарстан
390,0,-1,0.3909442373490188,0.4861003866137144,0.02682143503431107,0.09233112509803602,Сабинский,Республика Татарстан
391,0,-1,0.5781448979585587,-0.6028593563475808,0.03548863230950502,0.0542346590970925,Сармановский,Республика Татарстан
392,0,-1,-0.1915971892903156,0.26575564394264906,0.02245405469386828,0.10714565746750246,Спасский,Республика Татарстан
393,0,-1,0.18963911388105018,-0.309765889242825,0.0170393330332351,0.07350265172118375,Тетюшский,Республика Татарстан
395,0,-1,-0.16471649360025453,-0.5461089084172267,0.042197432545637875,0.12335832224433783,Тюлячинский,Республика Татарстан
396,0,-1,0.3975580573840695,-0.10385562076986714,0.03132595006673478,0.088836716138859,Черемшанский,Республика Татарстан
397,0,-1,0.02481054504714329,0.22293463809351663,0.017404539819713936,0.035910721744957984,Чистопольский,Республика Татарстан
398,0,-1,0.6181099954456483,-0.6855362071116482,0.028527522688764535,0.07172883846262108,Ютазинский,Республика Татарстан
401,0,-1,0.19605536084112202,0.08208037476097102,0.06885191001548978,0.13025620908798943,Бай-Тайгинский,Республика Тыва
402,0,-1,-0.3567078118807105,0.0038084751008919553,0.03877074951460879,0.1334580215570761,Барун-Хемчикский,Республика Тыва
403,1,3,0.6463507229839698,-0.3620515078137793,0.06284083968236626,0.07350978638864272,Дзун-Хемчикский,Республика Тыва
404,0,-1,0.16415205885283327,-0.08672366683524114,0.03357619890411152,0.049380980375718565,Каа-Хемский,Республика Тыва
405,0,-1,0.2955436590304846,0.17907107386147472,0.03687613877533082,0.07230381282180745,Кызылский,Республика Тыва
408,0,-1,0.24201886168189332,-0.708284433514003,0.050992760981888235,0.05657083699640098,Пий-Хемский,Республика Тыва
410,0,-1,0.14697421515647116,0.2835274388674849,0.03126806706409539,0.13134466073392362,Тандинский,Республика Тыва
413,0,-1,0.4018954711587773,0.6241242036893221,0.051410100838140585,0.09590482642934339,Тоджинский,Республика Тыва
414,0,-1,0.5669325736468579,0.15347297437193966,0.05228481473024194,0.07686493053409064,Улуг-Хемский,Республика Тыва
416,0,-1,-0.40353668281725313,0.1051820297270528,0.04008826559122972,0.08852851611887017,Чеди-Хольский,Республика Тыва
418,0,-1,-0.26310112698596927,0.12818300438884933,0.01232627069748406,0.048685881690128684,Ижевск,Удмуртская Республика
419,0,-1,0.39480094441668534,-0.041543040309907506,0.018136436968683067,0.04665791906654551,Воткинск,Удмуртская Республика
420,0,-1,0.2022669162211873,0.5961524042697484,0.015842624402334863,0.06406315905032298,Глазов,Удмуртская Республика
421,0,-1,0.048408400585360625,-0.2992501905817086,0.01170187293842801,0.02828822901136188,Можга,Удмуртская Республика
422,0,-1,-0.09647260445536121,-0.5164898403097798,0.01822191485710479,0.050586190625815444,Сарапул,Удмуртская Республика
423,0,-1,-0.17637368567572093,-0.565908577001529,0.018689089925066876,0.05789157240177951,Алнашский,Удмуртская Республика
424,1,0,0.6804806657246458,-0.21408280917614753,0.028418825193388477,0.06349715320371677,Балезинский,Удмуртская Республика
425,0,-1,0.5471403270138283,0.010055382313958295,0.023223506550407544,0.051927970239562055,Вавожский,Удмуртская Республика
428,0,-1,0.2904631810978905,-0.36865144330923666,0.02629082948995947,0.15093262437657534,Граховский,Удмуртская Республика
429,1,0,-0.17175681811351,0.6579442077499786,0.038287514802188845,0.09607600583756488,Дебёсский,Удмуртская Республика
430,0,-1,-0.6296497190970994,-0.5066073860965518,0.017815645884237005,0.049538575289600414,Завьяловский,Удмуртская Республика
431,0,-1,0.2058593492227346,0.8075089939172987,0.016511350632830362,0.04761709582518107,Игринский,Удмуртская Республика
432,0,-1,0.30008743730403303,0.04948017560642522,0.021955073371134056,0.07000354496331691,Камбарский,Удмуртская Республика
433,0,-1,0.1886754065530447,0.10041278878135976,0.035019107665434195,0.1869965050784658,Каракулинский,Удмуртская Республика
434,0,-1,-0.08737560732984083,0.09793532819308319,0.017572160031384464,0.0834355848439093,Кезский,Удмуртская Республика
435,0,-1,-0.08335551778884942,-0.06448050508148644,0.022974975891695476,0.10815758580454492,Кизнерский,Удмуртская Республика
436,0,-1,-0.31937348096320667,0.13144052999311845,0.01841400748036907,0.10898283071744476,Киясовский,Удмуртская Республика
437,0,-1,0.4753730500874102,-0.6521408839547658,0.03859851532996616,0.10077271565813979,Красногорский,Удмуртская Республика
438,0,-1,-0.5823871625792154,0.08563149583948364,0.021317974906947923,0.10813629403539467,Малопургинский,Удмуртская Республика
440,0,-1,0.06731049864758012,-0.1239001918508646,0.024320529345563124,0.07895001387087361,Сарапульский,Удмуртская Республика
441,0,-1,0.21056544361043944,-0.627007318365426,0.024434141862370053,0.10844957735752608,Селтинский,Удмуртская Республика
442,0,-1,0.5117939056365729,-0.5894807550980268,0.023968654528921867,0.0807471230097997,Сюмсинский,Удмуртская Республика
443,0,-1,-0.8245062894995995,0.320827337894658,0.009330168054974502,0.05920926294231061,Увинский,Удмуртская Республика
444,0,-1,-0.39875686596184884,-0.1656295134462127,0.015027400117026983,0.07610748431301835,Шарканский,Удмуртская Республика
445,0,-1,0.2175183814478838,-0.37697505822575983,0.03831782962560664,0.12544622057738558,Юкаменский,Удмуртская Республика
446,0,-1,-0.8593022989793785,-0.5715727583587359,0.019988510428123597,0.10086776295685104,Якшур-Бодьинский,Удмуртская Республика
447,0,-1,0.36595742340688553,-0.6656712405965701,0.0349561368911242,0.06861480455114718,Ярский,Удмуртская Республика
448,0,-1,-0.4965053393528756,0.28586540641445685,0.012383195754005108,0.051402050478167066,Абакан,Республика Хакасия
449,0,-1,0.37747105217974003,0.6381361604721878,0.025962259229389148,0.10778151840507466,Абаза,Республика Хакасия
450,0,-1,0.24830048010142874,-0.44005472079078356,0.017969700560327442,0.04697288097054571,Саяногорск,Республика Хакасия
451,1,1,0.801279143155812,0.3156787299805086,0.03231277431731669,0.07067195966536532,Сорск,Республика Хакасия
452,0,-1,-0.6178082473336517,-0.11582809547351511,0.010101411108548567,0.03988046553352148,Черногорск,Республика Хакасия
453,0,-1,-0.4150789591143288,-0.6249436983082041,0.020387697928834242,0.07488938968292476,Алтайский,Республика Хакасия
455,0,-1,-0.05370879094159146,0.27103808024483994,0.01517324761239481,0.058401569955345456,Бейский,Республика Хакасия
456,0,-1,0.15394157435269493,-0.5437622738861124,0.032203330987478296,0.12669288431322653,Боградский,Республика Хакасия
457,0,-1,-0.036116205310741466,-0.12548522408135485,0.0221435345613313,0.10554271967840392,Орджоникидзевский,Республика Хакасия
458,0,-1,0.2985047574634579,-0.29908413240610543,0.02340545009480185,0.04884236396552176,Таштыпский,Республика Хакасия
459,0,-1,-0.5761962899509776,-0.34128811748610677,0.01391535003982452,0.06756295651189077,Усть-Абаканский,Республика Хакасия
460,1,0,0.6533536544320835,-0.5191313782266964,0.025132644269226522,0.10383042796426721,Ширинский,Республика Хакасия
478,0,-1,-0.1586719403417209,-0.3589064100438904,0.017452046540680062,0.03637991321419703,Чебоксары,Чувашская Республика
479,0,-1,0.6103438284107403,0.4499968606160013,0.019373726067418686,0.06928307204894131,Алатырь,Чувашская Республика
480,0,-1,0.395985548044358,-0.29205385299631637,0.01587979288909651,0.029169635143964052,Канаш,Чувашская Республика
481,0,-1,-0.28603373644192587,-0.3776665432942691,0.01621275215112194,0.0419999752027698,Новочебоксарск,Чувашская Республика
482,0,-1,0.46787563604299237,0.5195499165280398,0.019131268913282772,0.04165110224803845,Шумерля,Чувашская Республика
484,0,-1,0.12677557828693076,-0.038547470940279896,0.034020978603189735,0.1314837150497369,Аликовский,Чувашская Республика
485,0,-1,0.34665336947023445,-0.222988130926307,0.022788292189927513,0.06110898919034306,Батыревский,Чувашская Республика
486,0,-1,-0.560023091694505,0.14883252791465754,0.012523441958209314,0.08305309952061142,Вурнарский,Чувашская Республика
487,0,-1,-0.36523253565288616,-0.16649073247139046,0.02077403053016635,0.09134606966898935,Ибресинский,Чувашская Республика
489,0,-1,0.4165805249689634,-0.29334151051826207,0.027755617288937228,0.06464611746967516,Козловский,Чувашская Республика
490,0,-1,0.524208797240795,0.1297600593583962,0.03017890238729373,0.07961975655574803,Комсомольский,Чувашская Республика
491,0,-1,-0.1750387436518548,0.5340367530932048,0.02575349915510362,0.10439609780582412,Красноармейский,Чувашская Республика
492,0,-1,0.042481699332016024,-0.016205594462541904,0.021861647167150302,0.08153528806006907,Красночетайский,Чувашская Республика
493,0,-1,0.3089569601381975,-0.4174847411893017,0.028362081678241887,0.10065220320286077,Мариинско-Посадский,Чувашская Республика
494,0,-1,-0.282312698344995,0.4688271470952398,0.022339974772012678,0.13842775226202284,Моргаушский,Чувашская Республика
495,0,-1,0.23435918237584893,-0.1728582580241717,0.023810275195689002,0.09134306313981362,Порецкий,Чувашская Республика
496,0,-1,0.18561012325123374,-0.4779178110718963,0.027666140782503484,0.08867636250268053,Урмарский,Чувашская Республика
497,0,-1,-0.21369201330163515,-0.8020564867904799,0.018996643859271065,0.03551637598249706,Цивильский,Чувашская Республика
498,0,-1,-0.14722476004642357,-0.1358042178371943,0.018433159473255915,0.04379344721439478,Чебоксарский,Чувашская Республика
499,0,-1,0.021450939229193382,-0.11246609204316554,0.02978876799214387,0.09368709175218974,Шемуршинский,Чувашская Республика
501,0,-1,-0.0036322300999898868,0.259026090367575,0.010195006340716293,0.05010153106980611,Ядринский,Чувашская Республика
502,0,-1,-0.24804363573961521,-0.12191983214181741,0.026942895753016834,0.1426479479914793,Яльчикский,Чувашская Республика
503,0,-1,-0.5147299664741041,-0.5197184659222478,0.026467792227141015,0.15096748336670068,Янтиковский,Чувашская Республика
504,0,-1,-0.3254543680628278,-0.1516134947318424,0.015580658971807078,0.04373456615543892,Барнаул,Алтайский край
505,0,-1,0.11808874075865106,0.7749587656530333,0.01291516458910746,0.0635623681401034,Алейск,Алтайский край
506,0,-1,0.2574712181608798,-0.14130118332267563,0.02860167932744447,0.04167197901318601,Белокуриха,Алтайский край
507,0,-1,0.1254562672858263,-0.28147044745557426,0.019510228481952056,0.035008187959644464,Бийск,Алтайский край
508,0,-1,0.4223330300654082,0.2904722076243404,0.013890553393965503,0.035653563581544055,Заринск,Алтайский край
509,0,-1,-0.4565604267646563,-0.6147674275990394,0.016345395974039976,0.04497048531465835,Новоалтайск,Алтайский край
510,0,-1,-0.25013656431675596,-0.5601760257394495,0.017081910845909147,0.04308989429013642,Рубцовск,Алтайский край
511,0,-1,0.42101132553024606,-0.7005372436810464,0.020422357858629912,0.031699629170524664,Славгород,Алтайский край
512,0,-1,0.4587502876202984,0.4002111512611712,0.018774878183706465,0.12933938867542386,Яровое,Алтайский край
515,1,0,0.8406705012141964,-0.6747924780372975,0.029587845398306188,0.03190683514051096,Алтайский,Алтайский край
516,0,-1,0.40260371577467036,0.004519859951609172,0.025051573245035003,0.1511820690074855,Баевский,Алтайский край
517,0,-1,-0.015407060206980738,0.4501753481934502,0.033315284913940285,0.08997878219816682,Бийский,Алтайский край
518,0,-1,0.5017200292256428,0.18741674511707151,0.021393118935489865,0.034187830851386825,Благовещенский,Алтайский край
519,0,-1,0.2229710429219559,-0.4973990777104761,0.032904448089065806,0.1546717393590622,Бурлинский,Алтайский край
520,0,-1,-0.3278711002282552,-0.6468162437471455,0.01816251130856656,0.08769797458596273,Быстроистокский,Алтайский край
521,1,0,0.7769852967579565,-0.4186576614560066,0.028005248719899727,0.04804592607869541,Волчихинский,Алтайский край
522,0,-1,-0.16342685409238236,-0.5776099690529303,0.0240057669273565,0.0778997203145165,Егорьевский,Алтайский край
523,0,-1,-0.03375316718417095,-0.6183452156234439,0.024172198539407438,0.14004673973798173,Ельцовский,Алтайский край
524,0,-1,0.6403104123640978,0.37835013852740196,0.02976569265086913,0.07633899656260339,Завьяловский,Алтайский край
525,0,-1,-0.4613071527673435,-0.08920530423589595,0.023451130042616217,0.09910874308158156,Залесовский,Алтайский край
527,0,-1,0.5133698305731935,0.04768715172556315,0.022009431097403886,0.05822056288296787,Змеиногорский,Алтайский край
528,0,-1,-0.3045254315374959,-0.054768148964276314,0.02200134308519238,0.14472491445164704,Калманский,Алтайский край
529,1,0,0.8422658224385264,0.010374358061499854,0.026684315296057366,0.030521529120449448,Каменский,Алтайский край
530,1,0,0.6951497357564473,0.15341946534465542,0.02492035383977875,0.11387258122138148,Ключевский,Алтайский край
531,0,-1,-0.05127904844530591,-0.3986687904526967,0.022477238088000343,0.09279791795862224,Косихинский,Алтайский край
532,1,0,0.7141681651303671,-0.1009360967040342,0.03303994071336659,0.10489633484632693,Красногорский,Алтайский край
533,1,0,0.8045544786958402,-0.5779129168971548,0.03514481421263855,0.06613788964601196,Краснощёковский,Алтайский край
534,0,-1,0.4999656491916645,-0.08501764842637519,0.029086312987916363,0.14958853437104644,Крутихинский,Алтайский край
535,0,-1,0.5061846856100879,0.3277853282839288,0.02227782504833538,0.0834317033632315,Кулундинский,Алтайский край
536,1,0,0.6669349460440914,0.22748614917432486,0.03359921523429185,0.11040367707571236,Курьинский,Алтайский край
537,0,-1,0.3832142768967809,-0.5955192655856677,0.03150898177202744,0.08500452952339242,Кытмановский,Алтайский край
538,0,-1,0.5163763259179114,0.6384769208388552,0.027857680377467733,0.14359380173363395,Локтевский,Алтайский край
539,0,-1,0.6487793408527708,0.13370098462149455,0.019663643639404295,0.09487137215535714,Мамонтовский,Алтайский край
540,1,0,0.7984527148265173,0.705081692195746,0.03940408518804845,0.09843287599043851,Михайловский,Алтайский край
541,0,-1,0.615935091096004,-0.44265655433134204,0.04117653939127855,0.1740272629723334,Новичихинский,Алтайский край
542,0,-1,-0.5266254892435305,-0.03942030418045314,0.03004263814431884,0.12570745562887464,Зональный,Алтайский край
543,0,-1,-0.6260581161090923,0.26287896665614113,0.00861156647839251,0.06917589732220847,Павловский,Алтайский край
544,0,-1,0.2903202477149534,0.4691745916107775,0.03367474152408414,0.18331566475394695,Панкрушихинский,Алтайский край
545,0,-1,0.0018665162783602855,-0.32497307849048196,0.025800989719990775,0.07176101200284994,Первомайский,Алтайский край
546,0,-1,0.576106246695977,-0.26969303802195427,0.027061109861706085,0.18620976444260695,Петропавловский,Алтайский край
547,0,-1,0.6432477823311062,0.4845517979063216,0.02493446558843962,0.14918122669488537,Поспелихинский,Алтайский край
548,0,-1,0.3094579174830227,-0.07437431365231867,0.036142057505281176,0.12313033189927683,Ребрихинский,Алтайский край
549,1,0,0.6670584746582944,-0.024394964378517472,0.026318388404926812,0.12961957201078567,Родинский,Алтайский край
550,0,-1,0.7380526174461578,-0.3130467397718856,0.018579037667462536,0.05619055415426066,Романовский,Алтайский край
552,0,-1,0.20621053405031023,-0.5093349958162711,0.019837041998783122,0.13314143431787806,Смоленский,Алтайский край
553,0,-1,-0.01559528465017753,-0.2686715074274668,0.04222866306554468,0.1406967430345339,Суетский,Алтайский край
554,0,-1,-0.22177487557461492,0.3635454627307102,0.014455273867979667,0.11408371162743193,Советский,Алтайский край
555,1,0,0.6527872180006865,0.20604583036571744,0.047036995908530554,0.10945412367596562,Солонешенский,Алтайский край
556,0,-1,-0.5407691920353249,-0.545540916385645,0.017756873867242846,0.3144721505363318,Солтонский,Алтайский край
557,1,0,0.7999118843750722,-0.26834370849086736,0.03568456714400142,0.08308475156482506,Шелаболихинский,Алтайский край
558,0,-1,-0.08983498137658028,0.27212730860239537,0.023704677311948617,0.14024415926127315,Табунский,Алтайский край
559,1,1,0.20436907418687397,0.6718765055544572,0.016878677168918634,0.06825231737526004,Тальменский,Алтайский край
560,0,-1,0.3170920596289389,-0.23669595231716228,0.017199683546158428,0.09261729046540887,Тогульский,Алтайский край
561,0,-1,0.2859065255369021,0.32847352001301766,0.020024410625521072,0.11855211707356834,Топчихинский,Алтайский край
562,0,-1,0.1866402891489856,-0.27977465097752463,0.028010843986210236,0.11071580108722436,Третьяковский,Алтайский край
563,0,-1,0.31598511716033356,0.5271704232393245,0.020036449635613355,0.08595182626948455,Троицкий,Алтайский край
564,0,-1,0.23428264973163818,0.5089472696194194,0.03246333003274079,0.13421845419211298,Тюменцевский,Алтайский край
565,0,-1,-0.13842798165252748,-0.11584252028740641,0.019069047690628563,0.1101131977303707,Угловский,Алтайский край
566,0,-1,0.26209089237621946,0.6024193793748115,0.023981933369950432,0.13808081621046409,Усть-Калманский,Алтайский край
567,1,0,0.6959307406829762,0.22893939956003923,0.03384533331698679,0.08371029116929554,Усть-Пристанский,Алтайский край
568,1,1,-0.13106912500127105,0.654460431316681,0.016036481380646506,0.07949716168721246,Хабарский,Алтайский край
569,0,-1,0.4363347366519797,0.3967460152853194,0.024992016866405578,0.15446752248608114,Целинный,Алтайский край
570,0,-1,0.4314263332858314,-0.4445988604193284,0.03064502244639704,0.10532491018714842,Чарышский,Алтайский край
571,1,0,0.909093503719474,-0.1883360119500708,0.029809868253732844,0.09884754182080836,Шипуновский,Алтайский край
572,0,-1,0.44452280415103657,-0.26093335672945767,0.028300457198477794,0.08358170006826107,Немецкий,Алтайский край
574,1,0,0.5246632030694447,0.772344011919352,0.030343210425442364,0.22464377753391562,Петровск-Забайкальский,Забайкальский край
578,0,-1,0.6118246512608415,-0.5217368573227812,0.026174621835002358,0.11968577788751425,Балейский,Забайкальский край
579,0,-1,0.4787695468221986,-0.5947402926477258,0.01911536058664681,0.035109063080552526,Борзинский,Забайкальский край
580,0,-1,0.49494848290264665,0.6020697247897057,0.031272983360042465,0.09223551353457478,Газимуро-Заводский,Забайкальский край
581,0,-1,0.39319365320128213,0.5927248702618666,0.019796180399652176,0.0679261465614398,Забайкальский,Забайкальский край
582,0,-1,0.5743952272264468,0.05665305679941891,0.03648080109167977,0.07167452008839413,Каларский,Забайкальский край
583,0,-1,0.557569143446873,-0.09504103063388755,0.040203757132093045,0.13126427097930643,Калганский,Забайкальский край
584,1,1,0.6989599486164544,-0.16504970438131017,0.02566656910651844,0.0961604637122901,Карымский,Забайкальский край
585,0,-1,0.39987019304756544,0.2254263716164799,0.024426689351063412,0.08111793228020017,Краснокаменск и Краснокаменский,Забайкальский край
586,1,3,0.9279391622213298,0.668090523870822,0.03693657267995215,0.14338947873603364,Красночикойский,Забайкальский край
587,0,-1,0.08250080492453242,0.38514618199677425,0.04215035756790389,0.16306984821364442,Кыринский,Забайкальский край
588,0,-1,0.18901655220655042,-0.3204258469554396,0.01788301909641333,0.041311049925854604,Могочинский,Забайкальский край
589,0,-1,0.40342476768968194,0.12577671985751168,0.027780221073193532,0.07015071430597558,Нерчинский,Забайкальский край
591,0,-1,0.25364968297533086,0.23332319041275806,0.02389403589430223,0.07025039881950589,Оловяннинский,Забайкальский край
592,1,3,0.05866045660295116,0.6984959270192139,0.036336856212523354,0.20811091489156047,Ононский,Забайкальский край
593,1,3,0.5349628404895678,0.6460407162719839,0.02559941462939776,0.15888309856616134,Петровск-Забайкальский,Забайкальский край
594,0,-1,0.2962796038745055,0.5148292769591258,0.02443090972124805,0.09129920648056603,Приаргунский,Забайкальский край
595,1,3,0.8315871995818424,0.1530929858643488,0.034048225804863726,0.1254313872537078,Сретенский,Забайкальский край
598,0,-1,0.5048589587651865,-0.17630096156981556,0.02441118801601715,0.09634170935248175,Улётовский,Забайкальский край
599,0,-1,0.4812162682596737,0.3488523639829943,0.02573050006640872,0.09555608516690638,Хилокский,Забайкальский край
600,1,0,0.6670676164564865,-0.2454198367179547,0.022915083161545072,0.057862010638138894,Чернышевский,Забайкальский край
601,0,-1,-0.15912526558608908,-0.35153801363124704,0.018252391304415905,0.043190229933192555,Читинский,Забайкальский край
602,0,-1,0.3735432138281811,-0.007254024946026559,0.039947247577754016,0.12245426921477104,Шелопугинский,Забайкальский край
603,0,-1,0.6763796817587625,-0.34403981593072386,0.01741135340029267,0.035231100956906056,Шилкинский,Забайкальский край
604,1,3,0.783126962171973,0.22290739091976391,0.03553012821924077,0.05392846017314494,Агинское,Забайкальский край
605,0,-1,0.10013362901811727,-0.2844676325173816,0.030495183316452186,0.051438093255585106,Агинский,Забайкальский край
606,0,-1,0.546561279100922,0.2556976928234581,0.03953636747974423,0.11255320518275472,Дульдургинский,Забайкальский край
607,1,3,0.670953875390513,0.14069525792238471,0.03560634874323929,0.07017214589223719,Могойтуйский,Забайкальский край
608,0,-1,0.514577911106753,-0.40828551435604227,0.017846090482505128,0.033031617617296,Петропавловск-Камчатский,Камчатский край
612,0,-1,-0.05640435946141309,-0.6890185009906301,0.016261155482051697,0.03725042380770782,Елизовский,Камчатский край
613,0,-1,0.5089227818509955,0.5128502270117224,0.025374330329115163,0.12062544630171326,Мильковский,Камчатский край
614,0,-1,0.4393945989121845,-0.22732740491067072,0.09310117586157916,0.24626909929403656,Соболевский,Камчатский край
615,1,1,0.8767916631208911,0.9060274622490929,0.07621939988907202,0.23534254547577943,Усть-Большерецкий,Камчатский край
616,0,-1,0.15058651239403828,0.6045737735947565,0.035910476982826414,0.1452105099386183,Усть-Камчатский,Камчатский край
618,1,2,0.9076252173920828,0.3466300795918263,0.10401604251128094,0.5381880405060702,Карагинский,Камчатский край
619,1,2,0.7352573772621761,0.885812361155364,0.08474393526603476,0.23579600481664775,Олюторский,Камчатский край
621,1,3,0.6683146412577027,-0.5822021261813806,0.07482701130667818,0.24102293909784725,Тигильский,Камчатский край
666,0,-1,-0.3959421028151003,-0.3178370392041448,0.015413079094854292,0.043555039394530475,Красноярск,Красноярский край
667,0,-1,-0.25272890840258805,-0.33568505871974275,0.014133441780713027,0.035880149308142616,Ачинск,Красноярский край
668,0,-1,0.5256074016566368,0.5684356215744212,0.024329032529161746,0.058798462421400494,Боготол,Красноярский край
669,1,1,0.7937851288531904,-0.14427904926328997,0.025898982773706117,0.05337172690822479,Бородино,Красноярский край
670,1,1,0.059024610690158234,0.8235852317959584,0.02631075286672708,0.0944792414213489,Дивногорск,Красноярский край
671,0,-1,0.726683799753888,0.5825310071514257,0.01667209819915331,0.06723207625081142,Енисейск,Красноярский край
674,0,-1,-0.2853792897151663,-0.5261630124220118,0.014074744064982738,0.030708985034562312,Канск,Красноярский край
675,0,-1,0.607598500569667,0.06261121984911733,0.02410577612697929,0.04267218718386724,Лесосибирск,Красноярский край
676,0,-1,-0.17812461677622438,-0.2725512704262198,0.017511666534808703,0.04549258983861366,Минусинск,Красноярский край
677,0,-1,0.5699840905344886,-0.22389994336018357,0.015112284991212878,0.020969011785364786,Назарово,Красноярский край
678,0,-1,0.5051232168589133,-0.14775027589413697,0.029386405506271952,0.03307965203746673,Норильск,Красноярский край
679,0,-1,-0.7077021199802788,-0.7553408405166842,0.016105891918453796,0.03214300641444821,Сосновоборск,Красноярский край
680,0,-1,0.043754959381934556,-0.5389122358813758,0.013587924461939906,0.0361823923329182,Шарыпово,Красноярский край
683,0,-1,0.44891483877146887,-0.3851788124193748,0.022096813970719557,0.04826236360971411,Абанский,Красноярский край
685,0,-1,0.3774275518772071,-0.643462332567871,0.032498075627200466,0.1709504899529057,Балахтинский,Красноярский край
686,0,-1,-0.37049847719150797,-0.7430773462480552,0.027878374578921766,0.044161143077643975,Березовский,Красноярский край
687,0,-1,0.357798869987552,0.027611366795326674,0.03722439461418755,0.13718194301963674,Бирилюсский,Красноярский край
689,1,0,0.6992240914669271,0.17308175980673932,0.02803054614575465,0.07234825641790543,Богучанский,Красноярский край
690,0,-1,-0.055603375234433455,-0.1745413070049591,0.02150428136818359,0.24453877978061292,Большемуртинский,Красноярский край
691,0,-1,-0.1967886155603675,0.04362051728164256,0.027387101359193814,0.31736081410673467,Большеулуйский,Красноярский край
692,0,-1,0.2385739362183324,-0.6615066262490031,0.017939526515457466,0.09971344236870235,Дзержинский,Красноярский край
693,0,-1,-0.15891105516724982,-0.3714136938688679,0.02368813593403765,0.04995378749658045,Емельяновский,Красноярский край
694,0,-1,-0.20899946288446755,0.5620793641825386,0.019541906037412744,0.14392849054251328,Енисейский,Красноярский край
695,0,-1,0.3872487798563865,0.05259101836866557,0.017899991384090645,0.06558963795418914,Ермаковский,Красноярский край
696,0,-1,0.08289067664720806,0.12314388732544232,0.012243030453375438,0.14878930777414812,Идринский,Красноярский край
697,0,-1,-0.1958159919823311,0.11711563352414289,0.010004883851899155,0.06339894046536161,Иланский,Красноярский край
698,0,-1,0.5773206141014433,-0.31246917313168665,0.027349521568672455,0.18176668548146938,Ирбейский,Красноярский край
699,0,-1,0.24497843926450263,-0.07568555001376076,0.026655984893725768,0.2115421738590783,Казачинский,Красноярский край
701,1,1,-0.4591606465902706,0.6618264173822699,0.01420454084808731,0.12474994903626992,Каратузский,Красноярский край
702,1,0,0.8135897758674823,0.7731309662995247,0.02770365390348503,0.11077502169108852,Кежемский,Красноярский край
703,0,-1,0.462043775472441,-0.2618639605180291,0.026510263261952712,0.13678166324546392,Козульский,Красноярский край
704,0,-1,-0.20472860195449885,0.08875852654220352,0.009595178884860198,0.07089071113198754,Краснотуранский,Красноярский край
705,0,-1,-0.002317935567744594,0.07088864314520812,0.00986875831103376,0.03574729492552541,Курагинский,Красноярский край
706,0,-1,0.5642671956002767,-0.5125816079543408,0.03225975584627204,0.13889919124573655,Манский,Красноярский край
708,1,0,0.654435477874599,0.19592372397687458,0.03899226542848084,0.13627901512832147,Мотыгинский,Красноярский край
710,0,-1,0.20233925409605893,0.1597954749215648,0.018520991104350036,0.08611711755083491,Нижнеингашский,Красноярский край
711,0,-1,0.47605148644715445,-0.36872248621214354,0.024695939343859954,0.10000179801245815,Новоселовский,Красноярский край
712,0,-1,0.34297854569220587,0.014664696121487375,0.025012091899869134,0.17887125301930415,Партизанский,Красноярский край
713,1,3,0.6738384284585441,0.10178219166779261,0.03451097059723266,0.29740391943811495,Пировский,Красноярский край
714,0,-1,0.0013191253663759877,0.47742183682209105,0.014379728445581597,0.061336189100976844,Рыбинский,Красноярский край
715,0,-1,0.2246751577585448,0.3875942935795253,0.02900486870337016,0.1449993452580786,Саянский,Красноярский край
716,1,0,0.7037482312053202,0.5688842603976726,0.034109404276484706,0.07385696107909576,Северо-Енисейский,Красноярский край
717,0,-1,-0.22154589734197203,-0.15473526628451525,0.020333029627807683,0.08677432844204613,Сухобузимский,Красноярский край
718,1,2,0.9666703228627882,0.9116215523342698,0.07165157855608222,0.16232346576931578,Таймырский Долгано-Ненецкий,Красноярский край
719,0,-1,-0.03949426492055435,0.16128562032259242,0.01883597265197571,0.07832947108451876,Тасеевский,Красноярский край
720,1,2,0.9097804976498015,0.19375815204465843,0.08441531029659621,0.09835941155908721,Туруханский,Красноярский край
721,0,-1,0.3040595264379265,-0.47431244170307074,0.029043266642713637,0.11477367168771652,Тюхтетский,Красноярский край
722,1,1,0.8180721948065969,0.6290966061326381,0.022766265997499053,0.07053835478736342,Ужурский,Красноярский край
723,0,-1,-0.019555142572418215,0.4150932797217109,0.017746449285487926,0.0934979137883377,Уярский,Красноярский край
725,0,-1,0.36235777275690667,0.4334444745738235,0.014142069665706662,0.07770025180362647,Шушенский,Красноярский край
726,1,2,0.8621550839542816,0.40899794604179335,0.09071290370322131,0.14671610820374242,Эвенкийский,Красноярский край
727,0,-1,-0.4525581457007275,-0.09816217805385422,0.011357790228889334,0.04787504756178703,Пермский,Пермский край
731,0,-1,-0.5630137827118783,-0.5405807753507118,0.009686313400408236,0.028458437917461832,Лысьвенский,Пермский край
734,0,-1,-0.12264804951569201,-0.7151902952767607,0.015145932476931658,0.05284567061653095,Александровский,Пермский край
735,0,-1,-0.6506521932741118,-0.18266550584527055,0.009550190764950965,0.05319707927162687,Бардымский,Пермский край
736,0,-1,-0.25504996632009647,-0.4693708429559892,0.02834546068234835,0.09965500547259179,Березовский,Пермский край
737,0,-1,0.46700353712180237,-0.40985217014442066,0.02638301667271488,0.08417848338994265,Большесосновский,Пермский край
738,0,-1,-0.2695067827918181,0.656725040546464,0.010170789378152457,0.06555338991452364,Верещагинский,Пермский край
739,1,0,0.6779233113046713,0.422506721572688,0.023649576028753127,0.07422889935048325,Горнозаводский,Пермский край
741,0,-1,-0.16453018237900668,0.11984061999875835,0.016988563095061145,0.04517715705010842,Добрянский,Пермский край
742,0,-1,0.4198186275086355,-0.47774041606111656,0.025352197656103654,0.08279333903080273,Еловский,Пермский край
743,0,-1,-0.34928363404883034,-0.013509974842605169,0.021793172639806648,0.09533608647072866,Ильинский,Пермский край
744,0,-1,0.30426810776423163,-0.13599780063001593,0.015160258783075779,0.03171753928779369,Карагайский,Пермский край
745,0,-1,0.14751883537531518,-0.671532292618357,0.014386158902980645,0.028111908316914274,Кизел,Пермский край
746,0,-1,-0.26516440389971,-0.38342999352121615,0.03000200980928771,0.16367650893741031,Кишертский,Пермский край
747,0,-1,0.3921948692551989,-0.28935639956724185,0.02000654357388525,0.05432706866164004,Красновишерский,Пермский край
748,0,-1,-0.3487804080604151,-0.8178205153859222,0.009123476078315085,0.0336689893327559,Краснокамский,Пермский край
749,0,-1,0.16646921468978937,-0.0927400497783598,0.017306038841758648,0.0550015351959615,Куединский,Пермский край
751,0,-1,-0.47794088067369306,-0.32922482149599386,0.007913961202112284,0.04114934253664044,Нытвенский,Пермский край
752,0,-1,-0.6869463486483515,-0.6491328039728936,0.015772188752734423,0.05978628398162591,Октябрьский,Пермский край
753,0,-1,0.4468580342002419,-0.09176870331489762,0.0196852610150601,0.13006569437796398,Ординский,Пермский край
754,0,-1,0.2816230106366001,-0.23519384071526267,0.017958496426921648,0.05611126887647553,Осинский,Пермский край
755,0,-1,0.0722600697297581,0.21773687545440643,0.01465497011614444,0.08988049979242105,Оханский,Пермский край
756,0,-1,0.5683911761872654,-0.4542534477923093,0.01608786513772361,0.03841415781348287,Очерский,Пермский край
757,0,-1,-0.5349221892443706,-0.6008020920948745,0.01569008662739575,0.04788353396733336,Пермский,Пермский край
758,0,-1,-0.1429459748777896,-0.06547107387775511,0.017665871190643667,0.06435248209457603,Сивинский,Пермский край
760,0,-1,0.25831007290090113,0.17653189265618957,0.019954793067741984,0.1533900046054157,Суксунский,Пермский край
761,0,-1,-0.15785543565014543,0.6155281357965057,0.0308138559122242,0.15078290432613403,Уинский,Пермский край
763,0,-1,0.30953583869824225,-0.4964114310201588,0.017873188473725644,0.03752105520896334,Чайковский,Пермский край
764,0,-1,-0.18548136667150408,-0.6589117273897979,0.012018833912541665,0.08463906653746225,Частинский,Пермский край
765,0,-1,0.0482378450308378,-0.09904363785360007,0.017999434372751727,0.0901387566358516,Чердынский,Пермский край
766,0,-1,-0.5047226638559664,-0.6024064893040708,0.011980719867665855,0.04281530933308612,Чернушинский,Пермский край
767,0,-1,-0.049993645368616946,-0.5589967551016987,0.013509219823488178,0.02163725121332892,Чусовской,Пермский край
769,0,-1,0.395304636183701,0.14235453811982818,0.01988256312242209,0.11937533329857851,Гайнский,Пермский край
770,1,0,0.7893846889604665,0.013368395664616213,0.04085174372346662,0.1769559476938681,Косинский,Пермский край
771,1,0,0.046974698772004206,0.6430002773519505,0.02456336690851186,0.11501770830441412,Кочевский,Пермский край
773,0,-1,0.42416818869831713,0.44096902506237207,0.03555080965585046,0.13694516395215797,Юрлинский,Пермский край
774,0,-1,-0.018673224117771624,0.297082218836936,0.015343317893600258,0.13601016818519757,Юсьвинский,Пермский край
775,0,-1,-0.31414810747526223,-0.13703084074260122,0.01776307281931188,0.04818569729252017,Владивостокский,Приморский край
776,0,-1,-0.830629731151045,-0.5485828564526035,0.009580515881909736,0.041898841651538,Арсеньевский,Приморский край
777,0,-1,-0.11928883153476504,-0.31269573597429484,0.019506182035070322,0.04260899419208772,Артемовский,Приморский край
778,0,-1,-0.5140356450573819,-0.5535816446223896,0.01950082493481032,0.039480425331637495,Большой Камень,Приморский край
779,0,-1,0.36888366788340315,0.04179197452599866,0.015475478977080091,0.05386114018060228,Дальнегорский,Приморский край
780,0,-1,0.013674590503395905,0.2515587119997961,0.013266963830744442,0.03374777927532825,Дальнереченский,Приморский край
781,1,1,0.6484001845935252,0.2914310441051089,0.02258461710171839,0.06008021316837984,Лесозаводский,Приморский край
782,0,-1,-0.6700502050763849,-0.502232376664949,0.010937221853113502,0.03659042838680735,Находкинский,Приморский край
783,0,-1,0.5777345081866808,0.2678011676728123,0.016658538324318944,0.04842443046663928,Партизанский,Приморский край
784,0,-1,0.16853520433059704,-0.030839562139763903,0.02329084296962122,0.03957716656645581,Спасск-Дальний,Приморский край
785,0,-1,-0.11472036259557439,-0.15039120481831528,0.01963868859027761,0.04786837429883941,Уссурийский,Приморский край
787,0,-1,0.4408128759187074,0.44727773747743976,0.03182774634945197,0.2098993735087566,Анучинский,Приморский край
788,0,-1,-0.35762315842455594,-0.8100726338578235,0.036107062445487864,0.26723378029099426,Дальнереченский,Приморский край
789,0,-1,0.40256105031771117,0.05003161424881287,0.014591408928493742,0.06302395165059424,Кавалеровский,Приморский край
790,0,-1,-0.08464928259162234,-0.07371428876467113,0.030335574062746548,0.078129548338713,Кировский,Приморский край
791,0,-1,-0.15890141923385795,0.16426111292716938,0.013171636131235957,0.1876855722974279,Красноармейский,Приморский край
792,1,1,0.6694596146322315,0.6163556061922684,0.037746134793083745,0.2517715813508447,Лазовский,Приморский край
793,0,-1,0.2708492982591552,-0.5318650904451423,0.027999030052609224,0.055577056962158485,Михайловский,Приморский край
794,0,-1,0.17039812873138596,-0.030999387777040734,0.026805650466466425,0.07949693009190116,Надеждинский,Приморский край
795,0,-1,0.45832337300709214,-0.7805138288280613,0.04286733903852338,0.05932410948909459,Октябрьский,Приморский край
796,0,-1,-0.0768186144142587,0.022211745526356696,0.016862273616965958,0.10620457006916405,Ольгинский,Приморский край
797,0,-1,0.30218959709655563,-0.6072502924848603,0.02426217007516501,0.030280317461836508,Партизанский,Приморский край
798,0,-1,0.5384465078253635,0.06046967215800417,0.022073596085648323,0.08531880813467557,Пограничный,Приморский край
799,0,-1,0.5130613058441792,-0.5191024722220363,0.017603779066816677,0.03362391698570207,Пожарский,Приморский край
800,0,-1,0.096905631158502,0.15717798449435785,0.01892001247838305,0.06060739881706897,Спасский,Приморский край
801,0,-1,-0.08941110859374138,-0.04408881718204955,0.016159594804760695,0.22176857623632623,Тернейский,Приморский край
802,0,-1,0.26743490245380047,0.2262851485210688,0.01774919853204606,0.10031470370624827,Ханкайский,Приморский край
803,1,1,0.8432674724319685,0.021960937880768024,0.025943137009709506,0.0754734580306529,Хасанский,Приморский край
804,0,-1,0.6137362309261771,-0.21237951377457998,0.026531119240597298,0.0615961759344164,Хорольский,Приморский край
805,0,-1,0.5719575679559692,0.18951159946300122,0.03117786655375129,0.06991520109159623,Черниговский,Приморский край
806,0,-1,0.14967229775082333,0.25031921574695193,0.01747606946321054,0.07007097113192912,Чугуевский,Приморский край
807,1,1,0.7018103913683393,0.1392114509193633,0.031193018144134717,0.06164625893207245,Шкотовский,Приморский край
808,0,-1,-0.448303095972956,-0.18298601291714586,0.019822613726229902,0.15415051589035178,Яковлевский,Приморский край
809,0,-1,0.09279398621925862,-0.3948592644045261,0.019698589345897403,0.03506069592402169,Ставрополь,Ставропольский край
810,0,-1,-0.41270171979312487,0.19708418980073758,0.009857922997524247,0.0729172531583561,Благодарненский,Ставропольский край
811,0,-1,-0.13273982125701644,-0.3957447926494415,0.023681244347314587,0.040464043412679215,Георгиевский,Ставропольский край
812,0,-1,0.058016741720724276,-0.5149443272053603,0.021803538589700987,0.03457776575036828,Ессентуки,Ставропольский край
813,0,-1,-0.30694654704943863,-0.6200221953007581,0.02351806193272265,0.04877423882666403,Железноводск,Ставропольский край
814,0,-1,-0.08871529976911954,0.18518420689594273,0.01930262826703082,0.045823992117086806,Изобильненский,Ставропольский край
815,0,-1,0.40470388268531726,0.27699974635487673,0.01357026828791107,0.040622981202155746,Ипатовский,Ставропольский край
817,0,-1,0.2998847320561303,-0.04304077661970496,0.024591053643907144,0.04630118244701607,Кировский,Ставропольский край
818,0,-1,0.01837535397767809,-0.47359469884132815,0.024428460314293392,0.06396453361488061,Лермонтов,Ставропольский край
819,0,-1,0.030569466706350537,-0.6818438220804782,0.019324809991763368,0.026107059310427234,Минераловодский,Ставропольский край
820,0,-1,0.0008332032906054581,-0.48483884993775295,0.01619173312269032,0.03325934774203919,Невинномысск,Ставропольский край
821,1,1,0.2590164603340073,0.6670396836370918,0.022623482121085156,0.07174356825522676,Нефтекумский,Ставропольский край
822,0,-1,0.3078068714043499,0.5193830884848323,0.02331193099654447,0.13149410535480163,Новоалександровский,Ставропольский край
823,0,-1,-0.14146043910113515,0.17178975671113447,0.014883505009957266,0.03928022072984741,Петровский,Ставропольский край
824,0,-1,-0.013429189393493277,-0.4499305996335598,0.022690191899296067,0.0371577709941454,Пятигорск,Ставропольский край
825,0,-1,0.0884720115173439,0.04710340797228158,0.019756063796671153,0.08483388503789467,Советский,Ставропольский край
826,0,-1,0.5881813643119165,0.4388224467304879,0.02281011229378121,0.08062067241160394,Александровский,Ставропольский край
827,0,-1,-0.27229396917910675,0.07564524154545321,0.010375410606547869,0.07952431984365545,Андроповский,Ставропольский край
828,0,-1,0.005505794477199457,0.5717015721407606,0.015592882492941927,0.10348250382387063,Апанасенковский,Ставропольский край
829,0,-1,0.35282345508349316,0.5610909430902316,0.02760852708131851,0.19122319776869232,Арзгирский,Ставропольский край
830,0,-1,-0.03863999781288947,-0.14978106009305353,0.017090484913053147,0.050389633523125456,Будённовский,Ставропольский край
831,0,-1,0.619912238297672,0.23436456810493156,0.02906611060526631,0.09394674193235741,Грачёвский,Ставропольский край
832,0,-1,0.3181876738959118,0.017861034088743455,0.019271445716774065,0.03728401788259583,Кочубеевский,Ставропольский край
833,1,1,0.7368336609883765,0.38932205085252586,0.022901211094159664,0.06474806407173532,Красногвардейский,Ставропольский край
834,1,1,0.5017291910170565,0.8265948667477787,0.02347855841438274,0.13026126441660424,Курский,Ставропольский край
835,1,1,-0.010188134279816708,0.7386766752351819,0.01678156758940673,0.10930316595077308,Левокумский,Ставропольский край
836,0,-1,0.5269495278784146,0.4888398641912153,0.03971121447377913,0.1257246732850698,Новоселицкий,Ставропольский край
838,1,1,0.04964114972352074,0.7234212788872876,0.0352154491510333,0.21397167078752255,Степновский,Ставропольский край
839,0,-1,0.21327368549992634,-0.10993081512664873,0.020869940004404206,0.060824995301421936,Труновский,Ставропольский край
840,0,-1,0.0848009297479368,0.30181814708167415,0.02259706114422143,0.17959294231397074,Туркменский,Ставропольский край
841,0,-1,-0.3538684722887884,-0.6061087687388255,0.02002040990257903,0.030250639877363646,Шпаковский,Ставропольский край
842,0,-1,-0.4749315306144204,-0.39363379744199,0.012255294681498366,0.03892193411419908,Хабаровск,Хабаровский край
843,0,-1,-0.5301230587668289,-0.8187636701449496,0.01153685971457162,0.024325105280667253,Комсомольск-на-Амуре,Хабаровский край
844,0,-1,0.47687518588113886,0.0263583249868958,0.017277150570861384,0.031866197111843166,Амурский,Хабаровский край
846,1,1,-0.0008161529327208515,0.7035991997990775,0.021492552644143233,0.1140099623146902,Бикинский,Хабаровский край
847,1,0,0.810827074180041,0.7200434821539997,0.01992253148220228,0.09006494593007636,Ванинский,Хабаровский край
848,1,0,0.8297383377532469,0.8721668171625222,0.04026683759706608,0.10938310478901604,Верхнебуреинский,Хабаровский край
849,0,-1,-0.6352605639047224,-0.7272683885786715,0.017158068343661598,0.08367995163521956,Вяземский,Хабаровский край
851,0,-1,0.11570001340318292,-0.4235365349390508,0.02392868216045494,0.05306364367369991,Лазо,Хабаровский край
852,0,-1,-0.27502387527889094,-0.06619910912541603,0.022062608521576692,0.10320370558537008,Нанайский,Хабаровский край
853,0,-1,0.3418611883251404,0.4660418008010527,0.025063700029874333,0.12197585303931947,Николаевский,Хабаровский край
854,1,3,0.7026904612306288,0.5732496169392519,0.050498000327482834,0.22241191666913587,Охотский,Хабаровский край
855,0,-1,0.5898570166276865,0.20051909235972704,0.054847892517872386,0.14371396916642695,Полины Осипенко,Хабаровский край
856,0,-1,0.41607344904957255,0.6202211386013367,0.016780738479561224,0.1120855330677393,Советско-Гаванский,Хабаровский край
857,0,-1,-0.37518216298370444,0.2417341655318842,0.02333866737929101,0.04902970246457446,Солнечный,Хабаровский край
859,1,3,0.7956442950004069,0.7573855921357077,0.05068239156556785,0.27266189715268924,Ульчский,Хабаровский край
860,0,-1,-0.23051295411097636,-0.5739729316041055,0.024454990643012636,0.05023054079045737,Хабаровский,Хабаровский край
870,0,-1,0.3300890232169349,-0.5148347001340494,0.021904428954049433,0.044174038146902905,Архаринский,Амурская область
871,0,-1,-0.48924283570388816,-0.8891434619420054,0.02142037253599709,0.033042887723195656,Белогорский,Амурская область
872,0,-1,0.3021807989386159,-0.8027750331197376,0.01435794912408751,0.020557206835401572,Благовещенский,Амурская область
873,0,-1,0.039897856087421545,0.3010781943834414,0.017858592528108997,0.05097481227861662,Бурейский,Амурская область
874,0,-1,0.38254048978904887,0.4301786974757649,0.02203728465427674,0.061193229754186805,Завитинский,Амурская область
875,0,-1,-0.07492095519149916,0.14725209976319892,0.021994015812613035,0.04972688716374611,Зейский,Амурская область
876,0,-1,-0.2657732541419948,-0.5213854494074934,0.02590503826972318,0.06434146931976585,Ивановский,Амурская область
877,0,-1,-0.05439661879050824,-0.021152445384182796,0.023400880336054142,0.14550131342359637,Константиновский,Амурская область
878,0,-1,0.5981866425771913,-0.22608383195345944,0.020324590419081485,0.034026361195531825,Магдагачинский,Амурская область
879,0,-1,0.5175603534196763,0.11275131602032465,0.024202723908180016,0.1147236161895567,Мазановский,Амурская область
880,0,-1,0.21795845689690388,-0.41731245748020407,0.030208447085866303,0.07608407350711886,Михайловский,Амурская область
881,0,-1,0.41994096434090933,-0.4063045778286091,0.018451948841279587,0.0505960872506586,Октябрьский,Амурская область
882,0,-1,-0.14938204094286636,-0.2805538447383972,0.02840233321572922,0.07184875916941559,Ромненский,Амурская область
883,0,-1,0.5705700751676589,0.15821995254810597,0.020322753147298988,0.06702351718877293,Свободненский,Амурская область
884,0,-1,-0.14523398090887482,-0.17262212565936927,0.02397985071811764,0.10377004196513445,Селемджинский,Амурская область
885,1,1,0.6506180580433534,0.6016527586747636,0.027899505578202987,0.07432236459479083,Серышевский,Амурская область
886,0,-1,-0.32536587869835787,0.6052696225233997,0.016814598855237596,0.07567658505892964,Сковородинский,Амурская область
888,0,-1,0.06775199689637125,-0.3292098456140013,0.03130879879815788,0.0664514302431866,Тындинский,Амурская область
889,0,-1,-0.3466378154809099,0.02088267565721414,0.033361907006548966,0.13429771429325568,Шимановский,Амурская область
890,0,-1,-0.1701872991923236,-0.350930458841338,0.014888780172152637,0.035004838972768654,Архангельск,Архангельская область
891,0,-1,-0.26413020473376303,0.4151561373560656,0.0428890311262143,0.08214393553184017,Коряжма,Архангельская область
892,1,0,0.6633226792776726,-0.6522053374541545,0.023860405847667805,0.026099450688454404,Котлас,Архангельская область
895,1,0,0.6735480445596987,-0.2849710589606009,0.0349703167393988,0.06840442937166583,Новодвинск,Архангельская область
896,0,-1,0.24055193384324072,0.03097410256596082,0.022798831325606717,0.06241669692520575,Северодвинск,Архангельская область
897,0,-1,0.7664346458908267,0.45157448587241467,0.014571030764343873,0.07081858642958266,Вельский,Архангельская область
898,1,0,0.4866149951574158,0.6659884289615595,0.025928223189979015,0.15150441135445286,Верхнетоемский,Архангельская область
899,0,-1,0.1375043409794439,-0.2159485235137296,0.020086839291837095,0.051892457935789026,Вилегодский,Архангельская область
900,0,-1,0.4583764073670519,0.4886323333894864,0.02527034265181678,0.12798973995717505,Виноградовский,Архангельская область
901,0,-1,0.779560820764969,0.15804336077206368,0.020668431175562153,0.10354557860399437,Каргопольский,Архангельская область
902,0,-1,0.5760692630001438,0.1823215756509639,0.025934991377798384,0.06366022227080942,Коношский,Архангельская область
903,0,-1,-0.3283450300241346,0.0886503492067881,0.025535468976886782,0.11462475322352383,Котласский,Архангельская область
904,0,-1,0.17147917936174212,-0.7402561854871949,0.023160562486169736,0.03633054877001756,Красноборский,Архангельская область
905,1,0,0.701228547117533,0.13291581900120536,0.02633101952273275,0.04936333778756821,Ленский,Архангельская область
907,1,3,0.7607610855006843,0.9128007429709639,0.05336797994165211,0.30689821149507096,Мезенский,Архангельская область
908,1,0,0.7082900011732309,0.4651515777433355,0.022705303652134703,0.06578398750434643,Няндомский,Архангельская область
909,0,-1,0.6449547095912761,0.1912954153829241,0.01564689140623421,0.05000019490107513,Онежский,Архангельская область
911,0,-1,0.7595648605677333,-0.179629385903119,0.019920604764456694,0.051857700737843654,Плесецкий,Архангельская область
912,0,-1,-0.6223947249222409,-0.6236185207779984,0.024576863561803698,0.0528471071001507,Приморский,Архангельская область
913,1,0,0.68101661825613,0.3285447721078091,0.02650926134858809,0.0721528982007783,Устьянский,Архангельская область
914,0,-1,-0.5364617830030697,-0.009809889534480332,0.021504616074870586,0.12784559208683008,Холмогорский,Архангельская область
915,1,0,0.8273517330502607,-0.20748305733705028,0.0262254575962165,0.09424947815439978,Шенкурский,Архангельская область
916,1,3,0.8922135433391188,0.10021665949774756,0.05259656370249328,0.06076914874018546,Нарьян-Мар,Ненецкий автономный округ
917,1,3,0.9236300662799909,0.8036817413690373,0.059724277042921825,0.11137547554110389,Заполярный,Ненецкий автономный округ
918,0,-1,-0.0838915562509198,-0.1794597196020907,0.0179939697060613,0.043470524537342674,Астрахань,Астраханская область
920,1,1,0.7765426018049902,-0.3831676021792079,0.024544687323795885,0.024070117208053375,Ахтубинский,Астраханская область
922,0,-1,-0.43406097917694814,-0.4202659263290472,0.013947130317225099,0.13420624025483385,Енотаевский,Астраханская область
923,0,-1,-0.5423537818631653,-0.3201350857126193,0.015554246511903439,0.10662545800801783,Икрянинский,Астраханская область
924,0,-1,0.31618197135250936,-0.06591413518637307,0.028933888641822718,0.1515972296606725,Камызякский,Астраханская область
925,0,-1,0.3358019639004865,-0.1609540314913629,0.023581387335663336,0.07300328490524995,Красноярский,Астраханская область
926,0,-1,0.47851953536523145,-0.3180120085601193,0.02281172938183057,0.11637765366702066,Лиманский,Астраханская область
927,0,-1,0.12856415810469976,-0.5779995065037795,0.021922686973230368,0.05445112213122918,Наримановский,Астраханская область
928,0,-1,-0.1542284817954134,-0.6018242166323425,0.025814462430353746,0.04037722490406349,Приволжский,Астраханская область
929,0,-1,0.502870479165811,0.10893350354257142,0.02229405673068477,0.06617464641081759,Харабалинский,Астраханская область
930,0,-1,0.31430401511312595,0.2822118685081185,0.0351362583571549,0.14834029584426092,Черноярский,Астраханская область
986,0,-1,-0.5568666786297068,-0.5885045535355717,0.012384815127733742,0.026839785143546863,Владимир,Владимирская область
987,0,-1,-0.4298551575431558,-0.2711464079698751,0.011530203229260181,0.04898746686574624,Гусь-Хрустальный,Владимирская область
988,0,-1,-0.5531737302594135,-0.5577300680984485,0.012661927553410857,0.029740025317522453,Ковров,Владимирская область
989,0,-1,-0.11239676649131584,-0.037685925063885524,0.01595744177565851,0.040908450757086025,Муром,Владимирская область
991,0,-1,-0.4786809773392385,-0.7228667276082059,0.012896408871294307,0.037154841759234065,Александровский,Владимирская область
992,0,-1,-0.7263477848727277,0.4651684486564097,0.005523265892006315,0.05050035115504388,Вязниковский,Владимирская область
993,0,-1,0.7064882948026471,0.5499010922351748,0.019857125546172902,0.09496777816953247,Гороховецкий,Владимирская область
994,1,1,-0.11167056906205527,0.9084691692245648,0.018070116997858612,0.19738588758872685,Гусь-Хрустальный,Владимирская область
995,1,1,0.6059852912949775,0.6524736080331531,0.022848091082474334,0.09511370588603683,Камешковский,Владимирская область
996,0,-1,0.4759969042695561,-0.244993658830718,0.018881069134338638,0.04928467813985506,Киржачский,Владимирская область
998,0,-1,-0.4450028443847378,-0.45527102543493364,0.011883941874984294,0.039185987679198585,Кольчугинский,Владимирская область
999,1,1,0.3931737013120663,0.6614733126481057,0.02106484167434184,0.1266045795749548,Меленковский,Владимирская область
1001,0,-1,0.023005767939609945,-0.5759940807842999,0.013796346093560166,0.03601507936738552,Петушинский,Владимирская область
1002,1,1,0.4274878036352549,0.7647011886137955,0.024788753345651053,0.27869790883292234,Селивановский,Владимирская область
1003,0,-1,0.13801783881694438,0.39501330756749997,0.02786781152660293,0.12085375648903324,Собинский,Владимирская область
1004,0,-1,-0.641067131136157,0.4429794517100774,0.00992352159985445,0.1223604953511893,Судогодский,Владимирская область
1005,1,1,0.7478773329728097,0.6714812911500125,0.022675961028610688,0.06489995382950234,Суздальский,Владимирская область
1006,0,-1,0.8619500416276953,0.3375622803028937,0.01993912924149335,0.1054395591084123,Юрьев-Польский,Владимирская область
1007,0,-1,-0.1863559337591003,-0.3469595444471117,0.014947819464855816,0.042052297385984726,Волгоград,Волгоградская область
1008,0,-1,-0.20185912954554272,-0.418062690324765,0.019446533248480457,0.035320710833314346,Волжский,Волгоградская область
1009,0,-1,-0.11188743187563913,-0.0688911998381576,0.012557307368391654,0.05054961441189553,Камышин,Волгоградская область
1010,0,-1,0.5224558558675525,0.029114141624513198,0.020634044439926145,0.05143579302220635,Михайловка,Волгоградская область
1011,0,-1,0.3755544583362195,0.4636925939053857,0.01176416910947454,0.061594945393589576,Урюпинск,Волгоградская область
1012,0,-1,0.33725072939827266,-0.2083886281830754,0.011162822608131614,0.03557970514497751,Фролово,Волгоградская область
1013,0,-1,0.22223562371917116,0.01782862860844869,0.02287617585850164,0.15545168715843236,Алексеевский,Волгоградская область
1014,0,-1,0.3370270072278145,-0.17860239448781898,0.029591100408073216,0.07485916554762093,Быковский,Волгоградская область
1015,0,-1,-0.03865389438770634,0.3477749784367897,0.03975506120162935,0.1416900445186309,Городищенский,Волгоградская область
1016,0,-1,0.1676781234134207,-0.04573018033710841,0.022957286238209723,0.1718925864287012,Даниловский,Волгоградская область
1017,0,-1,0.1519249902032018,0.14836486707812094,0.02000370773533417,0.10148594933916595,Дубовский,Волгоградская область
1018,0,-1,0.37668725300547024,0.22857313779555166,0.013647771536809676,0.051711765246922545,Еланский,Волгоградская область
1019,0,-1,0.1518599482709717,-0.13948327438465327,0.013776036787041623,0.12002876802233149,Жирновский,Волгоградская область
1020,0,-1,0.5550544565300027,-0.4494739224406826,0.020939921493630605,0.11224142293766047,Иловлинский,Волгоградская область
1021,1,1,0.7853464006411338,-0.24974070996859016,0.024091794360372697,0.06590974846292244,Калачевский,Волгоградская область
1023,0,-1,0.5038470674781543,0.10571510584222103,0.019580047135328422,0.1609867647332086,Киквидзенский,Волгоградская область
1024,1,1,0.660520201977439,0.31354495365915364,0.02584176272828906,0.1487098407822998,Клетский,Волгоградская область
1025,0,-1,0.283758475141967,-0.24999347852755952,0.01952975012347711,0.0617958596207257,Котельниковский,Волгоградская область
1026,0,-1,-0.45800550920533606,0.44301348157434023,0.0091275663562578,0.0642575313417513,Котовский,Волгоградская область
1027,0,-1,0.11314646644433414,-0.4254853774302427,0.016933480346730406,0.12091261164971791,Кумылженский,Волгоградская область
1028,0,-1,-0.4435455823724901,-0.0017947803091253563,0.018831809750726583,0.09381997368538711,Ленинский,Волгоградская область
1029,0,-1,0.10900897582713932,0.03466202693212512,0.024728477662524284,0.14872847913997342,Нехаевский,Волгоградская область
1030,0,-1,0.28994495783753116,0.41387517635790044,0.017247903919262654,0.10491252266423298,Николаевский,Волгоградская область
1031,0,-1,0.42998417988655924,0.07379194673991818,0.014087927225795972,0.061534939451679045,Новоаннинский,Волгоградская область
1032,0,-1,0.6118160449185666,0.3514024754743439,0.024079280582043554,0.07055049539693567,Новониколаевский,Волгоградская область
1033,1,0,-0.05674861623197083,0.6477540980223473,0.021756526900731574,0.11962604194837186,Октябрьский,Волгоградская область
1034,0,-1,-0.21782394971830454,-0.18242191154381324,0.0193578829921409,0.06940308906638049,Ольховский,Волгоградская область
1035,1,1,-0.04996311329422991,0.7583555788464039,0.013321420331773165,0.09285524101721616,Палласовский,Волгоградская область
1036,0,-1,0.25303182585982037,-0.4310326086213657,0.022051598207848903,0.10771659981654841,Руднянский,Волгоградская область
1037,0,-1,0.5644990455113473,0.5705246923028255,0.04702534913320314,0.10946889892720249,Светлоярский,Волгоградская область
1038,0,-1,0.471350825538886,-0.1705871277979295,0.019208464918641813,0.07948204183688633,Серафимовичский,Волгоградская область
1039,0,-1,0.33814093749389185,-0.6016590005036851,0.02366863717819872,0.04108646790745889,Среднеахтубинский,Волгоградская область
1040,0,-1,0.003672227771306604,-0.01233666502468091,0.014010850549066202,0.09548158641767462,Старополтавский,Волгоградская область
1041,0,-1,0.5839950353274347,-0.2652354350281169,0.016844422826698794,0.05955971555040923,Суровикинский,Волгоградская область
1044,0,-1,0.20691885939928528,0.20309717954230366,0.02886208043793648,0.13154733265662066,Чернышковский,Волгоградская область
1047,0,-1,0.013010370877297504,-0.651040504822875,0.022905275780141184,0.04022927284877507,Бабаевский,Вологодская область
1048,0,-1,0.2178863142230597,-0.4647209103785427,0.019349248909526894,0.08265664720605927,Бабушкинский,Вологодская область
1049,0,-1,0.3135583167125544,-0.7178889506853493,0.02664303746690789,0.23807060188400475,Белозерский,Вологодская область
1051,0,-1,0.17679585927920302,0.0492227380020355,0.01198807724208534,0.04141002871629214,Великоустюгский,Вологодская область
1052,0,-1,0.3360980573052965,0.2032955786589879,0.023249648298191018,0.13635124562778614,Верховажский,Вологодская область
1053,0,-1,0.5827207453263556,-0.22476461407977952,0.033447327131708886,0.0800325588578048,Вожегодский,Вологодская область
1054,0,-1,0.5847415045205728,-0.3996457499729433,0.020291051374625058,0.05844814822691855,Вологодский,Вологодская область
1055,1,0,0.6768529742965914,0.2869558271511088,0.0219875010242943,0.13253349819522878,Вытегорский,Вологодская область
1056,0,-1,0.15212669896513312,0.08440707278983041,0.020963172649821154,0.07800700957792422,Грязовецкий,Вологодская область
1057,0,-1,0.37489718710533143,0.28469857961850703,0.02818751796938831,0.10790896303580069,Кадуйский,Вологодская область
1058,0,-1,-0.5552765724439208,-0.7480841964116502,0.01823987283995682,0.0804103692952873,Кирилловский,Вологодская область
1059,0,-1,0.2534258543619921,-0.181921587190512,0.019140981010626255,0.19955548102976103,Кичменгско-Городецкий,Вологодская область
1060,0,-1,-0.0231946844234742,-0.08693615962774041,0.03863383214249048,0.42604784237538657,Междуреченский,Вологодская область
1061,0,-1,0.30774206657011516,0.4839934458422733,0.019238908250236456,0.11110253847838529,Никольский,Вологодская область
1062,0,-1,0.3238204332838065,-0.3841118480649078,0.020320427454284466,0.13205295626354516,Нюксенский,Вологодская область
1063,0,-1,-0.06042069156037053,-0.19962152183513374,0.02277342232771937,0.04886329654528387,Сокольский,Вологодская область
1064,0,-1,-0.5789767208320987,-0.34218091897235015,0.03053539895689951,0.1378617792324722,Сямженский,Вологодская область
1065,0,-1,0.5712893230381428,0.16390787523917139,0.01999181509852851,0.16061236539125662,Тарногский,Вологодская область
1066,0,-1,-0.08142089333473815,0.11102974820918145,0.019369870799452692,0.16695018254220184,Тотемский,Вологодская область
1067,0,-1,-0.33500846676532314,-0.37408850219263384,0.0191266260290053,0.12811361170283314,Усть-Кубинский,Вологодская область
1068,0,-1,0.22239966354086152,-0.40615806512372277,0.023290327233407244,0.11090574994626687,Устюженский,Вологодская область
1069,1,1,0.6493993836185393,0.054330186016227175,0.03508588226567468,0.1207913281064761,Харовский,Вологодская область
1070,0,-1,-0.11571886420233701,-0.5051559525232677,0.01544511860422346,0.025782027077685177,Чагодощенский,Вологодская область
1071,0,-1,-0.17890898601176583,-0.7522794087189788,0.021710805346065423,0.03785932388983218,Череповецкий,Вологодская область
1072,0,-1,-0.5628798626588821,0.770540120503319,0.01530931034089771,0.06538124581382307,Шекснинский,Вологодская область
1107,0,-1,-0.41023599586289566,-0.6225866150356605,0.01730299630025767,0.02900748574311274,Иваново,Ивановская область
1108,0,-1,0.7256790555977324,-0.1775328089564492,0.014525826067810088,0.062178464681855304,Вичуга,Ивановская область
1109,0,-1,0.07243063751470222,-0.5536831359997105,0.012822542888007691,0.028925943019841027,Кинешма,Ивановская область
1110,0,-1,0.5031535909495587,0.32000865316372024,0.026212920866271985,0.05570044560238703,Кохма,Ивановская область
1111,0,-1,0.045279839922949136,0.03082760911006453,0.012502874747953264,0.05058151439202745,Тейково,Ивановская область
1112,0,-1,-0.1428535427884096,-0.18772988198587764,0.010079094535738312,0.031795953387620514,Шуя,Ивановская область
1113,0,-1,-0.3866039841712683,0.5994827495295998,0.01706399446750288,0.1102433099153509,Вичугский,Ивановская область
1115,0,-1,-0.11274491346521912,0.5649976511001304,0.017526391696315778,0.17548982107010525,Гаврилово-Посадский,Ивановская область
1116,0,-1,-0.005706282943264497,0.6301864572212992,0.015021142631074987,0.09672119303504816,Заволжский,Ивановская область
1117,0,-1,-0.3306339023922612,-0.6735199929264185,0.028429127249342816,0.05069724149434859,Ивановский,Ивановская область
1118,0,-1,-0.013936789053244237,-0.3865377975898579,0.03283662378480326,0.21921154015475375,Ильинский,Ивановская область
1119,0,-1,0.17124634244382753,0.16596669765194014,0.017865740111152065,0.10512008349316943,Кинешемский,Ивановская область
1120,0,-1,0.537037573367246,-0.07192292872663197,0.03767724520219944,0.09758674335158966,Комсомольский,Ивановская область
1121,0,-1,-0.11269010286161439,-0.019973363886397588,0.025772016027034775,0.15372711317448776,Лежневский,Ивановская область
1122,0,-1,0.45734485329610325,-0.04324718811055692,0.04653517377181694,0.2839372060028846,Лухский,Ивановская область
1123,0,-1,0.6045497169002052,0.05872012622723804,0.026525281777049367,0.11941883769415652,Палехский,Ивановская область
1124,0,-1,0.2066195883966677,0.38499024509440244,0.03289320958914911,0.26914000518824027,Пестяковский,Ивановская область
1125,0,-1,-0.3135208893147041,0.5188109702587892,0.011885819543765448,0.06561608263569806,Приволжский,Ивановская область
1126,0,-1,0.2864476731410379,0.4808431607365966,0.02250307213831508,0.19616573639158094,Пучежский,Ивановская область
1127,0,-1,0.5065437586647458,-0.37828413897693974,0.017345052930644412,0.06359666964104538,Родниковский,Ивановская область
1128,0,-1,0.38946921372628157,0.5190969298504478,0.02674321071835659,0.31836781329505515,Савинский,Ивановская область
1129,0,-1,-0.3278506829181397,0.3255750491981211,0.03090496154730338,0.11662531918110557,Тейковский,Ивановская область
1130,0,-1,0.3606381465738502,-0.4011471657041005,0.01963756748391559,0.04172991867670391,Фурмановский,Ивановская область
1131,0,-1,0.25811943210162547,-0.3029936213415321,0.02402048492063235,0.05030989146142281,Шуйский,Ивановская область
1132,0,-1,0.006938139154734144,0.2457236933411781,0.011372376030045409,0.05839088316066621,Южский,Ивановская область
1133,0,-1,0.4045446925938294,0.20870849691507568,0.020468035146818834,0.14518924608327333,Юрьевецкий,Ивановская область
1134,0,-1,-0.42860652530294274,-0.1574357604599182,0.015945040680716775,0.04535653092531398,Иркутск,Иркутская область
1135,0,-1,-0.44154980224408447,-0.37737557350626344,0.016723137421885585,0.04004563824731599,Ангарский,Иркутская область
1136,0,-1,0.13449543970724612,-0.6272771934971235,0.019918190516982844,0.02291998158933726,Братск,Иркутская область
1137,0,-1,0.4678350424551245,0.6588554917371653,0.02258717527886837,0.04545982043868776,Зима,Иркутская область
1138,0,-1,-0.17589770091339343,-0.39322251336956954,0.01801151887072075,0.03811608747255449,Саянск,Иркутская область
1139,0,-1,0.3325324065408018,-0.6391249276823611,0.026976165558431568,0.03969299865378639,Тулун,Иркутская область
1140,0,-1,-0.4718839667369508,-0.5357383555300347,0.014983409615036728,0.044290839891717795,Усолье-Сибирское,Иркутская область
1141,0,-1,0.31767456814401446,-0.4282627006534313,0.02685454376188229,0.04417094447782019,Усть-Илимск,Иркутская область
1142,0,-1,-0.014221396389593546,0.49056877019972145,0.02063306416175681,0.05603373086151248,Черемхово,Иркутская область
1143,0,-1,0.6202626196340479,0.15930004330940006,0.0303420976565468,0.08154987711150756,Свирск,Иркутская область
1144,0,-1,0.4242295246446279,-0.1391828493205876,0.03181463935613261,0.12429577224916663,Балаганский,Иркутская область
1146,0,-1,0.017805290624182072,-0.2522861875565873,0.032980902994869735,0.0683901681741819,Братский,Иркутская область
1147,0,-1,0.31477879337825765,-0.11282894321866546,0.029970786798163063,0.04059389209457323,Жигаловский,Иркутская область
1148,1,0,0.7701813037803747,0.2686556193644727,0.02535220365490314,0.04988198803773554,Заларинский,Иркутская область
1149,0,-1,-0.7416181559511579,0.19336374761442662,0.013398172242525725,0.10120885734526544,Зиминский,Иркутская область
1150,0,-1,-0.6512313915278788,-0.5380840123329639,0.01777998405926075,0.04684247132220426,Иркутский,Иркутская область
1151,0,-1,0.24286408058527018,0.5870615356559119,0.023212074162222176,0.15591869095703884,Казачинско-Ленский,Иркутская область
1152,1,3,0.730887710653972,0.4488511284213172,0.07433169307712535,0.16890930450260647,Катангский,Иркутская область
1153,0,-1,0.043171662385304815,-0.519722326625704,0.02297296191280803,0.07947949239328567,Качугский,Иркутская область
1154,0,-1,0.38336179695647876,0.19317451336190403,0.03425884123073379,0.07681283443250317,Киренский,Иркутская область
1155,1,0,0.49614583877483015,0.6700743665105315,0.027596763319975657,0.08418810975108564,Куйтунский,Иркутская область
1157,1,0,0.8653888645878364,0.6012313662007154,0.03411000164200576,0.07005069296427699,Нижнеилимский,Иркутская область
1158,0,-1,0.163215952745498,0.10449637991047521,0.020551556294793185,0.03157476196918969,Нижнеудинский,Иркутская область
1159,0,-1,0.5692009826931335,-0.4377177167624648,0.052119530591880514,0.074476094903482,Ольхонский,Иркутская область
1160,0,-1,-0.1607642604621959,0.027665108037870652,0.009596587309878396,0.04936989134244567,Слюдянский,Иркутская область
1161,1,0,0.652685233372686,0.06054253086568138,0.02827505106910985,0.06456324376975268,Тайшетский,Иркутская область
1163,0,-1,0.30552350974348685,0.04315889903345054,0.03169049013831225,0.08953242024057466,Усольский,Иркутская область
1164,0,-1,0.15144488103406534,-0.4819422410252795,0.048701584743991014,0.09634303314592023,Усть-Илимский,Иркутская область
1165,0,-1,0.4538238479319262,-0.2029693779220228,0.03217173028772669,0.038177353236862006,Усть-Кутский,Иркутская область
1166,1,3,-0.06525864091143552,0.6916687145683297,0.026737562506076736,0.1354794692623917,Усть-Удинский,Иркутская область
1167,0,-1,0.4528164223509975,-0.5324958838364457,0.024497710071824826,0.06868177517006978,Черемховский,Иркутская область
1168,1,0,0.6730672933706383,0.5225135843707058,0.035524563699422966,0.04708868439258241,Чунский,Иркутская область
1169,0,-1,-0.24569375286714612,-0.19781904713048165,0.0212514361640269,0.04856243794519905,Шелеховский,Иркутская область
1170,1,1,0.7768479525444612,0.1160572692320056,0.029791904857188887,0.11771615381649478,Аларский,Иркутская область
1171,0,-1,0.5700903288908993,0.4168625354356768,0.0387560445215103,0.15501074510954685,Баяндаевский,Иркутская область
1172,0,-1,0.4515594852870794,-0.32181884617879913,0.025997303280722344,0.051063164007930595,Боханский,Иркутская область
1173,0,-1,0.36603442069256764,0.48327270501575087,0.02809750325213058,0.09276911940756633,Нукутский,Иркутская область
1174,0,-1,0.4755866751506869,0.06078927088806033,0.027918517958897084,0.04555283845858136,Осинский,Иркутская область
1175,0,-1,0.17286880023141685,0.14288480788692595,0.02317635464277187,0.049944140091587826,Эхирит-Булагатский,Иркутская область
1176,0,-1,0.13150901867553236,-0.33120319927567216,0.018097359280346677,0.040438450837099245,Калининград,Калининградская область
1178,0,-1,-0.26716527272589435,0.254079997785318,0.04654021816125649,0.2228860406928525,Мамоновский,Калининградская область
1179,1,1,0.8830429624488723,0.689162746636832,0.07803451598412554,0.1600770114721126,Пионерский,Калининградская область
1180,0,-1,0.5095912771614128,0.4841364826380848,0.03632116385995348,0.07665535573855418,Светловский,Калининградская область
1181,0,-1,0.7121249733666926,0.32816760693170877,0.02046052379186948,0.053733114538031104,Советский,Калининградская область
1184,1,1,0.9462671905534261,0.7694259818990098,0.05600631958441302,0.10229379094694391,Балтийский,Калининградская область
1185,0,-1,0.17660100205063178,0.26787893274542823,0.02135381824702223,0.08860158895996664,Гвардейский,Калининградская область
1186,0,-1,-0.15403997255604956,-0.6621602876950061,0.0218127547729115,0.04044586651130937,Гурьевский,Калининградская область
1187,0,-1,0.3955474401469415,0.29339495858953824,0.02027254330843944,0.04373926849848479,Гусевский,Калининградская область
1188,0,-1,0.14483422081304514,-0.3664038771162451,0.036059165482505505,0.0563850763296647,Зеленоградский,Калининградская область
1189,0,-1,0.030008506503959788,-0.7386931832694876,0.022032888143229963,0.1236430324076598,Краснознаменский,Калининградская область
1190,0,-1,0.35782597505015595,-0.14605664464148152,0.04222741416810433,0.06814062471206617,Светлогорский,Калининградская область
1191,1,1,0.915148756067418,0.1339898371992607,0.021965163794795965,0.059044803221282915,Неманский,Калининградская область
1192,0,-1,0.7091407883175253,0.4339827169765795,0.01950492364810945,0.09696701678013181,Нестеровский,Калининградская область
1193,0,-1,-0.08959468100998662,0.37538798482196484,0.02237270753009932,0.07983870517777798,Озерский,Калининградская область
1194,0,-1,0.47247913513255835,0.013414381899978525,0.023641247607278506,0.060670512989714036,Полесский,Калининградская область
1195,0,-1,-0.27549560415707663,0.3221043543679464,0.023676196867650226,0.11594958154216804,Правдинский,Калининградская область
1196,0,-1,0.28338479919260157,0.15280705833482675,0.018102926704558184,0.05997336746707349,Славский,Калининградская область
1197,0,-1,0.6662962589446343,0.11399045253366204,0.018311074421534575,0.027832105582130204,Черняховский,Калининградская область
1198,0,-1,-0.0841362851899334,-0.6144224592341014,0.013509351241752635,0.02343373151620154,Калуга,Калужская область
1200,0,-1,0.5352907127902985,-0.41600840390655375,0.038450324906658215,0.05732199147738026,Бабынинский,Калужская область
1201,0,-1,-0.5711512875548718,0.06089513612460248,0.024726574824910575,0.17466118736294642,Барятинский,Калужская область
1203,0,-1,0.20771056942740337,0.06671363392552745,0.024432508654426578,0.07712259898818997,Дзержинский,Калужская область
1204,0,-1,-0.30346603725968835,0.48584880096581634,0.015601652211091197,0.12335094883008617,Думиничский,Калужская область
1205,0,-1,-0.6523842279458832,0.30465277498876436,0.011984361999201857,0.13746158034702177,Жиздринский,Калужская область
1206,0,-1,0.12323805769624309,-0.136813987520702,0.025768054877110595,0.053214984002257874,Жуковский,Калужская область
1207,0,-1,0.40140146721642034,0.57733234596667,0.017670007245629463,0.05616194895655601,Кировский,Калужская область
1208,0,-1,0.22155053900973906,-0.19354456958685579,0.0397221892532227,0.17220963361810898,Износковский,Калужская область
1209,0,-1,0.5711691441680478,0.6556791946171818,0.03147050400820658,0.061380872524952765,Козельский,Калужская область
1210,0,-1,0.36617836082169286,0.38066991110918685,0.028939164846225406,0.2289749334986991,Куйбышевский,Калужская область
1211,0,-1,0.4407697918606504,-0.6881974023660753,0.01666991359582761,0.048091218658186115,Людиновский,Калужская область
1212,0,-1,0.5763794823435844,0.36836874999479396,0.02923502950949157,0.06299016459148019,Малоярославецкий,Калужская область
1213,0,-1,0.0712634963959239,0.235163768330807,0.023467913476705862,0.12498467132785107,Медынский,Калужская область
1214,0,-1,-0.2442837241173539,0.42160707251995344,0.020215174426669518,0.23797856016810862,Мещовский,Калужская область
1215,0,-1,-0.49069769067153307,0.11455188694720374,0.01520184064831487,0.08249955734259314,Мосальский,Калужская область
1217,0,-1,-0.31965796660708934,0.4326961325564571,0.025085555256740017,0.11682510542923492,Спас-Деменский,Калужская область
1218,1,1,0.4688089627455616,0.699712550223909,0.022562258508690546,0.09999192164262215,Сухиничский,Калужская область
1219,0,-1,-0.35869433931300215,-0.15389689365148682,0.016523399140511364,0.073769203249276,Тарусский,Калужская область
1220,0,-1,0.4211638922915046,0.346630379842914,0.03398849132450722,0.20020814863041989,Ульяновский,Калужская область
1221,0,-1,0.4239626415798569,-0.3159503477949763,0.03246339803477243,0.08792078631599204,Ферзиковский,Калужская область
1222,1,1,-0.5203296341375337,0.679749833531429,0.015470274152118784,0.24631226109524648,Хвастовичский,Калужская область
1223,0,-1,-0.6508972958306826,-0.07140949906071876,0.01486215139642442,0.07944365367595868,Юхновский,Калужская область
1224,0,-1,0.3003435703931686,-0.28020352839464313,0.024548006046126145,0.04275358978316512,Кемеровский,Кемеровская область
1225,0,-1,-0.5609931363566107,-0.5810329345638586,0.015561352346945478,0.03215273840020395,Анжеро-Судженский,Кемеровская область
1226,0,-1,0.08902314529316382,-0.3324110302955736,0.02103786280654872,0.035978762756889576,Беловский,Кемеровская область
1227,0,-1,0.5029546349416546,-0.475064414960428,0.04060732764244065,0.07002027345795643,Березовский,Кемеровская область
1228,1,0,0.783120740231835,-0.7456790655576816,0.03603539021175609,0.02735089977569909,Калтанский,Кемеровская область
1229,0,-1,-0.027503397693542177,-0.6892009028008884,0.022528409766409428,0.031346318419853504,Киселевский,Кемеровская область
1230,0,-1,0.30320473253514507,-0.3707621196487838,0.02351373954989788,0.03443066828181628,Ленинск-Кузнецкий,Кемеровская область
1231,0,-1,0.5118931214202853,-0.5433876797266592,0.028738960386927106,0.04200653841657569,Междуреченский,Кемеровская область
1232,0,-1,0.42497030078814796,-0.39276506781598486,0.02807695369801865,0.033812613714633705,Мысковский,Кемеровская область
1233,0,-1,0.28693186780509555,-0.13545029935366185,0.024198330129908435,0.04763449666782679,Новокузнецкий,Кемеровская область
1234,0,-1,0.6146966670295013,0.46886190242701825,0.027908653805482936,0.04014327092713962,Осинниковский,Кемеровская область
1235,0,-1,0.2526574396509318,-0.6238566840412259,0.03758768579217322,0.043262451216176806,Полысаевский,Кемеровская область
1236,0,-1,0.44440774889511375,-0.44635722821284174,0.02455377820504111,0.04615028499336906,Прокопьевский,Кемеровская область
1237,0,-1,0.46881057792502945,-0.10096576792975505,0.02831933250906865,0.040739816874652605,Тайгинский,Кемеровская область
1238,0,-1,0.14349068603080625,-0.5748470081914365,0.018849459712948716,0.03413640097887337,Юргинский,Кемеровская область
1240,0,-1,-0.13368789522080954,0.054510573357829814,0.024432708646817246,0.06326654023107636,Беловский,Кемеровская область
1241,1,0,0.7854652071619406,-0.6919653989984327,0.03456445250813268,0.04375134723198684,Гурьевский,Кемеровская область
1242,1,0,0.7304505523309837,-0.02100868586752127,0.022915447561116246,0.08051670676288074,Ижморский,Кемеровская область
1243,0,-1,-0.291021739262261,-0.7077895692473519,0.022780624200018543,0.03847589728233702,Кемеровский,Кемеровская область
1244,0,-1,0.21189598398682796,-0.3485957972910909,0.0319146381089428,0.09368120418390091,Крапивинский,Кемеровская область
1246,0,-1,0.44085452808915815,-0.02933361742548271,0.02244055733495364,0.0612457776964638,Мариинский,Кемеровская область
1249,1,0,0.6675713882199167,0.2833883087768805,0.03091270290906711,0.06094374725849274,Промышленновский,Кемеровская область
1250,0,-1,0.4514324248226446,-0.018005643360507324,0.020531262173071833,0.05134798190725573,Таштагольский,Кемеровская область
1251,0,-1,0.3212181226507314,0.33546345519771426,0.01813572815261627,0.11223276375365104,Тисульский,Кемеровская область
1252,1,0,0.8915334288836864,0.2258442382797394,0.0394255366935443,0.06445847563990936,Топкинский,Кемеровская область
1253,0,-1,0.28467749676910614,0.09502135644811957,0.022558327204533674,0.1284676489036,Тяжинский,Кемеровская область
1254,0,-1,0.3732192183141244,0.37881955502696113,0.03850416268394848,0.12355696121810837,Чебулинский,Кемеровская область
1256,0,-1,0.5817563769999711,0.2943027503447765,0.03165897784662077,0.10335176575942866,Яйский,Кемеровская область
1257,0,-1,0.5733782158816616,0.2709547543590843,0.0324395230411491,0.1769650035065552,Яшкинский,Кемеровская область
1258,0,-1,-0.23570585451584847,-0.1631885542204807,0.014220193010525298,0.03847660380829087,Киров,Кировская область
1259,0,-1,0.4985218339356521,0.47937082369263506,0.015927167498073304,0.051479402313464435,Вятские Поляны,Кировская область
1260,0,-1,0.4975277420819857,-0.17670069836661262,0.02163001611422429,0.03365297102811398,Кирово-Чепецк,Кировская область
1261,1,1,0.7900189628634867,-0.23752421663355758,0.02593970674421064,0.04283238743636692,Котельнич,Кировская область
1262,1,1,0.743763849044949,0.005757686809445601,0.02104753223663171,0.026199845465676545,Слободской,Кировская область
1264,0,-1,0.3929922840146958,-0.18490616341946808,0.02547019113941075,0.10060294576914909,Арбажский,Кировская область
1265,1,0,0.7218649905848349,0.022529294249987314,0.032421449389087365,0.042369298009627035,Афанасьевский,Кировская область
1266,0,-1,-0.11504785198078676,0.2281311905969704,0.015729589760449796,0.07987356313411438,Белохолуницкий,Кировская область
1267,0,-1,-0.02971005449704617,0.18672553280513604,0.030949760271044777,0.17631626711647624,Богородский,Кировская область
1268,0,-1,0.026391427594627186,-0.1546829685060924,0.020795872930724074,0.1000170955213734,Верхнекамский,Кировская область
1269,0,-1,-0.3625093607003187,-0.19591597782520437,0.02078678006454012,0.13261097471018576,Верхошижемский,Кировская область
1270,1,0,0.7446764259835514,0.8866680795072478,0.03360240637793,0.09855345452717346,Вятскополянский,Кировская область
1271,0,-1,0.39528701157071783,0.17665221423268218,0.03397780165755826,0.22138296094802595,Даровской,Кировская область
1272,0,-1,0.08666184452459727,-0.7261097016419941,0.016648182251030416,0.0511739348041256,Зуевский,Кировская область
1273,0,-1,0.4336774994281894,0.0427487022380282,0.03607602387848568,0.10136012048471889,Кикнурский,Кировская область
1274,1,0,0.6942738862787073,0.2687028203159128,0.033848462567472794,0.11989073836156898,Кильмезский,Кировская область
1275,0,-1,0.517197851552641,0.13542768603816627,0.027270813204128747,0.058620654724744155,Кирово-Чепецкий,Кировская область
1276,1,1,0.2560679692408198,0.6597312007472134,0.024252928232737263,0.18080564189600298,Котельничский,Кировская область
1277,0,-1,-0.05633965398235837,-0.6438256806149594,0.033158155361045154,0.14711218136235762,Куменский,Кировская область
1278,0,-1,0.16238805332348846,-0.18845381069495176,0.02410736242463137,0.0934905596778108,Лебяжский,Кировская область
1279,1,0,0.6998142317215507,0.4319052214899824,0.02854794396704793,0.07065439961733848,Лузский,Кировская область
1280,0,-1,0.2904075064297194,0.2874978605055517,0.01608900541951148,0.12054210896703664,Малмыжский,Кировская область
1281,0,-1,0.10963093608542031,-0.6996223667136696,0.024971333060224105,0.04524789890651558,Мурашинский,Кировская область
1282,1,0,0.7682607336507933,-0.3310425995432248,0.0250116125449858,0.13953305695481852,Нагорский,Кировская область
1284,0,-1,0.25869389516644614,-0.6449791718534063,0.01557104815005001,0.046981406326145406,Нолинский,Кировская область
1285,0,-1,0.43717219762133136,0.049897719297377706,0.019852328576426766,0.04603792814031599,Омутнинский,Кировская область
1286,0,-1,0.24412176162702368,-0.2962030811281345,0.02049654583471165,0.13234113441357737,Опаринский,Кировская область
1287,0,-1,0.5083560946617337,-0.09250425465826027,0.02996762396160716,0.07870725418553656,Оричевский,Кировская область
1288,0,-1,-0.3495993981211561,-0.6937464028114422,0.024935845214786905,0.08990167775067154,Орловский,Кировская область
1289,0,-1,0.41705566464320853,-0.04690761917695249,0.022852564614947685,0.06760475971792755,Пижанский,Кировская область
1290,1,0,0.8456025403574381,-0.2108612289845705,0.028468212771199465,0.04382992609385424,Подосиновский,Кировская область
1291,1,0,0.43476550539740544,0.8187740821793035,0.04155184609029635,0.16586953752743056,Санчурский,Кировская область
1292,1,0,0.7286294694446599,-0.27173186154650747,0.02391056264030803,0.09050010829585342,Свечинский,Кировская область
1293,0,-1,0.36602862762942395,-0.09528232284597554,0.028598216274241334,0.061345037839686235,Слободской,Кировская область
1294,0,-1,0.4051171647553064,0.5358832535936345,0.016697428189293404,0.056008912340822094,Советский,Кировская область
1295,0,-1,0.14033907882191743,-0.21708136384806254,0.04244057391292354,0.1269320698523407,Сунский,Кировская область
1296,1,0,0.8037762818762895,0.003712837912785658,0.02878128498582435,0.09989971465903297,Тужинский,Кировская область
1297,0,-1,-0.23115793172566035,-0.6989996855228249,0.020023489991284112,0.099892382745209,Унинский,Кировская область
1298,0,-1,0.17776002941615618,0.07849852756872044,0.022704251640557945,0.05520625207343509,Уржумский,Кировская область
1299,0,-1,-0.4962808442521639,-0.7780042841936785,0.011078316922378957,0.061850466318846775,Фаленский,Кировская область
1300,0,-1,0.3829593102730841,0.1416020451628994,0.01888199552190322,0.11557174596736686,Шабалинский,Кировская область
1301,0,-1,0.11640318433107788,0.5175138209279201,0.03657990962118301,0.13157324972284715,Юрьянский,Кировская область
1302,0,-1,0.5264478697927157,-0.5254383249448303,0.02208021214135996,0.04522554411251956,Яранский,Кировская область
1303,0,-1,0.35085141526220054,-0.2634996609660945,0.015106248012998421,0.025954714768944405,Кострома,Костромская область
1304,1,0,0.8440510735949365,0.2649381789544801,0.025296695029808185,0.07200312421812756,Буй,Костромская область
1305,0,-1,-0.1138632599031711,-0.691895306716785,0.053528202436657124,0.07371478293256001,Волгореченск,Костромская область
1306,0,-1,-0.05331059033532811,0.6312245716009386,0.014822724931685084,0.059999738714287015,Галич,Костромская область
1308,0,-1,0.6708788089581295,0.39617571276678537,0.014903757910975906,0.07950550364403644,Шарья,Костромская область
1309,0,-1,-0.13232227222931084,0.4829974364916034,0.025762253629383766,0.22350729019141088,Антроповский,Костромская область
1310,0,-1,0.15436960104583664,-0.0037368829844500896,0.028126899268398488,0.12842378434984145,Буйский,Костромская область
1311,1,0,0.41684081044154353,0.774168258720044,0.0199584535442322,0.14714417507705782,Вохомский,Костромская область
1312,0,-1,0.08230428833118576,0.14929596251584368,0.027067915442860593,0.10447877382789844,Галичский,Костромская область
1313,0,-1,0.5104574664493031,0.2811546728473692,0.028919790102749265,0.20842031568370029,Кадыйский,Костромская область
1314,1,0,0.8037531818948391,0.19781972510032483,0.03532547256292853,0.1821242798440579,Кологривский,Костромская область
1315,0,-1,0.12003991454232661,-0.3165679287952576,0.016480979635368927,0.03072525327959744,Костромской,Костромская область
1316,0,-1,0.45328345127497377,-0.39013291156794877,0.026871397857816642,0.04812394466007987,Красносельский,Костромская область
1317,0,-1,0.38054518484816235,0.5632399481084324,0.01981922424332884,0.19352441117429686,Макарьевский,Костромская область
1319,1,0,0.5130577342218602,0.7435182941557501,0.031976201318415644,0.2594828406667863,Межевской,Костромская область
1320,0,-1,0.09626762339775372,0.05728989721667225,0.012487756510055457,0.12061883334859835,Нейский,Костромская область
1321,1,0,0.7080855364565156,-0.2696714341345716,0.027223096954018124,0.10329165367303077,Нерехта и Нерехтский,Костромская область
1322,0,-1,0.5686720859200568,0.022749964709584677,0.03568783993043146,0.18800485305902578,Октябрьский,Костромская область
1323,0,-1,-0.03181071653393426,-0.49675090962823315,0.016870564824940794,0.07584254710412432,Островский,Костромская область
1324,0,-1,0.4992396149076181,-0.17687247785925536,0.035752683991625754,0.20124833687168878,Павинский,Костромская область
1325,0,-1,0.11983250827298625,0.1924132875133135,0.03202301371915038,0.2731746552057476,Парфеньевский,Костромская область
1326,1,0,0.7375292541925097,0.25132259283014136,0.03427785710179396,0.0931948874762634,Поназыревский,Костромская область
1327,1,0,0.7281076785099894,0.27748749323887945,0.03279665504809682,0.13539201050590138,Пыщугский,Костромская область
1328,0,-1,0.47739112049177357,-0.23684888123479073,0.02180628228353704,0.1037522204742904,Солигаличский,Костромская область
1329,0,-1,0.5326251138537635,0.0263257858849032,0.021979917614029242,0.09130901116393919,Судиславский,Костромская область
1330,0,-1,-0.7373405063083234,0.15693553272683833,0.01205932764455997,0.16064423399443167,Сусанинский,Костромская область
1331,0,-1,0.43161304910644377,0.1139436047847758,0.02282231444460931,0.14774145677233202,Чухломский,Костромская область
1333,0,-1,0.15047271719438915,-0.4536750152378716,0.010985078428349856,0.023850469670429718,Курган,Курганская область
1334,0,-1,0.3001680473757636,-0.10882291749266637,0.009875670463373737,0.05284319950446114,Шадринск,Курганская область
1335,0,-1,0.06762469248367763,0.13229108450190744,0.021090319631207666,0.13027073102614786,Альменевский,Курганская область
1336,0,-1,0.20673311205923459,-0.09294166822663938,0.025102578465769673,0.1640183727475539,Белозерский,Курганская область
1337,0,-1,-0.6458252999634339,-0.7603003296799994,0.019136142337408558,0.09908272567482546,Варгашинский,Курганская область
1338,0,-1,0.32422253635050763,-0.4444139352491891,0.011025561690977287,0.13541209291218276,Далматовский,Курганская область
1339,0,-1,-0.33610046754880196,-0.41588248664543315,0.025361964805537072,0.24256085629419338,Звериноголовский,Курганская область
1340,0,-1,-0.2271344484334866,-0.05163375022996194,0.011721090664064288,0.0798929978322136,Каргапольский,Курганская область
1341,0,-1,-0.2109599957362418,-0.5141706746880963,0.013108422940604695,0.03710162917678434,Катайский,Курганская область
1343,0,-1,-0.11851262871594882,-0.3007073816198229,0.011408595962309986,0.0747644716552475,Куртамышский,Курганская область
1344,0,-1,0.10411901593373026,0.13404032529612853,0.023067148160317217,0.18744092569394144,Лебяжьевский,Курганская область
1345,0,-1,0.06971091455439253,0.24252398434340786,0.01980516188562261,0.09166783708444612,Макушинский,Курганская область
1346,0,-1,0.3679045557404205,0.46576605760032436,0.018197699208810557,0.0748816889771059,Мишкинский,Курганская область
1347,0,-1,-0.3149217872114893,-0.2181137548553915,0.017006158275535192,0.1993166539409178,Мокроусовский,Курганская область
1348,0,-1,0.20185282954052716,0.07302990723532803,0.024496852114479734,0.1500212183172051,Петуховский,Курганская область
1349,0,-1,-0.030644539151478235,-0.03691972358149485,0.029067257075242197,0.30566584916956874,Половинский,Курганская область
1350,0,-1,0.047237620955481084,-0.0811969354315932,0.021126448144819843,0.13266259128982028,Притобольный,Курганская область
1351,0,-1,-0.23635600110010577,0.16100277004644448,0.02259494645106109,0.07320818514459018,Сафакулевский,Курганская область
1352,0,-1,-0.23151625470067144,-0.3940951796381424,0.01932725523962975,0.13714931345091663,Целинный,Курганская область
1353,0,-1,-0.11558251031663408,0.08784088256771073,0.024797744153734095,0.17739698834333045,Частоозерский,Курганская область
1355,0,-1,-0.3123121072685019,-0.023313292743937578,0.01432392683459244,0.1422309486904653,Шатровский,Курганская область
1356,0,-1,0.1635517227347485,0.041414797686656506,0.01482949570477372,0.03635772072309945,Шумихинский,Курганская область
1357,0,-1,0.1955169793418754,0.23772043421174915,0.019471610494952878,0.11099990847275544,Щучанский,Курганская область
1358,0,-1,-0.2853320340231067,0.02250292106089884,0.01522949076503496,0.0592808037695741,Юргамышский,Курганская область
1392,0,-1,0.5709171582111129,-0.7339801910311549,0.018054904325111698,0.027195542838036397,Бокситогорский,Ленинградская область
1393,0,-1,-0.022920930790847314,-0.6966942571107992,0.019077340935397744,0.033117453978608456,Волосовский,Ленинградская область
1394,0,-1,0.16547746772473126,-0.6763722760772423,0.01957259053110917,0.0326895749558121,Волховский,Ленинградская область
1395,0,-1,-0.23116104954099007,-0.22634915891626456,0.022757792755765786,0.04926776915498566,Всеволожский,Ленинградская область
1396,0,-1,0.3228860712957183,-0.5236706877405798,0.02309840037774022,0.031158158971071232,Выборгский,Ленинградская область
1397,0,-1,-0.14040943460415037,-0.3949180865757167,0.01989614546807275,0.03555050135192209,Гатчинский,Ленинградская область
1398,0,-1,-0.36038423320257956,-0.6693946474536471,0.020008390235200076,0.03668377746376452,Кингисеппский,Ленинградская область
1399,0,-1,-0.02447980421011457,-0.3807915450156251,0.018023409643392396,0.04614562999053988,Киришский,Ленинградская область
1400,0,-1,-0.11716130669331441,-0.5358205724737095,0.02365281074162178,0.03933996010454499,Кировский,Ленинградская область
1401,1,0,0.8239925314158302,0.6117878504612061,0.025009510722438434,0.04741800029191942,Лодейнопольский,Ленинградская область
1402,0,-1,-0.28928705319399417,-0.35657041659785016,0.02133871070327484,0.04727438945505206,Ломоносовский,Ленинградская область
1403,0,-1,-0.2950212249039683,-0.29786338599216733,0.014873917537453998,0.04140721613124277,Лужский,Ленинградская область
1404,1,0,0.7028263936162634,-0.13679962540056329,0.022605295363587023,0.051158415089412344,Подпорожский,Ленинградская область
1405,0,-1,0.7351198211691079,0.6757192648636242,0.02020709454868369,0.053235406602563456,Приозерский,Ленинградская область
1406,0,-1,0.19010721391077176,0.509295654274852,0.012541120092071601,0.03249289201583077,Сланцевский,Ленинградская область
1407,0,-1,-0.24431308073551025,-0.7818141789903269,0.0167973741101529,0.025356341272205252,Тихвинский,Ленинградская область
1408,0,-1,-0.16343423990449105,-0.35634768285118124,0.020493243635511513,0.04116325292202562,Тосненский,Ленинградская область
1409,0,-1,0.03489226785832322,-0.3934935052744526,0.02317475256622082,0.04125976996850755,Сосновоборский,Ленинградская область
1410,0,-1,0.3908432287847318,-0.33816117397534934,0.022789263126661626,0.036358370327528866,Липецк,Липецкая область
1411,0,-1,0.4455536745783323,-0.3554590522270876,0.020786510051615928,0.04893011621132601,Елец,Липецкая область
1412,0,-1,0.44432212493784284,-0.021735442530599464,0.032144790981603916,0.10968830729750709,Воловский,Липецкая область
1413,0,-1,0.5721117662926772,-0.12249645193893874,0.02110902325753375,0.04123951309783556,Грязинский,Липецкая область
1414,0,-1,0.812389749844828,-0.7447957410968992,0.018798161691224356,0.018824082247696106,Данковский,Липецкая область
1415,1,1,0.7576751722199753,0.39105374209372085,0.026920809749121078,0.08399830771917419,Добринский,Липецкая область
1416,0,-1,0.22071384094657023,0.18799538971830604,0.02572069038586252,0.13779348418561266,Добровский,Липецкая область
1417,1,1,0.6663526795437607,-0.3876709551349265,0.03096187838423916,0.12332702926387326,Долгоруковский,Липецкая область
1419,1,1,0.7255225318400937,-0.4055235782587209,0.023222432383904746,0.06493350107290587,Задонский,Липецкая область
1420,0,-1,0.03928224435285676,0.10369109860196704,0.015195008417135931,0.1421322425518178,Измалковский,Липецкая область
1421,0,-1,0.08593436966068167,-0.13505883313649017,0.028785330724778766,0.12488704474051177,Краснинский,Липецкая область
1422,1,1,0.7913170425215822,0.12869671995261706,0.02132326205672966,0.054681381553492024,Лебедянский,Липецкая область
1423,0,-1,0.6226381984981127,0.395515836333308,0.02032602445868218,0.08291347389848375,Лев-Толстовский,Липецкая область
1425,0,-1,-0.5760562653155702,-0.08860175076608183,0.027668278354015245,0.1353664457579871,Становлянский,Липецкая область
1426,1,1,0.8341299946611678,-0.5377398176163549,0.02309621556903685,0.08750977789549576,Тербунский,Липецкая область
1427,0,-1,0.6654235910519823,0.2506445487003308,0.016582150348307963,0.03386969191703539,Усманский,Липецкая область
1428,0,-1,0.18821046683438236,0.02827471057202503,0.022122666773068657,0.08900067533920876,Хлевенский,Липецкая область
1429,0,-1,-0.051758592266764374,-0.5369012733048384,0.013316325563002716,0.04499640671808553,Чаплыгинский,Липецкая область
1430,0,-1,0.20357451704115243,-0.5896523284322636,0.027492540123352976,0.045121883305374984,Магадан,Магаданская область
1431,0,-1,0.054145357259864774,-0.32126215142301034,0.041126545970890015,0.12394486017925899,Ольский,Магаданская область
1438,0,-1,0.5296120001445531,0.37888763041899504,0.06199220924162303,0.2890346618793487,Ягоднинский,Магаданская область
1439,0,-1,-0.29398613619954905,-0.362161790863195,0.020862538273419818,0.043270289371006944,Балашиха,Московская область
1440,0,-1,-0.7756895728199519,-0.7291747589034933,0.016502641748863053,0.032664760182907086,Бронницы,Московская область
1443,0,-1,-0.34910508794478673,-0.383498846144232,0.0170023874572194,0.04466290160946028,Дзержинский,Московская область
1444,0,-1,-0.30291674818727965,-0.06763381665145148,0.017377140510650695,0.048122893423877294,Долгопрудный,Московская область
1445,0,-1,-0.38593363628807387,-0.4129416209838341,0.020512464273212246,0.04110237585904041,Домодедово,Московская область
1446,0,-1,-0.1023752799641511,-0.2789264701660841,0.015442419373472795,0.04069839431024173,Дубна,Московская область
1447,0,-1,-0.21618644080181615,-0.6272459582238853,0.018655999627894986,0.03979138989111099,Егорьевск,Московская область
1448,0,-1,-0.13905623869673014,-0.39073741165029985,0.01914530557225912,0.03914364441502938,Жуковский,Московская область
1449,0,-1,0.11601414103043316,-0.3023548391081327,0.012983712668282734,0.037737591126998316,Зарайск,Московская область
1453,0,-1,-0.4802439942905209,-0.404925003411873,0.014820350598679616,0.035059195445544436,Истра,Московская область
1454,0,-1,0.5229121144922421,-0.18411203314705218,0.02312245523368877,0.033112062721605245,Кашира,Московская область
1456,0,-1,-0.39661983845084653,-0.2853574855645391,0.017650850629118378,0.04497552354472618,Королёв,Московская область
1457,0,-1,-0.2569199713065465,-0.1517480496099155,0.01925456061229218,0.04971434678678964,Котельники,Московская область
1459,0,-1,-0.47363910136296666,-0.2895241028293395,0.01923489789658215,0.04630225050366538,Красногорск,Московская область
1461,0,-1,-0.3767977189859522,-0.24438741671931838,0.017691390066596063,0.042221306218267377,Лобня,Московская область
1463,0,-1,0.07136840152034758,-0.662420590688772,0.02206321515952051,0.04257808253680262,Луховицы,Московская область
1464,0,-1,-0.5260445347836179,-0.4391197463610967,0.017642590066947263,0.0394561743924182,Лыткарино,Московская область
1465,0,-1,-0.35483488221204507,-0.2370808758107421,0.02011394588537222,0.046429863931400334,Люберцы,Московская область
1467,0,-1,-0.33766066228685326,-0.17461198952382315,0.019162147245123332,0.04981151422953374,Мытищи,Московская область
1468,0,-1,-0.6470222355849751,-0.44741408005539735,0.014523090127777347,0.03683892493062503,Наро-Фоминский,Московская область
1472,0,-1,-0.3700875635082135,-0.3369577043901049,0.017954798294235363,0.03786082470903781,Подольск,Московская область
1473,1,1,0.7493044797723909,-0.16968118011370723,0.025780997335466148,0.03748479935993803,Протвино,Московская область
1474,0,-1,0.38378930787677024,-0.24081548999719318,0.02626950541123217,0.030657036898339356,Пущино,Московская область
1475,0,-1,-0.5592239423076695,-0.2481289085285807,0.02004281455589537,0.05016891385525208,Реутов,Московская область
1477,0,-1,0.4541998856843405,-0.433568070546444,0.022290987774814267,0.03632352006453063,Рузский,Московская область
1478,0,-1,0.33580928267264465,0.48951291956697607,0.017249923614419554,0.0582603166387571,Серебряные Пруды,Московская область
1480,0,-1,-0.38765008390398964,-0.6733203306589357,0.016249093199236342,0.03384721295678704,Ступино,Московская область
1481,0,-1,0.08678638717040192,-0.19381400320393016,0.02198307480395541,0.04610015144702461,Фрязино,Московская область
1483,0,-1,0.40453656957581224,-0.26412955755315926,0.026295987928676514,0.06538546829671804,Черноголовка,Московская область
1484,0,-1,0.028367036968333214,-0.39734580787958396,0.016848822266866136,0.03792798906821019,Чехов,Московская область
1486,0,-1,0.5005703672569205,-0.10413211804452584,0.01808950507918731,0.04352376422621032,Шаховская,Московская область
1488,0,-1,-0.12112127512219312,-0.3423965305056406,0.020600845673978102,0.03786666439815376,Электросталь,Московская область
1489,1,1,0.9063902717945886,0.0998437037957964,0.023278450664729895,0.039545224450602615,Волоколамский,Московская область
1490,0,-1,-0.558630741266707,-0.5277996567032527,0.015312114891970412,0.03417459626459638,Воскресенск,Московская область
1491,0,-1,-0.3881205391005791,-0.4209669578737401,0.015256830305460186,0.03227077650347251,Дмитровский,Московская область
1492,0,-1,-0.6210259962156937,-0.5561371101542127,0.011844639406030276,0.029794927765165544,Клин,Московская область
1493,0,-1,-0.3811104495004199,-0.3685406344386695,0.021240521494206313,0.04565023086945674,Ленинский,Московская область
1494,0,-1,-0.2988658350789117,-0.5635066319486891,0.011250982563152054,0.04234120222956107,Лотошино,Московская область
1495,0,-1,-0.06441116876695906,-0.48729780314145377,0.015425821026324378,0.0305568308433007,Можайский,Московская область
1496,0,-1,-0.31904659746840314,-0.4492584940049615,0.017928993665269937,0.037359442071931086,Богородский,Московская область
1500,0,-1,-0.18597578580512983,-0.48335556899323373,0.01783676226123156,0.035677225576335375,Раменский,Московская область
1501,0,-1,0.08867391510995964,-0.4851049270187913,0.02159595534068649,0.03702196971540163,Сергиево-Посадский,Московская область
1504,1,1,0.7033761417564058,0.869733891310924,0.026495727536214705,0.07426785537987782,Талдомский,Московская область
1506,1,0,0.7723950700218901,-0.2260876027440293,0.0301907729699088,0.029409814815642466,Мурманск,Мурманская область
1507,1,0,0.7891629692118135,-0.5023258876369874,0.03154803197153966,0.03983146214497409,Апатиты,Мурманская область
1508,1,0,0.7617093875998402,-0.14539666440820387,0.03753054519531333,0.0450412436513696,Кировск,Мурманская область
1509,0,-1,0.18567874575940088,0.10690524861999857,0.029655600727746714,0.03710537390206744,Мончегорск,Мурманская область
1510,1,0,0.8420713667691138,0.6727102837588516,0.02943050118174511,0.05889573414722997,Оленегорск,Мурманская область
1511,1,0,0.6600554706580212,0.516672375074545,0.029387032188661733,0.05703796698005215,Полярные Зори,Мурманская область
1512,1,0,0.8388752811105934,0.5554577990496089,0.03565909723036113,0.04540241589229088,Ковдорский,Мурманская область
1518,0,-1,0.4361737779518458,-0.38267092588839907,0.02092100008130901,0.029035083436105585,Кандалакшский,Мурманская область
1519,0,-1,0.22476353536694707,0.023096426359293574,0.020196934357478106,0.05681982274715741,Кольский,Мурманская область
1520,1,0,0.7717362174441919,0.805968060681978,0.034856922337836084,0.13407300985596354,Ловозерский,Мурманская область
1521,1,0,0.7354056163052127,-0.26823645656403083,0.02640814143424466,0.040663195320069956,Печенгский,Мурманская область
1522,0,-1,0.5180110913797704,0.312432575433484,0.02780185910047384,0.1164487293919712,Терский,Мурманская область
1523,0,-1,-0.00238091004280041,-0.5131962925052426,0.018589011980848214,0.031527442151808124,Нижний Новгород,Нижегородская область
1525,0,-1,0.023186886123445296,-0.6570392233752325,0.018315148361749085,0.0331699307309003,Бор,Нижегородская область
1526,0,-1,0.7035434242001435,0.6080952250544047,0.02051801590803522,0.06664569771367744,Выкса,Нижегородская область
1527,0,-1,-0.2112740809448495,-0.5786218811832758,0.017104222433175643,0.03507455788629213,Дзержинск,Нижегородская область
1528,0,-1,0.4232437881965897,0.8104611816062425,0.011894344169146332,0.058960743827036546,Кулебаки,Нижегородская область
1529,0,-1,-0.16609161821764432,-0.09956743960077902,0.01799526230435134,0.09848698306557077,Навашинский,Нижегородская область
1530,1,1,0.04229223684614897,0.8006577624730009,0.014297497319384768,0.10976358244292043,Перевозский,Нижегородская область
1532,0,-1,0.39308906423609874,-0.0669658832521503,0.01795776234234042,0.06254439109828588,Семеновский,Нижегородская область
1533,0,-1,0.2678192152157828,0.4185658536458806,0.011523298914067991,0.04266809206716357,Шахунья,Нижегородская область
1534,1,1,0.07127710766838785,0.6513556178009434,0.011160148594307211,0.09415865188307462,Первомайск,Нижегородская область
1535,0,-1,-0.3095013025244978,0.33308128808199317,0.011196476044329256,0.07858518365348496,Сокольский,Нижегородская область
1536,0,-1,-0.08761031075367315,-0.5355091827080454,0.014834815749620237,0.04135321274635661,Чкаловск,Нижегородская область
1537,0,-1,0.38341800644896534,-0.23329866495663493,0.020571782503598382,0.06447166219957352,Ардатовский,Нижегородская область
1539,0,-1,-0.2934934555779095,-0.5502315394209938,0.016083313289327106,0.035762776856373565,Балахнинский,Нижегородская область
1540,0,-1,-0.23608763564810362,-0.509409360517226,0.011857326608853353,0.030554467460304147,Богородский,Нижегородская область
1541,0,-1,0.6285884556028626,0.46400672792507713,0.024666916053174972,0.14532266636027255,Большеболдинский,Нижегородская область
1542,0,-1,-0.37940144780143337,0.4837470935508087,0.01378843743938539,0.08973758037422419,Большемурашкинский,Нижегородская область
1543,1,1,-0.015528494356432287,0.7052530481984128,0.01826313281273499,0.15099862087336005,Бутурлинский,Нижегородская область
1544,0,-1,0.05151315184610112,0.033103037584211736,0.014394238339291815,0.1066690687541947,Вадский,Нижегородская область
1545,0,-1,0.3071991001612361,0.4214692776928589,0.017195612229474154,0.13655784218800998,Варнавинский,Нижегородская область
1546,0,-1,-0.12276548664377485,-0.5956159365149984,0.017937161204362093,0.0726599801583661,Вачский,Нижегородская область
1547,0,-1,0.501742671325929,0.39466297463914285,0.013801543113660955,0.11265624428523222,Ветлужский,Нижегородская область
1548,0,-1,-0.05256965232630455,0.13756255718763044,0.008899707849445743,0.10716510169036715,Вознесенский,Нижегородская область
1549,0,-1,-0.190795138757955,-0.34815082355051485,0.019951828398700938,0.04060273098934235,Володарский,Нижегородская область
1550,0,-1,0.32486309116157375,-0.02836613627810174,0.020022476713230784,0.04818495512376807,Воротынский,Нижегородская область
1551,0,-1,-0.0536575121540516,0.01691413923201358,0.01506856342194416,0.09678156667256918,Воскресенский,Нижегородская область
1552,0,-1,0.22617835789897772,0.45918969988006225,0.02013680263985285,0.2605853802842385,Гагинский,Нижегородская область
1553,0,-1,0.08502978242864456,-0.7090956788124175,0.01602911131614202,0.02448940052346902,Городецкий,Нижегородская область
1554,0,-1,0.0853169357328397,0.24651407906005585,0.021475714003608322,0.07663611192041021,Дальнеконстантиновский,Нижегородская область
1555,1,1,0.7579173454641047,0.20524633613180157,0.02683261512990295,0.14702407448947916,Дивеевский,Нижегородская область
1556,0,-1,-0.15858674531458708,0.13805304748781808,0.0163036270300828,0.07838637434921104,Княгининский,Нижегородская область
1557,0,-1,-0.15998007267824277,-0.00819550615286355,0.020140413216870382,0.05002425513769356,Ковернинский,Нижегородская область
1558,0,-1,-0.6450352902790444,0.6386891884457818,0.008221767879968572,0.07345397762119901,Краснобаковский,Нижегородская область
1559,0,-1,-0.09396822023731552,-0.19592865158218747,0.02615293762980244,0.13587366690822913,Краснооктябрьский,Нижегородская область
1560,0,-1,-0.4275318276083479,-0.6314128088270121,0.017699802677529523,0.03295641206383912,Кстовский,Нижегородская область
1561,0,-1,-0.34249964844248165,-0.4564927029581262,0.012693652764265458,0.058450976521413574,Лукояновский,Нижегородская область
1562,0,-1,0.17163720353026302,-0.4973113006098035,0.014628978532106,0.019759754050514555,Лысковский,Нижегородская область
1563,0,-1,0.27205571463253414,-0.5380295045859899,0.011242263724891056,0.033016818631234145,Павловский,Нижегородская область
1564,0,-1,0.019551232569857472,0.5655039161052889,0.009471068257152136,0.1052451995662566,Пильнинский,Нижегородская область
1565,0,-1,0.40869453895215535,0.21232284356072798,0.030491699594119463,0.04412663136164408,Починковский,Нижегородская область
1566,0,-1,0.24858123508587837,-0.1898855555878869,0.011102640940022033,0.06533183495265886,Сергачский,Нижегородская область
1567,0,-1,0.41481344932267195,0.37609121776045346,0.015966003001995067,0.19292898486997623,Сеченовский,Нижегородская область
1568,0,-1,0.49001437252575536,-0.5504138916221144,0.017823384922741308,0.12133037047386562,Сосновский,Нижегородская область
1569,0,-1,0.3116259690780334,0.492554847038722,0.02473523022028943,0.12277872418413058,Спасский,Нижегородская область
1570,0,-1,-0.023655137248705837,0.32581602275599414,0.025827688011807765,0.07442081772440119,Тонкинский,Нижегородская область
1571,0,-1,0.5950163318703272,-0.305940745751821,0.03257953936060674,0.059078021874454885,Тоншаевский,Нижегородская область
1572,0,-1,0.7545769910878782,0.3795953150712408,0.014465632828893458,0.03270060461471963,Уренский,Нижегородская область
1573,1,0,0.7222326380235404,0.09879095460407634,0.03178738140046514,0.0638338456625103,Шарангский,Нижегородская область
1574,0,-1,-0.002982704501729259,-0.04714691761197508,0.017669547119474983,0.10607363499511895,Шатковский,Нижегородская область
1575,0,-1,0.5539789959573634,-0.0003276105752271006,0.019999658624776435,0.03588228657942208,Великий Новгород,Новгородская область
1577,0,-1,0.39374272768594476,0.7765218305515,0.015882758947367334,0.04117148635541621,Боровичский,Новгородская область
1578,0,-1,-0.13426261085079266,0.5502545796011626,0.013924481974797677,0.0598172319065587,Валдайский,Новгородская область
1579,0,-1,0.02129600173563746,0.4404112678969527,0.031526941950801864,0.5553454152892562,Волотовский,Новгородская область
1580,0,-1,0.19522447073153143,0.20729194606599896,0.010510269767340813,0.07727502354692188,Демянский,Новгородская область
1581,0,-1,0.2792856592743411,0.09051831768501857,0.02661812961543208,0.07160768558834756,Крестецкий,Новгородская область
1582,0,-1,0.2060217299279071,0.42886483818852134,0.015723010707525527,0.07740310615382179,Любытинский,Новгородская область
1583,0,-1,-0.000918311327494465,-0.6248159264921057,0.01577660543950629,0.06458403723712185,Маловишерский,Новгородская область
1584,0,-1,-0.2846958077210044,-0.38241631843420837,0.028139968312465107,0.14882812496800532,Марёвский,Новгородская область
1585,0,-1,-0.28338924234196,0.1330691989806712,0.02915299883497637,0.18727977805628945,Мошенской,Новгородская область
1586,0,-1,-0.07871607386043114,-0.1304116115724399,0.022258191363541523,0.03988135182173718,Новгородский,Новгородская область
1587,0,-1,0.4088383347531621,-0.09386105022157154,0.014243745152094471,0.0617585283931074,Окуловский,Новгородская область
1588,0,-1,-0.4866678744422646,-0.26767147953774884,0.022655983474006283,0.05860868271339972,Парфинский,Новгородская область
1589,0,-1,0.5138985669592835,-0.22171092195423264,0.017635307178419605,0.049508141851322546,Пестовский,Новгородская область
1590,0,-1,-0.08544428021422748,0.2897945916190433,0.03052956245009022,0.2557521441014248,Поддорский,Новгородская область
1591,0,-1,-0.5575783876501486,-0.592587266438019,0.013471041853088297,0.06770322755981399,Солецкий,Новгородская область
1592,0,-1,-0.09084821413931238,0.27966067203539907,0.014111070115772985,0.041430193094054,Старорусский,Новгородская область
1593,0,-1,-0.15794814131107582,0.34960751189843847,0.015763377265612256,0.09535057243144836,Хвойнинский,Новгородская область
1594,0,-1,0.14126119002903445,0.0825072710849288,0.030187903767140097,0.2554374609798943,Холмский,Новгородская область
1595,0,-1,0.24050749929165469,0.4787443067017264,0.018586876103946097,0.06210757126467547,Чудовский,Новгородская область
1596,0,-1,0.5856960597656935,-0.13050735369307143,0.02494222172119277,0.09281198949398459,Шимский,Новгородская область
1597,0,-1,-0.17519989437582456,-0.4092918418123137,0.022991971419534036,0.045482114394586694,Новосибирск,Новосибирская область
1598,0,-1,-0.1654133907283409,-0.6888279330964561,0.025274355310443725,0.035128309316831835,Бердск,Новосибирская область
1599,0,-1,0.051906385623422965,-0.7604462597559075,0.030114244335220936,0.05049579824028385,Искитим,Новосибирская область
1600,0,-1,-0.2809762561679918,-0.5915904070054665,0.021158747810993174,0.05352948906993988,Обь,Новосибирская область
1601,0,-1,-0.36068494661628914,-0.6503299114631018,0.028886832253998528,0.05146184309596716,Кольцово,Новосибирская область
1602,0,-1,-0.3042706773090324,-0.39778956007536376,0.01557207351658602,0.09401166506863544,Баганский,Новосибирская область
1603,0,-1,0.43231976251580884,-0.6373662902765702,0.022700831596947885,0.034342070190362076,Барабинский,Новосибирская область
1604,0,-1,0.02273638073593099,-0.5336391588818155,0.018038975190610318,0.035251340326857436,Болотнинский,Новосибирская область
1605,0,-1,0.03508661175448467,0.49848255216612863,0.019813433466180332,0.15468101060949885,Венгеровский,Новосибирская область
1606,0,-1,0.31145020382322874,0.2474530463383473,0.02118713118669208,0.0877385833720588,Доволенский,Новосибирская область
1607,0,-1,-0.24148325357176842,-0.29032412849912714,0.018573567197648192,0.07984405547715734,Здвинский,Новосибирская область
1608,0,-1,0.35964160243364246,0.36880186475330207,0.017829471299006958,0.07471522243713886,Искитимский,Новосибирская область
1609,0,-1,0.5068467497999792,-0.6450922139232433,0.01677997993606337,0.03008194542327042,Карасукский,Новосибирская область
1610,0,-1,-0.05966512729112454,-0.34195863445789376,0.01764974967664645,0.05383373022797589,Каргатский,Новосибирская область
1611,0,-1,0.4983657242905548,-0.164731737180469,0.02249238691052908,0.06966758090694182,Колыванский,Новосибирская область
1612,0,-1,-0.0012117612024443779,-0.6396597640070664,0.01365194258275334,0.05051417201979877,Коченевский,Новосибирская область
1613,0,-1,0.41433350682414133,0.553817784854762,0.033060002852194674,0.15915453551936576,Кочковский,Новосибирская область
1614,0,-1,0.6691559785188812,0.21598685269436013,0.01713932323791751,0.06567667807502842,Краснозерский,Новосибирская область
1615,0,-1,0.24026457590136202,-0.38492278435742,0.014804260145398006,0.028900282505456627,Куйбышевский,Новосибирская область
1616,0,-1,0.6817286032064027,-0.6129602502368949,0.018530095048176303,0.06003702846379853,Купинский,Новосибирская область
1617,0,-1,0.3078139929339905,0.5242659597226516,0.026480676413097936,0.20907236503784163,Кыштовский,Новосибирская область
1618,0,-1,0.15921166266784648,-0.4615990407784382,0.017931825682951874,0.09856715272852866,Маслянинский,Новосибирская область
1619,0,-1,0.23774525232410068,-0.5813629268240162,0.016361985941313932,0.0618693937172444,Мошковский,Новосибирская область
1620,0,-1,-0.6275883254012292,-0.743067463191519,0.025584207688533537,0.043893370220626636,Новосибирский,Новосибирская область
1621,0,-1,0.6861409610128677,0.5766342905926491,0.019037038264081835,0.08330253611326126,Ордынский,Новосибирская область
1622,1,0,0.09065668890109059,0.6428326712195135,0.02646418264227155,0.15614273139006352,Северный,Новосибирская область
1623,0,-1,0.47416155475703864,-0.7322397658249025,0.0183300064928356,0.05716335055316126,Сузунский,Новосибирская область
1624,0,-1,0.45551003205553126,-0.5390896241040074,0.01733112450894936,0.0712197374464741,Татарский,Новосибирская область
1625,0,-1,0.14708434816891064,0.19754900114653348,0.010581558376650386,0.08624887216605735,Тогучинский,Новосибирская область
1626,0,-1,-0.534543939738334,-0.10081610372904037,0.014547691128999726,0.09824971003366112,Убинский,Новосибирская область
1627,0,-1,-0.18331239821652046,0.003910879620203786,0.02305842286371703,0.07768002236676158,Усть-Таркский,Новосибирская область
1628,1,0,0.8631383669247685,0.20921039291793309,0.030456096380542353,0.08574262436080585,Чановский,Новосибирская область
1629,0,-1,-0.5746107727168185,-0.050542230882417195,0.008933600263598775,0.058051679910681546,Черепановский,Новосибирская область
1630,0,-1,0.2371522464142293,0.15759218317071721,0.022916859094988976,0.08894563507882199,Чистоозерный,Новосибирская область
1631,0,-1,0.311012866483041,0.4948384511196013,0.01976496349032079,0.11759116101593152,Чулымский,Новосибирская область
1632,0,-1,-0.1499921572585521,-0.16062093836224606,0.01993552181402365,0.040245485653340164,Омск,Омская область
1633,0,-1,0.036312764869034043,0.31252890641051567,0.021995871974234,0.09969987922875123,Азовский немецкий,Омская область
1634,0,-1,0.03198213188565493,-0.15681353003360782,0.01928394721004834,0.09488601829974319,Большереченский,Омская область
1635,0,-1,0.6150133688502368,0.4169174636211451,0.04398550623469993,0.260615358608656,Большеуковский,Омская область
1636,0,-1,-0.5935256314104576,-0.029574362753894967,0.01636664749531158,0.09193087027764067,Горьковский,Омская область
1637,0,-1,-0.20232613922238699,0.33410392889692553,0.017252038827067124,0.07116355002909219,Знаменский,Омская область
1638,0,-1,0.15369556997873327,0.20348599453694882,0.012510171494627974,0.14389040975109396,Исилькульский,Омская область
1639,0,-1,0.18695048576816334,-0.184071142736002,0.015543890905800965,0.06835779295844105,Калачинский,Омская область
1640,0,-1,-0.6160579012399456,-0.406437007047723,0.011557165290523716,0.0853014077252755,Колосовский,Омская область
1641,0,-1,-0.201516176373673,-0.32682514520013867,0.019543855294600034,0.09815553822365382,Кормиловский,Омская область
1642,0,-1,-0.24992241064226936,0.09232462162668652,0.017949187413334386,0.15322054029386029,Крутинский,Омская область
1643,0,-1,-0.18473503064774768,0.6187899794738541,0.014659508752814446,0.08555053294779409,Любинский,Омская область
1644,0,-1,-0.11396949161104947,-0.08183759880261972,0.01913474672702797,0.11167820666933913,Марьяновский,Омская область
1645,0,-1,0.1721792062142107,-0.3510043589075749,0.01701340535931352,0.0712687689564858,Москаленский,Омская область
1646,0,-1,-0.1347215181238878,-0.3985187641333294,0.018526933323294775,0.08205765854331001,Муромцевский,Омская область
1647,0,-1,-0.15021301712658178,-0.1896479182726118,0.015050878246148702,0.10200617120115509,Называевский,Омская область
1648,0,-1,0.0774957871400147,-0.04763485763038423,0.023482558559071994,0.20638353370757145,Нижнеомский,Омская область
1649,0,-1,0.16247986359713837,-0.38294122319739016,0.0355939301418033,0.07449748677007248,Нововаршавский,Омская область
1650,0,-1,0.1316639522108542,0.03705889135682784,0.026576064062224895,0.15527994796326036,Одесский,Омская область
1651,0,-1,0.5454435157412071,0.3664993897860201,0.036462903575050824,0.28027115786006185,Оконешниковский,Омская область
1652,0,-1,-0.6287129090499737,-0.7610934163947162,0.018116206203466226,0.04230249518227685,Омский,Омская область
1653,0,-1,0.08266907398297028,-0.2341308702933006,0.019628186244407715,0.06835020325554546,Павлоградский,Омская область
1654,0,-1,-0.08996330856585989,0.2553541165247684,0.018117655875907388,0.1987411743640412,Полтавский,Омская область
1655,0,-1,0.2674903816690292,0.16309737417478876,0.018126740394586165,0.10886048505052685,Русско-Полянский,Омская область
1656,0,-1,-0.07191250399975846,0.3197742226642584,0.01951118674500244,0.08869867176947009,Саргатский,Омская область
1657,0,-1,0.32709734466233104,0.6273535474149002,0.029457916825149432,0.16046400654076606,Седельниковский,Омская область
1658,0,-1,-0.531304498930937,0.5003563569459558,0.012263936278055543,0.08015268889017514,Таврический,Омская область
1659,0,-1,0.4803023645548166,0.5807124185737058,0.017039824377958153,0.04776682154829844,Тарский,Омская область
1660,0,-1,0.3274561284335051,0.03387772844152217,0.020966474649367264,0.12895278842331048,Тевризский,Омская область
1661,0,-1,-0.6774661572830853,-0.5968983400455553,0.013825761469440298,0.07967327027861563,Тюкалинский,Омская область
1662,0,-1,0.34241482322959294,-0.6556286310801479,0.036604466368106665,0.33937593480103834,Усть-Ишимский,Омская область
1663,0,-1,-0.24656442298872008,-0.03825736274504312,0.013358097970457677,0.0726073920698689,Черлакский,Омская область
1664,0,-1,0.061498560956908026,0.4149504963795409,0.023412874189965852,0.20733749390084327,Шербакульский,Омская область
1665,0,-1,-0.3144075737565522,-0.4587541176957683,0.013834162207798291,0.03974805177560561,Оренбург,Оренбургская область
1666,0,-1,0.47702549852393533,0.1720302732445484,0.018765937566579377,0.05333391532195987,Абдулинский,Оренбургская область
1667,0,-1,-0.4898697238461438,-0.5968957400322245,0.009920087197072332,0.045626702960668994,Бугуруслан,Оренбургская область
1668,0,-1,-0.41623544332083506,-0.745269767482691,0.015488434351525656,0.03162559810722446,Бузулук,Оренбургская область
1669,0,-1,-0.5150207815166261,-0.665880894933614,0.017700749703349408,0.033228944162687644,Гайский,Оренбургская область
1670,0,-1,-0.24152262429440619,-0.027483679690587244,0.011080832492934805,0.04012139660660359,Кувандыкский,Оренбургская область
1671,0,-1,0.3970736314662848,0.5103488144358946,0.017012788757033888,0.0785727064411013,Медногорск,Оренбургская область
1672,0,-1,-0.36146980461625483,-0.38372090899731087,0.018632535830871995,0.047259211485276696,Новотроицк,Оренбургская область
1673,0,-1,0.17337154278103914,-0.1523766056645176,0.020310420711957204,0.04929444803190536,Орск,Оренбургская область
1674,0,-1,0.25533937975354204,-0.5251632289579409,0.04377269020593573,0.0699091667126301,Соль-Илецкий,Оренбургская область
1675,0,-1,0.07815510681991913,0.11913451610223023,0.013603741575690288,0.0846995832010127,Сорочинский,Оренбургская область
1676,0,-1,0.18413776874189144,-0.10708898830327652,0.02112433097109599,0.04959678701047611,Ясненский,Оренбургская область
1678,0,-1,0.0013666447368176078,0.12560563213538142,0.02518932146231389,0.13126314340995793,Адамовский,Оренбургская область
1679,0,-1,0.18404282399879712,0.051183209161968064,0.02035988954094907,0.0764619035770722,Акбулакский,Оренбургская область
1680,0,-1,0.6252658065858402,-0.3601915995870646,0.0459362610310422,0.2018980646999132,Александровский,Оренбургская область
1681,0,-1,0.5290139852735758,0.3447928515386503,0.03395045803848373,0.11591718363518091,Асекеевский,Оренбургская область
1682,0,-1,0.285730656505914,-0.2450999713441953,0.027050132234650272,0.08015780670043822,Беляевский,Оренбургская область
1683,0,-1,0.04892679355676223,-0.22431073166862636,0.02072651301826011,0.06388264905948345,Бугурусланский,Оренбургская область
1685,0,-1,0.5996622486519235,-0.15522203779311977,0.025835590545601944,0.08037777029758471,Грачёвский,Оренбургская область
1686,0,-1,-0.8341791061044975,0.3184257845314472,0.018068537663438702,0.16179113426281022,Домбаровский,Оренбургская область
1687,0,-1,0.03856536099806374,0.19375153898280548,0.020088071872246923,0.09469120142505161,Илекский,Оренбургская область
1688,0,-1,-0.04353419374015419,-0.2026528347977052,0.023371518412610495,0.08418015498920836,Кваркенский,Оренбургская область
1689,0,-1,-0.07452978735330382,0.6180807893154717,0.01438394392276193,0.10258323723884404,Красногвардейский,Оренбургская область
1690,0,-1,-0.19508256936360505,0.2813322656649554,0.028738865073798928,0.1853767839423811,Курманаевский,Оренбургская область
1691,0,-1,-0.03600798787174974,-0.5689859834631117,0.019138298509402615,0.05847869882147783,Матвеевский,Оренбургская область
1692,0,-1,-0.26628491622573136,0.04829865431571754,0.01697652090675298,0.0815701220359939,Новоорский,Оренбургская область
1693,0,-1,0.6159044308806846,-0.12382140396874732,0.01917841559717081,0.07393347124937674,Новосергиевский,Оренбургская область
1694,0,-1,0.27614138810889804,-0.17748860329057997,0.028197960183983344,0.07398541425910878,Октябрьский,Оренбургская область
1696,0,-1,-0.44068817171185515,0.14655525763691107,0.010660341076229722,0.10029262497769464,Первомайский,Оренбургская область
1697,0,-1,-0.24365978877970296,-0.6053426080402411,0.01638489080721149,0.05191079292567002,Переволоцкий,Оренбургская область
1698,0,-1,-0.08590447569110783,0.10193850832989595,0.02167559311962559,0.12230902818275056,Пономарёвский,Оренбургская область
1699,0,-1,0.23226450005470597,-0.38587079718591566,0.029169158768931207,0.14795761825419554,Сакмарский,Оренбургская область
1700,1,1,0.6531876862493963,0.08349010338374706,0.02149075616506466,0.045021964580785376,Саракташский,Оренбургская область
1701,0,-1,0.005270314170791995,0.6342784144952979,0.018975942922953827,0.10948996750104446,Светлинский,Оренбургская область
1702,0,-1,0.021492580367184988,-0.13313164484466566,0.0324682847493296,0.10173216802682693,Северный,Оренбургская область
1703,1,1,-0.08120278823031787,0.7033571343466597,0.013670903782026447,0.0780996769771962,Ташлинский,Оренбургская область
1704,0,-1,0.48494745257798827,0.24922099791179841,0.02214919433355815,0.07517034054595687,Тоцкий,Оренбургская область
1705,0,-1,-0.24849768107995712,-0.034695969285311,0.016012008462346503,0.051734652106821495,Тюльганский,Оренбургская область
1706,0,-1,-0.1303044237503355,-0.3744190367946822,0.02302504976947036,0.08983154835892819,Шарлыкский,Оренбургская область
1707,0,-1,0.03201457306063408,-0.7051236068027381,0.01407783154253377,0.02413735540823568,Орёл,Орловская область
1708,1,1,0.5765086437503046,0.7366510156368651,0.020102979424984842,0.07809215992917179,Ливны,Орловская область
1709,0,-1,-0.15492342372594786,-0.7454231456726851,0.014633565792916171,0.04734811528877646,Мценск,Орловская область
1710,1,1,0.5961814215312489,0.6757022244415787,0.029479064551206594,0.07258337135517784,Болховский,Орловская область
1711,0,-1,0.061700602004758555,0.5818332463924135,0.01922187876831112,0.14478048915723596,Верховский,Орловская область
1712,0,-1,-0.12450435013483997,-0.3981542336174825,0.017584393893289307,0.08110929962782826,Глазуновский,Орловская область
1714,0,-1,0.19681496215776845,0.00913653576707406,0.026749063328407777,0.14520732042910567,Должанский,Орловская область
1715,0,-1,-0.15545600759086883,0.15651775571582746,0.02166607011599523,0.17973081255912057,Залегощенский,Орловская область
1717,0,-1,0.5846770682753625,-0.1202259473334678,0.04436095829923095,0.08513514040361363,Колпнянский,Орловская область
1718,0,-1,-0.43322783969918827,-0.07505598132533094,0.021340970900149737,0.24469243558078732,Краснозоренский,Орловская область
1719,0,-1,-0.4580380884443908,-0.2964883653515458,0.029648620364808035,0.09192654453806766,Кромской,Орловская область
1722,0,-1,0.35790890783332036,0.4884666852654029,0.023875199381066248,0.1824380031117015,Малоархангельский,Орловская область
1724,0,-1,0.42187729195784013,-0.19692146747363884,0.024591045129219925,0.12674225955883864,Новодеревеньковский,Орловская область
1725,0,-1,-0.03532777086825723,0.44556982129735284,0.021641563780390963,0.19305991228639,Новосильский,Орловская область
1726,0,-1,0.10085343619780013,-0.5548823006890667,0.023228837842636994,0.03799463896645897,Орловский,Орловская область
1727,0,-1,-0.3084261066800643,0.23263454669558797,0.014893545718518442,0.08206544294532993,Покровский,Орловская область
1728,0,-1,0.29724695261958495,0.051938146332960275,0.029483119648759094,0.12497491742830401,Свердловский,Орловская область
1730,0,-1,-0.017431711468897763,-0.4785785146223042,0.039775284710954525,0.16522601735650552,Троснянский,Орловская область
1731,0,-1,-0.34134025427636405,-0.03206422105156449,0.024689426709654943,0.09007903285337551,Урицкий,Орловская область
1732,0,-1,0.2493451829849301,0.06159851501606813,0.038452979217542725,0.22225744386694127,Хотынецкий,Орловская область
1733,0,-1,-0.3557116702621621,-0.10767095565557087,0.02246929238127274,0.3942560775566918,Шаблыкинский,Орловская область
1737,0,-1,0.2937292001392177,0.03181223406250226,0.02004346226353821,0.13431531309738884,Башмаковский,Пензенская область
1738,1,1,0.8000559039481923,0.3479268384538634,0.03804827565110061,0.07692532502202397,Бековский,Пензенская область
1739,0,-1,0.6143813233417418,-0.47217721665704226,0.04082285667433321,0.11395647677928536,Белинский,Пензенская область
1740,0,-1,0.20806646582197202,-0.6012043631671051,0.023200555298476568,0.038257087667590076,Бессоновский,Пензенская область
1741,0,-1,0.1371752737406016,-0.234227262015178,0.02562698061183796,0.3223337931684839,Вадинский,Пензенская область
1742,0,-1,0.5191822116668942,-0.43367377719426015,0.031611127906917016,0.07944423088169489,Городищенский,Пензенская область
1743,1,1,0.7846685749422959,-0.11893156860697661,0.032502926735733205,0.24909929361405211,Земетчинский,Пензенская область
1744,0,-1,0.4695995185965266,0.19609179886330355,0.033716950754324404,0.2117499142209665,Иссинский,Пензенская область
1745,0,-1,0.7470231455269073,0.19608584359626763,0.020721833960555214,0.07264398046602866,Каменский,Пензенская область
1746,0,-1,0.3342510619649853,0.47091552839777323,0.025881671104308737,0.24496831596527954,Камешкирский,Пензенская область
1747,0,-1,0.2448325140107562,-0.14250833604147364,0.02071132842649581,0.07203112886240098,Колышлейский,Пензенская область
1749,0,-1,0.21163899777560466,-0.6875347989857749,0.05126537897300501,0.11613393682050359,Лопатинский,Пензенская область
1750,0,-1,0.1275137122482891,-0.04308797163478332,0.03474611406595738,0.3260557395211244,Лунинский,Пензенская область
1751,0,-1,0.1765307304149826,0.49614630073714794,0.028464452566812265,0.22644057550220173,Малосердобинский,Пензенская область
1752,0,-1,0.31791182634426823,0.11944843541066293,0.02389432360611822,0.07696463320924979,Мокшанский,Пензенская область
1753,0,-1,-0.3780669656974842,0.2349520653590559,0.02102933499454311,0.1017373406849171,Наровчатский,Пензенская область
1754,0,-1,0.4003417360677204,0.17144172221354864,0.049547176898367476,0.18390606820712685,Неверкинский,Пензенская область
1755,1,1,0.6638606642079385,-0.4738774186057297,0.022986679971672065,0.0528183362773717,Нижнеломовский,Пензенская область
1756,0,-1,0.3484362739016122,-0.4814898629578569,0.017556854368294596,0.05693703550241977,Никольский,Пензенская область
1757,0,-1,0.14090645090115006,-0.420136208582535,0.032151957871376154,0.18559913882191156,Пачелмский,Пензенская область
1758,0,-1,-0.3430005933504256,-0.5963466472832821,0.01694438546727315,0.040227349147226504,Пензенский,Пензенская область
1759,0,-1,0.41144964456048694,-0.0772425307594849,0.021394533973615515,0.03873363952395892,Сердобский,Пензенская область
1760,0,-1,-0.5881292874834753,-0.17865788317788248,0.018584624654552535,0.10393057000798925,Сосновоборский,Пензенская область
1761,0,-1,-0.3832543719510744,0.6382193387491675,0.01325182859877879,0.17796774070461083,Спасский,Пензенская область
1762,0,-1,0.638675275194464,-0.5003760023337421,0.028466793743204145,0.08646694956812867,Тамалинский,Пензенская область
1764,0,-1,0.26459388892977936,-0.12508856767392307,0.015156443941426496,0.0307230148364585,Псков,Псковская область
1765,0,-1,0.02433275059447848,-0.842274545334463,0.014384180749246285,0.016212611528576743,Великие Луки,Псковская область
1766,0,-1,0.23062786751955908,0.09395316912977354,0.018044164143856223,0.08625934755347392,Бежаницкий,Псковская область
1768,0,-1,-0.6656799052878991,-0.5744433108030798,0.01645573984141187,0.06851076896769759,Гдовский,Псковская область
1769,0,-1,0.33587451175391186,-0.42891009114448836,0.02049104991444205,0.08782341107612987,Дедовичский,Псковская область
1770,1,0,0.7012914710839012,-0.4067891550126131,0.023884184715929502,0.04546372393655648,Дновский,Псковская область
1771,0,-1,-0.34083830872798054,0.28924443075548883,0.016139179968616628,0.09020651990063924,Красногородский,Псковская область
1773,0,-1,-0.4674649278321246,0.5317457484223143,0.017534061597128503,0.11599272394926159,Локнянский,Псковская область
1774,0,-1,-0.08284551539907763,0.362134003509719,0.029543864311787092,0.10625396528687925,Невельский,Псковская область
1775,0,-1,0.49006929311362674,0.2448523201839862,0.021171009965448805,0.09217900109274826,Новоржевский,Псковская область
1776,0,-1,0.2808867858046083,-0.03360458548026973,0.03618684545376501,0.13686591728902953,Новосокольнический,Псковская область
1777,0,-1,0.5413848554394928,-0.3254523737097855,0.019918100494494377,0.04879583986080791,Опочецкий,Псковская область
1778,0,-1,-0.2932641048461357,0.28545030445899183,0.015800607004975705,0.06823311226886986,Островский,Псковская область
1780,0,-1,-0.23342153919463143,-0.7668818332734718,0.01602693716474223,0.04899972767387455,Печорский,Псковская область
1781,0,-1,-0.20081625811499854,-0.7183174045208996,0.022976570505836194,0.1561717394498928,Плюсский,Псковская область
1782,0,-1,0.21130068997794146,0.19260449965520512,0.014753504446990692,0.07364182540452602,Порховский,Псковская область
1783,0,-1,0.5499159921841222,0.15375596403400602,0.021492274161962612,0.035581581228602416,Псковский,Псковская область
1784,0,-1,-0.03328557635633031,-0.1461097459170937,0.017648260167171703,0.13527939758930616,Пустошкинский,Псковская область
1785,0,-1,0.15763586655931242,0.507364079779668,0.01794522055850614,0.11064518191764472,Пушкиногорский,Псковская область
1786,0,-1,0.5525006545840871,-0.31201620480352116,0.024864289795988606,0.06060015910399867,Пыталовский,Псковская область
1787,0,-1,0.5428728582808616,0.32555360107139514,0.013777611980825902,0.08906570053647565,Себежский,Псковская область
1788,0,-1,0.05189384709651541,-0.09975359325384328,0.017033073748069096,0.06645113155090261,Струго-Красненский,Псковская область
1845,0,-1,0.10309231052487874,-0.17171522397854827,0.018305824887261308,0.038667795454481256,Рязань,Рязанская область
1846,0,-1,0.4155100306019249,0.27741041958991214,0.010122764020602061,0.03628907825202903,Касимов,Рязанская область
1848,0,-1,0.8967358230485301,0.6344044259449992,0.02085047181915039,0.1135689316092545,Скопин,Рязанская область
1849,0,-1,-0.11703563197733717,-0.670190573909949,0.020338251865670804,0.2000810503415057,Ермишинский,Рязанская область
1850,0,-1,0.06481816800629735,-0.47846401466064636,0.03436753536406034,0.23324055059808424,Захаровский,Рязанская область
1851,0,-1,-0.560701159035169,-0.3277935106580171,0.017054326942146335,0.1565687445484913,Кадомский,Рязанская область
1852,0,-1,-0.25733890536696186,0.22221871895080048,0.018168807686917095,0.10540061617573147,Касимовский,Рязанская область
1853,0,-1,-0.034721055952264164,-0.46917867351120074,0.018521256997329198,0.03184859690472101,Клепиковский,Рязанская область
1854,0,-1,0.13867220219679424,0.1781519481717934,0.02744798537154742,0.17316332642243365,Кораблинский,Рязанская область
1855,0,-1,0.30508392782688104,0.6414774262814641,0.02860056900361173,0.2205429871093198,Милославский,Рязанская область
1856,0,-1,0.11722683824521753,-0.003973914490613803,0.015643996396972844,0.15786472572405622,Михайловский,Рязанская область
1857,0,-1,0.3953185381922337,-0.02266104695767681,0.02767785224504042,0.15631252077278354,Александро-Невский,Рязанская область
1858,0,-1,0.36184802812051303,-0.21439524038631977,0.0417845981575196,0.1936176415558326,Пителинский,Рязанская область
1859,0,-1,0.05216469934730231,0.3267752664315482,0.016633377654201167,0.06089140588606251,Пронский,Рязанская область
1860,0,-1,-0.6072856631266934,-0.36021393513089717,0.032711412846462104,0.2043696308476759,Путятинский,Рязанская область
1861,1,1,0.7244425126019971,0.8718452498622878,0.029510451048882596,0.10198846662549654,Рыбновский,Рязанская область
1862,0,-1,0.40367792254875745,-0.1853033786354257,0.013654024935833432,0.06050135685394805,Ряжский,Рязанская область
1863,0,-1,0.4114941150100332,-0.30440787757437854,0.020156656202407044,0.03361525609257744,Рязанский,Рязанская область
1864,0,-1,0.3775790572578523,-0.4099903589945791,0.031343099498609965,0.21036075025160114,Сапожковский,Рязанская область
1865,1,1,0.6768588607637249,-0.6372568923560075,0.025776964986928216,0.15423748047552052,Сараевский,Рязанская область
1868,0,-1,-0.13787585682402181,-0.7887247622792145,0.020596731948291702,0.04459938171572392,Спасский,Рязанская область
1869,0,-1,0.42933681681905894,0.00031528399174529203,0.03277162705243163,0.1415007740804086,Старожиловский,Рязанская область
1870,0,-1,0.4361738792831812,0.08654681668149479,0.03522503044980999,0.1779741832787742,Ухоловский,Рязанская область
1871,0,-1,0.19197442490812017,0.14441710835706986,0.03329293682551383,0.3705162272398543,Чучковский,Рязанская область
1872,0,-1,-0.2011324557307704,0.13800901876040186,0.016046923522509995,0.08495416437716226,Шацкий,Рязанская область
1873,0,-1,0.37491260709574376,0.560079718880543,0.027320522859729957,0.0847737127518347,Шиловский,Рязанская область
1874,0,-1,-0.34395695024708517,-0.3605972293343383,0.016383787529634045,0.04637084548168221,Самара,Самарская область
1875,0,-1,-0.4247488796654583,-0.7766142612575784,0.014901559996889541,0.030665895714172497,Жигулевск,Самарская область
1876,0,-1,-0.34432896852790573,-0.5746754953668362,0.014361136903480242,0.03317721201676007,Кинель,Самарская область
1877,0,-1,-0.2254861712427426,-0.4545514340792895,0.020900756702679834,0.039293669033137864,Новокуйбышевск,Самарская область
1878,0,-1,0.45268456788983913,0.4514979883540783,0.018078107244473625,0.08644234505782042,Октябрьск,Самарская область
1879,0,-1,-0.21453324203149565,-0.881222072220913,0.017129413713493327,0.03902409534029479,Отрадный,Самарская область
1880,0,-1,0.19811902737908252,0.4351404139881679,0.015855886253602607,0.03501083329235357,Похвистнево,Самарская область
1881,0,-1,-0.6556774144498808,-0.6826953636951164,0.01312143009053597,0.03311918455639873,Сызрань,Самарская область
1883,0,-1,-0.36469867172779735,-0.5378173740725412,0.017357086483084597,0.040732296129691155,Чапаевск,Самарская область
1884,0,-1,0.18670148405441675,-0.7481799098626316,0.021320736554438217,0.08659354923026612,Алексеевский,Самарская область
1885,0,-1,0.30557148138766316,0.08656198275320734,0.009302785977455905,0.07084854614352228,Безенчукский,Самарская область
1886,0,-1,0.1675287820236452,-0.11225240181518274,0.015759308101817176,0.08586969698965179,Богатовский,Самарская область
1887,0,-1,0.22128680399111578,0.5052708929361299,0.014327640139742673,0.19799991200545494,Большеглушицкий,Самарская область
1888,0,-1,0.7088077546866629,-0.2905648036753968,0.02090003295686325,0.08036798754343039,Большечерниговский,Самарская область
1889,0,-1,0.5997213555338659,-0.3861316859030868,0.024205304425062926,0.07821834131184524,Борский,Самарская область
1890,0,-1,-0.6340263312464013,-0.663548770663206,0.017301114854823673,0.05451987567816773,Волжский,Самарская область
1891,0,-1,-0.45201233128160373,-0.017019467164742376,0.02011532967698747,0.1038803582240603,Елховский,Самарская область
1892,0,-1,0.21367160618673608,0.28630579194060785,0.026283985633332223,0.1605579703420356,Исаклинский,Самарская область
1893,0,-1,-0.2889021373047664,-0.3567320342298169,0.019157685984629858,0.1665473192468227,Камышлинский,Самарская область
1894,0,-1,0.3659001528934919,0.46224517516803315,0.029362525819820275,0.13208809987592693,Кинельский,Самарская область
1895,0,-1,-0.742697798898589,-0.5463951547164603,0.006628510037703369,0.05231309289094677,Кинель-Черкасский,Самарская область
1896,0,-1,0.5482401956939474,-0.3496660366270664,0.027629620112713273,0.1196245194126938,Клявлинский,Самарская область
1897,0,-1,-0.4688203269086382,-0.38854967554561903,0.017320847033710507,0.10951363812892176,Кошкинский,Самарская область
1898,0,-1,0.33687899336245797,0.5585263582859783,0.017325830265800448,0.15301592296032657,Красноармейский,Самарская область
1899,0,-1,0.4638669153760512,0.4709588356925324,0.016077602679551238,0.05159338132376601,Красноярский,Самарская область
1900,0,-1,-0.23229976974419236,-0.6073907246464154,0.012076732512644718,0.04996238900849804,Нефтегорский,Самарская область
1901,0,-1,-0.41595813029462597,0.19897971133882922,0.011347563643071955,0.11542986713619649,Пестравский,Самарская область
1902,0,-1,0.10599052386009934,-0.35552477902790647,0.026983337654482787,0.08618563969578866,Похвистневский,Самарская область
1903,0,-1,0.6275952696657645,0.41906009609627004,0.020855703471237576,0.10587343540667472,Приволжский,Самарская область
1904,0,-1,-0.6563845916087622,0.03425261230020365,0.014801195545374474,0.04780173327129319,Сергиевский,Самарская область
1905,0,-1,-0.0705016548462505,-0.3961587386503714,0.02871966657320942,0.06749823063801062,Ставропольский,Самарская область
1906,0,-1,-0.39807275410054527,-0.3799204572862437,0.02302444436807185,0.04821544578038016,Сызранский,Самарская область
1907,0,-1,0.5894240636774799,0.551301650392398,0.021967390784004222,0.109709322460342,Хворостянский,Самарская область
1908,0,-1,0.0694150248552298,-0.09749330228330426,0.02764206682458292,0.11526350577868086,Челно-Вершинский,Самарская область
1909,0,-1,0.1594874744487923,-0.1247108687560422,0.01643838702373254,0.06988395056042754,Шенталинский,Самарская область
1910,1,1,0.65984820882972,-0.0612151912006471,0.024156803389309887,0.11697720967964949,Шигонский,Самарская область
1912,0,-1,0.04641311463949533,-0.434599960334447,0.031650736757652606,0.07591796730050203,Шиханы,Саратовская область
1915,0,-1,0.17580515145822392,0.1734349466238871,0.025083227084010933,0.2028867884470678,Александрово-Гайский,Саратовская область
1916,0,-1,0.4599690151080607,0.3323920285920522,0.016019067968070812,0.0632657400657153,Аркадакский,Саратовская область
1917,0,-1,-0.16066146213183047,0.1748885186674492,0.010151251187595087,0.06767723108561553,Аткарский,Саратовская область
1918,0,-1,-0.5287400745325869,-0.029927038658492885,0.013055151662644593,0.15423562115399034,Базарно-Карабулакский,Саратовская область
1919,0,-1,-0.5529132957079079,-0.5121097540682055,0.00913238157143049,0.039187681874514504,Балаковский,Саратовская область
1920,0,-1,-0.3662173725178022,0.14182177191071504,0.0067936640218432985,0.032744914352308245,Балашовский,Саратовская область
1921,0,-1,0.1447585122260686,-0.5796801820296023,0.021561414844779296,0.09314722813618263,Балтайский,Саратовская область
1922,0,-1,-0.1121455117626714,-0.13286332554989422,0.013350323886510652,0.04768273385673564,Вольский,Саратовская область
1923,0,-1,-0.25234445482576884,-0.302561476238885,0.03385503128519225,0.18393388966920707,Воскресенский,Саратовская область
1924,0,-1,0.23488142750620325,-0.3336078939894196,0.01912573981690274,0.16047956123330326,Дергачевский,Саратовская область
1925,0,-1,-0.10050405728363397,-0.5488949446441257,0.017445604804238325,0.13948624175287022,Духовницкий,Саратовская область
1926,0,-1,0.18899803938897358,0.37884254034190096,0.027976115992594235,0.1869940275265843,Екатериновский,Саратовская область
1927,0,-1,0.6390774098258608,0.20873806313851156,0.01746767159280445,0.047829862316121984,Ершовский,Саратовская область
1928,1,0,-0.0170081635774745,0.7338363809437667,0.014769109402996838,0.17668348809209788,Ивантеевский,Саратовская область
1929,0,-1,0.5928745656765265,0.12217252129892456,0.019423666680698184,0.08234348997489867,Калининский,Саратовская область
1930,0,-1,-0.2822185472143396,0.3423149179156573,0.0118126680390596,0.12198308606895436,Красноармейский,Саратовская область
1931,0,-1,-0.3835858124449949,-0.5433920162584791,0.015403128306204782,0.05575662753941837,Краснокутский,Саратовская область
1932,0,-1,0.4056906271037145,-0.6184515256731993,0.02756543649086903,0.07645767904516143,Краснопартизанский,Саратовская область
1933,0,-1,-0.12415340879489105,-0.06523656671110778,0.02905719040059808,0.15692560056395163,Лысогорский,Саратовская область
1934,0,-1,0.7873921315827233,0.23434848935480213,0.01919750500656447,0.09093308490823612,Марксовский,Саратовская область
1935,0,-1,-0.5957706468398227,-0.019990682243771336,0.01599519485102826,0.2194378276388117,Новобурасский,Саратовская область
1936,0,-1,-0.3781059382495844,-0.3184056746336383,0.011350038703928589,0.03372501085633525,Новоузенский,Саратовская область
1937,0,-1,-0.06747559093206738,0.33284363543377793,0.019414908642711143,0.0899197679021688,Озинский,Саратовская область
1938,0,-1,-0.3907649568755655,-0.44497179441806084,0.0159634962640668,0.16657396585828876,Перелюбский,Саратовская область
1939,0,-1,0.13562559282021378,0.29451353130745433,0.011743771544862142,0.09613954692870356,Петровский,Саратовская область
1940,0,-1,0.315067126158332,0.3181626352543416,0.01960857874666011,0.14540044096680188,Питерский,Саратовская область
1941,1,1,0.05886246643625332,0.8416059496616668,0.014977089352398441,0.08529053381946311,Пугачевский,Саратовская область
1942,0,-1,-0.03447824300086368,0.33546720042914024,0.02109862251424007,0.25847424680786635,Ровенский,Саратовская область
1943,0,-1,-0.04219019097630826,0.5946554046199439,0.027132910721096352,0.17143737299773962,Романовский,Саратовская область
1944,0,-1,0.45166702235740974,0.22117205702584272,0.01580474852000915,0.03449541836895893,Ртищевский,Саратовская область
1945,0,-1,0.5156068429314995,0.030431811199302914,0.030499053572247314,0.09078304952764901,Самойловский,Саратовская область
1947,0,-1,0.25623280472132715,0.4430515106795639,0.023992982369409454,0.12009235700078685,Советский,Саратовская область
1948,0,-1,0.30045757495716674,0.12944535292151474,0.01931636105313702,0.07222011839279638,Татищевский,Саратовская область
1949,0,-1,0.28329640504966935,-0.024503374614209077,0.028288263091120244,0.16080658158557481,Турковский,Саратовская область
1950,0,-1,0.5373637806378713,-0.6071729956602894,0.021118505000152422,0.10507710149125875,Федоровский,Саратовская область
1951,0,-1,0.02765360045280037,0.28341822454720994,0.012456454206871552,0.07920943976202033,Хвалынский,Саратовская область
1952,0,-1,-0.5389862883589817,-0.5640079476056115,0.011931454897851412,0.03137388742678598,Энгельсский,Саратовская область
1954,1,0,0.7890013564077272,0.6599655005579516,0.037126465088458425,0.18887238949138777,Александровск-Сахалинский,Сахалинская область
1955,0,-1,-0.45057067647619153,-0.48070309627731933,0.03619515201075537,0.0843886819837259,Анивский,Сахалинская область
1956,0,-1,-0.08631619300743566,-0.0014647009665236434,0.027161726803486445,0.08810998370554939,Долинский,Сахалинская область
1957,0,-1,0.06722302781987627,-0.27077152732485493,0.01830642045587397,0.03788050880513755,Корсаковский,Сахалинская область
1958,0,-1,0.4667918688658881,-0.16939897743440624,0.037475439209946365,0.0902902919056966,Курильский,Сахалинская область
1959,1,1,-0.62980243764449,0.7372373271771122,0.025226210938704235,0.1855761252120222,Макаровский,Сахалинская область
1960,1,0,-0.09241897749269236,0.6733608354732429,0.027928624177101437,0.1571402752375775,Невельский,Сахалинская область
1961,1,0,0.8655558418074052,0.17466506280460883,0.03898038916709397,0.05532293987184054,Ногликский,Сахалинская область
1962,1,0,0.7265846182719677,-0.2998261317143506,0.036833604313150387,0.11647291849398986,Охинский,Сахалинская область
1963,1,0,0.6606272617185349,0.9063113791667817,0.04131480597529181,0.11709023921364402,Поронайский,Сахалинская область
1965,0,-1,0.3485616483912571,0.23669495543897845,0.04018841701837704,0.09190077714447871,Смирныховский,Сахалинская область
1966,0,-1,0.07859644596504903,-0.011299234468473618,0.02516355377195656,0.09645751344428118,Томаринский,Сахалинская область
1967,0,-1,0.507142646932323,0.6058247113759673,0.027388653204785687,0.1643146912846297,Тымовский,Сахалинская область
1968,1,0,0.7057054688902761,-0.8343933769138274,0.02317146813272668,0.030937216202148458,Углегорский,Сахалинская область
1969,0,-1,0.003648383837388408,0.2081269999092739,0.02550197717768357,0.06916402792631954,Холмский,Сахалинская область
1970,1,2,0.908724986645519,0.5433030461981662,0.09390972271101113,0.1485343503119453,Южно-Курильский,Сахалинская область
1971,0,-1,-0.4226894759138669,-0.20464743100949906,0.014883447002533348,0.04280625694073757,Екатеринбург,Свердловская область
1972,0,-1,-0.4534319737964673,0.4138121961108425,0.005970360698308992,0.03567494803739557,Алапаевск,Свердловская область
1973,0,-1,0.6838948227672197,-0.21329490548721095,0.0159225512575074,0.03167223887050042,Артемовский,Свердловская область
1974,0,-1,0.06446876623633203,-0.27367941652596434,0.017562239866274157,0.036044527452366255,Асбестовский,Свердловская область
1975,0,-1,-0.4800528185243324,0.5915900246924032,0.019302681526342524,0.17119458371212276,Малышевский,Свердловская область
1976,1,0,0.6611233341006023,-0.30750210716176063,0.03340861021522823,0.05926335730039144,Рефтинский,Свердловская область
1977,0,-1,-0.486089814200046,-0.6362401991217048,0.01641834546469121,0.03431971411198972,Березовский,Свердловская область
1978,0,-1,-0.15125198832450296,-0.38826415275663106,0.010830305575659102,0.033102785206266624,Богданович,Свердловская область
1979,0,-1,-0.38109678978866973,-0.4968331416594157,0.015265702117552219,0.03969547206064694,Верхняя Пышма,Свердловская область
1980,1,1,0.7334366803168056,0.4951601574815551,0.03792125141027441,0.09090805909234538,Среднеуральск,Свердловская область
1981,0,-1,-0.18211541710804346,-0.6289701692159984,0.019318563061757617,0.033087121068503006,Верхнесалдинский,Свердловская область
1982,0,-1,0.5856635599431541,0.35583565459825656,0.016495504249021683,0.03949090073526958,Заречный,Свердловская область
1983,0,-1,0.2594528988321003,-0.0025114920474845663,0.01864200002757846,0.03226551401074977,Ивдельский,Свердловская область
1984,0,-1,0.3787601471633509,0.16498695760313792,0.04388455437818301,0.21093421833368328,Пелым,Свердловская область
1985,0,-1,-0.262975666842516,-0.6730779737500522,0.010111095147600788,0.02469124712451645,Ирбит,Свердловская область
1986,0,-1,-0.21836987775525024,-0.2197260868800152,0.014249135744705843,0.04306729846418751,Каменск-Уральский,Свердловская область
1987,0,-1,0.6296853565489344,0.15136692817319675,0.01408485636140313,0.034355718428961075,Камышловский,Свердловская область
1988,0,-1,-0.15892738143433494,-0.1389773800026618,0.0184904293450607,0.03733336478502261,Карпинск,Свердловская область
1989,0,-1,-0.2618609483737562,0.39637997138702913,0.02264308881059377,0.10693016621648169,Волчанский,Свердловская область
1990,1,1,0.7397801614014574,0.5973205878601703,0.029698769176534384,0.04801324490776989,Качканарский,Свердловская область
1991,1,1,0.7650533478333952,0.5970277778881394,0.02736560196718715,0.04792676912723851,Кировградский,Свердловская область
1992,1,1,0.6761248000403771,-0.04291472977487919,0.02997156582241696,0.0530058482045448,Верхний Тагил,Свердловская область
1993,0,-1,0.061495689329090476,-0.4097468931530301,0.015430491105296961,0.03341943709954734,Краснотурьинск,Свердловская область
1994,0,-1,0.5625477814350326,0.05737612084632066,0.02598993255578263,0.04052120354865539,Красноуральск,Свердловская область
1995,0,-1,-0.48986457703730035,-0.6500126016252408,0.008118283771539718,0.024175086894135188,Красноуфимск,Свердловская область
1996,1,1,0.7109062337410599,0.4983467895272175,0.025533109883834323,0.03867590216485302,Кушвинский,Свердловская область
1997,0,-1,-0.34892799816230124,-0.6464882554799446,0.017060827335521764,0.028830968659764557,Верхняя Тура,Свердловская область
1999,0,-1,0.25073789386656775,0.7665889262728047,0.01584721749543906,0.039095197517317236,Невьянский,Свердловская область
2000,0,-1,-0.35189086372080025,-0.39353493188331495,0.01408636245223244,0.0389665167864789,Нижний Тагил,Свердловская область
2001,1,1,0.6676139444701233,0.12205065778082691,0.02838298866153988,0.045007052788066486,Нижняя Салда,Свердловская область
2002,0,-1,0.39782757949740766,-0.19522655658630308,0.020439924142071915,0.02967306906932433,Нижнетуринский,Свердловская область
2004,0,-1,-0.34817670001277723,-0.44489784930602094,0.015953374547008084,0.04240171501992666,Первоуральск,Свердловская область
2005,0,-1,-0.1388056484766719,-0.5720007201632186,0.014482424833863812,0.03514039857866386,Полевской,Свердловская область
2006,0,-1,-0.35909408440505064,-0.6115809715664493,0.016593660459447015,0.028650081489256844,Ревда,Свердловская область
2007,0,-1,0.3979917385350401,-0.1812185071512478,0.022362018471922915,0.06501146570204411,Дегтярск,Свердловская область
2008,0,-1,-0.1818743622815848,-0.7628346618454477,0.011373946096374736,0.02846291250991552,Режевской,Свердловская область
2009,0,-1,0.41855453310172175,-0.5483066590607006,0.01770569374621967,0.030244759304986754,Североуральский,Свердловская область
2010,0,-1,-0.5782173460689058,-0.533030166441712,0.012950517537044277,0.03001885118574325,Серовский,Свердловская область
2011,0,-1,-0.3891563045363471,-0.6243838861582843,0.010420720784899133,0.023980219581102535,Сухой Лог,Свердловская область
2012,0,-1,0.3860092636717472,0.5683809804848041,0.02062627671494195,0.08452443593393255,Тавдинский,Свердловская область
2015,0,-1,0.4466444524981686,0.003106627417441172,0.022852346451889043,0.0564870860335312,Алапаевское,Свердловская область
2017,0,-1,-0.34586464892733415,0.22463312190706156,0.013799793724377108,0.06298473746441083,Артинский,Свердловская область
2018,0,-1,0.31907637465888666,0.27004720684414973,0.03292141421888762,0.08886950513064781,Ачитский,Свердловская область
2019,1,1,0.8446742132677975,0.8014437372968419,0.02592988017841013,0.07997693898458308,Белоярский,Свердловская область
2021,0,-1,-0.3491129736150399,-0.37898536391905285,0.013329162251155874,0.06834023763027794,Верхотурский,Свердловская область
2022,0,-1,-0.238198022292506,-0.14995147560187247,0.04245115264743751,0.17055399189365394,Гаринский,Свердловская область
2023,0,-1,-0.26521282853606326,0.33544952890526536,0.023996773913176738,0.11848431856233894,Ирбитское,Свердловская область
2024,0,-1,-0.35355709624222503,-0.6801098415644047,0.015056261762383566,0.03121826625525946,Каменский,Свердловская область
2025,0,-1,0.23795404189637298,-0.17677698433846994,0.035404491168516114,0.0676767358539494,Красноуфимский,Свердловская область
2027,0,-1,-0.15420582733655488,-0.23971907127495468,0.016097120356394122,0.06691315098546369,Бисертский,Свердловская область
2028,0,-1,-0.39913294649709663,0.20641133542752044,0.01659684530297817,0.06365088477539133,Новолялинский,Свердловская область
2030,0,-1,0.29189200456570175,-0.6481424406932348,0.0136002080179499,0.04833320677071157,Пышминский,Свердловская область
2031,0,-1,-0.1905020310414716,0.20990124160064083,0.01478475134765914,0.09001156917841838,Сосьвинский,Свердловская область
2032,0,-1,0.449163467675837,-0.33772756489852646,0.018605537413004677,0.03510063318044544,Сысертский,Свердловская область
2033,0,-1,0.11071826935461629,-0.45080379733767684,0.02334095590180915,0.042079334840289036,Арамильский,Свердловская область
2034,0,-1,0.44351276798287115,0.15952600418044224,0.009698397908317762,0.04292999355634386,Талицкий,Свердловская область
2035,1,1,0.6640178576497012,0.8002697973112587,0.031218529706922887,0.08295308476302309,Тугулымский,Свердловская область
2036,0,-1,0.2958776048697253,0.3014580441045822,0.01558803923156745,0.05080611270704614,Туринский,Свердловская область
2037,0,-1,0.3607739224814606,0.08326590101640427,0.020325266916037633,0.12307972411301195,Шалинский,Свердловская область
2039,0,-1,0.3389528939904435,0.008010962687931895,0.016204689114153306,0.07415329946142893,Байкаловский,Свердловская область
2040,0,-1,0.006320896397812048,-0.3000794259630571,0.02049882115502196,0.04319815484714376,Камышловский,Свердловская область
2041,0,-1,-0.20377396521520116,-0.02223802822975746,0.020134909268337227,0.05537028455784758,Слободо-Туринский,Свердловская область
2042,0,-1,0.39619670321879963,0.4722347773816616,0.014223212239990115,0.032022874200643106,Нижнесергинский,Свердловская область
2043,0,-1,0.4195744466973626,-0.08607619655907969,0.03761339423972653,0.23914680063489813,Таборинский,Свердловская область
2044,0,-1,-0.3892224015405991,-0.6617237783167575,0.016127599140745713,0.031341951839168776,Смоленск,Смоленская область
2045,1,0,0.8277162612812556,0.5817444368160588,0.034026625876347055,0.08960370224318945,Десногорск,Смоленская область
2046,0,-1,0.2645953699615522,-0.17220643070942093,0.021236465358945984,0.09230015191641609,Велижский,Смоленская область
2047,0,-1,0.06289099262086467,-0.35064707942022977,0.012003159842735832,0.026601193149810232,Вяземский,Смоленская область
2048,0,-1,0.000747050000615707,0.20349777817159337,0.008263352463925941,0.034476735006448475,Гагаринский,Смоленская область
2049,0,-1,-0.8082315483442317,-0.2945302856554025,0.01082673392802972,0.15208570448210607,Глинковский,Смоленская область
2050,0,-1,-0.011849804066548252,0.17905676543720558,0.018917657845171347,0.09317433369150196,Демидовский,Смоленская область
2051,0,-1,0.48364988991537294,-0.38739660740555104,0.026503130816445997,0.03537127421833802,Дорогобужский,Смоленская область
2052,0,-1,0.5813579390430941,-0.441115723491304,0.03747149184758199,0.12664790336759618,Духовщинский,Смоленская область
2053,0,-1,0.026916181049090968,-0.32049509564070083,0.018467946397257403,0.07944041941518008,Ельнинский,Смоленская область
2054,0,-1,0.2099420771963833,0.37788545577618604,0.03486140900300847,0.25373353101489443,Ершичский,Смоленская область
2055,0,-1,-0.18051643719032695,0.158857238111673,0.026699269647814865,0.168154766154901,Кардымовский,Смоленская область
2056,0,-1,-0.3502335064946177,-0.2526127842618168,0.02404088276123149,0.21714514667380982,Краснинский,Смоленская область
2057,0,-1,0.09459165389026357,0.5397370651972503,0.024352880094998655,0.16129486759919354,Монастырщинский,Смоленская область
2058,0,-1,-0.1408090458644924,-0.20365614726922618,0.015255930803546803,0.10208363872561754,Новодугинский,Смоленская область
2059,0,-1,-0.4895501465837657,-0.6047352552122032,0.011677041037159868,0.06859896290304796,Починковский,Смоленская область
2060,0,-1,-0.024902277712998258,0.05531085762929033,0.010112380413115858,0.028585450459131544,Рославльский,Смоленская область
2061,0,-1,0.08409695716255737,-0.8328784414293314,0.01975349998276502,0.08711621825869982,Руднянский,Смоленская область
2062,0,-1,0.15897313205055671,0.47193330591453403,0.012765417080923035,0.039552341935028136,Сафоновский,Смоленская область
2063,0,-1,-0.31981388787014947,-0.8855159628916727,0.0246995256846172,0.03352512050612553,Смоленский,Смоленская область
2064,0,-1,0.5348247524772463,-0.017162354314574305,0.018544893292954282,0.073201901182092,Сычевский,Смоленская область
2065,0,-1,0.3867962673149071,0.3388818857438071,0.03734126236778042,0.3685911000697995,Темкинский,Смоленская область
2066,0,-1,0.10952560881209959,-0.6735803621653557,0.018642943204280296,0.10413896533943151,Угранский,Смоленская область
2067,0,-1,0.5498048135243399,-0.012696294663392381,0.03373075736929992,0.13590547343569923,Хиславичский,Смоленская область
2068,0,-1,-0.3645986306671873,0.25651108365003544,0.014681151639519996,0.11379883407577011,Холм-Жирковский,Смоленская область
2069,0,-1,-0.11595868232592398,0.08381854465798683,0.018275682161725287,0.13354807003844046,Шумячский,Смоленская область
2070,0,-1,0.1139835748148601,0.703561900572014,0.009395323587846666,0.06284206924428283,Ярцевский,Смоленская область
2072,0,-1,0.35844552374330096,0.6390155311342132,0.015423044715405515,0.055869197450926784,Кирсанов,Тамбовская область
2073,1,1,0.7169557700202385,-0.17658177625769364,0.021610368721576668,0.05906478035238177,Котовск,Тамбовская область
2074,0,-1,-0.008868930321617455,-0.24005022521888575,0.012831996107509135,0.042271631644128456,Мичуринск,Тамбовская область
2075,0,-1,0.27108569990934767,0.03873769589674696,0.013772401800385912,0.05393541632817248,Моршанск,Тамбовская область
2076,0,-1,0.5520461302866613,-0.19577020481430596,0.013192421899371982,0.05204668147855494,Рассказово,Тамбовская область
2077,1,1,0.7856365790371258,0.01606145697950527,0.021460315824110652,0.06133434314224114,Уварово,Тамбовская область
2078,0,-1,0.021667904587617352,-0.1848152871441928,0.028533742861413167,0.2241273823549513,Бондарский,Тамбовская область
2079,0,-1,0.44650335730390345,0.3176850692564022,0.04296125798855381,0.31015899672973285,Гавриловский,Тамбовская область
2080,1,1,0.9606426920985093,-0.5127959894645905,0.022456700602085915,0.03644956207404833,Жердевский,Тамбовская область
2081,0,-1,0.5862752831242747,0.3969668619757184,0.04012853834836354,0.10200572896815091,Знаменский,Тамбовская область
2082,0,-1,0.600150211184375,-0.2690652492966346,0.02143415314269334,0.10268801725940356,Инжавинский,Тамбовская область
2085,0,-1,0.3167022145343059,-0.2859892979749563,0.032740756129562794,0.1409204939761321,Мордовский,Тамбовская область
2087,0,-1,0.4892787564100212,-0.313802332697369,0.031341766015425855,0.064213145379953,Мучкапский,Тамбовская область
2088,0,-1,0.1357849032145157,-0.17671080850083828,0.023381752349574486,0.06590364682340111,Никифоровский,Тамбовская область
2089,0,-1,-0.5767891303285537,-0.17534359324000376,0.029439940615362814,0.07876705269278106,Первомайский,Тамбовская область
2090,1,1,0.7028645703093935,0.39859255852532666,0.04418610898126364,0.14777853790546627,Петровский,Тамбовская область
2091,0,-1,-0.19719156109094166,-0.607191269287029,0.02578966949395785,0.1522639037404924,Пичаевский,Тамбовская область
2093,0,-1,-0.19806062365485985,0.16062672259628114,0.01954897852136521,0.10569349421776947,Ржаксинский,Тамбовская область
2094,0,-1,0.23273654433337804,-0.00843516399382235,0.022291023539212088,0.14073848128768676,Сампурский,Тамбовская область
2095,0,-1,0.4918813333652203,0.5721054905900715,0.0344433076159163,0.23976264166094963,Сосновский,Тамбовская область
2096,0,-1,0.5247106491436507,0.4846525796454092,0.024774445911261336,0.1865348166686582,Староюрьевский,Тамбовская область
2098,0,-1,0.08300238420202355,-0.2620507052391323,0.022813264880069312,0.07991082287607931,Токарёвский,Тамбовская область
2100,0,-1,0.12799126250634885,-0.6690501653068375,0.024158162220322264,0.08883780859846958,Умётский,Тамбовская область
2101,0,-1,0.027921528504771313,-0.48444279467412343,0.015004241219282025,0.029608052348279224,Тверь,Тверская область
2105,0,-1,-0.13208281525272264,0.6328936972396916,0.01569830586574137,0.058048561985474124,Осташковский,Тверская область
2108,0,-1,0.2666874403983823,-0.5172760276248436,0.01676016980254847,0.02812729136707746,Торжок,Тверская область
2109,1,0,0.7187914319094587,0.48407781730332944,0.0312301246203513,0.05631874442411508,Удомельский,Тверская область
2110,0,-1,0.22771069859216145,0.34562047447171845,0.013496834588691001,0.136875516352021,Андреапольский,Тверская область
2111,0,-1,0.3042680202627912,-0.5684148673841655,0.015607688736075355,0.04188720169494624,Бежецкий,Тверская область
2112,0,-1,-0.5209160622132103,-0.09912210558809273,0.015435875409202769,0.16478659760305492,Бельский,Тверская область
2113,0,-1,0.1022939096744457,-0.5020087365529436,0.00796440417318151,0.04954669885760074,Бологовский,Тверская область
2114,0,-1,0.07036521421938897,0.2395583221676207,0.01655760824683807,0.09347547021799335,Весьегонский,Тверская область
2116,0,-1,-0.05482964537652964,-0.11399580783373474,0.020490227009649038,0.30188686608523546,Жарковский,Тверская область
2117,0,-1,0.3550957523587714,0.5837974546924197,0.01903768486142549,0.10859883583531578,Западнодвинский,Тверская область
2118,0,-1,-0.521838318934106,-0.01840593476128861,0.012557001266427293,0.06580069482947712,Зубцовский,Тверская область
2119,0,-1,0.16213450132663337,-0.7133931172619372,0.020837890536797025,0.0372526017595168,Калининский,Тверская область
2120,1,1,0.8595601752498169,-0.09671816831044475,0.022662671327697288,0.032967112353451525,Калязинский,Тверская область
2121,0,-1,0.0706136853484061,0.3032989239698656,0.01131615720161455,0.0626397823657767,Кашинский,Тверская область
2122,0,-1,0.44080140962301684,-0.20551043832045512,0.022662913026408243,0.129264110251409,Кесовогорский,Тверская область
2124,0,-1,0.5476914511190605,0.005610146176706607,0.017739544622709016,0.03340567459042246,Конаковский,Тверская область
2125,0,-1,0.6169681797479099,-0.5079901896099676,0.023464321706372745,0.08592731097986779,Краснохолмский,Тверская область
2126,0,-1,0.3037624345639108,0.07153617621550355,0.012502539315735264,0.06515317491812023,Кувшиновский,Тверская область
2127,0,-1,0.23576304093076444,0.3843718127009011,0.030525104009308343,0.1919580101299941,Лесной,Тверская область
2128,0,-1,0.22686084989059999,-0.14814730598321504,0.01707279032319939,0.08612635320401843,Лихославльский,Тверская область
2129,1,0,0.7157957174058313,0.3298308690238157,0.025521474028126843,0.07603759379421829,Максатихинский,Тверская область
2130,0,-1,0.19444729319576487,0.2415836767427733,0.04036174531038567,0.29817878607607967,Молоковский,Тверская область
2131,0,-1,0.37677763855099317,-0.358132915614605,0.012151161292085941,0.03273324030701994,Нелидовский,Тверская область
2132,0,-1,0.37327390509958924,0.3915526605364185,0.019279001207201475,0.1539312978495226,Оленинский,Тверская область
2133,0,-1,0.33499913551322485,-0.003154206283707083,0.021080349188289157,0.11291882337063235,Пеновский,Тверская область
2134,0,-1,0.05812361207212593,0.025794178388526608,0.026684739791654994,0.16792777403312686,Рамешковский,Тверская область
2136,0,-1,-0.012838862419277453,0.326052804115791,0.026621118995544875,0.11570135540359526,Сандовский,Тверская область
2137,0,-1,0.4351176329980386,0.04439503397062322,0.018124173989537525,0.09466154071472907,Селижаровский,Тверская область
2138,0,-1,-0.5682541351182886,0.21863901045472678,0.016597190719625236,0.16795840126789408,Сонковский,Тверская область
2139,0,-1,0.039003605941684866,0.04101582357044831,0.01750237729390908,0.12269456675620426,Спировский,Тверская область
2140,0,-1,-0.07910093003575883,0.1342175260577148,0.016153075183366648,0.1177481969380709,Старицкий,Тверская область
2142,1,0,0.02177234308921723,0.7913817774653273,0.018697015156692007,0.14948456716694722,Торопецкий,Тверская область
2143,0,-1,0.07095523876299677,-0.24946223214425367,0.029807246113460743,0.13574504917052188,Фировский,Тверская область
2144,0,-1,-0.12152157339146391,-0.3523265105220203,0.017043418896735156,0.04692243375401269,Томск,Томская область
2145,0,-1,-0.04491512938990671,0.47451455192794456,0.033436494385915456,0.3098038509754116,Кедровый,Томская область
2146,1,0,0.6887488252342819,-0.22696313035713528,0.027064070834198393,0.03362679192579066,Стрежевой,Томская область
2148,1,3,0.6977722756733284,-0.008428354326008062,0.029902364635233068,0.061834382080359254,Александровский,Томская область
2149,0,-1,0.5483637145637196,0.36470242918582213,0.02038008006702968,0.04287541639119053,Асиновский,Томская область
2150,0,-1,0.27966636450735205,0.2894037397083268,0.023776331109485467,0.11986835348903778,Бакчарский,Томская область
2151,0,-1,0.21479407524022265,-0.47217007918065906,0.02151072497733027,0.10650077244023075,Верхнекетский,Томская область
2152,0,-1,0.3949516837750199,0.17437434350464467,0.021823750177168554,0.0828840999037358,Зырянский,Томская область
2153,0,-1,0.3815934787787974,-0.1863979497088236,0.022633843452653214,0.0661484130072083,Каргасокский,Томская область
2154,0,-1,0.5750011497771118,0.302611383344383,0.02162007181193968,0.09179037550143371,Кожевниковский,Томская область
2155,0,-1,0.8051257685844885,0.493643077815667,0.017426373785751948,0.07700837451243076,Колпашевский,Томская область
2156,0,-1,-0.11764866663685691,-0.02860315714000604,0.017750995631614117,0.10075910885932879,Кривошеинский,Томская область
2157,0,-1,0.11167921615689777,0.033591320776178005,0.0346474322555031,0.10498523083066158,Молчановский,Томская область
2158,0,-1,0.2842174919259753,0.37755463646039045,0.02575999091831797,0.06683605642593016,Парабельский,Томская область
2159,0,-1,0.48792073833631555,-0.33900025098160574,0.028264243673805194,0.07532252537731383,Первомайский,Томская область
2160,0,-1,0.1060716829033567,0.3282421956946143,0.025604909387836935,0.20611098340807293,Тегульдетский,Томская область
2161,0,-1,-0.6495185045606915,-0.6922626460759289,0.020757467592521575,0.04854239587477865,Томский,Томская область
2162,0,-1,0.3236652379284798,0.49737740036446987,0.024583648736615088,0.1356128390187003,Чаинский,Томская область
2163,0,-1,0.6785233980860885,-0.16326851727068614,0.01859033190051308,0.05531288334715715,Шегарский,Томская область
2164,0,-1,-0.2530473328471354,-0.4651472905387157,0.015730186134777623,0.03427710584547948,Тула,Тульская область
2165,0,-1,-0.10612581356708521,-0.06265128527419367,0.018765946993020397,0.057061357418553574,Алексин,Тульская область
2167,0,-1,-0.18154463793771203,0.08914113052786293,0.018326648015555395,0.055791512831652956,Донской,Тульская область
2168,0,-1,0.13266472429122889,-0.5310844387420419,0.014630983475808896,0.024092566982675766,Ефремов,Тульская область
2169,0,-1,-0.150721129563913,0.040777660484043195,0.017466973641907396,0.050999320132512384,Новомосковск,Тульская область
2171,0,-1,-0.18956656466022032,0.5443629469710314,0.021753288486626225,0.15406976161747324,Арсеньевский,Тульская область
2172,1,1,0.6922286667452429,0.779954138232734,0.02125521509503971,0.1129719292181424,Белевский,Тульская область
2173,0,-1,0.5561418493466642,0.5905638557946057,0.016236124332847497,0.06579086102272362,Богородицкий,Тульская область
2174,0,-1,0.44190114827595267,0.4048647292613537,0.01343064316354052,0.07387543882768098,Веневский,Тульская область
2175,0,-1,-0.02231845348973576,-0.12209700662590366,0.016541748027006274,0.0939215633683926,Воловский,Тульская область
2176,0,-1,-0.13157622201675545,0.19693583462326028,0.029533658704460793,0.14951342337738396,Дубенский,Тульская область
2177,0,-1,0.38554046252820456,0.4903852936397132,0.020670109124608788,0.07639820715746781,Заокский,Тульская область
2178,0,-1,0.47146317935516674,-0.693335477057823,0.039172588534450395,0.14985678801024543,Каменский,Тульская область
2179,0,-1,0.706255919768492,0.03994593442942609,0.01855911691777604,0.06775240991353583,Кимовский,Тульская область
2180,0,-1,0.477434416573185,0.49537307928361257,0.01441719209679432,0.08062716133030226,Киреевский,Тульская область
2181,0,-1,0.4043031065335751,0.4606237260303477,0.022468073184296507,0.11858694544554733,Куркинский,Тульская область
2182,0,-1,-0.12914185717018428,-0.07740713071977542,0.02101326348505482,0.07424881712591411,Одоевский,Тульская область
2183,0,-1,0.32815291442212147,0.5425897381016049,0.019946304363514394,0.09210805938827701,Плавский,Тульская область
2184,0,-1,0.648209359641695,0.495661064151336,0.020685051888879768,0.06728163816737584,Суворовский,Тульская область
2185,0,-1,0.4681205696854585,-0.05047615340085167,0.025948641828683207,0.08731523728550337,Тепло-Огаревский,Тульская область
2186,0,-1,-0.39286153028100995,-0.43679951572255166,0.017992378490962475,0.045310487654620396,Узловский,Тульская область
2187,0,-1,0.28541477148845246,0.0547222827225291,0.019339132253218247,0.06217964430435161,Чернский,Тульская область
2188,0,-1,-0.14962601885796126,-0.6181674662164022,0.017777452060911237,0.051210959083677565,Щекинский,Тульская область
2189,0,-1,0.15170032860291197,-0.03506153629485878,0.018193128201624206,0.043012902662225946,Ясногорский,Тульская область
2190,0,-1,-0.2353189480527239,-0.3496958355118959,0.018207610356518654,0.03409670203157287,Тюмень,Тюменская область
2191,0,-1,0.2098160969883789,0.5113830101562747,0.014654969859794866,0.04445007756657847,Заводоуковский,Тюменская область
2192,0,-1,0.1827010539973921,-0.6059761648150409,0.0184371382644996,0.033414590929189504,Ишим,Тюменская область
2193,0,-1,0.0223685857253132,-0.38302723032163005,0.019773371899545908,0.043379005913094265,Тобольск,Тюменская область
2194,0,-1,0.5814063174022356,0.028858644424700288,0.01397849205726816,0.03525474901714825,Ялуторовск,Тюменская область
2195,0,-1,0.15884212437263803,-0.3308473864020189,0.019916035422130128,0.05943311445818982,Абатский,Тюменская область
2196,0,-1,-0.15903554041532653,-0.3510978720180611,0.025221831075080612,0.1058306671642765,Армизонский,Тюменская область
2197,0,-1,0.2536589993045869,0.13485807495635452,0.022556621056256446,0.16081840095161254,Аромашевский,Тюменская область
2198,0,-1,0.42648912249726123,-0.6137787058118513,0.020001535000695368,0.04650316435906171,Бердюжский,Тюменская область
2199,0,-1,0.14567298003028836,0.04588228216639598,0.01797595350858501,0.07256627498252395,Вагайский,Тюменская область
2200,0,-1,0.3399141427660058,0.6307648268700232,0.022895503338486813,0.11033160230354039,Викуловский,Тюменская область
2201,0,-1,0.17176114333719095,-0.08730432610181096,0.01143478407212312,0.0994119330829832,Голышмановский,Тюменская область
2202,0,-1,-0.07638748772263404,0.3266374942924473,0.01245830323521437,0.07094753768441804,Исетский,Тюменская область
2203,0,-1,-0.20275362983301995,0.026060191991750463,0.021454178968347715,0.07715028859877435,Ишимский,Тюменская область
2204,0,-1,0.5362066356063577,0.293478818134462,0.02394061091910633,0.09405855980668121,Казанский,Тюменская область
2205,1,1,-0.49782313267394923,0.7556777659631644,0.014480009986783657,0.1895266590157284,Нижнетавдинский,Тюменская область
2206,0,-1,0.10238031036745086,0.18497097389430625,0.013358130340513016,0.06828884594125405,Омутинский,Тюменская область
2207,0,-1,0.24957173829023213,0.37975577131110355,0.021973313557866005,0.1442941612871872,Сладковский,Тюменская область
2208,0,-1,-0.4217485713351013,0.13309427778621755,0.022938772676843834,0.13691169444858622,Сорокинский,Тюменская область
2210,0,-1,-0.5750068111841923,-0.766871604598101,0.022793077335476794,0.04777250242487576,Тюменский,Тюменская область
2211,0,-1,0.6325320713660142,0.15206045434798257,0.02379009452800211,0.03530592107415379,Уватский,Тюменская область
2212,0,-1,0.522114856962172,-0.18650374333589295,0.01877330292551108,0.0731182259198946,Упоровский,Тюменская область
2213,0,-1,0.5298927468259295,0.3936053400980618,0.023682741196216252,0.12595374257059794,Юргинский,Тюменская область
2215,0,-1,0.04854609105992048,0.5561749310351926,0.02183335117015098,0.0603863307539808,Ярковский,Тюменская область
2216,0,-1,0.08811034734892866,-0.1776507010094201,0.02182599771399038,0.04473477719950385,Ханты-Мансийск,Ханты-Мансийский автономный округ — Югра
2217,0,-1,0.4380433177436175,-0.5318116936637309,0.03790126957566533,0.04152343354133935,Когалым,Ханты-Мансийский автономный округ — Югра
2218,0,-1,0.5814122808554897,-0.11141525917933721,0.024152140064781558,0.03373432528567829,Лангепас,Ханты-Мансийский автономный округ — Югра
2219,0,-1,0.02470136174879752,-0.49301742242134006,0.027268960573104736,0.040595168978753204,Мегион,Ханты-Мансийский автономный округ — Югра
2220,0,-1,0.29579087285389727,-0.7721271292243306,0.02787548149889663,0.02687723285158941,Нефтеюганск,Ханты-Мансийский автономный округ — Югра
2221,0,-1,0.196616752155588,-0.7793285081340351,0.024272020589840678,0.02773379549104483,Нижневартовск,Ханты-Мансийский автономный округ — Югра
2222,0,-1,0.1494801157461425,-0.7293479531012952,0.02394536035915392,0.038138856145752964,Нягань,Ханты-Мансийский автономный округ — Югра
2223,1,0,0.7463620079519804,-0.05228532260954314,0.04177626977919761,0.07389850139864058,Покачи,Ханты-Мансийский автономный округ — Югра
2224,0,-1,0.3883648207595122,0.1382220581505375,0.028876980928916968,0.06646829551654554,Пыть-Ях,Ханты-Мансийский автономный округ — Югра
2225,1,0,0.9265746083022217,-0.07966799855083903,0.04323179821249859,0.07073751487943931,Радужный,Ханты-Мансийский автономный округ — Югра
2226,0,-1,0.4259009720520268,-0.5581847150995538,0.027674694198894692,0.033406037780946425,Сургут,Ханты-Мансийский автономный округ — Югра
2227,0,-1,0.43663784210192497,-0.8098139968982432,0.02944144177277196,0.022771132958730914,Урай,Ханты-Мансийский автономный округ — Югра
2228,0,-1,0.6125533738507412,-0.5589151154109799,0.03434561896125124,0.03800494544427062,Югорск,Ханты-Мансийский автономный округ — Югра
2229,1,0,0.9113089751101114,0.4767123019022374,0.05179839745842609,0.10269236896480756,Белоярский,Ханты-Мансийский автономный округ — Югра
2230,1,3,0.9206258421047666,0.6018748734069364,0.06897575539230932,0.14815327209658807,Березовский,Ханты-Мансийский автономный округ — Югра
2231,1,1,0.7322446201840791,-0.4249648159872308,0.022229849616353367,0.04011243220611864,Кондинский,Ханты-Мансийский автономный округ — Югра
2232,0,-1,0.5650340246954373,0.23247829357026173,0.029174272656845128,0.06770663796055246,Нефтеюганский,Ханты-Мансийский автономный округ — Югра
2233,1,0,0.7227226340641453,0.3560698104327275,0.028512895735722004,0.06373192712204291,Нижневартовский,Ханты-Мансийский автономный округ — Югра
2234,1,3,0.6973593775258162,0.7008775946625485,0.036760405097376554,0.12927770569705738,Октябрьский,Ханты-Мансийский автономный округ — Югра
2235,1,0,0.7935383626737355,0.3583648922687282,0.02672213029540781,0.060327771337016965,Советский,Ханты-Мансийский автономный округ — Югра
2236,0,-1,0.47046105044265,-0.6926057403740311,0.03725046066442384,0.03200429750096429,Сургутский,Ханты-Мансийский автономный округ — Югра
2237,0,-1,0.27432665766654746,0.2814978900663911,0.03063797988381747,0.05750300242198197,Ханты-Мансийский,Ханты-Мансийский автономный округ — Югра
2238,1,0,0.8777458611896987,0.921949563141134,0.059371667580713584,0.08269108668774768,Салехард,Ямало-Ненецкий автономный округ
2241,1,0,0.9693387752399802,0.7028578905695276,0.04938200940139268,0.09578284051513536,Муравленко,Ямало-Ненецкий автономный округ
2242,1,0,0.9908432456198606,0.7503031810189107,0.06585854790462567,0.059100673743676786,Новый Уренгой,Ямало-Ненецкий автономный округ
2243,1,0,0.9277339546015368,0.7008980504530904,0.05450039000392167,0.06413406462520674,Ноябрьск,Ямало-Ненецкий автономный округ
2244,1,2,0.8340353196753054,0.6183199448548411,0.10203318842993936,0.2265140293750092,Красноселькупский,Ямало-Ненецкий автономный округ
2245,1,0,0.9862671619635985,0.39496246620203507,0.0685829708739311,0.06917404535667647,Надымский,Ямало-Ненецкий автономный округ
2248,1,2,0.9302757297197364,0.8904704969684605,0.08090479899892541,0.11500432384366908,Тазовский,Ямало-Ненецкий автономный округ
2249,1,2,0.897024888334804,0.789874467031876,0.12141674510271007,0.3697362537812684,Шурышкарский,Ямало-Ненецкий автономный округ
2250,1,2,0.9557189846916109,0.5902512115306038,0.10887709793870783,0.1768772909737074,Ямальский,Ямало-Ненецкий автономный округ
2251,0,-1,-0.34058615154533584,-0.5006101639112012,0.011891382392236423,0.03483875968277387,Ульяновск,Ульяновская область
2252,0,-1,-0.24730191606875665,-0.5079568704457036,0.015771048636973768,0.03474117644194424,Димитровград,Ульяновская область
2253,0,-1,0.3203789172878934,-0.34082405074868477,0.0334656678149054,0.05252414314573803,Новоульяновск,Ульяновская область
2254,0,-1,-0.1774089639545342,-0.3040688661481339,0.016601693585875228,0.15845266130143343,Базарносызганский,Ульяновская область
2255,0,-1,-0.6124066248020494,-0.14716950621304262,0.007006832654353589,0.059935033328478576,Барышский,Ульяновская область
2256,0,-1,-0.06610144939302275,-0.012586507775697524,0.01589089943227034,0.22531766406002032,Вешкаймский,Ульяновская область
2257,0,-1,-0.10505475667266256,-0.6213477999242875,0.012404058759274052,0.05019487543950162,Инзенский,Ульяновская область
2258,0,-1,0.3922211280089326,-0.04735190301817532,0.017919121289463928,0.12219294907003511,Карсунский,Ульяновская область
2259,0,-1,0.016792332887946647,-0.2986518382578564,0.014100826261408928,0.06168359583183066,Кузоватовский,Ульяновская область
2260,0,-1,0.1599056678618445,-0.3408478191465779,0.018478350675743285,0.11264590506235496,Майнский,Ульяновская область
2262,0,-1,0.2542542353758668,0.4570783584492845,0.02196447879252056,0.1287670352720193,Николаевский,Ульяновская область
2264,0,-1,-0.51380649563174,-0.4346922661569843,0.009142211799472706,0.05524524609702431,Новоспасский,Ульяновская область
2265,0,-1,-0.04398668822671685,0.2261064670615941,0.021465739145167816,0.1587136740701861,Павловский,Ульяновская область
2266,0,-1,-0.12313153444215828,0.20991544255964398,0.02390840929047926,0.19866345115552358,Радищевский,Ульяновская область
2267,0,-1,-0.549135714197478,-0.6961563585928872,0.019345144249598663,0.09798889252396963,Сенгилеевский,Ульяновская область
2268,0,-1,-0.20449286899562913,-0.1659684159514918,0.027805370247240734,0.1302586958609121,Старокулаткинский,Ульяновская область
2269,0,-1,0.13566295508061338,-0.09792957271343469,0.03481201201642228,0.2596397064099195,Старомайнский,Ульяновская область
2270,0,-1,0.2634481782182393,-0.23179484647501303,0.02499889051907997,0.10037291648276828,Сурский,Ульяновская область
2271,0,-1,0.15586133145744002,-0.0036422888483223646,0.02690138008337556,0.2841222493988476,Тереньгульский,Ульяновская область
2272,0,-1,-0.6265177272928498,0.1853079929723772,0.01882027768887337,0.08070569773564629,Ульяновский,Ульяновская область
2274,0,-1,-0.34044342653684523,0.27493081651494383,0.014362533135997885,0.0742483497025763,Чердаклинский,Ульяновская область
2275,0,-1,-0.4649902759358864,-0.3405983156806015,0.015810053795406735,0.03982133366505225,Челябинский,Челябинская область
2276,0,-1,0.23128667993344232,-0.4591312402392594,0.008921852572412474,0.0323181951215359,Верхнеуфалейский,Челябинская область
2278,0,-1,0.08852806791835932,-0.1589036145561682,0.01773851421138663,0.10475688023865123,Карабашский,Челябинская область
2279,0,-1,-0.473954939460711,-0.764709496284477,0.01689020272235171,0.030561362429914796,Копейский,Челябинская область
2280,0,-1,-0.7195694168762804,-0.47034417941262646,0.010935824853301744,0.04303469105340464,Кыштымский,Челябинская область
2281,0,-1,-0.47148431310385186,-0.5528895473954459,0.013778770565778413,0.028960554074741733,Магнитогорский,Челябинская область
2282,0,-1,-0.49703711038437304,-0.487557137916205,0.01365296421978968,0.03583010654139856,Миасский,Челябинская область
2286,0,-1,-0.6059590527618594,-0.6668320926810644,0.008544486254084998,0.03262945392732756,Троицкий,Челябинская область
2287,0,-1,-0.5181837311022298,-0.40943880469748645,0.010973314217488235,0.045873583664584994,Усть-Катавский,Челябинская область
2288,0,-1,-0.7457081800124074,-0.13285587765998783,0.011174192304246997,0.05400032253817687,Чебаркульский,Челябинская область
2289,0,-1,-0.49752414749295315,-0.6598692511099522,0.012679455777816382,0.030712985393799474,Южноуральский,Челябинская область
2292,0,-1,-0.3555476679811932,-0.15384647660351403,0.011893272955128861,0.10714752860287265,Аргаяшский,Челябинская область
2293,0,-1,0.013304184341562409,-0.174777299727505,0.011004214980999068,0.028918493585986683,Ашинский,Челябинская область
2294,1,1,0.6639525011188054,-0.3383052016895079,0.02644582385497337,0.07925107791279719,Брединский,Челябинская область
2295,0,-1,0.1861045332312345,-0.587460764210208,0.016151380030160686,0.024114163843042897,Варненский,Челябинская область
2296,1,1,0.7806314432576024,-0.6543140122864083,0.03358810900441891,0.02405069315168407,Верхнеуральский,Челябинская область
2297,0,-1,0.1523753699636808,0.15499823869009322,0.01240178736328263,0.04048753242473128,Еманжелинский,Челябинская область
2298,0,-1,0.41240578226925556,0.047011654667026566,0.018578123057202644,0.10565916606432135,Еткульский,Челябинская область
2299,0,-1,0.18868817253357476,0.4264535630774284,0.01105354930610563,0.035316979087613325,Карталинский,Челябинская область
2300,0,-1,0.15240151479753586,-0.17963933909300567,0.013031394977225717,0.03705696217784703,Каслинский,Челябинская область
2301,0,-1,-0.5956178357988637,0.02119391919017147,0.007217270772313046,0.046611386195392464,Катав-Ивановский,Челябинская область
2302,0,-1,0.15475915642876642,-0.206287400322791,0.0273298529658052,0.11732580272156092,Кизильский,Челябинская область
2303,1,1,0.7391346194791895,0.7839445170391391,0.026755565311510163,0.09683885024707442,Коркинский,Челябинская область
2304,0,-1,-0.7069022910737253,-0.5555606881230126,0.015109728427954232,0.0771884307288753,Красноармейский,Челябинская область
2305,0,-1,0.2797707031637144,0.35691959012677854,0.023288394024938763,0.17485384403822174,Кунашакский,Челябинская область
2307,0,-1,0.5376944367495711,-0.23353503603080472,0.0423965148418222,0.08106476715808726,Нагайбакский,Челябинская область
2308,0,-1,0.042795844341011816,0.017110269298255383,0.011541835986299624,0.09181748964374295,Нязепетровский,Челябинская область
2309,0,-1,-0.39242663420249796,-0.29192773099916663,0.02527351880425677,0.08015942088374751,Октябрьский,Челябинская область
2310,0,-1,-0.03903058156077366,-0.3515357137606462,0.010765598091685815,0.04417034645606622,Пластовский,Челябинская область
2311,0,-1,-0.11925875307716362,-0.7334310560632678,0.012502505419796662,0.028929363750158102,Саткинский,Челябинская область
2312,0,-1,-0.6717587398328994,-0.5707957951497151,0.018334805389073623,0.05437347478332289,Сосновский,Челябинская область
2314,0,-1,0.034164684127960816,-0.21124483525970025,0.02390794593711917,0.0919999961990102,Увельский,Челябинская область
2315,0,-1,0.4053010334787686,0.27136550174165924,0.028494302244320265,0.10259198910134726,Уйский,Челябинская область
2316,0,-1,-0.43395880987403096,-0.4372613303211159,0.0264736211090566,0.1372760777203699,Чебаркульский,Челябинская область
2317,0,-1,0.3983392363914844,-0.020667984497143403,0.022711424314751295,0.11002561877691826,Чесменский,Челябинская область
2318,0,-1,-0.25748861635440395,-0.5040404585878419,0.016037418814943995,0.03465611563620698,Ярославль,Ярославская область
2320,0,-1,-0.11289685970409871,-0.6048634298895673,0.016077018587043558,0.030249990055653184,Рыбинск,Ярославская область
2321,0,-1,-0.05206653736916142,-0.2048513487651205,0.03472947707249995,0.2125204404715326,Большесельский,Ярославская область
2322,0,-1,-0.6362733381768673,0.19940955997121562,0.0166621961160762,0.10517849540292497,Борисоглебский,Ярославская область
2323,0,-1,0.0628492985183702,-0.3706409807965349,0.028854696131397614,0.2095891738986274,Брейтовский,Ярославская область
2324,0,-1,0.3740405104301887,-0.18137567416613445,0.021847419747590777,0.04470896675965897,Гаврилов-Ямский,Ярославская область
2325,0,-1,-0.03397030293512051,0.09295184383774142,0.017416010769852597,0.07803950568147326,Даниловский,Ярославская область
2326,0,-1,0.43478494237486087,0.31785962827975006,0.017142490213114175,0.10656679711426294,Любимский,Ярославская область
2327,0,-1,-0.2241395096214813,-0.21355542296771368,0.02119711890934026,0.07646227563357848,Мышкинский,Ярославская область
2328,0,-1,-0.18717404580141458,-0.18931598865424237,0.021494022900036953,0.09348873212307718,Некоузский,Ярославская область
2329,0,-1,0.3467848481103208,-0.5632100269045814,0.02875307258101637,0.07519683249892428,Некрасовский,Ярославская область
2330,0,-1,0.42285244733874083,-0.05572009776301761,0.033762580647891734,0.0734749715222352,Первомайский,Ярославская область
2332,0,-1,0.40287491061630104,-0.11382491058450941,0.02265543234156409,0.1686630808781334,Пошехонский,Ярославская область
2333,0,-1,-0.33332799818885966,-0.5581294593268536,0.015960129872600794,0.04518752867314973,Ростовский,Ярославская область
2334,0,-1,0.2525887427460344,0.14948810903539178,0.056960859240715395,0.17189661183378296,Рыбинский,Ярославская область
2335,0,-1,0.3641943165084961,0.2237595694942708,0.019983865350965607,0.05135687520694898,Тутаевский,Ярославская область
2336,0,-1,0.40224551590449936,-0.06012262246253395,0.01741296035049892,0.05079318073085021,Угличский,Ярославская область
2337,0,-1,-0.5942292792911744,-0.7452579874134296,0.015358630870365547,0.028669283753902448,Ярославский,Ярославская область
2338,0,-1,-0.4531769292167636,-0.817628824559375,0.011393532464624063,0.03331990117722164,Биробиджан,Еврейская автономная область
2339,1,1,0.7412777351681993,0.03584088237141173,0.04800896862497624,0.14149392886604673,Биробиджанский,Еврейская автономная область
2340,0,-1,-0.233193385520732,-0.09977447195118042,0.017784436206722716,0.07760158199833107,Ленинский,Еврейская автономная область
2341,0,-1,-0.08481553267151141,-0.6236065280483565,0.01788170222668476,0.05071774952250012,Облученский,Еврейская автономная область
2342,1,1,-0.4316688898889746,0.7321956584262986,0.01842663568894253,0.19503558842060373,Октябрьский,Еврейская автономная область
2343,0,-1,-0.6445623417167949,-0.18588719250763427,0.01646436636754298,0.061300102871468476,Смидовичский,Еврейская автономная область
2344,1,2,0.9784409290813616,0.8988148075587161,0.10674994003102299,0.18927315727095054,Анадырь,Чукотский автономный округ
2345,1,2,0.9490288421235257,0.9134888636756912,0.11139707957819994,0.3901887622409722,Эгвекинот,Чукотский автономный округ
2348,1,2,0.8918565681760969,0.8966238340380516,0.09544507709614383,0.24815712455842673,Анадырский,Чукотский автономный округ
2349,1,2,0.8621202865137236,0.9003284486155977,0.08405696234400352,0.2732191197941012,Билибинский,Чукотский автономный округ
2351,0,-1,-0.032564889309368066,0.4006429340792733,0.02050078782916994,0.0648077903428155,Коломна,Санкт-Петербург
2352,0,-1,-0.35796108511379165,0.045839464273056615,0.025412328062432706,0.06847690266409645,Сенной,Санкт-Петербург
2353,0,-1,0.2765073280956537,0.536680430254003,0.01846860529150987,0.057147511515656974,Адмиралтейский,Санкт-Петербург
2354,0,-1,0.3287928739079449,0.41859976103306923,0.021764370845915027,0.06185595255934315,Семеновский,Санкт-Петербург
2355,0,-1,-0.4615181136927437,-0.2120173271504636,0.02585902826060925,0.05978240078840889,Измайловское,Санкт-Петербург
2356,0,-1,0.3232200728259481,0.3557106301228159,0.020706526692388132,0.05290418817586983,Екатерингофский,Санкт-Петербург
2357,0,-1,-0.15487528945357987,0.37694662841465504,0.023048369619377156,0.07378236223971461,№ 7,Санкт-Петербург
2358,0,-1,0.5678122838691448,0.5749612908241343,0.01906797181845848,0.06743299854767816,Васильевский,Санкт-Петербург
2359,0,-1,0.3838929374634068,0.36678002671138765,0.02077004710385535,0.06982873424661111,Гавань,Санкт-Петербург
2360,0,-1,-0.07147395499148747,0.03782471403520109,0.019857593106585934,0.06470795615497607,Морской,Санкт-Петербург
2361,0,-1,0.10267879016703248,0.4138541675144425,0.020226481668778166,0.07048875705505402,Остров Декабристов,Санкт-Петербург
2362,0,-1,-0.5514265287694019,-0.6983808290239875,0.017397988435252226,0.04250211553308872,Левашово,Санкт-Петербург
2363,0,-1,-0.15573955468375675,-0.1600464653254289,0.020745694696609928,0.04987383302919133,Парголово,Санкт-Петербург
2364,0,-1,0.2036553417367644,0.5941028989341038,0.020089013765759195,0.06623313773360599,Сампсониевское,Санкт-Петербург
2365,0,-1,0.13673267601493055,0.3130555869163304,0.020951462765796385,0.06469942166208306,Светлановское,Санкт-Петербург
2366,0,-1,0.07938723355204914,0.07103129459469057,0.01815715335819563,0.05185563785457041,Сосновское,Санкт-Петербург
2367,0,-1,0.11995518659817965,0.15127470582788952,0.021663512370878532,0.05501765017687141,№ 15,Санкт-Петербург
2368,0,-1,-0.03602956948502913,0.0735800811327659,0.021787603551893908,0.056024190431178685,Сергиевское,Санкт-Петербург
2369,0,-1,-0.3949856512055819,-0.13258994835006177,0.021038262661922418,0.05223334078251516,Шувалово-Озерки,Санкт-Петербург
2370,0,-1,-0.3469041438952787,-0.4264516753185829,0.024682906051797248,0.05833831745009163,Лисий Нос,Санкт-Петербург
2371,0,-1,0.06194854967260387,0.05757308676556366,0.022251337593339506,0.04929389609689105,Лахта-Ольгино,Санкт-Петербург
2372,0,-1,0.020848061576677093,0.04920243969643112,0.020546749735205167,0.05120185511239583,№ 65,Санкт-Петербург
2373,0,-1,0.1397830375241884,0.33264257200875186,0.020127260332222223,0.06231950979482235,Ланское,Санкт-Петербург
2374,0,-1,-0.04823378698242052,0.1533039005393326,0.02103270299141816,0.05722967445290364,Комендантский аэродром,Санкт-Петербург
2375,0,-1,-0.3513569092899147,-0.12492298204534115,0.02150056420020249,0.05458629164469553,Озеро Долгое,Санкт-Петербург
2376,0,-1,0.04481309552059402,0.11853818067424539,0.019212693867267257,0.051681729174341495,Юнтолово,Санкт-Петербург
2377,0,-1,0.010475018279331682,-0.10551762388308156,0.021067465296107753,0.04870122165086701,Коломяги,Санкт-Петербург
2378,0,-1,-0.20834324074020977,-0.07690092004905912,0.021138126405533086,0.05954331794153969,Гражданка,Санкт-Петербург
2379,0,-1,-0.11694433692903364,0.12508600351933413,0.02012846882773896,0.06274789039921455,Академическое,Санкт-Петербург
2380,0,-1,-0.14037861560981002,0.11503165559472367,0.020317425770645322,0.056118420213903085,Финляндский,Санкт-Петербург
2381,0,-1,-0.24422539963225945,-0.03512111737172593,0.020548005593106874,0.05422238386296111,№ 21,Санкт-Петербург
2382,0,-1,0.5697292645034167,0.1625422255729351,0.020663275869492483,0.046089611725838565,Пискаревка,Санкт-Петербург
2383,0,-1,-0.016481990676600458,-0.131354425059564,0.01982124267533245,0.048352726145786264,Северный,Санкт-Петербург
2384,0,-1,0.20042579305671354,0.10696240023187398,0.020896378135198658,0.05698815338039455,Прометей,Санкт-Петербург
2385,0,-1,0.1373373460238553,0.2595025909804117,0.020716694105954343,0.05610142129712889,Княжево,Санкт-Петербург
2386,0,-1,-0.09464680579101195,0.14596970306309484,0.019846760578915303,0.055124277009147425,Ульянка,Санкт-Петербург
2387,0,-1,-0.18386207405816404,0.07619298086409332,0.02080828517246271,0.058155991516721316,Дачное,Санкт-Петербург
2388,0,-1,-0.028260200558317322,0.31868420361130617,0.022582062754458593,0.06866212479469383,Автово,Санкт-Петербург
2389,0,-1,0.4727059488716416,0.45273015854962173,0.02235687948842364,0.06351091728201222,Нарвский,Санкт-Петербург
2390,0,-1,0.38822692312140816,0.3201180549796617,0.020133782542333892,0.06621501976182621,Красненькая речка,Санкт-Петербург
2391,0,-1,0.36639873827055935,0.34733550512473116,0.025472219310289004,0.06787514671184756,Морские ворота,Санкт-Петербург
2392,0,-1,-0.1540115033427939,0.0023024844527324397,0.019453408305471168,0.04982478246301608,Колпино,Санкт-Петербург
2393,0,-1,0.09308517808992098,-0.08616371145822156,0.019680072465177303,0.052514243581099206,Металлострой,Санкт-Петербург
2395,0,-1,0.0658683538440945,-0.16861841571408023,0.02860751002608637,0.059218610252179504,Понтонный,Санкт-Петербург
2398,0,-1,0.06324920010151647,0.002382809258705766,0.019922813882941592,0.04870594670289483,Полюстрово,Санкт-Петербург
2399,0,-1,0.11091696219707385,0.1663684599733665,0.01943512898876071,0.05401920263623781,Большая Охта,Санкт-Петербург
2400,0,-1,-0.22426393681220144,-0.027822303427710568,0.02277127884090742,0.05469827047337584,Малая Охта,Санкт-Петербург
2401,0,-1,-0.005360740124188353,0.013139027126347345,0.02080909079909851,0.055449744493680675,Пороховые,Санкт-Петербург
2402,0,-1,-0.18289130578709475,-0.12290858469760338,0.02008405562726134,0.051179996280110024,Ржевка,Санкт-Петербург
2403,0,-1,-0.08974317569720217,-0.2283365753950908,0.01868964114975551,0.039654239510824994,Красное Село,Санкт-Петербург
2404,0,-1,0.07741207641430917,0.19013771886188208,0.02006782072490994,0.055223416050094766,Юго-Запад,Санкт-Петербург
2405,0,-1,-0.11912702286137497,-0.004800332112089604,0.02136952935483942,0.055542083214216394,Южно-Приморский,Санкт-Петербург
2406,0,-1,0.30744930819325794,0.22124822978030115,0.020709473531566377,0.04835278111186916,Сосновая поляна,Санкт-Петербург
2407,0,-1,-0.18985709078087099,0.05051137706219934,0.018102563606377985,0.05129158469855187,Урицк,Санкт-Петербург
2408,0,-1,-0.292588998476825,-0.17382190846114515,0.022657191664814873,0.0481431568138728,Константиновское,Санкт-Петербург
2409,0,-1,-0.2536086879701128,-0.17470692160312265,0.021732889445983117,0.05035549969590034,Горелово,Санкт-Петербург
2410,0,-1,-0.05733337533586566,-0.20215087014808006,0.017494437545646627,0.0447991148044615,Кронштадт,Санкт-Петербург
2411,0,-1,-0.08268249337088884,-0.21890536952893042,0.026457978324033456,0.041143633772099356,Зеленогорск,Санкт-Петербург
2412,0,-1,-0.004087704677489078,-0.459923714573025,0.022309932671732705,0.042352492364803186,Сестрорецк,Санкт-Петербург
2416,0,-1,0.10418942675729802,-0.3748625204429599,0.023512222888810424,0.042747539680768186,Песочный,Санкт-Петербург
2422,0,-1,-0.440476365309279,-0.43962841202953135,0.014416428346268216,0.03960614580262248,Ломоносов,Санкт-Петербург
2423,0,-1,-0.13029783511111293,0.11104934542249173,0.020889173389647,0.057315608704548764,Московская застава,Санкт-Петербург
2424,0,-1,0.3364516327029109,0.17243341520517425,0.020701737668405187,0.053301258217608186,Гагаринское,Санкт-Петербург
2425,0,-1,0.2956454417773161,0.338104617992023,0.021581411663564223,0.06282231097471243,Новоизмайловское,Санкт-Петербург
2426,0,-1,-0.42867030963788394,-0.20020235752044788,0.022955598062439457,0.057032439270101716,Пулковский меридиан,Санкт-Петербург
2427,0,-1,-0.15080391715204391,0.012072733011449543,0.024398352833692512,0.05830515182831484,Звездное,Санкт-Петербург
2428,0,-1,-0.05012727061999797,0.08755734693422874,0.02251842219808339,0.0569884916500917,Невская застава,Санкт-Петербург
2429,0,-1,-0.27756795591820477,0.015456516482457654,0.022643814134447656,0.061671494919511606,Ивановский,Санкт-Петербург
2430,0,-1,-0.14828872032430424,-0.008368087415228258,0.02083509259758611,0.05546857182289771,Обуховский,Санкт-Петербург
2431,0,-1,-0.34968191383945246,-0.053338398743983655,0.021285560345281403,0.05277445703640779,Рыбацкое,Санкт-Петербург
2432,0,-1,-0.05660829070248149,-0.08317176646401987,0.01963173370715871,0.04931441973790956,Народный,Санкт-Петербург
2433,0,-1,-0.05400349838804689,0.06039187567423254,0.020901678725963855,0.054217776604071545,№ 54,Санкт-Петербург
2434,0,-1,-0.29858168551063474,-0.21305169247934255,0.02082402007597892,0.05169301250623602,Невский,Санкт-Петербург
2435,0,-1,-0.1308625510305392,-0.018346982713427273,0.018414372052381202,0.05044522756772854,Оккервиль,Санкт-Петербург
2436,0,-1,-0.047968801564961784,-0.05177427638087204,0.021528517069806706,0.052948112030009646,Правобережный,Санкт-Петербург
2437,0,-1,-0.47441432220032137,-0.543365401008583,0.020902080951052088,0.04129073694585726,Павловск,Санкт-Петербург
2439,0,-1,0.4551154800729749,0.592681740552829,0.02246653710473307,0.06732652142651738,Введенский,Санкт-Петербург
2440,0,-1,-0.052138990123298326,0.3064407356321936,0.018810320097621964,0.06650530760874385,Кронверкское,Санкт-Петербург
2441,0,-1,0.5207506914871498,0.7967355402975398,0.021512106538890737,0.0647483092708807,Посадский,Санкт-Петербург
2442,0,-1,0.082890309336629,0.29710627143291973,0.025302612078170757,0.06534264240809967,Аптекарский остров,Санкт-Петербург
2443,0,-1,-0.5485991371160055,-0.12790390086505993,0.02092131583865867,0.06363940685489476,Петровский,Санкт-Петербург
2444,0,-1,0.41309208975022205,0.08341798812128409,0.027042268877222234,0.059499513011219245,Чкаловское,Санкт-Петербург
2445,0,-1,-0.3459498513468709,-0.2863823728374338,0.017844945919844427,0.04835031423120842,Петергоф,Санкт-Петербург
2446,0,-1,-0.5121879110701149,-0.22975705538215355,0.018583555651086762,0.0478326357509788,Стрельна,Санкт-Петербург
2447,0,-1,-0.09786067038183698,-0.15103892605881475,0.01746918637299868,0.04631561964229575,Пушкин,Санкт-Петербург
2449,0,-1,-0.20650066294347538,-0.14075741898714103,0.016363199312066392,0.04465219126289232,Шушары,Санкт-Петербург
2450,0,-1,-0.38336291346273277,0.03785463220296064,0.021186127581871387,0.06177121250085408,Волковское,Санкт-Петербург
2451,0,-1,0.2923047194390935,0.396956289523829,0.019180272615766818,0.05663673321263928,№ 72,Санкт-Петербург
2452,0,-1,0.4632899766252571,0.20833655318228878,0.022104990415757586,0.057917327650800605,Купчино,Санкт-Петербург
2453,0,-1,0.02384213040097588,0.011273288193536955,0.023581485508465762,0.05660162127820841,Георгиевский,Санкт-Петербург
2454,0,-1,0.02862575852192582,0.023039395928017438,0.022285983901042937,0.05850156457909113,№ 75,Санкт-Петербург
2455,0,-1,-0.011461451149728581,0.20866614720585475,0.021169691851697144,0.057338118368504915,Балканский,Санкт-Петербург
2456,0,-1,-0.11258192254877421,-0.2060676656035856,0.02865161933526143,0.04071026422618291,Дворцовый,Санкт-Петербург
2457,0,-1,0.22423594149388162,0.43496791038311966,0.018577957183402674,0.0443521827710993,№ 78,Санкт-Петербург
2458,0,-1,0.1375960181286961,0.1958836893597973,0.022979060452466574,0.05542194507198613,Литейный,Санкт-Петербург
2459,0,-1,0.10205677469133005,0.17417627039168668,0.021788102173299063,0.05724163627943723,Смольнинское,Санкт-Петербург
2460,0,-1,-0.5489694509314965,-0.1569278171343255,0.024553958341324397,0.05342514094992828,Лиговка-Ямская,Санкт-Петербург
2461,0,-1,0.41271625390726896,0.47174148735769394,0.022014549238699957,0.05589280479663422,Владимирский,Санкт-Петербург
2462,0,-1,-0.006804009419680989,-0.09483177006617582,0.017567422124765555,0.05385397397060435,Богородское,Москва
2463,0,-1,0.2138474826333518,-0.012683457836996712,0.01816479440709076,0.05493890633261857,Вешняки,Москва
2464,0,-1,0.3472637453822219,0.23329375941672276,0.01835950137194694,0.06283842192700788,Восточное Измайлово,Москва
2465,0,-1,-0.07399721049335689,-0.30547137096186955,0.0193378564142538,0.048101017418209005,Восточный,Москва
2466,0,-1,0.12489208793658649,-0.05533487128964391,0.01791443232062194,0.05196566187012777,Гольяново,Москва
2467,0,-1,-0.2330790047356602,-0.06486063384036356,0.016224768182675695,0.058489151934098885,Ивановское,Москва
2468,0,-1,-0.2646500767714875,0.13492983458400357,0.02060713776706234,0.0644611868271379,Измайлово,Москва
2469,0,-1,-0.18744569394956662,-0.22404415705952385,0.01797546231377421,0.04508384974739439,Косино-Ухтомский,Москва
2470,0,-1,-0.18806319171085864,-0.06671820240812178,0.020162305202626945,0.05695135050062251,Новогиреево,Москва
2471,0,-1,-0.07985949223537255,-0.017540409933563296,0.019064033935067632,0.0527644372360926,Новокосино,Москва
2472,0,-1,-0.2631941488963853,-0.2186746819847871,0.017074829357287827,0.05525634627266119,Метро,Москва
2473,0,-1,0.22683391728571717,0.01892624264988487,0.01856338796735385,0.05586703217440038,Перово,Москва
2474,0,-1,0.012732808079113537,0.030843273198026534,0.018699211197896103,0.05805348699320448,Северное Измайлово,Москва
2475,0,-1,-0.3933371182050599,-0.027987558465945687,0.017425370380897275,0.059789861117010304,Соколиная гора,Москва
2476,0,-1,-0.4171439355259309,0.048149654678971185,0.018816173423138047,0.061212214896914155,Сокольники,Москва
2477,0,-1,-0.07021499479781215,0.016889436398125696,0.020064709096053575,0.059843698541528434,Преображенское,Москва
2478,0,-1,0.4992102915122854,0.39963606511123506,0.018690749965210966,0.04362819288615004,Внуково,Москва
2479,0,-1,0.5526943753666675,0.18880780465234748,0.021614524905445267,0.0517492904314155,Дорогомилово,Москва
2480,0,-1,-0.04773328955927728,-0.04533319173030078,0.02086736393744605,0.05696259974702741,Крылатское,Москва
2481,0,-1,-0.301396804884834,-0.16739955845542204,0.018459071712609854,0.054202017248787863,Кунцево,Москва
2482,0,-1,0.18072960244152367,0.1454075899068042,0.017093811944066166,0.05438097334323416,Можайский,Москва
2483,0,-1,-0.2317162122309744,-0.14563159590790797,0.017610911209240944,0.05144913795505879,Ново-Переделкино,Москва
2484,0,-1,0.0757168236122388,0.037848003252623996,0.019369394078288648,0.05675840013063961,Очаково-Матвеевское,Москва
2485,0,-1,-0.21167018802270798,0.10230314452442792,0.0186917559449743,0.07264902797155842,Проспект Вернадского,Москва
2486,0,-1,-0.3098187598076491,0.128272499982016,0.021620459366497417,0.07207434376362475,Раменки,Москва
2487,0,-1,-0.31986549299833783,-0.044061760188209224,0.016796263577814875,0.05346502921905944,Солнцево,Москва
2488,0,-1,-0.2686168498921477,0.014535590093794324,0.020410967440475252,0.06300157339593221,Тропарево-Никулино,Москва
2489,0,-1,-0.31218704509720635,-0.25796019960335587,0.02199834744751542,0.05318131378790658,Филевский парк,Москва
2490,0,-1,-0.11698021098298407,-0.12595840176361683,0.020096142649598366,0.06081381670859536,Фили-Давыдково,Москва
2491,0,-1,-0.3705864719864434,-0.27051518870720936,0.017869845955834508,0.04328554309962869,Крюково,Москва
2492,0,-1,0.3808206303739366,-0.03994897406912893,0.016820331863851592,0.0435967325473776,Матушкино,Москва
2493,0,-1,-0.20596145486601738,-0.3342997226440348,0.015953903242513806,0.041587897647994504,Силино,Москва
2494,0,-1,-0.28551432748693023,0.07582840241979741,0.01800885094854285,0.05770177113099695,Аэропорт,Москва
2495,0,-1,0.11082667535555113,0.14115292444199096,0.019522835575743216,0.05661905639510566,Беговой,Москва
2496,0,-1,-0.22779522906920627,0.010768499120787067,0.014184974988549358,0.05486092843373624,Бескудниковский,Москва
2497,0,-1,-0.2310779270894503,-0.17708934797480275,0.018614759333796332,0.054688188402383105,Войковский,Москва
2498,0,-1,0.11597303216139065,0.09304109974627665,0.01658325686672717,0.05251855396933215,Восточное Дегунино,Москва
2499,0,-1,-0.06739731935539331,0.04506298593641566,0.01653137027785997,0.05514526129319174,Головинский,Москва
2500,0,-1,-0.3423238130954599,-0.1477576174766228,0.01798114380302973,0.054292991728609116,Дмитровский,Москва
2501,0,-1,-0.3862605880550314,-0.16087237658560113,0.018975550757725685,0.054677283961004866,Западное Дегунино,Москва
2502,0,-1,-0.1245896273533112,0.02749970591138434,0.016897050210949352,0.05281247957020828,Коптево,Москва
2503,0,-1,-0.04001165475036302,-0.0716435577526771,0.018524610669505205,0.05390274543916287,Левобережный,Москва
2504,0,-1,-0.6121140572044544,-0.23780093820229659,0.012534462438983823,0.0457813864141392,Молжаниновский,Москва
2505,0,-1,-0.23812024197876722,0.09049759972516623,0.01919985889709665,0.05923267952503639,Савеловский,Москва
2506,0,-1,0.13091539074650616,0.2659989748731916,0.019909732744328567,0.06984811191471443,Сокол,Москва
2507,0,-1,-0.007688645896558534,-0.18651618928435673,0.017716515322642276,0.05613320043006789,Тимирязевский,Москва
2508,0,-1,0.017119380169933935,0.05104490452237081,0.015451389358128753,0.05578516975705791,Ховрино,Москва
2509,0,-1,-0.3159545734158575,-0.14226898306230804,0.022349826689671365,0.05920882592868044,Хорошевский,Москва
2510,0,-1,0.4511081511914,0.49319890844753356,0.01936616833195892,0.0645548969542138,Алексеевский,Москва
2511,0,-1,0.07563148447023747,0.06760776428016166,0.015755435584629936,0.05642445791336133,Алтуфьевский,Москва
2512,0,-1,-0.2610127790523219,-0.12808133807600858,0.01663444594266556,0.04876952697487648,Бабушкинский,Москва
2513,0,-1,-0.40864495219225916,-0.10379443546262623,0.01662130218748734,0.05367945919243773,Бибирево,Москва
2514,0,-1,-0.3600042384100145,-0.0048959682154170285,0.019844433178771388,0.0591488003710937,Бутырский,Москва
2515,0,-1,0.03570943701821245,-0.1673757307568558,0.017909717689470063,0.048738649247450784,Лианозово,Москва
2516,0,-1,-0.17674112630966962,-0.15259884161505102,0.01530917838213178,0.04828227227289659,Лосиноостровский,Москва
2517,0,-1,0.7236693220445919,0.22649123836325902,0.01914624761218496,0.053540879521375116,Марфино,Москва
2518,0,-1,-0.025078459142453404,0.3194227188948927,0.019524106944640827,0.0624058835583154,Марьина роща,Москва
2519,0,-1,-0.39533305068577596,-0.15120380134983635,0.022178749267762508,0.05936584751978834,Останкинский,Москва
2520,0,-1,-0.022226064984577413,-0.014883386834174237,0.018009722125300994,0.057091009374185805,Отрадное,Москва
2521,1,1,0.6482247726110774,0.29139555493198915,0.022193667700796248,0.05417754297290214,Ростокино,Москва
2522,0,-1,-0.2695343404019944,-0.15164207027151877,0.020554486225929973,0.05720112058335508,Свиблово,Москва
2523,0,-1,-0.13240395509067787,-0.029515797379831985,0.018184039070733484,0.05489845311272961,Северное Медведково,Москва
2524,0,-1,-0.2167339368578845,-0.2292786156114977,0.016054880373949382,0.04611795626249162,Северный,Москва
2525,0,-1,-0.21729807913241084,-0.02368888885433707,0.01809734404737457,0.053784981212203826,Южное Медведково,Москва
2526,0,-1,-0.12681676463051778,0.18553352533982545,0.014750964427791538,0.05964586060627064,Ярославский,Москва
2527,0,-1,-0.2841833859141294,-0.2070881022769865,0.017715811897846587,0.04841963858024262,Куркино,Москва
2528,0,-1,-0.16025945046101162,-0.18778340036598537,0.019046200944239543,0.048227942663146256,Митино,Москва
2529,0,-1,-0.31377468439897443,-0.022150350194060607,0.01771479035597444,0.058023560606469834,Покровское-Стрешнево,Москва
2530,0,-1,-0.12752650249653624,0.10665499056590438,0.01787758488550635,0.06217624847537521,Северное Тушино,Москва
2531,0,-1,-0.08523120296260375,-0.0369862130851855,0.01909785004157551,0.05282428986572119,Строгино,Москва
2532,0,-1,-0.2003012477995158,-0.01028719190303588,0.01869283350392544,0.05646127498871579,Хорошево-Мневники,Москва
2533,0,-1,-0.5060709871090866,-0.091735547489439,0.017959720043959182,0.05838206296897326,Щукино,Москва
2534,0,-1,-0.08912060213355777,0.07860658571021993,0.017103756401776346,0.05616534233718812,Южное Тушино,Москва
2535,0,-1,-0.48304625397415285,-0.29479357977137427,0.028233839027215265,0.05630037371136456,Арбат,Москва
2536,0,-1,0.4475490747932376,0.2963164375537919,0.018321006340685574,0.05833517101579318,Басманный,Москва
2537,0,-1,-0.63381838091722,-0.30186157693074767,0.022688859238603882,0.062046766868555744,Замоскворечье,Москва
2538,0,-1,-0.036864521135367236,-0.12884491665726588,0.01943468824722136,0.04986529701268216,Савелки,Москва
2539,0,-1,-0.5157490492892117,-0.3336219778254827,0.022443048229901216,0.053454647989457815,Красносельский,Москва
2540,0,-1,-0.4115982145972718,0.07899250510182627,0.017091991910178177,0.05908819638960579,Мещанский,Москва
2541,0,-1,0.29296528624795226,0.27994960170104494,0.021712279479792377,0.0637311690614181,Пресненский,Москва
2542,0,-1,-0.4278048912894538,0.021367819516769245,0.018820450734860224,0.058117921490727836,Таганский,Москва
2543,0,-1,0.3515615225424005,0.26339855512972266,0.02220272970616405,0.050767325546508923,Тверской,Москва
2544,0,-1,-0.12578075391328727,0.07743160787534635,0.021659947298209976,0.06314885606426883,Хамовники,Москва
2545,0,-1,0.03726049294570165,0.15111244356449394,0.019189152460960517,0.05590342300832339,Якиманка,Москва
2546,0,-1,-0.2616864024326883,0.012638812506495851,0.01715499196861245,0.05434525192322741,Выхино-Жулебино,Москва
2547,0,-1,0.19285509597184686,-0.3628255507155644,0.018503184158515276,0.04798481691201819,Капотня,Москва
2548,0,-1,-0.14922569938828345,0.05025794666128892,0.01956723810433004,0.05629181321075692,Кузьминки,Москва
2549,0,-1,-0.296792341812695,0.08317203550357238,0.01721042821207812,0.06354498257876821,Лефортово,Москва
2550,0,-1,-0.21360227730828574,-0.005812832401595921,0.01686588950337105,0.05478801487717055,Люблино,Москва
2551,0,-1,-0.17732064717302162,-0.09317552051625164,0.01963189612609842,0.055907597046653205,Марьино,Москва
2552,0,-1,-0.45472715118827006,-0.31708461266932525,0.01914919089813491,0.05031162830568704,Некрасовка,Москва
2553,0,-1,0.05992305337761922,0.4081569755735072,0.016066338562069057,0.05524352460215522,Нижегородский,Москва
2554,0,-1,0.13405957209287592,0.2861954873621784,0.016732872104760897,0.0506787639501837,Печатники,Москва
2555,0,-1,-0.05087849443714287,0.020310514621197755,0.01826744636936359,0.055601818976139174,Рязанский,Москва
2556,0,-1,0.05984316032378731,0.12369056391409687,0.01823595020922728,0.05487049871970855,Текстильщики,Москва
2557,0,-1,0.5184201361894395,0.36101816756391164,0.019183741751338492,0.05619476222514558,Южнопортовый,Москва
2558,0,-1,0.36617109002226406,0.3376513505760551,0.01699979496307292,0.06261506024747364,Академический,Москва
2559,0,-1,0.06389243701962585,0.037644482334015954,0.020369390540935832,0.06378637872259942,Гагаринский,Москва
2560,0,-1,-0.3363507372449716,-0.0236636677124559,0.019736889191563536,0.05856216780589835,Зюзино,Москва
2561,0,-1,0.009088176324838052,0.21189470416146322,0.018696449025651492,0.06441572449216305,Коньково,Москва
2562,0,-1,0.2987123953052894,0.11961743539601707,0.017445680751475293,0.059128047123291366,Котловка,Москва
2563,0,-1,0.6952228688689671,0.302164210754501,0.020788982916788424,0.06398415735597371,Ломоносовский,Москва
2564,0,-1,0.2950752241543387,0.16330282280959088,0.020816732814614283,0.06419880725182385,Обручевский,Москва
2565,0,-1,-0.20477199264981774,0.01781880666337991,0.019842884747949357,0.05704346485153507,Северное Бутово,Москва
2566,0,-1,-0.23757891268638423,0.03146844640262485,0.018287651576186708,0.0578600386772929,Теплый Стан,Москва
2567,0,-1,-0.16328486066831174,0.047402448941611594,0.019329242983559827,0.05849645736914429,Черемушки,Москва
2568,0,-1,-0.030913851899767173,-0.1422244435249574,0.01718460269634033,0.04770282094387079,Южное Бутово,Москва
2569,0,-1,-0.27885870031900967,-0.038265932176956424,0.01660598456012079,0.05585393526648902,Ясенево,Москва
2570,0,-1,0.07510817708693424,-0.08442151512852994,0.01820120161733956,0.0517331173353645,Бирюлево Восточное,Москва
2571,0,-1,-0.41099211641577466,-0.0031336809471251992,0.016879075167087997,0.05523148096186693,Бирюлево Западное,Москва
2572,0,-1,-0.13987444147028716,-0.2631424236067622,0.018422734925112594,0.05206234979707916,Братеево,Москва
2573,0,-1,-0.3115101862591741,0.1275371615713957,0.01887701198491698,0.06053870084659192,Даниловский,Москва
2574,0,-1,0.43407916452660167,0.35495877930192005,0.02036576307181535,0.058856864884161746,Донской,Москва
2575,0,-1,-0.12322290213482302,-0.0621231022260452,0.018770033866651582,0.051659799457334434,Зябликово,Москва
2576,0,-1,-0.10475533117713541,0.05996830204958855,0.020163725278859946,0.058401553884342615,Москворечье-Сабурово,Москва
2577,0,-1,0.5713528413604896,0.26851550127432633,0.01803295905268493,0.05549386843974697,Нагатино-Садовники,Москва
2578,0,-1,-0.2848843716007085,0.04649650803764162,0.018699264271299535,0.05906613158490834,Нагатинский затон,Москва
2579,0,-1,0.03594647050789886,0.18093299298050902,0.01917139005269269,0.06025370178565099,Нагорный,Москва
2580,0,-1,0.1652997008614279,0.1895199421412893,0.017133124756845166,0.050072176199733164,Орехово-Борисово Северное,Москва
2581,0,-1,-0.38687531713074974,-0.16894383381003028,0.017989585704144773,0.05512155066128115,Орехово-Борисово Южное,Москва
2582,0,-1,-0.024717608972528442,-0.019103120721384814,0.018981836987140427,0.055713226950601095,Царицыно,Москва
2583,0,-1,-0.19566892576891487,0.07570270598687709,0.017671945679569177,0.05816831241482622,Чертаново Северное,Москва
2584,0,-1,-0.42605771412764515,-0.1814324600201945,0.01970104217545665,0.05637248792661352,Чертаново Центральное,Москва
2585,0,-1,-0.03398889151965542,0.18916510166704661,0.017061774697232523,0.052247275946638035,Чертаново Южное,Москва
2586,0,-1,-0.5192423654041517,-0.18006349379052664,0.018145003650987257,0.04348997640248881,Старое Крюково,Москва
2587,0,-1,-0.61569759638411,-0.5092936018160483,0.015157611882482037,0.04217380470350553,Троицк,Москва
2588,0,-1,-0.19684881296000667,-0.24777665282147332,0.018950390553623703,0.04601168643939865,Щербинка,Москва
2589,0,-1,-0.2698238109332509,-0.18068066944967925,0.019968783929490586,0.05316202203173775,Внуковское,Москва
2590,0,-1,-0.4544206477195693,-0.3412028998117539,0.019943972182185934,0.0417681033890622,Воскресенское,Москва
2591,0,-1,-0.27404637345535543,-0.35735670211536735,0.015188231560756734,0.03937943901574848,Вороновское,Москва
2592,0,-1,-0.42168997573877204,-0.45894380502245646,0.019581401392799472,0.041099947978955644,Десеновское,Москва
2593,0,-1,-0.8251122261695425,-0.7551921791795112,0.04135978885464894,0.08937381836273577,Киевский,Москва
2595,0,-1,-0.8726767054606619,-0.3686022133362833,0.02768362236017877,0.09829293855838743,Кокошкино,Москва
2596,0,-1,0.011028485526295598,-0.062228130335165915,0.020839812228578898,0.05982461924457925,Краснопахорское,Москва
2597,0,-1,-0.26696775791091343,-0.5579638385095425,0.02192470317156034,0.03962286694305713,Марушкинское,Москва
2598,0,-1,-0.6869872344018472,-0.5465578686188852,0.018348424785617677,0.07265407812734591,Михайлово-Ярцевское,Москва
2599,0,-1,-0.2857396637770027,-0.15066857542022805,0.019824681246323663,0.051734000437140874,Московский,Москва
2600,0,-1,-0.4343338778549865,-0.5685838514279242,0.029643074970932153,0.05131454975743329,Мосрентген,Москва
2601,0,-1,0.3087349368213071,-0.2645154768033423,0.028265856149870025,0.0640259687971067,Новофедоровское,Москва
2602,0,-1,-0.2831019101593263,-0.6478517905763156,0.01967522878488111,0.037720612264299305,Первомайское,Москва
2604,0,-1,-0.5706664815943181,-0.3350847990858637,0.017707044466604167,0.03678458564322644,Рязановское,Москва
2605,0,-1,-0.5060263491468875,-0.21528018150283537,0.02204973402857782,0.054439529348402786,Сосенское,Москва
2606,0,-1,0.4467636179744306,0.36965705218686307,0.024182918305373925,0.05595063291401269,Филимонковское,Москва
2607,0,-1,-0.693334182670707,-0.19756190320405936,0.021895373621063727,0.0538336081826178,Щаповское,Москва
2618,1,0,0.6574278713587577,0.059295870323085455,0.021425993679354414,0.07679718930353284,Мантуровский,Костромская область
2619,1,1,0.8047796940832012,0.3814744837237078,0.027090925073320546,0.07314548895302554,Переславль-Залесский,Ярославская область
2620,0,-1,-0.03651922097266288,-0.2841734752385082,0.014877793666773054,0.0429176358961373,Соликамский,Пермский край
2621,0,-1,-0.09410538786051366,-0.2921528530608584,0.01411537456299911,0.0499645942845037,Березники,Пермский край
2644,0,-1,-0.31870386255307626,-0.5977069112463348,0.014014344786495539,0.03014290771663237,Серпухов,Московская область
2646,0,-1,-0.2221293330813928,-0.4356081895544773,0.01550796274113078,0.033026626752614884,Обнинск,Калужская область
2647,0,-1,0.2940259659591685,-0.5510382013841469,0.024382310938579177,0.0370747682328751,Боровский,Калужская область
2648,0,-1,-0.26547721200950236,-0.48124180816095663,0.016250458458130255,0.03157345918982311,Лосино-Петровский,Московская область
2649,0,-1,-0.43413849533047144,-0.4464821617640162,0.018516200995529628,0.040630787053004686,Щёлково,Московская область
2651,0,-1,-0.34651874362520196,-0.2822453194826348,0.018602069292396828,0.04499037084910492,Одинцовский,Московская область
2652,0,-1,-0.25800960882615404,-0.4687232160230675,0.01886499893017882,0.03516479303074319,Орехово-Зуевский,Московская область
2710,0,-1,-0.5566867169873367,-0.49944423594723797,0.014178434846321255,0.035932787132537364,Вышневолоцкий,Тверская область
2808,0,-1,-0.30282303130216515,-0.4888116775212358,0.01643920908423744,0.034460044567391296,Коломна,Московская область
2809,0,-1,-0.5393655384777426,-0.3019471002610786,0.011317591123410565,0.038430230492668215,Кунгурский,Пермский край
2813,0,-1,0.12324272930603834,-0.5732563345117033,0.016470593054875717,0.029886046902631445,Шатура,Московская область
2814,0,-1,-0.2233072425967691,-0.24825965004299358,0.020279142563417746,0.04571384414035091,Пушкинский,Московская область
2872,1,2,0.8278993063579929,0.8500619915595881,0.074441208795706,0.2870171456429232,Приуральский,Ямало-Ненецкий автономный округ
2876,0,-1,0.5867562652739384,-0.260322801220755,0.024693042292555305,0.03835213425653573,Кисловодск,Ставропольский край
2879,1,0,0.9244350712197734,0.8298247019721621,0.07110572168668346,0.06986120320024557,Губкинский,Ямало-Ненецкий автономный округ
2880,1,0,0.9532867313951517,0.8937584292223727,0.05487033099421589,0.12443938856891976,Лабытнанги,Ямало-Ненецкий автономный округ
2881,0,-1,-0.311598453604411,-0.5387793889277359,0.02390196843926657,0.04099157322172972,Предгорный,Ставропольский край
2882,1,0,0.9387766517754207,0.7106902250737731,0.0620157359788488,0.08964503296407057,Пуровский,Ямало-Ненецкий автономный округ
2883,0,-1,0.089952498670246,-0.3628891724517908,0.017635855473621072,0.044546601010316586,Кимрский,Тверская область
2884,0,-1,-0.17054794635476067,-0.5116604079609709,0.013440648426550267,0.034400158541467094,Ржевский,Тверская область
2885,1,1,0.7192305035190992,0.8571372278011462,0.021996894889070525,0.06736711342990241,Кудымкарский,Пермский край
2886,0,-1,0.5724092428928166,0.6417744121980434,0.019008115852505843,0.03707478668293029,Губахинский,Пермский край
2887,0,-1,-0.3839540616279029,-0.3316337915922876,0.011566499578922628,0.04358513551818425,Саратов,Саратовская область
3005,0,-1,0.22139590186259664,-0.11352810469809983,0.019411706769745723,0.04735034131472706,Арзамас,Нижегородская область
3007,0,-1,-0.08202433713058158,-0.657778288169142,0.01519640954084535,0.028810706589121143,Прокопьевский,Кемеровская область
3009,0,-1,-0.39806072537572923,-0.5554121046864686,0.012620898402072762,0.0332867489555746,Тамбов,Тамбовская область
3011,0,-1,-0.15400080490821613,-0.7933672250457127,0.014095751339218929,0.03092802771960972,Златоустовский,Челябинская область
3012,0,-1,0.4693959868976253,0.4607625303916081,0.01993166524692716,0.05678887195102381,Кусинский,Челябинская область
3013,0,-1,-0.07581595568414774,-0.3213472046388381,0.016575582187475225,0.03418273425318858,Солнечногорск,Московская область
